sector,subsector,transformer_code,transformer_name,transformer_description,transformer_unit,start_period,maximum_magnitude,strategy_PFLO_NDC,strategy_PFLO_NDC2,strategy_PFLO_NZ,year
AFOLU,AGRC,TFR:AGRC:DEC_CH4_RICE,AGRC: Improve rice management,Reduce :math:`\text{CH}_4` emissions from rice production by 45% due to improved management and reduced flooding.,Fractional reduction in methane emitted from rice production,12,0.0,0.0,0.0,0.0,2015
AFOLU,AGRC,TFR:AGRC:DEC_CH4_RICE,AGRC: Improve rice management,Reduce :math:`\text{CH}_4` emissions from rice production by 45% due to improved management and reduced flooding.,Fractional reduction in methane emitted from rice production,12,0.0,0.0,0.0,0.0,2016
AFOLU,AGRC,TFR:AGRC:DEC_CH4_RICE,AGRC: Improve rice management,Reduce :math:`\text{CH}_4` emissions from rice production by 45% due to improved management and reduced flooding.,Fractional reduction in methane emitted from rice production,12,0.0,0.0,0.0,0.0,2017
AFOLU,AGRC,TFR:AGRC:DEC_CH4_RICE,AGRC: Improve rice management,Reduce :math:`\text{CH}_4` emissions from rice production by 45% due to improved management and reduced flooding.,Fractional reduction in methane emitted from rice production,12,0.0,0.0,0.0,0.0,2018
AFOLU,AGRC,TFR:AGRC:DEC_CH4_RICE,AGRC: Improve rice management,Reduce :math:`\text{CH}_4` emissions from rice production by 45% due to improved management and reduced flooding.,Fractional reduction in methane emitted from rice production,12,0.0,0.0,0.0,0.0,2019
AFOLU,AGRC,TFR:AGRC:DEC_CH4_RICE,AGRC: Improve rice management,Reduce :math:`\text{CH}_4` emissions from rice production by 45% due to improved management and reduced flooding.,Fractional reduction in methane emitted from rice production,12,0.0,0.0,0.0,0.0,2020
AFOLU,AGRC,TFR:AGRC:DEC_CH4_RICE,AGRC: Improve rice management,Reduce :math:`\text{CH}_4` emissions from rice production by 45% due to improved management and reduced flooding.,Fractional reduction in methane emitted from rice production,12,0.0,0.0,0.0,0.0,2021
AFOLU,AGRC,TFR:AGRC:DEC_CH4_RICE,AGRC: Improve rice management,Reduce :math:`\text{CH}_4` emissions from rice production by 45% due to improved management and reduced flooding.,Fractional reduction in methane emitted from rice production,12,0.0,0.0,0.0,0.0,2022
AFOLU,AGRC,TFR:AGRC:DEC_CH4_RICE,AGRC: Improve rice management,Reduce :math:`\text{CH}_4` emissions from rice production by 45% due to improved management and reduced flooding.,Fractional reduction in methane emitted from rice production,12,0.0,0.0,0.0,0.0,2023
AFOLU,AGRC,TFR:AGRC:DEC_CH4_RICE,AGRC: Improve rice management,Reduce :math:`\text{CH}_4` emissions from rice production by 45% due to improved management and reduced flooding.,Fractional reduction in methane emitted from rice production,12,0.0,0.0,0.0,0.0,2024
AFOLU,AGRC,TFR:AGRC:DEC_CH4_RICE,AGRC: Improve rice management,Reduce :math:`\text{CH}_4` emissions from rice production by 45% due to improved management and reduced flooding.,Fractional reduction in methane emitted from rice production,12,0.0,0.0,0.0,0.0,2025
AFOLU,AGRC,TFR:AGRC:DEC_CH4_RICE,AGRC: Improve rice management,Reduce :math:`\text{CH}_4` emissions from rice production by 45% due to improved management and reduced flooding.,Fractional reduction in methane emitted from rice production,12,0.0,0.0,0.0,0.0,2026
AFOLU,AGRC,TFR:AGRC:DEC_CH4_RICE,AGRC: Improve rice management,Reduce :math:`\text{CH}_4` emissions from rice production by 45% due to improved management and reduced flooding.,Fractional reduction in methane emitted from rice production,12,0.0,0.0,0.0,0.0,2027
AFOLU,AGRC,TFR:AGRC:DEC_CH4_RICE,AGRC: Improve rice management,Reduce :math:`\text{CH}_4` emissions from rice production by 45% due to improved management and reduced flooding.,Fractional reduction in methane emitted from rice production,12,0.0,0.0,0.0,0.001956521739130435,2028
AFOLU,AGRC,TFR:AGRC:DEC_CH4_RICE,AGRC: Improve rice management,Reduce :math:`\text{CH}_4` emissions from rice production by 45% due to improved management and reduced flooding.,Fractional reduction in methane emitted from rice production,12,0.0,0.0,0.0,0.00391304347826087,2029
AFOLU,AGRC,TFR:AGRC:DEC_CH4_RICE,AGRC: Improve rice management,Reduce :math:`\text{CH}_4` emissions from rice production by 45% due to improved management and reduced flooding.,Fractional reduction in methane emitted from rice production,12,0.0,0.0,0.0,0.005869565217391305,2030
AFOLU,AGRC,TFR:AGRC:DEC_CH4_RICE,AGRC: Improve rice management,Reduce :math:`\text{CH}_4` emissions from rice production by 45% due to improved management and reduced flooding.,Fractional reduction in methane emitted from rice production,12,0.0,0.0,0.0,0.00782608695652174,2031
AFOLU,AGRC,TFR:AGRC:DEC_CH4_RICE,AGRC: Improve rice management,Reduce :math:`\text{CH}_4` emissions from rice production by 45% due to improved management and reduced flooding.,Fractional reduction in methane emitted from rice production,12,0.0,0.0,0.0,0.009782608695652175,2032
AFOLU,AGRC,TFR:AGRC:DEC_CH4_RICE,AGRC: Improve rice management,Reduce :math:`\text{CH}_4` emissions from rice production by 45% due to improved management and reduced flooding.,Fractional reduction in methane emitted from rice production,12,0.0,0.0,0.0,0.01173913043478261,2033
AFOLU,AGRC,TFR:AGRC:DEC_CH4_RICE,AGRC: Improve rice management,Reduce :math:`\text{CH}_4` emissions from rice production by 45% due to improved management and reduced flooding.,Fractional reduction in methane emitted from rice production,12,0.0,0.0,0.0,0.013695652173913046,2034
AFOLU,AGRC,TFR:AGRC:DEC_CH4_RICE,AGRC: Improve rice management,Reduce :math:`\text{CH}_4` emissions from rice production by 45% due to improved management and reduced flooding.,Fractional reduction in methane emitted from rice production,12,0.0,0.0,0.0,0.01565217391304348,2035
AFOLU,AGRC,TFR:AGRC:DEC_CH4_RICE,AGRC: Improve rice management,Reduce :math:`\text{CH}_4` emissions from rice production by 45% due to improved management and reduced flooding.,Fractional reduction in methane emitted from rice production,12,0.0,0.0,0.0,0.017608695652173916,2036
AFOLU,AGRC,TFR:AGRC:DEC_CH4_RICE,AGRC: Improve rice management,Reduce :math:`\text{CH}_4` emissions from rice production by 45% due to improved management and reduced flooding.,Fractional reduction in methane emitted from rice production,12,0.0,0.0,0.0,0.01956521739130435,2037
AFOLU,AGRC,TFR:AGRC:DEC_CH4_RICE,AGRC: Improve rice management,Reduce :math:`\text{CH}_4` emissions from rice production by 45% due to improved management and reduced flooding.,Fractional reduction in methane emitted from rice production,12,0.0,0.0,0.0,0.021521739130434786,2038
AFOLU,AGRC,TFR:AGRC:DEC_CH4_RICE,AGRC: Improve rice management,Reduce :math:`\text{CH}_4` emissions from rice production by 45% due to improved management and reduced flooding.,Fractional reduction in methane emitted from rice production,12,0.0,0.0,0.0,0.02347826086956522,2039
AFOLU,AGRC,TFR:AGRC:DEC_CH4_RICE,AGRC: Improve rice management,Reduce :math:`\text{CH}_4` emissions from rice production by 45% due to improved management and reduced flooding.,Fractional reduction in methane emitted from rice production,12,0.0,0.0,0.0,0.025434782608695652,2040
AFOLU,AGRC,TFR:AGRC:DEC_CH4_RICE,AGRC: Improve rice management,Reduce :math:`\text{CH}_4` emissions from rice production by 45% due to improved management and reduced flooding.,Fractional reduction in methane emitted from rice production,12,0.0,0.0,0.0,0.027391304347826093,2041
AFOLU,AGRC,TFR:AGRC:DEC_CH4_RICE,AGRC: Improve rice management,Reduce :math:`\text{CH}_4` emissions from rice production by 45% due to improved management and reduced flooding.,Fractional reduction in methane emitted from rice production,12,0.0,0.0,0.0,0.029347826086956526,2042
AFOLU,AGRC,TFR:AGRC:DEC_CH4_RICE,AGRC: Improve rice management,Reduce :math:`\text{CH}_4` emissions from rice production by 45% due to improved management and reduced flooding.,Fractional reduction in methane emitted from rice production,12,0.0,0.0,0.0,0.03130434782608696,2043
AFOLU,AGRC,TFR:AGRC:DEC_CH4_RICE,AGRC: Improve rice management,Reduce :math:`\text{CH}_4` emissions from rice production by 45% due to improved management and reduced flooding.,Fractional reduction in methane emitted from rice production,12,0.0,0.0,0.0,0.03326086956521739,2044
AFOLU,AGRC,TFR:AGRC:DEC_CH4_RICE,AGRC: Improve rice management,Reduce :math:`\text{CH}_4` emissions from rice production by 45% due to improved management and reduced flooding.,Fractional reduction in methane emitted from rice production,12,0.0,0.0,0.0,0.03521739130434783,2045
AFOLU,AGRC,TFR:AGRC:DEC_CH4_RICE,AGRC: Improve rice management,Reduce :math:`\text{CH}_4` emissions from rice production by 45% due to improved management and reduced flooding.,Fractional reduction in methane emitted from rice production,12,0.0,0.0,0.0,0.037173913043478266,2046
AFOLU,AGRC,TFR:AGRC:DEC_CH4_RICE,AGRC: Improve rice management,Reduce :math:`\text{CH}_4` emissions from rice production by 45% due to improved management and reduced flooding.,Fractional reduction in methane emitted from rice production,12,0.0,0.0,0.0,0.0391304347826087,2047
AFOLU,AGRC,TFR:AGRC:DEC_CH4_RICE,AGRC: Improve rice management,Reduce :math:`\text{CH}_4` emissions from rice production by 45% due to improved management and reduced flooding.,Fractional reduction in methane emitted from rice production,12,0.0,0.0,0.0,0.04108695652173913,2048
AFOLU,AGRC,TFR:AGRC:DEC_CH4_RICE,AGRC: Improve rice management,Reduce :math:`\text{CH}_4` emissions from rice production by 45% due to improved management and reduced flooding.,Fractional reduction in methane emitted from rice production,12,0.0,0.0,0.0,0.04304347826086957,2049
AFOLU,AGRC,TFR:AGRC:DEC_CH4_RICE,AGRC: Improve rice management,Reduce :math:`\text{CH}_4` emissions from rice production by 45% due to improved management and reduced flooding.,Fractional reduction in methane emitted from rice production,12,0.0,0.0,0.0,0.045000000000000005,2050
AFOLU,AGRC,TFR:AGRC:DEC_EXPORTS,AGRC: Decrease Exports,Decrease agricultural exports by 50% (relative to final time period),Fractional reduction in agricultural exports,12,0.0,0.0,0.0,0.0,2015
AFOLU,AGRC,TFR:AGRC:DEC_EXPORTS,AGRC: Decrease Exports,Decrease agricultural exports by 50% (relative to final time period),Fractional reduction in agricultural exports,12,0.0,0.0,0.0,0.0,2016
AFOLU,AGRC,TFR:AGRC:DEC_EXPORTS,AGRC: Decrease Exports,Decrease agricultural exports by 50% (relative to final time period),Fractional reduction in agricultural exports,12,0.0,0.0,0.0,0.0,2017
AFOLU,AGRC,TFR:AGRC:DEC_EXPORTS,AGRC: Decrease Exports,Decrease agricultural exports by 50% (relative to final time period),Fractional reduction in agricultural exports,12,0.0,0.0,0.0,0.0,2018
AFOLU,AGRC,TFR:AGRC:DEC_EXPORTS,AGRC: Decrease Exports,Decrease agricultural exports by 50% (relative to final time period),Fractional reduction in agricultural exports,12,0.0,0.0,0.0,0.0,2019
AFOLU,AGRC,TFR:AGRC:DEC_EXPORTS,AGRC: Decrease Exports,Decrease agricultural exports by 50% (relative to final time period),Fractional reduction in agricultural exports,12,0.0,0.0,0.0,0.0,2020
AFOLU,AGRC,TFR:AGRC:DEC_EXPORTS,AGRC: Decrease Exports,Decrease agricultural exports by 50% (relative to final time period),Fractional reduction in agricultural exports,12,0.0,0.0,0.0,0.0,2021
AFOLU,AGRC,TFR:AGRC:DEC_EXPORTS,AGRC: Decrease Exports,Decrease agricultural exports by 50% (relative to final time period),Fractional reduction in agricultural exports,12,0.0,0.0,0.0,0.0,2022
AFOLU,AGRC,TFR:AGRC:DEC_EXPORTS,AGRC: Decrease Exports,Decrease agricultural exports by 50% (relative to final time period),Fractional reduction in agricultural exports,12,0.0,0.0,0.0,0.0,2023
AFOLU,AGRC,TFR:AGRC:DEC_EXPORTS,AGRC: Decrease Exports,Decrease agricultural exports by 50% (relative to final time period),Fractional reduction in agricultural exports,12,0.0,0.0,0.0,0.0,2024
AFOLU,AGRC,TFR:AGRC:DEC_EXPORTS,AGRC: Decrease Exports,Decrease agricultural exports by 50% (relative to final time period),Fractional reduction in agricultural exports,12,0.0,0.0,0.0,0.0,2025
AFOLU,AGRC,TFR:AGRC:DEC_EXPORTS,AGRC: Decrease Exports,Decrease agricultural exports by 50% (relative to final time period),Fractional reduction in agricultural exports,12,0.0,0.0,0.0,0.0,2026
AFOLU,AGRC,TFR:AGRC:DEC_EXPORTS,AGRC: Decrease Exports,Decrease agricultural exports by 50% (relative to final time period),Fractional reduction in agricultural exports,12,0.0,0.0,0.0,0.0,2027
AFOLU,AGRC,TFR:AGRC:DEC_EXPORTS,AGRC: Decrease Exports,Decrease agricultural exports by 50% (relative to final time period),Fractional reduction in agricultural exports,12,0.0,0.0,0.0,0.002173913043478261,2028
AFOLU,AGRC,TFR:AGRC:DEC_EXPORTS,AGRC: Decrease Exports,Decrease agricultural exports by 50% (relative to final time period),Fractional reduction in agricultural exports,12,0.0,0.0,0.0,0.004347826086956522,2029
AFOLU,AGRC,TFR:AGRC:DEC_EXPORTS,AGRC: Decrease Exports,Decrease agricultural exports by 50% (relative to final time period),Fractional reduction in agricultural exports,12,0.0,0.0,0.0,0.006521739130434783,2030
AFOLU,AGRC,TFR:AGRC:DEC_EXPORTS,AGRC: Decrease Exports,Decrease agricultural exports by 50% (relative to final time period),Fractional reduction in agricultural exports,12,0.0,0.0,0.0,0.008695652173913044,2031
AFOLU,AGRC,TFR:AGRC:DEC_EXPORTS,AGRC: Decrease Exports,Decrease agricultural exports by 50% (relative to final time period),Fractional reduction in agricultural exports,12,0.0,0.0,0.0,0.010869565217391304,2032
AFOLU,AGRC,TFR:AGRC:DEC_EXPORTS,AGRC: Decrease Exports,Decrease agricultural exports by 50% (relative to final time period),Fractional reduction in agricultural exports,12,0.0,0.0,0.0,0.013043478260869566,2033
AFOLU,AGRC,TFR:AGRC:DEC_EXPORTS,AGRC: Decrease Exports,Decrease agricultural exports by 50% (relative to final time period),Fractional reduction in agricultural exports,12,0.0,0.0,0.0,0.015217391304347828,2034
AFOLU,AGRC,TFR:AGRC:DEC_EXPORTS,AGRC: Decrease Exports,Decrease agricultural exports by 50% (relative to final time period),Fractional reduction in agricultural exports,12,0.0,0.0,0.0,0.017391304347826087,2035
AFOLU,AGRC,TFR:AGRC:DEC_EXPORTS,AGRC: Decrease Exports,Decrease agricultural exports by 50% (relative to final time period),Fractional reduction in agricultural exports,12,0.0,0.0,0.0,0.01956521739130435,2036
AFOLU,AGRC,TFR:AGRC:DEC_EXPORTS,AGRC: Decrease Exports,Decrease agricultural exports by 50% (relative to final time period),Fractional reduction in agricultural exports,12,0.0,0.0,0.0,0.021739130434782608,2037
AFOLU,AGRC,TFR:AGRC:DEC_EXPORTS,AGRC: Decrease Exports,Decrease agricultural exports by 50% (relative to final time period),Fractional reduction in agricultural exports,12,0.0,0.0,0.0,0.02391304347826087,2038
AFOLU,AGRC,TFR:AGRC:DEC_EXPORTS,AGRC: Decrease Exports,Decrease agricultural exports by 50% (relative to final time period),Fractional reduction in agricultural exports,12,0.0,0.0,0.0,0.026086956521739132,2039
AFOLU,AGRC,TFR:AGRC:DEC_EXPORTS,AGRC: Decrease Exports,Decrease agricultural exports by 50% (relative to final time period),Fractional reduction in agricultural exports,12,0.0,0.0,0.0,0.02826086956521739,2040
AFOLU,AGRC,TFR:AGRC:DEC_EXPORTS,AGRC: Decrease Exports,Decrease agricultural exports by 50% (relative to final time period),Fractional reduction in agricultural exports,12,0.0,0.0,0.0,0.030434782608695657,2041
AFOLU,AGRC,TFR:AGRC:DEC_EXPORTS,AGRC: Decrease Exports,Decrease agricultural exports by 50% (relative to final time period),Fractional reduction in agricultural exports,12,0.0,0.0,0.0,0.03260869565217391,2042
AFOLU,AGRC,TFR:AGRC:DEC_EXPORTS,AGRC: Decrease Exports,Decrease agricultural exports by 50% (relative to final time period),Fractional reduction in agricultural exports,12,0.0,0.0,0.0,0.034782608695652174,2043
AFOLU,AGRC,TFR:AGRC:DEC_EXPORTS,AGRC: Decrease Exports,Decrease agricultural exports by 50% (relative to final time period),Fractional reduction in agricultural exports,12,0.0,0.0,0.0,0.03695652173913044,2044
AFOLU,AGRC,TFR:AGRC:DEC_EXPORTS,AGRC: Decrease Exports,Decrease agricultural exports by 50% (relative to final time period),Fractional reduction in agricultural exports,12,0.0,0.0,0.0,0.0391304347826087,2045
AFOLU,AGRC,TFR:AGRC:DEC_EXPORTS,AGRC: Decrease Exports,Decrease agricultural exports by 50% (relative to final time period),Fractional reduction in agricultural exports,12,0.0,0.0,0.0,0.04130434782608696,2046
AFOLU,AGRC,TFR:AGRC:DEC_EXPORTS,AGRC: Decrease Exports,Decrease agricultural exports by 50% (relative to final time period),Fractional reduction in agricultural exports,12,0.0,0.0,0.0,0.043478260869565216,2047
AFOLU,AGRC,TFR:AGRC:DEC_EXPORTS,AGRC: Decrease Exports,Decrease agricultural exports by 50% (relative to final time period),Fractional reduction in agricultural exports,12,0.0,0.0,0.0,0.04565217391304348,2048
AFOLU,AGRC,TFR:AGRC:DEC_EXPORTS,AGRC: Decrease Exports,Decrease agricultural exports by 50% (relative to final time period),Fractional reduction in agricultural exports,12,0.0,0.0,0.0,0.04782608695652174,2049
AFOLU,AGRC,TFR:AGRC:DEC_EXPORTS,AGRC: Decrease Exports,Decrease agricultural exports by 50% (relative to final time period),Fractional reduction in agricultural exports,12,0.0,0.0,0.0,0.05,2050
AFOLU,AGRC,TFR:AGRC:DEC_LOSSES_SUPPLY_CHAIN,AGRC: Reduce supply chain losses,Reduce waste food waste in the agricultural (crop) supply chain (pre-consumer),Fractional reduction in food waste in supply chain,12,0.0,0.0,0.0,0.0,2015
AFOLU,AGRC,TFR:AGRC:DEC_LOSSES_SUPPLY_CHAIN,AGRC: Reduce supply chain losses,Reduce waste food waste in the agricultural (crop) supply chain (pre-consumer),Fractional reduction in food waste in supply chain,12,0.0,0.0,0.0,0.0,2016
AFOLU,AGRC,TFR:AGRC:DEC_LOSSES_SUPPLY_CHAIN,AGRC: Reduce supply chain losses,Reduce waste food waste in the agricultural (crop) supply chain (pre-consumer),Fractional reduction in food waste in supply chain,12,0.0,0.0,0.0,0.0,2017
AFOLU,AGRC,TFR:AGRC:DEC_LOSSES_SUPPLY_CHAIN,AGRC: Reduce supply chain losses,Reduce waste food waste in the agricultural (crop) supply chain (pre-consumer),Fractional reduction in food waste in supply chain,12,0.0,0.0,0.0,0.0,2018
AFOLU,AGRC,TFR:AGRC:DEC_LOSSES_SUPPLY_CHAIN,AGRC: Reduce supply chain losses,Reduce waste food waste in the agricultural (crop) supply chain (pre-consumer),Fractional reduction in food waste in supply chain,12,0.0,0.0,0.0,0.0,2019
AFOLU,AGRC,TFR:AGRC:DEC_LOSSES_SUPPLY_CHAIN,AGRC: Reduce supply chain losses,Reduce waste food waste in the agricultural (crop) supply chain (pre-consumer),Fractional reduction in food waste in supply chain,12,0.0,0.0,0.0,0.0,2020
AFOLU,AGRC,TFR:AGRC:DEC_LOSSES_SUPPLY_CHAIN,AGRC: Reduce supply chain losses,Reduce waste food waste in the agricultural (crop) supply chain (pre-consumer),Fractional reduction in food waste in supply chain,12,0.0,0.0,0.0,0.0,2021
AFOLU,AGRC,TFR:AGRC:DEC_LOSSES_SUPPLY_CHAIN,AGRC: Reduce supply chain losses,Reduce waste food waste in the agricultural (crop) supply chain (pre-consumer),Fractional reduction in food waste in supply chain,12,0.0,0.0,0.0,0.0,2022
AFOLU,AGRC,TFR:AGRC:DEC_LOSSES_SUPPLY_CHAIN,AGRC: Reduce supply chain losses,Reduce waste food waste in the agricultural (crop) supply chain (pre-consumer),Fractional reduction in food waste in supply chain,12,0.0,0.0,0.0,0.0,2023
AFOLU,AGRC,TFR:AGRC:DEC_LOSSES_SUPPLY_CHAIN,AGRC: Reduce supply chain losses,Reduce waste food waste in the agricultural (crop) supply chain (pre-consumer),Fractional reduction in food waste in supply chain,12,0.0,0.0,0.0,0.0,2024
AFOLU,AGRC,TFR:AGRC:DEC_LOSSES_SUPPLY_CHAIN,AGRC: Reduce supply chain losses,Reduce waste food waste in the agricultural (crop) supply chain (pre-consumer),Fractional reduction in food waste in supply chain,12,0.0,0.0,0.0,0.0,2025
AFOLU,AGRC,TFR:AGRC:DEC_LOSSES_SUPPLY_CHAIN,AGRC: Reduce supply chain losses,Reduce waste food waste in the agricultural (crop) supply chain (pre-consumer),Fractional reduction in food waste in supply chain,12,0.0,0.0,0.0,0.0,2026
AFOLU,AGRC,TFR:AGRC:DEC_LOSSES_SUPPLY_CHAIN,AGRC: Reduce supply chain losses,Reduce waste food waste in the agricultural (crop) supply chain (pre-consumer),Fractional reduction in food waste in supply chain,12,0.0,0.0,0.0,0.0,2027
AFOLU,AGRC,TFR:AGRC:DEC_LOSSES_SUPPLY_CHAIN,AGRC: Reduce supply chain losses,Reduce waste food waste in the agricultural (crop) supply chain (pre-consumer),Fractional reduction in food waste in supply chain,12,0.0,0.0,0.0,0.0013043478260869564,2028
AFOLU,AGRC,TFR:AGRC:DEC_LOSSES_SUPPLY_CHAIN,AGRC: Reduce supply chain losses,Reduce waste food waste in the agricultural (crop) supply chain (pre-consumer),Fractional reduction in food waste in supply chain,12,0.0,0.0,0.0,0.002608695652173913,2029
AFOLU,AGRC,TFR:AGRC:DEC_LOSSES_SUPPLY_CHAIN,AGRC: Reduce supply chain losses,Reduce waste food waste in the agricultural (crop) supply chain (pre-consumer),Fractional reduction in food waste in supply chain,12,0.0,0.0,0.0,0.003913043478260869,2030
AFOLU,AGRC,TFR:AGRC:DEC_LOSSES_SUPPLY_CHAIN,AGRC: Reduce supply chain losses,Reduce waste food waste in the agricultural (crop) supply chain (pre-consumer),Fractional reduction in food waste in supply chain,12,0.0,0.0,0.0,0.005217391304347826,2031
AFOLU,AGRC,TFR:AGRC:DEC_LOSSES_SUPPLY_CHAIN,AGRC: Reduce supply chain losses,Reduce waste food waste in the agricultural (crop) supply chain (pre-consumer),Fractional reduction in food waste in supply chain,12,0.0,0.0,0.0,0.006521739130434782,2032
AFOLU,AGRC,TFR:AGRC:DEC_LOSSES_SUPPLY_CHAIN,AGRC: Reduce supply chain losses,Reduce waste food waste in the agricultural (crop) supply chain (pre-consumer),Fractional reduction in food waste in supply chain,12,0.0,0.0,0.0,0.007826086956521738,2033
AFOLU,AGRC,TFR:AGRC:DEC_LOSSES_SUPPLY_CHAIN,AGRC: Reduce supply chain losses,Reduce waste food waste in the agricultural (crop) supply chain (pre-consumer),Fractional reduction in food waste in supply chain,12,0.0,0.0,0.0,0.009130434782608696,2034
AFOLU,AGRC,TFR:AGRC:DEC_LOSSES_SUPPLY_CHAIN,AGRC: Reduce supply chain losses,Reduce waste food waste in the agricultural (crop) supply chain (pre-consumer),Fractional reduction in food waste in supply chain,12,0.0,0.0,0.0,0.010434782608695651,2035
AFOLU,AGRC,TFR:AGRC:DEC_LOSSES_SUPPLY_CHAIN,AGRC: Reduce supply chain losses,Reduce waste food waste in the agricultural (crop) supply chain (pre-consumer),Fractional reduction in food waste in supply chain,12,0.0,0.0,0.0,0.01173913043478261,2036
AFOLU,AGRC,TFR:AGRC:DEC_LOSSES_SUPPLY_CHAIN,AGRC: Reduce supply chain losses,Reduce waste food waste in the agricultural (crop) supply chain (pre-consumer),Fractional reduction in food waste in supply chain,12,0.0,0.0,0.0,0.013043478260869565,2037
AFOLU,AGRC,TFR:AGRC:DEC_LOSSES_SUPPLY_CHAIN,AGRC: Reduce supply chain losses,Reduce waste food waste in the agricultural (crop) supply chain (pre-consumer),Fractional reduction in food waste in supply chain,12,0.0,0.0,0.0,0.014347826086956521,2038
AFOLU,AGRC,TFR:AGRC:DEC_LOSSES_SUPPLY_CHAIN,AGRC: Reduce supply chain losses,Reduce waste food waste in the agricultural (crop) supply chain (pre-consumer),Fractional reduction in food waste in supply chain,12,0.0,0.0,0.0,0.015652173913043476,2039
AFOLU,AGRC,TFR:AGRC:DEC_LOSSES_SUPPLY_CHAIN,AGRC: Reduce supply chain losses,Reduce waste food waste in the agricultural (crop) supply chain (pre-consumer),Fractional reduction in food waste in supply chain,12,0.0,0.0,0.0,0.016956521739130433,2040
AFOLU,AGRC,TFR:AGRC:DEC_LOSSES_SUPPLY_CHAIN,AGRC: Reduce supply chain losses,Reduce waste food waste in the agricultural (crop) supply chain (pre-consumer),Fractional reduction in food waste in supply chain,12,0.0,0.0,0.0,0.018260869565217393,2041
AFOLU,AGRC,TFR:AGRC:DEC_LOSSES_SUPPLY_CHAIN,AGRC: Reduce supply chain losses,Reduce waste food waste in the agricultural (crop) supply chain (pre-consumer),Fractional reduction in food waste in supply chain,12,0.0,0.0,0.0,0.019565217391304346,2042
AFOLU,AGRC,TFR:AGRC:DEC_LOSSES_SUPPLY_CHAIN,AGRC: Reduce supply chain losses,Reduce waste food waste in the agricultural (crop) supply chain (pre-consumer),Fractional reduction in food waste in supply chain,12,0.0,0.0,0.0,0.020869565217391303,2043
AFOLU,AGRC,TFR:AGRC:DEC_LOSSES_SUPPLY_CHAIN,AGRC: Reduce supply chain losses,Reduce waste food waste in the agricultural (crop) supply chain (pre-consumer),Fractional reduction in food waste in supply chain,12,0.0,0.0,0.0,0.02217391304347826,2044
AFOLU,AGRC,TFR:AGRC:DEC_LOSSES_SUPPLY_CHAIN,AGRC: Reduce supply chain losses,Reduce waste food waste in the agricultural (crop) supply chain (pre-consumer),Fractional reduction in food waste in supply chain,12,0.0,0.0,0.0,0.02347826086956522,2045
AFOLU,AGRC,TFR:AGRC:DEC_LOSSES_SUPPLY_CHAIN,AGRC: Reduce supply chain losses,Reduce waste food waste in the agricultural (crop) supply chain (pre-consumer),Fractional reduction in food waste in supply chain,12,0.0,0.0,0.0,0.024782608695652172,2046
AFOLU,AGRC,TFR:AGRC:DEC_LOSSES_SUPPLY_CHAIN,AGRC: Reduce supply chain losses,Reduce waste food waste in the agricultural (crop) supply chain (pre-consumer),Fractional reduction in food waste in supply chain,12,0.0,0.0,0.0,0.02608695652173913,2047
AFOLU,AGRC,TFR:AGRC:DEC_LOSSES_SUPPLY_CHAIN,AGRC: Reduce supply chain losses,Reduce waste food waste in the agricultural (crop) supply chain (pre-consumer),Fractional reduction in food waste in supply chain,12,0.0,0.0,0.0,0.027391304347826086,2048
AFOLU,AGRC,TFR:AGRC:DEC_LOSSES_SUPPLY_CHAIN,AGRC: Reduce supply chain losses,Reduce waste food waste in the agricultural (crop) supply chain (pre-consumer),Fractional reduction in food waste in supply chain,12,0.0,0.0,0.0,0.028695652173913042,2049
AFOLU,AGRC,TFR:AGRC:DEC_LOSSES_SUPPLY_CHAIN,AGRC: Reduce supply chain losses,Reduce waste food waste in the agricultural (crop) supply chain (pre-consumer),Fractional reduction in food waste in supply chain,12,0.0,0.0,0.0,0.03,2050
AFOLU,LNDU,TFR:LNDU:DEC_DEFORESTATION,LNDU: Stop deforestation,Halt deforestation of primary and secondary forests,Target transition probability for forest classes remaining that class (closer to 1 means less loss),12,0.0,0.0,0.0,0.0,2015
AFOLU,LNDU,TFR:LNDU:DEC_DEFORESTATION,LNDU: Stop deforestation,Halt deforestation of primary and secondary forests,Target transition probability for forest classes remaining that class (closer to 1 means less loss),12,0.0,0.0,0.0,0.0,2016
AFOLU,LNDU,TFR:LNDU:DEC_DEFORESTATION,LNDU: Stop deforestation,Halt deforestation of primary and secondary forests,Target transition probability for forest classes remaining that class (closer to 1 means less loss),12,0.0,0.0,0.0,0.0,2017
AFOLU,LNDU,TFR:LNDU:DEC_DEFORESTATION,LNDU: Stop deforestation,Halt deforestation of primary and secondary forests,Target transition probability for forest classes remaining that class (closer to 1 means less loss),12,0.0,0.0,0.0,0.0,2018
AFOLU,LNDU,TFR:LNDU:DEC_DEFORESTATION,LNDU: Stop deforestation,Halt deforestation of primary and secondary forests,Target transition probability for forest classes remaining that class (closer to 1 means less loss),12,0.0,0.0,0.0,0.0,2019
AFOLU,LNDU,TFR:LNDU:DEC_DEFORESTATION,LNDU: Stop deforestation,Halt deforestation of primary and secondary forests,Target transition probability for forest classes remaining that class (closer to 1 means less loss),12,0.0,0.0,0.0,0.0,2020
AFOLU,LNDU,TFR:LNDU:DEC_DEFORESTATION,LNDU: Stop deforestation,Halt deforestation of primary and secondary forests,Target transition probability for forest classes remaining that class (closer to 1 means less loss),12,0.0,0.0,0.0,0.0,2021
AFOLU,LNDU,TFR:LNDU:DEC_DEFORESTATION,LNDU: Stop deforestation,Halt deforestation of primary and secondary forests,Target transition probability for forest classes remaining that class (closer to 1 means less loss),12,0.0,0.0,0.0,0.0,2022
AFOLU,LNDU,TFR:LNDU:DEC_DEFORESTATION,LNDU: Stop deforestation,Halt deforestation of primary and secondary forests,Target transition probability for forest classes remaining that class (closer to 1 means less loss),12,0.0,0.0,0.0,0.0,2023
AFOLU,LNDU,TFR:LNDU:DEC_DEFORESTATION,LNDU: Stop deforestation,Halt deforestation of primary and secondary forests,Target transition probability for forest classes remaining that class (closer to 1 means less loss),12,0.0,0.0,0.0,0.0,2024
AFOLU,LNDU,TFR:LNDU:DEC_DEFORESTATION,LNDU: Stop deforestation,Halt deforestation of primary and secondary forests,Target transition probability for forest classes remaining that class (closer to 1 means less loss),12,0.0,0.0,0.0,0.0,2025
AFOLU,LNDU,TFR:LNDU:DEC_DEFORESTATION,LNDU: Stop deforestation,Halt deforestation of primary and secondary forests,Target transition probability for forest classes remaining that class (closer to 1 means less loss),12,0.0,0.0,0.0,0.0,2026
AFOLU,LNDU,TFR:LNDU:DEC_DEFORESTATION,LNDU: Stop deforestation,Halt deforestation of primary and secondary forests,Target transition probability for forest classes remaining that class (closer to 1 means less loss),12,0.0,0.0,0.0,0.0,2027
AFOLU,LNDU,TFR:LNDU:DEC_DEFORESTATION,LNDU: Stop deforestation,Halt deforestation of primary and secondary forests,Target transition probability for forest classes remaining that class (closer to 1 means less loss),12,0.0,0.02173891304347826,0.04347782608695652,0.04347782608695652,2028
AFOLU,LNDU,TFR:LNDU:DEC_DEFORESTATION,LNDU: Stop deforestation,Halt deforestation of primary and secondary forests,Target transition probability for forest classes remaining that class (closer to 1 means less loss),12,0.0,0.04347782608695652,0.08695565217391305,0.08695565217391305,2029
AFOLU,LNDU,TFR:LNDU:DEC_DEFORESTATION,LNDU: Stop deforestation,Halt deforestation of primary and secondary forests,Target transition probability for forest classes remaining that class (closer to 1 means less loss),12,0.0,0.06521673913043478,0.13043347826086957,0.13043347826086957,2030
AFOLU,LNDU,TFR:LNDU:DEC_DEFORESTATION,LNDU: Stop deforestation,Halt deforestation of primary and secondary forests,Target transition probability for forest classes remaining that class (closer to 1 means less loss),12,0.0,0.08695565217391305,0.1739113043478261,0.1739113043478261,2031
AFOLU,LNDU,TFR:LNDU:DEC_DEFORESTATION,LNDU: Stop deforestation,Halt deforestation of primary and secondary forests,Target transition probability for forest classes remaining that class (closer to 1 means less loss),12,0.0,0.1086945652173913,0.2173891304347826,0.2173891304347826,2032
AFOLU,LNDU,TFR:LNDU:DEC_DEFORESTATION,LNDU: Stop deforestation,Halt deforestation of primary and secondary forests,Target transition probability for forest classes remaining that class (closer to 1 means less loss),12,0.0,0.13043347826086957,0.26086695652173914,0.26086695652173914,2033
AFOLU,LNDU,TFR:LNDU:DEC_DEFORESTATION,LNDU: Stop deforestation,Halt deforestation of primary and secondary forests,Target transition probability for forest classes remaining that class (closer to 1 means less loss),12,0.0,0.15217239130434784,0.3043447826086957,0.3043447826086957,2034
AFOLU,LNDU,TFR:LNDU:DEC_DEFORESTATION,LNDU: Stop deforestation,Halt deforestation of primary and secondary forests,Target transition probability for forest classes remaining that class (closer to 1 means less loss),12,0.0,0.1739113043478261,0.3478226086956522,0.3478226086956522,2035
AFOLU,LNDU,TFR:LNDU:DEC_DEFORESTATION,LNDU: Stop deforestation,Halt deforestation of primary and secondary forests,Target transition probability for forest classes remaining that class (closer to 1 means less loss),12,0.0,0.19565021739130437,0.39130043478260873,0.39130043478260873,2036
AFOLU,LNDU,TFR:LNDU:DEC_DEFORESTATION,LNDU: Stop deforestation,Halt deforestation of primary and secondary forests,Target transition probability for forest classes remaining that class (closer to 1 means less loss),12,0.0,0.2173891304347826,0.4347782608695652,0.4347782608695652,2037
AFOLU,LNDU,TFR:LNDU:DEC_DEFORESTATION,LNDU: Stop deforestation,Halt deforestation of primary and secondary forests,Target transition probability for forest classes remaining that class (closer to 1 means less loss),12,0.0,0.2391280434782609,0.4782560869565218,0.4782560869565218,2038
AFOLU,LNDU,TFR:LNDU:DEC_DEFORESTATION,LNDU: Stop deforestation,Halt deforestation of primary and secondary forests,Target transition probability for forest classes remaining that class (closer to 1 means less loss),12,0.0,0.26086695652173914,0.5217339130434783,0.5217339130434783,2039
AFOLU,LNDU,TFR:LNDU:DEC_DEFORESTATION,LNDU: Stop deforestation,Halt deforestation of primary and secondary forests,Target transition probability for forest classes remaining that class (closer to 1 means less loss),12,0.0,0.2826058695652174,0.5652117391304348,0.5652117391304348,2040
AFOLU,LNDU,TFR:LNDU:DEC_DEFORESTATION,LNDU: Stop deforestation,Halt deforestation of primary and secondary forests,Target transition probability for forest classes remaining that class (closer to 1 means less loss),12,0.0,0.3043447826086957,0.6086895652173914,0.6086895652173914,2041
AFOLU,LNDU,TFR:LNDU:DEC_DEFORESTATION,LNDU: Stop deforestation,Halt deforestation of primary and secondary forests,Target transition probability for forest classes remaining that class (closer to 1 means less loss),12,0.0,0.32608369565217393,0.6521673913043479,0.6521673913043479,2042
AFOLU,LNDU,TFR:LNDU:DEC_DEFORESTATION,LNDU: Stop deforestation,Halt deforestation of primary and secondary forests,Target transition probability for forest classes remaining that class (closer to 1 means less loss),12,0.0,0.3478226086956522,0.6956452173913044,0.6956452173913044,2043
AFOLU,LNDU,TFR:LNDU:DEC_DEFORESTATION,LNDU: Stop deforestation,Halt deforestation of primary and secondary forests,Target transition probability for forest classes remaining that class (closer to 1 means less loss),12,0.0,0.3695615217391304,0.7391230434782609,0.7391230434782609,2044
AFOLU,LNDU,TFR:LNDU:DEC_DEFORESTATION,LNDU: Stop deforestation,Halt deforestation of primary and secondary forests,Target transition probability for forest classes remaining that class (closer to 1 means less loss),12,0.0,0.39130043478260873,0.7826008695652175,0.7826008695652175,2045
AFOLU,LNDU,TFR:LNDU:DEC_DEFORESTATION,LNDU: Stop deforestation,Halt deforestation of primary and secondary forests,Target transition probability for forest classes remaining that class (closer to 1 means less loss),12,0.0,0.413039347826087,0.826078695652174,0.826078695652174,2046
AFOLU,LNDU,TFR:LNDU:DEC_DEFORESTATION,LNDU: Stop deforestation,Halt deforestation of primary and secondary forests,Target transition probability for forest classes remaining that class (closer to 1 means less loss),12,0.0,0.4347782608695652,0.8695565217391305,0.8695565217391305,2047
AFOLU,LNDU,TFR:LNDU:DEC_DEFORESTATION,LNDU: Stop deforestation,Halt deforestation of primary and secondary forests,Target transition probability for forest classes remaining that class (closer to 1 means less loss),12,0.0,0.4565171739130435,0.913034347826087,0.913034347826087,2048
AFOLU,LNDU,TFR:LNDU:DEC_DEFORESTATION,LNDU: Stop deforestation,Halt deforestation of primary and secondary forests,Target transition probability for forest classes remaining that class (closer to 1 means less loss),12,0.0,0.4782560869565218,0.9565121739130436,0.9565121739130436,2049
AFOLU,LNDU,TFR:LNDU:DEC_DEFORESTATION,LNDU: Stop deforestation,Halt deforestation of primary and secondary forests,Target transition probability for forest classes remaining that class (closer to 1 means less loss),12,0.0,0.499995,0.99999,0.99999,2050
AFOLU,LNDU,TFR:LNDU:INC_REFORESTATION,LNDU: Increase Reforestation,"Increases probability of input land use classes being converted to secondary forests. This transformation can be defined for specific land use classes--e.g., converting only shrublands and croplands to ",Target fractional increase in forest area,12,0.0,0.0,0.0,0.0,2015
AFOLU,LNDU,TFR:LNDU:INC_REFORESTATION,LNDU: Increase Reforestation,"Increases probability of input land use classes being converted to secondary forests. This transformation can be defined for specific land use classes--e.g., converting only shrublands and croplands to ",Target fractional increase in forest area,12,0.0,0.0,0.0,0.0,2016
AFOLU,LNDU,TFR:LNDU:INC_REFORESTATION,LNDU: Increase Reforestation,"Increases probability of input land use classes being converted to secondary forests. This transformation can be defined for specific land use classes--e.g., converting only shrublands and croplands to ",Target fractional increase in forest area,12,0.0,0.0,0.0,0.0,2017
AFOLU,LNDU,TFR:LNDU:INC_REFORESTATION,LNDU: Increase Reforestation,"Increases probability of input land use classes being converted to secondary forests. This transformation can be defined for specific land use classes--e.g., converting only shrublands and croplands to ",Target fractional increase in forest area,12,0.0,0.0,0.0,0.0,2018
AFOLU,LNDU,TFR:LNDU:INC_REFORESTATION,LNDU: Increase Reforestation,"Increases probability of input land use classes being converted to secondary forests. This transformation can be defined for specific land use classes--e.g., converting only shrublands and croplands to ",Target fractional increase in forest area,12,0.0,0.0,0.0,0.0,2019
AFOLU,LNDU,TFR:LNDU:INC_REFORESTATION,LNDU: Increase Reforestation,"Increases probability of input land use classes being converted to secondary forests. This transformation can be defined for specific land use classes--e.g., converting only shrublands and croplands to ",Target fractional increase in forest area,12,0.0,0.0,0.0,0.0,2020
AFOLU,LNDU,TFR:LNDU:INC_REFORESTATION,LNDU: Increase Reforestation,"Increases probability of input land use classes being converted to secondary forests. This transformation can be defined for specific land use classes--e.g., converting only shrublands and croplands to ",Target fractional increase in forest area,12,0.0,0.0,0.0,0.0,2021
AFOLU,LNDU,TFR:LNDU:INC_REFORESTATION,LNDU: Increase Reforestation,"Increases probability of input land use classes being converted to secondary forests. This transformation can be defined for specific land use classes--e.g., converting only shrublands and croplands to ",Target fractional increase in forest area,12,0.0,0.0,0.0,0.0,2022
AFOLU,LNDU,TFR:LNDU:INC_REFORESTATION,LNDU: Increase Reforestation,"Increases probability of input land use classes being converted to secondary forests. This transformation can be defined for specific land use classes--e.g., converting only shrublands and croplands to ",Target fractional increase in forest area,12,0.0,0.0,0.0,0.0,2023
AFOLU,LNDU,TFR:LNDU:INC_REFORESTATION,LNDU: Increase Reforestation,"Increases probability of input land use classes being converted to secondary forests. This transformation can be defined for specific land use classes--e.g., converting only shrublands and croplands to ",Target fractional increase in forest area,12,0.0,0.0,0.0,0.0,2024
AFOLU,LNDU,TFR:LNDU:INC_REFORESTATION,LNDU: Increase Reforestation,"Increases probability of input land use classes being converted to secondary forests. This transformation can be defined for specific land use classes--e.g., converting only shrublands and croplands to ",Target fractional increase in forest area,12,0.0,0.0,0.0,0.0,2025
AFOLU,LNDU,TFR:LNDU:INC_REFORESTATION,LNDU: Increase Reforestation,"Increases probability of input land use classes being converted to secondary forests. This transformation can be defined for specific land use classes--e.g., converting only shrublands and croplands to ",Target fractional increase in forest area,12,0.0,0.0,0.0,0.0,2026
AFOLU,LNDU,TFR:LNDU:INC_REFORESTATION,LNDU: Increase Reforestation,"Increases probability of input land use classes being converted to secondary forests. This transformation can be defined for specific land use classes--e.g., converting only shrublands and croplands to ",Target fractional increase in forest area,12,0.0,0.0,0.0,0.0,2027
AFOLU,LNDU,TFR:LNDU:INC_REFORESTATION,LNDU: Increase Reforestation,"Increases probability of input land use classes being converted to secondary forests. This transformation can be defined for specific land use classes--e.g., converting only shrublands and croplands to ",Target fractional increase in forest area,12,0.0,0.004347826086956522,0.008695652173913044,0.008695652173913044,2028
AFOLU,LNDU,TFR:LNDU:INC_REFORESTATION,LNDU: Increase Reforestation,"Increases probability of input land use classes being converted to secondary forests. This transformation can be defined for specific land use classes--e.g., converting only shrublands and croplands to ",Target fractional increase in forest area,12,0.0,0.008695652173913044,0.017391304347826087,0.017391304347826087,2029
AFOLU,LNDU,TFR:LNDU:INC_REFORESTATION,LNDU: Increase Reforestation,"Increases probability of input land use classes being converted to secondary forests. This transformation can be defined for specific land use classes--e.g., converting only shrublands and croplands to ",Target fractional increase in forest area,12,0.0,0.013043478260869566,0.026086956521739132,0.026086956521739132,2030
AFOLU,LNDU,TFR:LNDU:INC_REFORESTATION,LNDU: Increase Reforestation,"Increases probability of input land use classes being converted to secondary forests. This transformation can be defined for specific land use classes--e.g., converting only shrublands and croplands to ",Target fractional increase in forest area,12,0.0,0.017391304347826087,0.034782608695652174,0.034782608695652174,2031
AFOLU,LNDU,TFR:LNDU:INC_REFORESTATION,LNDU: Increase Reforestation,"Increases probability of input land use classes being converted to secondary forests. This transformation can be defined for specific land use classes--e.g., converting only shrublands and croplands to ",Target fractional increase in forest area,12,0.0,0.021739130434782608,0.043478260869565216,0.043478260869565216,2032
AFOLU,LNDU,TFR:LNDU:INC_REFORESTATION,LNDU: Increase Reforestation,"Increases probability of input land use classes being converted to secondary forests. This transformation can be defined for specific land use classes--e.g., converting only shrublands and croplands to ",Target fractional increase in forest area,12,0.0,0.026086956521739132,0.052173913043478265,0.052173913043478265,2033
AFOLU,LNDU,TFR:LNDU:INC_REFORESTATION,LNDU: Increase Reforestation,"Increases probability of input land use classes being converted to secondary forests. This transformation can be defined for specific land use classes--e.g., converting only shrublands and croplands to ",Target fractional increase in forest area,12,0.0,0.030434782608695657,0.060869565217391314,0.060869565217391314,2034
AFOLU,LNDU,TFR:LNDU:INC_REFORESTATION,LNDU: Increase Reforestation,"Increases probability of input land use classes being converted to secondary forests. This transformation can be defined for specific land use classes--e.g., converting only shrublands and croplands to ",Target fractional increase in forest area,12,0.0,0.034782608695652174,0.06956521739130435,0.06956521739130435,2035
AFOLU,LNDU,TFR:LNDU:INC_REFORESTATION,LNDU: Increase Reforestation,"Increases probability of input land use classes being converted to secondary forests. This transformation can be defined for specific land use classes--e.g., converting only shrublands and croplands to ",Target fractional increase in forest area,12,0.0,0.0391304347826087,0.0782608695652174,0.0782608695652174,2036
AFOLU,LNDU,TFR:LNDU:INC_REFORESTATION,LNDU: Increase Reforestation,"Increases probability of input land use classes being converted to secondary forests. This transformation can be defined for specific land use classes--e.g., converting only shrublands and croplands to ",Target fractional increase in forest area,12,0.0,0.043478260869565216,0.08695652173913043,0.08695652173913043,2037
AFOLU,LNDU,TFR:LNDU:INC_REFORESTATION,LNDU: Increase Reforestation,"Increases probability of input land use classes being converted to secondary forests. This transformation can be defined for specific land use classes--e.g., converting only shrublands and croplands to ",Target fractional increase in forest area,12,0.0,0.04782608695652174,0.09565217391304348,0.09565217391304348,2038
AFOLU,LNDU,TFR:LNDU:INC_REFORESTATION,LNDU: Increase Reforestation,"Increases probability of input land use classes being converted to secondary forests. This transformation can be defined for specific land use classes--e.g., converting only shrublands and croplands to ",Target fractional increase in forest area,12,0.0,0.052173913043478265,0.10434782608695653,0.10434782608695653,2039
AFOLU,LNDU,TFR:LNDU:INC_REFORESTATION,LNDU: Increase Reforestation,"Increases probability of input land use classes being converted to secondary forests. This transformation can be defined for specific land use classes--e.g., converting only shrublands and croplands to ",Target fractional increase in forest area,12,0.0,0.05652173913043478,0.11304347826086956,0.11304347826086956,2040
AFOLU,LNDU,TFR:LNDU:INC_REFORESTATION,LNDU: Increase Reforestation,"Increases probability of input land use classes being converted to secondary forests. This transformation can be defined for specific land use classes--e.g., converting only shrublands and croplands to ",Target fractional increase in forest area,12,0.0,0.060869565217391314,0.12173913043478263,0.12173913043478263,2041
AFOLU,LNDU,TFR:LNDU:INC_REFORESTATION,LNDU: Increase Reforestation,"Increases probability of input land use classes being converted to secondary forests. This transformation can be defined for specific land use classes--e.g., converting only shrublands and croplands to ",Target fractional increase in forest area,12,0.0,0.06521739130434782,0.13043478260869565,0.13043478260869565,2042
AFOLU,LNDU,TFR:LNDU:INC_REFORESTATION,LNDU: Increase Reforestation,"Increases probability of input land use classes being converted to secondary forests. This transformation can be defined for specific land use classes--e.g., converting only shrublands and croplands to ",Target fractional increase in forest area,12,0.0,0.06956521739130435,0.1391304347826087,0.1391304347826087,2043
AFOLU,LNDU,TFR:LNDU:INC_REFORESTATION,LNDU: Increase Reforestation,"Increases probability of input land use classes being converted to secondary forests. This transformation can be defined for specific land use classes--e.g., converting only shrublands and croplands to ",Target fractional increase in forest area,12,0.0,0.07391304347826087,0.14782608695652175,0.14782608695652175,2044
AFOLU,LNDU,TFR:LNDU:INC_REFORESTATION,LNDU: Increase Reforestation,"Increases probability of input land use classes being converted to secondary forests. This transformation can be defined for specific land use classes--e.g., converting only shrublands and croplands to ",Target fractional increase in forest area,12,0.0,0.0782608695652174,0.1565217391304348,0.1565217391304348,2045
AFOLU,LNDU,TFR:LNDU:INC_REFORESTATION,LNDU: Increase Reforestation,"Increases probability of input land use classes being converted to secondary forests. This transformation can be defined for specific land use classes--e.g., converting only shrublands and croplands to ",Target fractional increase in forest area,12,0.0,0.08260869565217392,0.16521739130434784,0.16521739130434784,2046
AFOLU,LNDU,TFR:LNDU:INC_REFORESTATION,LNDU: Increase Reforestation,"Increases probability of input land use classes being converted to secondary forests. This transformation can be defined for specific land use classes--e.g., converting only shrublands and croplands to ",Target fractional increase in forest area,12,0.0,0.08695652173913043,0.17391304347826086,0.17391304347826086,2047
AFOLU,LNDU,TFR:LNDU:INC_REFORESTATION,LNDU: Increase Reforestation,"Increases probability of input land use classes being converted to secondary forests. This transformation can be defined for specific land use classes--e.g., converting only shrublands and croplands to ",Target fractional increase in forest area,12,0.0,0.09130434782608696,0.1826086956521739,0.1826086956521739,2048
AFOLU,LNDU,TFR:LNDU:INC_REFORESTATION,LNDU: Increase Reforestation,"Increases probability of input land use classes being converted to secondary forests. This transformation can be defined for specific land use classes--e.g., converting only shrublands and croplands to ",Target fractional increase in forest area,12,0.0,0.09565217391304348,0.19130434782608696,0.19130434782608696,2049
AFOLU,LNDU,TFR:LNDU:INC_REFORESTATION,LNDU: Increase Reforestation,"Increases probability of input land use classes being converted to secondary forests. This transformation can be defined for specific land use classes--e.g., converting only shrublands and croplands to ",Target fractional increase in forest area,12,0.0,0.1,0.2,0.2,2050
AFOLU,SOIL,TFR:SOIL:DEC_LIME_APPLIED,SOIL: Improve lime application,Decrease lime applied to soils (default 5%),Fractional decrease in lime applied to soils,12,0.0,0.0,0.0,0.0,2015
AFOLU,SOIL,TFR:SOIL:DEC_LIME_APPLIED,SOIL: Improve lime application,Decrease lime applied to soils (default 5%),Fractional decrease in lime applied to soils,12,0.0,0.0,0.0,0.0,2016
AFOLU,SOIL,TFR:SOIL:DEC_LIME_APPLIED,SOIL: Improve lime application,Decrease lime applied to soils (default 5%),Fractional decrease in lime applied to soils,12,0.0,0.0,0.0,0.0,2017
AFOLU,SOIL,TFR:SOIL:DEC_LIME_APPLIED,SOIL: Improve lime application,Decrease lime applied to soils (default 5%),Fractional decrease in lime applied to soils,12,0.0,0.0,0.0,0.0,2018
AFOLU,SOIL,TFR:SOIL:DEC_LIME_APPLIED,SOIL: Improve lime application,Decrease lime applied to soils (default 5%),Fractional decrease in lime applied to soils,12,0.0,0.0,0.0,0.0,2019
AFOLU,SOIL,TFR:SOIL:DEC_LIME_APPLIED,SOIL: Improve lime application,Decrease lime applied to soils (default 5%),Fractional decrease in lime applied to soils,12,0.0,0.0,0.0,0.0,2020
AFOLU,SOIL,TFR:SOIL:DEC_LIME_APPLIED,SOIL: Improve lime application,Decrease lime applied to soils (default 5%),Fractional decrease in lime applied to soils,12,0.0,0.0,0.0,0.0,2021
AFOLU,SOIL,TFR:SOIL:DEC_LIME_APPLIED,SOIL: Improve lime application,Decrease lime applied to soils (default 5%),Fractional decrease in lime applied to soils,12,0.0,0.0,0.0,0.0,2022
AFOLU,SOIL,TFR:SOIL:DEC_LIME_APPLIED,SOIL: Improve lime application,Decrease lime applied to soils (default 5%),Fractional decrease in lime applied to soils,12,0.0,0.0,0.0,0.0,2023
AFOLU,SOIL,TFR:SOIL:DEC_LIME_APPLIED,SOIL: Improve lime application,Decrease lime applied to soils (default 5%),Fractional decrease in lime applied to soils,12,0.0,0.0,0.0,0.0,2024
AFOLU,SOIL,TFR:SOIL:DEC_LIME_APPLIED,SOIL: Improve lime application,Decrease lime applied to soils (default 5%),Fractional decrease in lime applied to soils,12,0.0,0.0,0.0,0.0,2025
AFOLU,SOIL,TFR:SOIL:DEC_LIME_APPLIED,SOIL: Improve lime application,Decrease lime applied to soils (default 5%),Fractional decrease in lime applied to soils,12,0.0,0.0,0.0,0.0,2026
AFOLU,SOIL,TFR:SOIL:DEC_LIME_APPLIED,SOIL: Improve lime application,Decrease lime applied to soils (default 5%),Fractional decrease in lime applied to soils,12,0.0,0.0,0.0,0.0,2027
AFOLU,SOIL,TFR:SOIL:DEC_LIME_APPLIED,SOIL: Improve lime application,Decrease lime applied to soils (default 5%),Fractional decrease in lime applied to soils,12,0.0,0.004347826086956522,0.008695652173913044,0.008695652173913044,2028
AFOLU,SOIL,TFR:SOIL:DEC_LIME_APPLIED,SOIL: Improve lime application,Decrease lime applied to soils (default 5%),Fractional decrease in lime applied to soils,12,0.0,0.008695652173913044,0.017391304347826087,0.017391304347826087,2029
AFOLU,SOIL,TFR:SOIL:DEC_LIME_APPLIED,SOIL: Improve lime application,Decrease lime applied to soils (default 5%),Fractional decrease in lime applied to soils,12,0.0,0.013043478260869566,0.026086956521739132,0.026086956521739132,2030
AFOLU,SOIL,TFR:SOIL:DEC_LIME_APPLIED,SOIL: Improve lime application,Decrease lime applied to soils (default 5%),Fractional decrease in lime applied to soils,12,0.0,0.017391304347826087,0.034782608695652174,0.034782608695652174,2031
AFOLU,SOIL,TFR:SOIL:DEC_LIME_APPLIED,SOIL: Improve lime application,Decrease lime applied to soils (default 5%),Fractional decrease in lime applied to soils,12,0.0,0.021739130434782608,0.043478260869565216,0.043478260869565216,2032
AFOLU,SOIL,TFR:SOIL:DEC_LIME_APPLIED,SOIL: Improve lime application,Decrease lime applied to soils (default 5%),Fractional decrease in lime applied to soils,12,0.0,0.026086956521739132,0.052173913043478265,0.052173913043478265,2033
AFOLU,SOIL,TFR:SOIL:DEC_LIME_APPLIED,SOIL: Improve lime application,Decrease lime applied to soils (default 5%),Fractional decrease in lime applied to soils,12,0.0,0.030434782608695657,0.060869565217391314,0.060869565217391314,2034
AFOLU,SOIL,TFR:SOIL:DEC_LIME_APPLIED,SOIL: Improve lime application,Decrease lime applied to soils (default 5%),Fractional decrease in lime applied to soils,12,0.0,0.034782608695652174,0.06956521739130435,0.06956521739130435,2035
AFOLU,SOIL,TFR:SOIL:DEC_LIME_APPLIED,SOIL: Improve lime application,Decrease lime applied to soils (default 5%),Fractional decrease in lime applied to soils,12,0.0,0.0391304347826087,0.0782608695652174,0.0782608695652174,2036
AFOLU,SOIL,TFR:SOIL:DEC_LIME_APPLIED,SOIL: Improve lime application,Decrease lime applied to soils (default 5%),Fractional decrease in lime applied to soils,12,0.0,0.043478260869565216,0.08695652173913043,0.08695652173913043,2037
AFOLU,SOIL,TFR:SOIL:DEC_LIME_APPLIED,SOIL: Improve lime application,Decrease lime applied to soils (default 5%),Fractional decrease in lime applied to soils,12,0.0,0.04782608695652174,0.09565217391304348,0.09565217391304348,2038
AFOLU,SOIL,TFR:SOIL:DEC_LIME_APPLIED,SOIL: Improve lime application,Decrease lime applied to soils (default 5%),Fractional decrease in lime applied to soils,12,0.0,0.052173913043478265,0.10434782608695653,0.10434782608695653,2039
AFOLU,SOIL,TFR:SOIL:DEC_LIME_APPLIED,SOIL: Improve lime application,Decrease lime applied to soils (default 5%),Fractional decrease in lime applied to soils,12,0.0,0.05652173913043478,0.11304347826086956,0.11304347826086956,2040
AFOLU,SOIL,TFR:SOIL:DEC_LIME_APPLIED,SOIL: Improve lime application,Decrease lime applied to soils (default 5%),Fractional decrease in lime applied to soils,12,0.0,0.060869565217391314,0.12173913043478263,0.12173913043478263,2041
AFOLU,SOIL,TFR:SOIL:DEC_LIME_APPLIED,SOIL: Improve lime application,Decrease lime applied to soils (default 5%),Fractional decrease in lime applied to soils,12,0.0,0.06521739130434782,0.13043478260869565,0.13043478260869565,2042
AFOLU,SOIL,TFR:SOIL:DEC_LIME_APPLIED,SOIL: Improve lime application,Decrease lime applied to soils (default 5%),Fractional decrease in lime applied to soils,12,0.0,0.06956521739130435,0.1391304347826087,0.1391304347826087,2043
AFOLU,SOIL,TFR:SOIL:DEC_LIME_APPLIED,SOIL: Improve lime application,Decrease lime applied to soils (default 5%),Fractional decrease in lime applied to soils,12,0.0,0.07391304347826087,0.14782608695652175,0.14782608695652175,2044
AFOLU,SOIL,TFR:SOIL:DEC_LIME_APPLIED,SOIL: Improve lime application,Decrease lime applied to soils (default 5%),Fractional decrease in lime applied to soils,12,0.0,0.0782608695652174,0.1565217391304348,0.1565217391304348,2045
AFOLU,SOIL,TFR:SOIL:DEC_LIME_APPLIED,SOIL: Improve lime application,Decrease lime applied to soils (default 5%),Fractional decrease in lime applied to soils,12,0.0,0.08260869565217392,0.16521739130434784,0.16521739130434784,2046
AFOLU,SOIL,TFR:SOIL:DEC_LIME_APPLIED,SOIL: Improve lime application,Decrease lime applied to soils (default 5%),Fractional decrease in lime applied to soils,12,0.0,0.08695652173913043,0.17391304347826086,0.17391304347826086,2047
AFOLU,SOIL,TFR:SOIL:DEC_LIME_APPLIED,SOIL: Improve lime application,Decrease lime applied to soils (default 5%),Fractional decrease in lime applied to soils,12,0.0,0.09130434782608696,0.1826086956521739,0.1826086956521739,2048
AFOLU,SOIL,TFR:SOIL:DEC_LIME_APPLIED,SOIL: Improve lime application,Decrease lime applied to soils (default 5%),Fractional decrease in lime applied to soils,12,0.0,0.09565217391304348,0.19130434782608696,0.19130434782608696,2049
AFOLU,SOIL,TFR:SOIL:DEC_LIME_APPLIED,SOIL: Improve lime application,Decrease lime applied to soils (default 5%),Fractional decrease in lime applied to soils,12,0.0,0.1,0.2,0.2,2050
AFOLU,SOIL,TFR:SOIL:DEC_N_APPLIED,SOIL: Improve fertilizer application,Decrease total nitrogen applied  through more precise fertilizer use (default 5%),Fractional decrease in fertilizer N applied to soils,12,0.0,0.0,0.0,0.0,2015
AFOLU,SOIL,TFR:SOIL:DEC_N_APPLIED,SOIL: Improve fertilizer application,Decrease total nitrogen applied  through more precise fertilizer use (default 5%),Fractional decrease in fertilizer N applied to soils,12,0.0,0.0,0.0,0.0,2016
AFOLU,SOIL,TFR:SOIL:DEC_N_APPLIED,SOIL: Improve fertilizer application,Decrease total nitrogen applied  through more precise fertilizer use (default 5%),Fractional decrease in fertilizer N applied to soils,12,0.0,0.0,0.0,0.0,2017
AFOLU,SOIL,TFR:SOIL:DEC_N_APPLIED,SOIL: Improve fertilizer application,Decrease total nitrogen applied  through more precise fertilizer use (default 5%),Fractional decrease in fertilizer N applied to soils,12,0.0,0.0,0.0,0.0,2018
AFOLU,SOIL,TFR:SOIL:DEC_N_APPLIED,SOIL: Improve fertilizer application,Decrease total nitrogen applied  through more precise fertilizer use (default 5%),Fractional decrease in fertilizer N applied to soils,12,0.0,0.0,0.0,0.0,2019
AFOLU,SOIL,TFR:SOIL:DEC_N_APPLIED,SOIL: Improve fertilizer application,Decrease total nitrogen applied  through more precise fertilizer use (default 5%),Fractional decrease in fertilizer N applied to soils,12,0.0,0.0,0.0,0.0,2020
AFOLU,SOIL,TFR:SOIL:DEC_N_APPLIED,SOIL: Improve fertilizer application,Decrease total nitrogen applied  through more precise fertilizer use (default 5%),Fractional decrease in fertilizer N applied to soils,12,0.0,0.0,0.0,0.0,2021
AFOLU,SOIL,TFR:SOIL:DEC_N_APPLIED,SOIL: Improve fertilizer application,Decrease total nitrogen applied  through more precise fertilizer use (default 5%),Fractional decrease in fertilizer N applied to soils,12,0.0,0.0,0.0,0.0,2022
AFOLU,SOIL,TFR:SOIL:DEC_N_APPLIED,SOIL: Improve fertilizer application,Decrease total nitrogen applied  through more precise fertilizer use (default 5%),Fractional decrease in fertilizer N applied to soils,12,0.0,0.0,0.0,0.0,2023
AFOLU,SOIL,TFR:SOIL:DEC_N_APPLIED,SOIL: Improve fertilizer application,Decrease total nitrogen applied  through more precise fertilizer use (default 5%),Fractional decrease in fertilizer N applied to soils,12,0.0,0.0,0.0,0.0,2024
AFOLU,SOIL,TFR:SOIL:DEC_N_APPLIED,SOIL: Improve fertilizer application,Decrease total nitrogen applied  through more precise fertilizer use (default 5%),Fractional decrease in fertilizer N applied to soils,12,0.0,0.0,0.0,0.0,2025
AFOLU,SOIL,TFR:SOIL:DEC_N_APPLIED,SOIL: Improve fertilizer application,Decrease total nitrogen applied  through more precise fertilizer use (default 5%),Fractional decrease in fertilizer N applied to soils,12,0.0,0.0,0.0,0.0,2026
AFOLU,SOIL,TFR:SOIL:DEC_N_APPLIED,SOIL: Improve fertilizer application,Decrease total nitrogen applied  through more precise fertilizer use (default 5%),Fractional decrease in fertilizer N applied to soils,12,0.0,0.0,0.0,0.0,2027
AFOLU,SOIL,TFR:SOIL:DEC_N_APPLIED,SOIL: Improve fertilizer application,Decrease total nitrogen applied  through more precise fertilizer use (default 5%),Fractional decrease in fertilizer N applied to soils,12,0.0,0.004347826086956522,0.008695652173913044,0.008695652173913044,2028
AFOLU,SOIL,TFR:SOIL:DEC_N_APPLIED,SOIL: Improve fertilizer application,Decrease total nitrogen applied  through more precise fertilizer use (default 5%),Fractional decrease in fertilizer N applied to soils,12,0.0,0.008695652173913044,0.017391304347826087,0.017391304347826087,2029
AFOLU,SOIL,TFR:SOIL:DEC_N_APPLIED,SOIL: Improve fertilizer application,Decrease total nitrogen applied  through more precise fertilizer use (default 5%),Fractional decrease in fertilizer N applied to soils,12,0.0,0.013043478260869566,0.026086956521739132,0.026086956521739132,2030
AFOLU,SOIL,TFR:SOIL:DEC_N_APPLIED,SOIL: Improve fertilizer application,Decrease total nitrogen applied  through more precise fertilizer use (default 5%),Fractional decrease in fertilizer N applied to soils,12,0.0,0.017391304347826087,0.034782608695652174,0.034782608695652174,2031
AFOLU,SOIL,TFR:SOIL:DEC_N_APPLIED,SOIL: Improve fertilizer application,Decrease total nitrogen applied  through more precise fertilizer use (default 5%),Fractional decrease in fertilizer N applied to soils,12,0.0,0.021739130434782608,0.043478260869565216,0.043478260869565216,2032
AFOLU,SOIL,TFR:SOIL:DEC_N_APPLIED,SOIL: Improve fertilizer application,Decrease total nitrogen applied  through more precise fertilizer use (default 5%),Fractional decrease in fertilizer N applied to soils,12,0.0,0.026086956521739132,0.052173913043478265,0.052173913043478265,2033
AFOLU,SOIL,TFR:SOIL:DEC_N_APPLIED,SOIL: Improve fertilizer application,Decrease total nitrogen applied  through more precise fertilizer use (default 5%),Fractional decrease in fertilizer N applied to soils,12,0.0,0.030434782608695657,0.060869565217391314,0.060869565217391314,2034
AFOLU,SOIL,TFR:SOIL:DEC_N_APPLIED,SOIL: Improve fertilizer application,Decrease total nitrogen applied  through more precise fertilizer use (default 5%),Fractional decrease in fertilizer N applied to soils,12,0.0,0.034782608695652174,0.06956521739130435,0.06956521739130435,2035
AFOLU,SOIL,TFR:SOIL:DEC_N_APPLIED,SOIL: Improve fertilizer application,Decrease total nitrogen applied  through more precise fertilizer use (default 5%),Fractional decrease in fertilizer N applied to soils,12,0.0,0.0391304347826087,0.0782608695652174,0.0782608695652174,2036
AFOLU,SOIL,TFR:SOIL:DEC_N_APPLIED,SOIL: Improve fertilizer application,Decrease total nitrogen applied  through more precise fertilizer use (default 5%),Fractional decrease in fertilizer N applied to soils,12,0.0,0.043478260869565216,0.08695652173913043,0.08695652173913043,2037
AFOLU,SOIL,TFR:SOIL:DEC_N_APPLIED,SOIL: Improve fertilizer application,Decrease total nitrogen applied  through more precise fertilizer use (default 5%),Fractional decrease in fertilizer N applied to soils,12,0.0,0.04782608695652174,0.09565217391304348,0.09565217391304348,2038
AFOLU,SOIL,TFR:SOIL:DEC_N_APPLIED,SOIL: Improve fertilizer application,Decrease total nitrogen applied  through more precise fertilizer use (default 5%),Fractional decrease in fertilizer N applied to soils,12,0.0,0.052173913043478265,0.10434782608695653,0.10434782608695653,2039
AFOLU,SOIL,TFR:SOIL:DEC_N_APPLIED,SOIL: Improve fertilizer application,Decrease total nitrogen applied  through more precise fertilizer use (default 5%),Fractional decrease in fertilizer N applied to soils,12,0.0,0.05652173913043478,0.11304347826086956,0.11304347826086956,2040
AFOLU,SOIL,TFR:SOIL:DEC_N_APPLIED,SOIL: Improve fertilizer application,Decrease total nitrogen applied  through more precise fertilizer use (default 5%),Fractional decrease in fertilizer N applied to soils,12,0.0,0.060869565217391314,0.12173913043478263,0.12173913043478263,2041
AFOLU,SOIL,TFR:SOIL:DEC_N_APPLIED,SOIL: Improve fertilizer application,Decrease total nitrogen applied  through more precise fertilizer use (default 5%),Fractional decrease in fertilizer N applied to soils,12,0.0,0.06521739130434782,0.13043478260869565,0.13043478260869565,2042
AFOLU,SOIL,TFR:SOIL:DEC_N_APPLIED,SOIL: Improve fertilizer application,Decrease total nitrogen applied  through more precise fertilizer use (default 5%),Fractional decrease in fertilizer N applied to soils,12,0.0,0.06956521739130435,0.1391304347826087,0.1391304347826087,2043
AFOLU,SOIL,TFR:SOIL:DEC_N_APPLIED,SOIL: Improve fertilizer application,Decrease total nitrogen applied  through more precise fertilizer use (default 5%),Fractional decrease in fertilizer N applied to soils,12,0.0,0.07391304347826087,0.14782608695652175,0.14782608695652175,2044
AFOLU,SOIL,TFR:SOIL:DEC_N_APPLIED,SOIL: Improve fertilizer application,Decrease total nitrogen applied  through more precise fertilizer use (default 5%),Fractional decrease in fertilizer N applied to soils,12,0.0,0.0782608695652174,0.1565217391304348,0.1565217391304348,2045
AFOLU,SOIL,TFR:SOIL:DEC_N_APPLIED,SOIL: Improve fertilizer application,Decrease total nitrogen applied  through more precise fertilizer use (default 5%),Fractional decrease in fertilizer N applied to soils,12,0.0,0.08260869565217392,0.16521739130434784,0.16521739130434784,2046
AFOLU,SOIL,TFR:SOIL:DEC_N_APPLIED,SOIL: Improve fertilizer application,Decrease total nitrogen applied  through more precise fertilizer use (default 5%),Fractional decrease in fertilizer N applied to soils,12,0.0,0.08695652173913043,0.17391304347826086,0.17391304347826086,2047
AFOLU,SOIL,TFR:SOIL:DEC_N_APPLIED,SOIL: Improve fertilizer application,Decrease total nitrogen applied  through more precise fertilizer use (default 5%),Fractional decrease in fertilizer N applied to soils,12,0.0,0.09130434782608696,0.1826086956521739,0.1826086956521739,2048
AFOLU,SOIL,TFR:SOIL:DEC_N_APPLIED,SOIL: Improve fertilizer application,Decrease total nitrogen applied  through more precise fertilizer use (default 5%),Fractional decrease in fertilizer N applied to soils,12,0.0,0.09565217391304348,0.19130434782608696,0.19130434782608696,2049
AFOLU,SOIL,TFR:SOIL:DEC_N_APPLIED,SOIL: Improve fertilizer application,Decrease total nitrogen applied  through more precise fertilizer use (default 5%),Fractional decrease in fertilizer N applied to soils,12,0.0,0.1,0.2,0.2,2050
Circular Economy,TRWW,TFR:TRWW:INC_CAPTURE_BIOGAS,TRWW: Increase biogas capture,Missing,Minimum target fraction of anaerobic wastewater treatment facilties with biogas capture.,12,0.0,0.0,0.0,0.0,2015
Circular Economy,TRWW,TFR:TRWW:INC_CAPTURE_BIOGAS,TRWW: Increase biogas capture,Missing,Minimum target fraction of anaerobic wastewater treatment facilties with biogas capture.,12,0.0,0.0,0.0,0.0,2016
Circular Economy,TRWW,TFR:TRWW:INC_CAPTURE_BIOGAS,TRWW: Increase biogas capture,Missing,Minimum target fraction of anaerobic wastewater treatment facilties with biogas capture.,12,0.0,0.0,0.0,0.0,2017
Circular Economy,TRWW,TFR:TRWW:INC_CAPTURE_BIOGAS,TRWW: Increase biogas capture,Missing,Minimum target fraction of anaerobic wastewater treatment facilties with biogas capture.,12,0.0,0.0,0.0,0.0,2018
Circular Economy,TRWW,TFR:TRWW:INC_CAPTURE_BIOGAS,TRWW: Increase biogas capture,Missing,Minimum target fraction of anaerobic wastewater treatment facilties with biogas capture.,12,0.0,0.0,0.0,0.0,2019
Circular Economy,TRWW,TFR:TRWW:INC_CAPTURE_BIOGAS,TRWW: Increase biogas capture,Missing,Minimum target fraction of anaerobic wastewater treatment facilties with biogas capture.,12,0.0,0.0,0.0,0.0,2020
Circular Economy,TRWW,TFR:TRWW:INC_CAPTURE_BIOGAS,TRWW: Increase biogas capture,Missing,Minimum target fraction of anaerobic wastewater treatment facilties with biogas capture.,12,0.0,0.0,0.0,0.0,2021
Circular Economy,TRWW,TFR:TRWW:INC_CAPTURE_BIOGAS,TRWW: Increase biogas capture,Missing,Minimum target fraction of anaerobic wastewater treatment facilties with biogas capture.,12,0.0,0.0,0.0,0.0,2022
Circular Economy,TRWW,TFR:TRWW:INC_CAPTURE_BIOGAS,TRWW: Increase biogas capture,Missing,Minimum target fraction of anaerobic wastewater treatment facilties with biogas capture.,12,0.0,0.0,0.0,0.0,2023
Circular Economy,TRWW,TFR:TRWW:INC_CAPTURE_BIOGAS,TRWW: Increase biogas capture,Missing,Minimum target fraction of anaerobic wastewater treatment facilties with biogas capture.,12,0.0,0.0,0.0,0.0,2024
Circular Economy,TRWW,TFR:TRWW:INC_CAPTURE_BIOGAS,TRWW: Increase biogas capture,Missing,Minimum target fraction of anaerobic wastewater treatment facilties with biogas capture.,12,0.0,0.0,0.0,0.0,2025
Circular Economy,TRWW,TFR:TRWW:INC_CAPTURE_BIOGAS,TRWW: Increase biogas capture,Missing,Minimum target fraction of anaerobic wastewater treatment facilties with biogas capture.,12,0.0,0.0,0.0,0.0,2026
Circular Economy,TRWW,TFR:TRWW:INC_CAPTURE_BIOGAS,TRWW: Increase biogas capture,Missing,Minimum target fraction of anaerobic wastewater treatment facilties with biogas capture.,12,0.0,0.0,0.0,0.0,2027
Circular Economy,TRWW,TFR:TRWW:INC_CAPTURE_BIOGAS,TRWW: Increase biogas capture,Missing,Minimum target fraction of anaerobic wastewater treatment facilties with biogas capture.,12,0.0,0.03695652173913043,0.03695652173913043,0.03695652173913043,2028
Circular Economy,TRWW,TFR:TRWW:INC_CAPTURE_BIOGAS,TRWW: Increase biogas capture,Missing,Minimum target fraction of anaerobic wastewater treatment facilties with biogas capture.,12,0.0,0.07391304347826086,0.07391304347826086,0.07391304347826086,2029
Circular Economy,TRWW,TFR:TRWW:INC_CAPTURE_BIOGAS,TRWW: Increase biogas capture,Missing,Minimum target fraction of anaerobic wastewater treatment facilties with biogas capture.,12,0.0,0.1108695652173913,0.1108695652173913,0.1108695652173913,2030
Circular Economy,TRWW,TFR:TRWW:INC_CAPTURE_BIOGAS,TRWW: Increase biogas capture,Missing,Minimum target fraction of anaerobic wastewater treatment facilties with biogas capture.,12,0.0,0.14782608695652172,0.14782608695652172,0.14782608695652172,2031
Circular Economy,TRWW,TFR:TRWW:INC_CAPTURE_BIOGAS,TRWW: Increase biogas capture,Missing,Minimum target fraction of anaerobic wastewater treatment facilties with biogas capture.,12,0.0,0.18478260869565216,0.18478260869565216,0.18478260869565216,2032
Circular Economy,TRWW,TFR:TRWW:INC_CAPTURE_BIOGAS,TRWW: Increase biogas capture,Missing,Minimum target fraction of anaerobic wastewater treatment facilties with biogas capture.,12,0.0,0.2217391304347826,0.2217391304347826,0.2217391304347826,2033
Circular Economy,TRWW,TFR:TRWW:INC_CAPTURE_BIOGAS,TRWW: Increase biogas capture,Missing,Minimum target fraction of anaerobic wastewater treatment facilties with biogas capture.,12,0.0,0.25869565217391305,0.25869565217391305,0.25869565217391305,2034
Circular Economy,TRWW,TFR:TRWW:INC_CAPTURE_BIOGAS,TRWW: Increase biogas capture,Missing,Minimum target fraction of anaerobic wastewater treatment facilties with biogas capture.,12,0.0,0.29565217391304344,0.29565217391304344,0.29565217391304344,2035
Circular Economy,TRWW,TFR:TRWW:INC_CAPTURE_BIOGAS,TRWW: Increase biogas capture,Missing,Minimum target fraction of anaerobic wastewater treatment facilties with biogas capture.,12,0.0,0.33260869565217394,0.33260869565217394,0.33260869565217394,2036
Circular Economy,TRWW,TFR:TRWW:INC_CAPTURE_BIOGAS,TRWW: Increase biogas capture,Missing,Minimum target fraction of anaerobic wastewater treatment facilties with biogas capture.,12,0.0,0.3695652173913043,0.3695652173913043,0.3695652173913043,2037
Circular Economy,TRWW,TFR:TRWW:INC_CAPTURE_BIOGAS,TRWW: Increase biogas capture,Missing,Minimum target fraction of anaerobic wastewater treatment facilties with biogas capture.,12,0.0,0.40652173913043477,0.40652173913043477,0.40652173913043477,2038
Circular Economy,TRWW,TFR:TRWW:INC_CAPTURE_BIOGAS,TRWW: Increase biogas capture,Missing,Minimum target fraction of anaerobic wastewater treatment facilties with biogas capture.,12,0.0,0.4434782608695652,0.4434782608695652,0.4434782608695652,2039
Circular Economy,TRWW,TFR:TRWW:INC_CAPTURE_BIOGAS,TRWW: Increase biogas capture,Missing,Minimum target fraction of anaerobic wastewater treatment facilties with biogas capture.,12,0.0,0.4804347826086956,0.4804347826086956,0.4804347826086956,2040
Circular Economy,TRWW,TFR:TRWW:INC_CAPTURE_BIOGAS,TRWW: Increase biogas capture,Missing,Minimum target fraction of anaerobic wastewater treatment facilties with biogas capture.,12,0.0,0.5173913043478261,0.5173913043478261,0.5173913043478261,2041
Circular Economy,TRWW,TFR:TRWW:INC_CAPTURE_BIOGAS,TRWW: Increase biogas capture,Missing,Minimum target fraction of anaerobic wastewater treatment facilties with biogas capture.,12,0.0,0.5543478260869565,0.5543478260869565,0.5543478260869565,2042
Circular Economy,TRWW,TFR:TRWW:INC_CAPTURE_BIOGAS,TRWW: Increase biogas capture,Missing,Minimum target fraction of anaerobic wastewater treatment facilties with biogas capture.,12,0.0,0.5913043478260869,0.5913043478260869,0.5913043478260869,2043
Circular Economy,TRWW,TFR:TRWW:INC_CAPTURE_BIOGAS,TRWW: Increase biogas capture,Missing,Minimum target fraction of anaerobic wastewater treatment facilties with biogas capture.,12,0.0,0.6282608695652173,0.6282608695652173,0.6282608695652173,2044
Circular Economy,TRWW,TFR:TRWW:INC_CAPTURE_BIOGAS,TRWW: Increase biogas capture,Missing,Minimum target fraction of anaerobic wastewater treatment facilties with biogas capture.,12,0.0,0.6652173913043479,0.6652173913043479,0.6652173913043479,2045
Circular Economy,TRWW,TFR:TRWW:INC_CAPTURE_BIOGAS,TRWW: Increase biogas capture,Missing,Minimum target fraction of anaerobic wastewater treatment facilties with biogas capture.,12,0.0,0.7021739130434782,0.7021739130434782,0.7021739130434782,2046
Circular Economy,TRWW,TFR:TRWW:INC_CAPTURE_BIOGAS,TRWW: Increase biogas capture,Missing,Minimum target fraction of anaerobic wastewater treatment facilties with biogas capture.,12,0.0,0.7391304347826086,0.7391304347826086,0.7391304347826086,2047
Circular Economy,TRWW,TFR:TRWW:INC_CAPTURE_BIOGAS,TRWW: Increase biogas capture,Missing,Minimum target fraction of anaerobic wastewater treatment facilties with biogas capture.,12,0.0,0.7760869565217391,0.7760869565217391,0.7760869565217391,2048
Circular Economy,TRWW,TFR:TRWW:INC_CAPTURE_BIOGAS,TRWW: Increase biogas capture,Missing,Minimum target fraction of anaerobic wastewater treatment facilties with biogas capture.,12,0.0,0.8130434782608695,0.8130434782608695,0.8130434782608695,2049
Circular Economy,TRWW,TFR:TRWW:INC_CAPTURE_BIOGAS,TRWW: Increase biogas capture,Missing,Minimum target fraction of anaerobic wastewater treatment facilties with biogas capture.,12,0.0,0.85,0.85,0.85,2050
Circular Economy,WALI,TFR:WALI:INC_TREATMENT_INDUSTRIAL,WALI: Improved industrial wastewater treatment,Missing,Target minimal fractional mix of wastewater treatment pathways at industrial facilities. Can specify any target pathway.,12,0.0,0.0,0.0,0.0,2015
Circular Economy,WALI,TFR:WALI:INC_TREATMENT_INDUSTRIAL,WALI: Improved industrial wastewater treatment,Missing,Target minimal fractional mix of wastewater treatment pathways at industrial facilities. Can specify any target pathway.,12,0.0,0.0,0.0,0.0,2016
Circular Economy,WALI,TFR:WALI:INC_TREATMENT_INDUSTRIAL,WALI: Improved industrial wastewater treatment,Missing,Target minimal fractional mix of wastewater treatment pathways at industrial facilities. Can specify any target pathway.,12,0.0,0.0,0.0,0.0,2017
Circular Economy,WALI,TFR:WALI:INC_TREATMENT_INDUSTRIAL,WALI: Improved industrial wastewater treatment,Missing,Target minimal fractional mix of wastewater treatment pathways at industrial facilities. Can specify any target pathway.,12,0.0,0.0,0.0,0.0,2018
Circular Economy,WALI,TFR:WALI:INC_TREATMENT_INDUSTRIAL,WALI: Improved industrial wastewater treatment,Missing,Target minimal fractional mix of wastewater treatment pathways at industrial facilities. Can specify any target pathway.,12,0.0,0.0,0.0,0.0,2019
Circular Economy,WALI,TFR:WALI:INC_TREATMENT_INDUSTRIAL,WALI: Improved industrial wastewater treatment,Missing,Target minimal fractional mix of wastewater treatment pathways at industrial facilities. Can specify any target pathway.,12,0.0,0.0,0.0,0.0,2020
Circular Economy,WALI,TFR:WALI:INC_TREATMENT_INDUSTRIAL,WALI: Improved industrial wastewater treatment,Missing,Target minimal fractional mix of wastewater treatment pathways at industrial facilities. Can specify any target pathway.,12,0.0,0.0,0.0,0.0,2021
Circular Economy,WALI,TFR:WALI:INC_TREATMENT_INDUSTRIAL,WALI: Improved industrial wastewater treatment,Missing,Target minimal fractional mix of wastewater treatment pathways at industrial facilities. Can specify any target pathway.,12,0.0,0.0,0.0,0.0,2022
Circular Economy,WALI,TFR:WALI:INC_TREATMENT_INDUSTRIAL,WALI: Improved industrial wastewater treatment,Missing,Target minimal fractional mix of wastewater treatment pathways at industrial facilities. Can specify any target pathway.,12,0.0,0.0,0.0,0.0,2023
Circular Economy,WALI,TFR:WALI:INC_TREATMENT_INDUSTRIAL,WALI: Improved industrial wastewater treatment,Missing,Target minimal fractional mix of wastewater treatment pathways at industrial facilities. Can specify any target pathway.,12,0.0,0.0,0.0,0.0,2024
Circular Economy,WALI,TFR:WALI:INC_TREATMENT_INDUSTRIAL,WALI: Improved industrial wastewater treatment,Missing,Target minimal fractional mix of wastewater treatment pathways at industrial facilities. Can specify any target pathway.,12,0.0,0.0,0.0,0.0,2025
Circular Economy,WALI,TFR:WALI:INC_TREATMENT_INDUSTRIAL,WALI: Improved industrial wastewater treatment,Missing,Target minimal fractional mix of wastewater treatment pathways at industrial facilities. Can specify any target pathway.,12,0.0,0.0,0.0,0.0,2026
Circular Economy,WALI,TFR:WALI:INC_TREATMENT_INDUSTRIAL,WALI: Improved industrial wastewater treatment,Missing,Target minimal fractional mix of wastewater treatment pathways at industrial facilities. Can specify any target pathway.,12,0.0,0.0,0.0,0.0,2027
Circular Economy,WALI,TFR:WALI:INC_TREATMENT_INDUSTRIAL,WALI: Improved industrial wastewater treatment,Missing,Target minimal fractional mix of wastewater treatment pathways at industrial facilities. Can specify any target pathway.,12,0.0,0.043478260869565216,0.043478260869565216,0.043478260869565216,2028
Circular Economy,WALI,TFR:WALI:INC_TREATMENT_INDUSTRIAL,WALI: Improved industrial wastewater treatment,Missing,Target minimal fractional mix of wastewater treatment pathways at industrial facilities. Can specify any target pathway.,12,0.0,0.08695652173913043,0.08695652173913043,0.08695652173913043,2029
Circular Economy,WALI,TFR:WALI:INC_TREATMENT_INDUSTRIAL,WALI: Improved industrial wastewater treatment,Missing,Target minimal fractional mix of wastewater treatment pathways at industrial facilities. Can specify any target pathway.,12,0.0,0.13043478260869565,0.13043478260869565,0.13043478260869565,2030
Circular Economy,WALI,TFR:WALI:INC_TREATMENT_INDUSTRIAL,WALI: Improved industrial wastewater treatment,Missing,Target minimal fractional mix of wastewater treatment pathways at industrial facilities. Can specify any target pathway.,12,0.0,0.17391304347826086,0.17391304347826086,0.17391304347826086,2031
Circular Economy,WALI,TFR:WALI:INC_TREATMENT_INDUSTRIAL,WALI: Improved industrial wastewater treatment,Missing,Target minimal fractional mix of wastewater treatment pathways at industrial facilities. Can specify any target pathway.,12,0.0,0.21739130434782608,0.21739130434782608,0.21739130434782608,2032
Circular Economy,WALI,TFR:WALI:INC_TREATMENT_INDUSTRIAL,WALI: Improved industrial wastewater treatment,Missing,Target minimal fractional mix of wastewater treatment pathways at industrial facilities. Can specify any target pathway.,12,0.0,0.2608695652173913,0.2608695652173913,0.2608695652173913,2033
Circular Economy,WALI,TFR:WALI:INC_TREATMENT_INDUSTRIAL,WALI: Improved industrial wastewater treatment,Missing,Target minimal fractional mix of wastewater treatment pathways at industrial facilities. Can specify any target pathway.,12,0.0,0.30434782608695654,0.30434782608695654,0.30434782608695654,2034
Circular Economy,WALI,TFR:WALI:INC_TREATMENT_INDUSTRIAL,WALI: Improved industrial wastewater treatment,Missing,Target minimal fractional mix of wastewater treatment pathways at industrial facilities. Can specify any target pathway.,12,0.0,0.34782608695652173,0.34782608695652173,0.34782608695652173,2035
Circular Economy,WALI,TFR:WALI:INC_TREATMENT_INDUSTRIAL,WALI: Improved industrial wastewater treatment,Missing,Target minimal fractional mix of wastewater treatment pathways at industrial facilities. Can specify any target pathway.,12,0.0,0.391304347826087,0.391304347826087,0.391304347826087,2036
Circular Economy,WALI,TFR:WALI:INC_TREATMENT_INDUSTRIAL,WALI: Improved industrial wastewater treatment,Missing,Target minimal fractional mix of wastewater treatment pathways at industrial facilities. Can specify any target pathway.,12,0.0,0.43478260869565216,0.43478260869565216,0.43478260869565216,2037
Circular Economy,WALI,TFR:WALI:INC_TREATMENT_INDUSTRIAL,WALI: Improved industrial wastewater treatment,Missing,Target minimal fractional mix of wastewater treatment pathways at industrial facilities. Can specify any target pathway.,12,0.0,0.4782608695652174,0.4782608695652174,0.4782608695652174,2038
Circular Economy,WALI,TFR:WALI:INC_TREATMENT_INDUSTRIAL,WALI: Improved industrial wastewater treatment,Missing,Target minimal fractional mix of wastewater treatment pathways at industrial facilities. Can specify any target pathway.,12,0.0,0.5217391304347826,0.5217391304347826,0.5217391304347826,2039
Circular Economy,WALI,TFR:WALI:INC_TREATMENT_INDUSTRIAL,WALI: Improved industrial wastewater treatment,Missing,Target minimal fractional mix of wastewater treatment pathways at industrial facilities. Can specify any target pathway.,12,0.0,0.5652173913043478,0.5652173913043478,0.5652173913043478,2040
Circular Economy,WALI,TFR:WALI:INC_TREATMENT_INDUSTRIAL,WALI: Improved industrial wastewater treatment,Missing,Target minimal fractional mix of wastewater treatment pathways at industrial facilities. Can specify any target pathway.,12,0.0,0.6086956521739131,0.6086956521739131,0.6086956521739131,2041
Circular Economy,WALI,TFR:WALI:INC_TREATMENT_INDUSTRIAL,WALI: Improved industrial wastewater treatment,Missing,Target minimal fractional mix of wastewater treatment pathways at industrial facilities. Can specify any target pathway.,12,0.0,0.6521739130434783,0.6521739130434783,0.6521739130434783,2042
Circular Economy,WALI,TFR:WALI:INC_TREATMENT_INDUSTRIAL,WALI: Improved industrial wastewater treatment,Missing,Target minimal fractional mix of wastewater treatment pathways at industrial facilities. Can specify any target pathway.,12,0.0,0.6956521739130435,0.6956521739130435,0.6956521739130435,2043
Circular Economy,WALI,TFR:WALI:INC_TREATMENT_INDUSTRIAL,WALI: Improved industrial wastewater treatment,Missing,Target minimal fractional mix of wastewater treatment pathways at industrial facilities. Can specify any target pathway.,12,0.0,0.7391304347826086,0.7391304347826086,0.7391304347826086,2044
Circular Economy,WALI,TFR:WALI:INC_TREATMENT_INDUSTRIAL,WALI: Improved industrial wastewater treatment,Missing,Target minimal fractional mix of wastewater treatment pathways at industrial facilities. Can specify any target pathway.,12,0.0,0.782608695652174,0.782608695652174,0.782608695652174,2045
Circular Economy,WALI,TFR:WALI:INC_TREATMENT_INDUSTRIAL,WALI: Improved industrial wastewater treatment,Missing,Target minimal fractional mix of wastewater treatment pathways at industrial facilities. Can specify any target pathway.,12,0.0,0.8260869565217391,0.8260869565217391,0.8260869565217391,2046
Circular Economy,WALI,TFR:WALI:INC_TREATMENT_INDUSTRIAL,WALI: Improved industrial wastewater treatment,Missing,Target minimal fractional mix of wastewater treatment pathways at industrial facilities. Can specify any target pathway.,12,0.0,0.8695652173913043,0.8695652173913043,0.8695652173913043,2047
Circular Economy,WALI,TFR:WALI:INC_TREATMENT_INDUSTRIAL,WALI: Improved industrial wastewater treatment,Missing,Target minimal fractional mix of wastewater treatment pathways at industrial facilities. Can specify any target pathway.,12,0.0,0.9130434782608695,0.9130434782608695,0.9130434782608695,2048
Circular Economy,WALI,TFR:WALI:INC_TREATMENT_INDUSTRIAL,WALI: Improved industrial wastewater treatment,Missing,Target minimal fractional mix of wastewater treatment pathways at industrial facilities. Can specify any target pathway.,12,0.0,0.9565217391304348,0.9565217391304348,0.9565217391304348,2049
Circular Economy,WALI,TFR:WALI:INC_TREATMENT_INDUSTRIAL,WALI: Improved industrial wastewater treatment,Missing,Target minimal fractional mix of wastewater treatment pathways at industrial facilities. Can specify any target pathway.,12,0.0,1.0,1.0,1.0,2050
Circular Economy,WALI,TFR:WALI:INC_TREATMENT_RURAL,WALI: Improved rural wastewater treatment,Missing,Target minimal fractional mix of wastewater treatment pathways in rural areas. Can specify any target pathway.,12,0.0,0.0,0.0,0.0,2015
Circular Economy,WALI,TFR:WALI:INC_TREATMENT_RURAL,WALI: Improved rural wastewater treatment,Missing,Target minimal fractional mix of wastewater treatment pathways in rural areas. Can specify any target pathway.,12,0.0,0.0,0.0,0.0,2016
Circular Economy,WALI,TFR:WALI:INC_TREATMENT_RURAL,WALI: Improved rural wastewater treatment,Missing,Target minimal fractional mix of wastewater treatment pathways in rural areas. Can specify any target pathway.,12,0.0,0.0,0.0,0.0,2017
Circular Economy,WALI,TFR:WALI:INC_TREATMENT_RURAL,WALI: Improved rural wastewater treatment,Missing,Target minimal fractional mix of wastewater treatment pathways in rural areas. Can specify any target pathway.,12,0.0,0.0,0.0,0.0,2018
Circular Economy,WALI,TFR:WALI:INC_TREATMENT_RURAL,WALI: Improved rural wastewater treatment,Missing,Target minimal fractional mix of wastewater treatment pathways in rural areas. Can specify any target pathway.,12,0.0,0.0,0.0,0.0,2019
Circular Economy,WALI,TFR:WALI:INC_TREATMENT_RURAL,WALI: Improved rural wastewater treatment,Missing,Target minimal fractional mix of wastewater treatment pathways in rural areas. Can specify any target pathway.,12,0.0,0.0,0.0,0.0,2020
Circular Economy,WALI,TFR:WALI:INC_TREATMENT_RURAL,WALI: Improved rural wastewater treatment,Missing,Target minimal fractional mix of wastewater treatment pathways in rural areas. Can specify any target pathway.,12,0.0,0.0,0.0,0.0,2021
Circular Economy,WALI,TFR:WALI:INC_TREATMENT_RURAL,WALI: Improved rural wastewater treatment,Missing,Target minimal fractional mix of wastewater treatment pathways in rural areas. Can specify any target pathway.,12,0.0,0.0,0.0,0.0,2022
Circular Economy,WALI,TFR:WALI:INC_TREATMENT_RURAL,WALI: Improved rural wastewater treatment,Missing,Target minimal fractional mix of wastewater treatment pathways in rural areas. Can specify any target pathway.,12,0.0,0.0,0.0,0.0,2023
Circular Economy,WALI,TFR:WALI:INC_TREATMENT_RURAL,WALI: Improved rural wastewater treatment,Missing,Target minimal fractional mix of wastewater treatment pathways in rural areas. Can specify any target pathway.,12,0.0,0.0,0.0,0.0,2024
Circular Economy,WALI,TFR:WALI:INC_TREATMENT_RURAL,WALI: Improved rural wastewater treatment,Missing,Target minimal fractional mix of wastewater treatment pathways in rural areas. Can specify any target pathway.,12,0.0,0.0,0.0,0.0,2025
Circular Economy,WALI,TFR:WALI:INC_TREATMENT_RURAL,WALI: Improved rural wastewater treatment,Missing,Target minimal fractional mix of wastewater treatment pathways in rural areas. Can specify any target pathway.,12,0.0,0.0,0.0,0.0,2026
Circular Economy,WALI,TFR:WALI:INC_TREATMENT_RURAL,WALI: Improved rural wastewater treatment,Missing,Target minimal fractional mix of wastewater treatment pathways in rural areas. Can specify any target pathway.,12,0.0,0.0,0.0,0.0,2027
Circular Economy,WALI,TFR:WALI:INC_TREATMENT_RURAL,WALI: Improved rural wastewater treatment,Missing,Target minimal fractional mix of wastewater treatment pathways in rural areas. Can specify any target pathway.,12,0.0,0.043478260869565216,0.043478260869565216,0.043478260869565216,2028
Circular Economy,WALI,TFR:WALI:INC_TREATMENT_RURAL,WALI: Improved rural wastewater treatment,Missing,Target minimal fractional mix of wastewater treatment pathways in rural areas. Can specify any target pathway.,12,0.0,0.08695652173913043,0.08695652173913043,0.08695652173913043,2029
Circular Economy,WALI,TFR:WALI:INC_TREATMENT_RURAL,WALI: Improved rural wastewater treatment,Missing,Target minimal fractional mix of wastewater treatment pathways in rural areas. Can specify any target pathway.,12,0.0,0.13043478260869565,0.13043478260869565,0.13043478260869565,2030
Circular Economy,WALI,TFR:WALI:INC_TREATMENT_RURAL,WALI: Improved rural wastewater treatment,Missing,Target minimal fractional mix of wastewater treatment pathways in rural areas. Can specify any target pathway.,12,0.0,0.17391304347826086,0.17391304347826086,0.17391304347826086,2031
Circular Economy,WALI,TFR:WALI:INC_TREATMENT_RURAL,WALI: Improved rural wastewater treatment,Missing,Target minimal fractional mix of wastewater treatment pathways in rural areas. Can specify any target pathway.,12,0.0,0.21739130434782608,0.21739130434782608,0.21739130434782608,2032
Circular Economy,WALI,TFR:WALI:INC_TREATMENT_RURAL,WALI: Improved rural wastewater treatment,Missing,Target minimal fractional mix of wastewater treatment pathways in rural areas. Can specify any target pathway.,12,0.0,0.2608695652173913,0.2608695652173913,0.2608695652173913,2033
Circular Economy,WALI,TFR:WALI:INC_TREATMENT_RURAL,WALI: Improved rural wastewater treatment,Missing,Target minimal fractional mix of wastewater treatment pathways in rural areas. Can specify any target pathway.,12,0.0,0.30434782608695654,0.30434782608695654,0.30434782608695654,2034
Circular Economy,WALI,TFR:WALI:INC_TREATMENT_RURAL,WALI: Improved rural wastewater treatment,Missing,Target minimal fractional mix of wastewater treatment pathways in rural areas. Can specify any target pathway.,12,0.0,0.34782608695652173,0.34782608695652173,0.34782608695652173,2035
Circular Economy,WALI,TFR:WALI:INC_TREATMENT_RURAL,WALI: Improved rural wastewater treatment,Missing,Target minimal fractional mix of wastewater treatment pathways in rural areas. Can specify any target pathway.,12,0.0,0.391304347826087,0.391304347826087,0.391304347826087,2036
Circular Economy,WALI,TFR:WALI:INC_TREATMENT_RURAL,WALI: Improved rural wastewater treatment,Missing,Target minimal fractional mix of wastewater treatment pathways in rural areas. Can specify any target pathway.,12,0.0,0.43478260869565216,0.43478260869565216,0.43478260869565216,2037
Circular Economy,WALI,TFR:WALI:INC_TREATMENT_RURAL,WALI: Improved rural wastewater treatment,Missing,Target minimal fractional mix of wastewater treatment pathways in rural areas. Can specify any target pathway.,12,0.0,0.4782608695652174,0.4782608695652174,0.4782608695652174,2038
Circular Economy,WALI,TFR:WALI:INC_TREATMENT_RURAL,WALI: Improved rural wastewater treatment,Missing,Target minimal fractional mix of wastewater treatment pathways in rural areas. Can specify any target pathway.,12,0.0,0.5217391304347826,0.5217391304347826,0.5217391304347826,2039
Circular Economy,WALI,TFR:WALI:INC_TREATMENT_RURAL,WALI: Improved rural wastewater treatment,Missing,Target minimal fractional mix of wastewater treatment pathways in rural areas. Can specify any target pathway.,12,0.0,0.5652173913043478,0.5652173913043478,0.5652173913043478,2040
Circular Economy,WALI,TFR:WALI:INC_TREATMENT_RURAL,WALI: Improved rural wastewater treatment,Missing,Target minimal fractional mix of wastewater treatment pathways in rural areas. Can specify any target pathway.,12,0.0,0.6086956521739131,0.6086956521739131,0.6086956521739131,2041
Circular Economy,WALI,TFR:WALI:INC_TREATMENT_RURAL,WALI: Improved rural wastewater treatment,Missing,Target minimal fractional mix of wastewater treatment pathways in rural areas. Can specify any target pathway.,12,0.0,0.6521739130434783,0.6521739130434783,0.6521739130434783,2042
Circular Economy,WALI,TFR:WALI:INC_TREATMENT_RURAL,WALI: Improved rural wastewater treatment,Missing,Target minimal fractional mix of wastewater treatment pathways in rural areas. Can specify any target pathway.,12,0.0,0.6956521739130435,0.6956521739130435,0.6956521739130435,2043
Circular Economy,WALI,TFR:WALI:INC_TREATMENT_RURAL,WALI: Improved rural wastewater treatment,Missing,Target minimal fractional mix of wastewater treatment pathways in rural areas. Can specify any target pathway.,12,0.0,0.7391304347826086,0.7391304347826086,0.7391304347826086,2044
Circular Economy,WALI,TFR:WALI:INC_TREATMENT_RURAL,WALI: Improved rural wastewater treatment,Missing,Target minimal fractional mix of wastewater treatment pathways in rural areas. Can specify any target pathway.,12,0.0,0.782608695652174,0.782608695652174,0.782608695652174,2045
Circular Economy,WALI,TFR:WALI:INC_TREATMENT_RURAL,WALI: Improved rural wastewater treatment,Missing,Target minimal fractional mix of wastewater treatment pathways in rural areas. Can specify any target pathway.,12,0.0,0.8260869565217391,0.8260869565217391,0.8260869565217391,2046
Circular Economy,WALI,TFR:WALI:INC_TREATMENT_RURAL,WALI: Improved rural wastewater treatment,Missing,Target minimal fractional mix of wastewater treatment pathways in rural areas. Can specify any target pathway.,12,0.0,0.8695652173913043,0.8695652173913043,0.8695652173913043,2047
Circular Economy,WALI,TFR:WALI:INC_TREATMENT_RURAL,WALI: Improved rural wastewater treatment,Missing,Target minimal fractional mix of wastewater treatment pathways in rural areas. Can specify any target pathway.,12,0.0,0.9130434782608695,0.9130434782608695,0.9130434782608695,2048
Circular Economy,WALI,TFR:WALI:INC_TREATMENT_RURAL,WALI: Improved rural wastewater treatment,Missing,Target minimal fractional mix of wastewater treatment pathways in rural areas. Can specify any target pathway.,12,0.0,0.9565217391304348,0.9565217391304348,0.9565217391304348,2049
Circular Economy,WALI,TFR:WALI:INC_TREATMENT_RURAL,WALI: Improved rural wastewater treatment,Missing,Target minimal fractional mix of wastewater treatment pathways in rural areas. Can specify any target pathway.,12,0.0,1.0,1.0,1.0,2050
Circular Economy,WALI,TFR:WALI:INC_TREATMENT_URBAN,WALI: Improved urban wastewater treatment,Missing,Target minimal fractional mix of wastewater treatment pathways in urban areas. Can specify any target pathway.,12,0.0,0.0,0.0,0.0,2015
Circular Economy,WALI,TFR:WALI:INC_TREATMENT_URBAN,WALI: Improved urban wastewater treatment,Missing,Target minimal fractional mix of wastewater treatment pathways in urban areas. Can specify any target pathway.,12,0.0,0.0,0.0,0.0,2016
Circular Economy,WALI,TFR:WALI:INC_TREATMENT_URBAN,WALI: Improved urban wastewater treatment,Missing,Target minimal fractional mix of wastewater treatment pathways in urban areas. Can specify any target pathway.,12,0.0,0.0,0.0,0.0,2017
Circular Economy,WALI,TFR:WALI:INC_TREATMENT_URBAN,WALI: Improved urban wastewater treatment,Missing,Target minimal fractional mix of wastewater treatment pathways in urban areas. Can specify any target pathway.,12,0.0,0.0,0.0,0.0,2018
Circular Economy,WALI,TFR:WALI:INC_TREATMENT_URBAN,WALI: Improved urban wastewater treatment,Missing,Target minimal fractional mix of wastewater treatment pathways in urban areas. Can specify any target pathway.,12,0.0,0.0,0.0,0.0,2019
Circular Economy,WALI,TFR:WALI:INC_TREATMENT_URBAN,WALI: Improved urban wastewater treatment,Missing,Target minimal fractional mix of wastewater treatment pathways in urban areas. Can specify any target pathway.,12,0.0,0.0,0.0,0.0,2020
Circular Economy,WALI,TFR:WALI:INC_TREATMENT_URBAN,WALI: Improved urban wastewater treatment,Missing,Target minimal fractional mix of wastewater treatment pathways in urban areas. Can specify any target pathway.,12,0.0,0.0,0.0,0.0,2021
Circular Economy,WALI,TFR:WALI:INC_TREATMENT_URBAN,WALI: Improved urban wastewater treatment,Missing,Target minimal fractional mix of wastewater treatment pathways in urban areas. Can specify any target pathway.,12,0.0,0.0,0.0,0.0,2022
Circular Economy,WALI,TFR:WALI:INC_TREATMENT_URBAN,WALI: Improved urban wastewater treatment,Missing,Target minimal fractional mix of wastewater treatment pathways in urban areas. Can specify any target pathway.,12,0.0,0.0,0.0,0.0,2023
Circular Economy,WALI,TFR:WALI:INC_TREATMENT_URBAN,WALI: Improved urban wastewater treatment,Missing,Target minimal fractional mix of wastewater treatment pathways in urban areas. Can specify any target pathway.,12,0.0,0.0,0.0,0.0,2024
Circular Economy,WALI,TFR:WALI:INC_TREATMENT_URBAN,WALI: Improved urban wastewater treatment,Missing,Target minimal fractional mix of wastewater treatment pathways in urban areas. Can specify any target pathway.,12,0.0,0.0,0.0,0.0,2025
Circular Economy,WALI,TFR:WALI:INC_TREATMENT_URBAN,WALI: Improved urban wastewater treatment,Missing,Target minimal fractional mix of wastewater treatment pathways in urban areas. Can specify any target pathway.,12,0.0,0.0,0.0,0.0,2026
Circular Economy,WALI,TFR:WALI:INC_TREATMENT_URBAN,WALI: Improved urban wastewater treatment,Missing,Target minimal fractional mix of wastewater treatment pathways in urban areas. Can specify any target pathway.,12,0.0,0.0,0.0,0.0,2027
Circular Economy,WALI,TFR:WALI:INC_TREATMENT_URBAN,WALI: Improved urban wastewater treatment,Missing,Target minimal fractional mix of wastewater treatment pathways in urban areas. Can specify any target pathway.,12,0.0,0.043478260869565216,0.043478260869565216,0.043478260869565216,2028
Circular Economy,WALI,TFR:WALI:INC_TREATMENT_URBAN,WALI: Improved urban wastewater treatment,Missing,Target minimal fractional mix of wastewater treatment pathways in urban areas. Can specify any target pathway.,12,0.0,0.08695652173913043,0.08695652173913043,0.08695652173913043,2029
Circular Economy,WALI,TFR:WALI:INC_TREATMENT_URBAN,WALI: Improved urban wastewater treatment,Missing,Target minimal fractional mix of wastewater treatment pathways in urban areas. Can specify any target pathway.,12,0.0,0.13043478260869565,0.13043478260869565,0.13043478260869565,2030
Circular Economy,WALI,TFR:WALI:INC_TREATMENT_URBAN,WALI: Improved urban wastewater treatment,Missing,Target minimal fractional mix of wastewater treatment pathways in urban areas. Can specify any target pathway.,12,0.0,0.17391304347826086,0.17391304347826086,0.17391304347826086,2031
Circular Economy,WALI,TFR:WALI:INC_TREATMENT_URBAN,WALI: Improved urban wastewater treatment,Missing,Target minimal fractional mix of wastewater treatment pathways in urban areas. Can specify any target pathway.,12,0.0,0.21739130434782608,0.21739130434782608,0.21739130434782608,2032
Circular Economy,WALI,TFR:WALI:INC_TREATMENT_URBAN,WALI: Improved urban wastewater treatment,Missing,Target minimal fractional mix of wastewater treatment pathways in urban areas. Can specify any target pathway.,12,0.0,0.2608695652173913,0.2608695652173913,0.2608695652173913,2033
Circular Economy,WALI,TFR:WALI:INC_TREATMENT_URBAN,WALI: Improved urban wastewater treatment,Missing,Target minimal fractional mix of wastewater treatment pathways in urban areas. Can specify any target pathway.,12,0.0,0.30434782608695654,0.30434782608695654,0.30434782608695654,2034
Circular Economy,WALI,TFR:WALI:INC_TREATMENT_URBAN,WALI: Improved urban wastewater treatment,Missing,Target minimal fractional mix of wastewater treatment pathways in urban areas. Can specify any target pathway.,12,0.0,0.34782608695652173,0.34782608695652173,0.34782608695652173,2035
Circular Economy,WALI,TFR:WALI:INC_TREATMENT_URBAN,WALI: Improved urban wastewater treatment,Missing,Target minimal fractional mix of wastewater treatment pathways in urban areas. Can specify any target pathway.,12,0.0,0.391304347826087,0.391304347826087,0.391304347826087,2036
Circular Economy,WALI,TFR:WALI:INC_TREATMENT_URBAN,WALI: Improved urban wastewater treatment,Missing,Target minimal fractional mix of wastewater treatment pathways in urban areas. Can specify any target pathway.,12,0.0,0.43478260869565216,0.43478260869565216,0.43478260869565216,2037
Circular Economy,WALI,TFR:WALI:INC_TREATMENT_URBAN,WALI: Improved urban wastewater treatment,Missing,Target minimal fractional mix of wastewater treatment pathways in urban areas. Can specify any target pathway.,12,0.0,0.4782608695652174,0.4782608695652174,0.4782608695652174,2038
Circular Economy,WALI,TFR:WALI:INC_TREATMENT_URBAN,WALI: Improved urban wastewater treatment,Missing,Target minimal fractional mix of wastewater treatment pathways in urban areas. Can specify any target pathway.,12,0.0,0.5217391304347826,0.5217391304347826,0.5217391304347826,2039
Circular Economy,WALI,TFR:WALI:INC_TREATMENT_URBAN,WALI: Improved urban wastewater treatment,Missing,Target minimal fractional mix of wastewater treatment pathways in urban areas. Can specify any target pathway.,12,0.0,0.5652173913043478,0.5652173913043478,0.5652173913043478,2040
Circular Economy,WALI,TFR:WALI:INC_TREATMENT_URBAN,WALI: Improved urban wastewater treatment,Missing,Target minimal fractional mix of wastewater treatment pathways in urban areas. Can specify any target pathway.,12,0.0,0.6086956521739131,0.6086956521739131,0.6086956521739131,2041
Circular Economy,WALI,TFR:WALI:INC_TREATMENT_URBAN,WALI: Improved urban wastewater treatment,Missing,Target minimal fractional mix of wastewater treatment pathways in urban areas. Can specify any target pathway.,12,0.0,0.6521739130434783,0.6521739130434783,0.6521739130434783,2042
Circular Economy,WALI,TFR:WALI:INC_TREATMENT_URBAN,WALI: Improved urban wastewater treatment,Missing,Target minimal fractional mix of wastewater treatment pathways in urban areas. Can specify any target pathway.,12,0.0,0.6956521739130435,0.6956521739130435,0.6956521739130435,2043
Circular Economy,WALI,TFR:WALI:INC_TREATMENT_URBAN,WALI: Improved urban wastewater treatment,Missing,Target minimal fractional mix of wastewater treatment pathways in urban areas. Can specify any target pathway.,12,0.0,0.7391304347826086,0.7391304347826086,0.7391304347826086,2044
Circular Economy,WALI,TFR:WALI:INC_TREATMENT_URBAN,WALI: Improved urban wastewater treatment,Missing,Target minimal fractional mix of wastewater treatment pathways in urban areas. Can specify any target pathway.,12,0.0,0.782608695652174,0.782608695652174,0.782608695652174,2045
Circular Economy,WALI,TFR:WALI:INC_TREATMENT_URBAN,WALI: Improved urban wastewater treatment,Missing,Target minimal fractional mix of wastewater treatment pathways in urban areas. Can specify any target pathway.,12,0.0,0.8260869565217391,0.8260869565217391,0.8260869565217391,2046
Circular Economy,WALI,TFR:WALI:INC_TREATMENT_URBAN,WALI: Improved urban wastewater treatment,Missing,Target minimal fractional mix of wastewater treatment pathways in urban areas. Can specify any target pathway.,12,0.0,0.8695652173913043,0.8695652173913043,0.8695652173913043,2047
Circular Economy,WALI,TFR:WALI:INC_TREATMENT_URBAN,WALI: Improved urban wastewater treatment,Missing,Target minimal fractional mix of wastewater treatment pathways in urban areas. Can specify any target pathway.,12,0.0,0.9130434782608695,0.9130434782608695,0.9130434782608695,2048
Circular Economy,WALI,TFR:WALI:INC_TREATMENT_URBAN,WALI: Improved urban wastewater treatment,Missing,Target minimal fractional mix of wastewater treatment pathways in urban areas. Can specify any target pathway.,12,0.0,0.9565217391304348,0.9565217391304348,0.9565217391304348,2049
Circular Economy,WALI,TFR:WALI:INC_TREATMENT_URBAN,WALI: Improved urban wastewater treatment,Missing,Target minimal fractional mix of wastewater treatment pathways in urban areas. Can specify any target pathway.,12,0.0,1.0,1.0,1.0,2050
Circular Economy,WASO,TFR:WASO:INC_RECYCLING,WASO: Increase recycling,Missing,Target fraction of waste that is recycled (organic and yard waste are composted).,12,0.0,0.0,0.0,0.0,2015
Circular Economy,WASO,TFR:WASO:INC_RECYCLING,WASO: Increase recycling,Missing,Target fraction of waste that is recycled (organic and yard waste are composted).,12,0.0,0.0,0.0,0.0,2016
Circular Economy,WASO,TFR:WASO:INC_RECYCLING,WASO: Increase recycling,Missing,Target fraction of waste that is recycled (organic and yard waste are composted).,12,0.0,0.0,0.0,0.0,2017
Circular Economy,WASO,TFR:WASO:INC_RECYCLING,WASO: Increase recycling,Missing,Target fraction of waste that is recycled (organic and yard waste are composted).,12,0.0,0.0,0.0,0.0,2018
Circular Economy,WASO,TFR:WASO:INC_RECYCLING,WASO: Increase recycling,Missing,Target fraction of waste that is recycled (organic and yard waste are composted).,12,0.0,0.0,0.0,0.0,2019
Circular Economy,WASO,TFR:WASO:INC_RECYCLING,WASO: Increase recycling,Missing,Target fraction of waste that is recycled (organic and yard waste are composted).,12,0.0,0.0,0.0,0.0,2020
Circular Economy,WASO,TFR:WASO:INC_RECYCLING,WASO: Increase recycling,Missing,Target fraction of waste that is recycled (organic and yard waste are composted).,12,0.0,0.0,0.0,0.0,2021
Circular Economy,WASO,TFR:WASO:INC_RECYCLING,WASO: Increase recycling,Missing,Target fraction of waste that is recycled (organic and yard waste are composted).,12,0.0,0.0,0.0,0.0,2022
Circular Economy,WASO,TFR:WASO:INC_RECYCLING,WASO: Increase recycling,Missing,Target fraction of waste that is recycled (organic and yard waste are composted).,12,0.0,0.0,0.0,0.0,2023
Circular Economy,WASO,TFR:WASO:INC_RECYCLING,WASO: Increase recycling,Missing,Target fraction of waste that is recycled (organic and yard waste are composted).,12,0.0,0.0,0.0,0.0,2024
Circular Economy,WASO,TFR:WASO:INC_RECYCLING,WASO: Increase recycling,Missing,Target fraction of waste that is recycled (organic and yard waste are composted).,12,0.0,0.0,0.0,0.0,2025
Circular Economy,WASO,TFR:WASO:INC_RECYCLING,WASO: Increase recycling,Missing,Target fraction of waste that is recycled (organic and yard waste are composted).,12,0.0,0.0,0.0,0.0,2026
Circular Economy,WASO,TFR:WASO:INC_RECYCLING,WASO: Increase recycling,Missing,Target fraction of waste that is recycled (organic and yard waste are composted).,12,0.0,0.0,0.0,0.0,2027
Circular Economy,WASO,TFR:WASO:INC_RECYCLING,WASO: Increase recycling,Missing,Target fraction of waste that is recycled (organic and yard waste are composted).,12,0.0,0.010326086956521738,0.020652173913043477,0.041304347826086954,2028
Circular Economy,WASO,TFR:WASO:INC_RECYCLING,WASO: Increase recycling,Missing,Target fraction of waste that is recycled (organic and yard waste are composted).,12,0.0,0.020652173913043477,0.041304347826086954,0.08260869565217391,2029
Circular Economy,WASO,TFR:WASO:INC_RECYCLING,WASO: Increase recycling,Missing,Target fraction of waste that is recycled (organic and yard waste are composted).,12,0.0,0.030978260869565215,0.06195652173913043,0.12391304347826086,2030
Circular Economy,WASO,TFR:WASO:INC_RECYCLING,WASO: Increase recycling,Missing,Target fraction of waste that is recycled (organic and yard waste are composted).,12,0.0,0.041304347826086954,0.08260869565217391,0.16521739130434782,2031
Circular Economy,WASO,TFR:WASO:INC_RECYCLING,WASO: Increase recycling,Missing,Target fraction of waste that is recycled (organic and yard waste are composted).,12,0.0,0.05163043478260869,0.10326086956521738,0.20652173913043476,2032
Circular Economy,WASO,TFR:WASO:INC_RECYCLING,WASO: Increase recycling,Missing,Target fraction of waste that is recycled (organic and yard waste are composted).,12,0.0,0.06195652173913043,0.12391304347826086,0.24782608695652172,2033
Circular Economy,WASO,TFR:WASO:INC_RECYCLING,WASO: Increase recycling,Missing,Target fraction of waste that is recycled (organic and yard waste are composted).,12,0.0,0.07228260869565217,0.14456521739130435,0.2891304347826087,2034
Circular Economy,WASO,TFR:WASO:INC_RECYCLING,WASO: Increase recycling,Missing,Target fraction of waste that is recycled (organic and yard waste are composted).,12,0.0,0.08260869565217391,0.16521739130434782,0.33043478260869563,2035
Circular Economy,WASO,TFR:WASO:INC_RECYCLING,WASO: Increase recycling,Missing,Target fraction of waste that is recycled (organic and yard waste are composted).,12,0.0,0.09293478260869566,0.1858695652173913,0.3717391304347826,2036
Circular Economy,WASO,TFR:WASO:INC_RECYCLING,WASO: Increase recycling,Missing,Target fraction of waste that is recycled (organic and yard waste are composted).,12,0.0,0.10326086956521738,0.20652173913043476,0.4130434782608695,2037
Circular Economy,WASO,TFR:WASO:INC_RECYCLING,WASO: Increase recycling,Missing,Target fraction of waste that is recycled (organic and yard waste are composted).,12,0.0,0.11358695652173913,0.22717391304347825,0.4543478260869565,2038
Circular Economy,WASO,TFR:WASO:INC_RECYCLING,WASO: Increase recycling,Missing,Target fraction of waste that is recycled (organic and yard waste are composted).,12,0.0,0.12391304347826086,0.24782608695652172,0.49565217391304345,2039
Circular Economy,WASO,TFR:WASO:INC_RECYCLING,WASO: Increase recycling,Missing,Target fraction of waste that is recycled (organic and yard waste are composted).,12,0.0,0.13423913043478258,0.26847826086956517,0.5369565217391303,2040
Circular Economy,WASO,TFR:WASO:INC_RECYCLING,WASO: Increase recycling,Missing,Target fraction of waste that is recycled (organic and yard waste are composted).,12,0.0,0.14456521739130435,0.2891304347826087,0.5782608695652174,2041
Circular Economy,WASO,TFR:WASO:INC_RECYCLING,WASO: Increase recycling,Missing,Target fraction of waste that is recycled (organic and yard waste are composted).,12,0.0,0.15489130434782608,0.30978260869565216,0.6195652173913043,2042
Circular Economy,WASO,TFR:WASO:INC_RECYCLING,WASO: Increase recycling,Missing,Target fraction of waste that is recycled (organic and yard waste are composted).,12,0.0,0.16521739130434782,0.33043478260869563,0.6608695652173913,2043
Circular Economy,WASO,TFR:WASO:INC_RECYCLING,WASO: Increase recycling,Missing,Target fraction of waste that is recycled (organic and yard waste are composted).,12,0.0,0.17554347826086955,0.3510869565217391,0.7021739130434782,2044
Circular Economy,WASO,TFR:WASO:INC_RECYCLING,WASO: Increase recycling,Missing,Target fraction of waste that is recycled (organic and yard waste are composted).,12,0.0,0.1858695652173913,0.3717391304347826,0.7434782608695653,2045
Circular Economy,WASO,TFR:WASO:INC_RECYCLING,WASO: Increase recycling,Missing,Target fraction of waste that is recycled (organic and yard waste are composted).,12,0.0,0.19619565217391305,0.3923913043478261,0.7847826086956522,2046
Circular Economy,WASO,TFR:WASO:INC_RECYCLING,WASO: Increase recycling,Missing,Target fraction of waste that is recycled (organic and yard waste are composted).,12,0.0,0.20652173913043476,0.4130434782608695,0.826086956521739,2047
Circular Economy,WASO,TFR:WASO:INC_RECYCLING,WASO: Increase recycling,Missing,Target fraction of waste that is recycled (organic and yard waste are composted).,12,0.0,0.2168478260869565,0.433695652173913,0.867391304347826,2048
Circular Economy,WASO,TFR:WASO:INC_RECYCLING,WASO: Increase recycling,Missing,Target fraction of waste that is recycled (organic and yard waste are composted).,12,0.0,0.22717391304347825,0.4543478260869565,0.908695652173913,2049
Circular Economy,WASO,TFR:WASO:INC_RECYCLING,WASO: Increase recycling,Missing,Target fraction of waste that is recycled (organic and yard waste are composted).,12,0.0,0.2375,0.475,0.95,2050
Cross,PFLO,TFR:PFLO:INC_HEALTHIER_DIETS,PFLO: Change diets,Includes a reduction in the demand for red meat and allows for changes to different crop demands.,Fractional target maximum fraction of per-capita demand for red meat (cattle).,12,0.0,0.0,0.0,0.0,2015
Cross,PFLO,TFR:PFLO:INC_HEALTHIER_DIETS,PFLO: Change diets,Includes a reduction in the demand for red meat and allows for changes to different crop demands.,Fractional target maximum fraction of per-capita demand for red meat (cattle).,12,0.0,0.0,0.0,0.0,2016
Cross,PFLO,TFR:PFLO:INC_HEALTHIER_DIETS,PFLO: Change diets,Includes a reduction in the demand for red meat and allows for changes to different crop demands.,Fractional target maximum fraction of per-capita demand for red meat (cattle).,12,0.0,0.0,0.0,0.0,2017
Cross,PFLO,TFR:PFLO:INC_HEALTHIER_DIETS,PFLO: Change diets,Includes a reduction in the demand for red meat and allows for changes to different crop demands.,Fractional target maximum fraction of per-capita demand for red meat (cattle).,12,0.0,0.0,0.0,0.0,2018
Cross,PFLO,TFR:PFLO:INC_HEALTHIER_DIETS,PFLO: Change diets,Includes a reduction in the demand for red meat and allows for changes to different crop demands.,Fractional target maximum fraction of per-capita demand for red meat (cattle).,12,0.0,0.0,0.0,0.0,2019
Cross,PFLO,TFR:PFLO:INC_HEALTHIER_DIETS,PFLO: Change diets,Includes a reduction in the demand for red meat and allows for changes to different crop demands.,Fractional target maximum fraction of per-capita demand for red meat (cattle).,12,0.0,0.0,0.0,0.0,2020
Cross,PFLO,TFR:PFLO:INC_HEALTHIER_DIETS,PFLO: Change diets,Includes a reduction in the demand for red meat and allows for changes to different crop demands.,Fractional target maximum fraction of per-capita demand for red meat (cattle).,12,0.0,0.0,0.0,0.0,2021
Cross,PFLO,TFR:PFLO:INC_HEALTHIER_DIETS,PFLO: Change diets,Includes a reduction in the demand for red meat and allows for changes to different crop demands.,Fractional target maximum fraction of per-capita demand for red meat (cattle).,12,0.0,0.0,0.0,0.0,2022
Cross,PFLO,TFR:PFLO:INC_HEALTHIER_DIETS,PFLO: Change diets,Includes a reduction in the demand for red meat and allows for changes to different crop demands.,Fractional target maximum fraction of per-capita demand for red meat (cattle).,12,0.0,0.0,0.0,0.0,2023
Cross,PFLO,TFR:PFLO:INC_HEALTHIER_DIETS,PFLO: Change diets,Includes a reduction in the demand for red meat and allows for changes to different crop demands.,Fractional target maximum fraction of per-capita demand for red meat (cattle).,12,0.0,0.0,0.0,0.0,2024
Cross,PFLO,TFR:PFLO:INC_HEALTHIER_DIETS,PFLO: Change diets,Includes a reduction in the demand for red meat and allows for changes to different crop demands.,Fractional target maximum fraction of per-capita demand for red meat (cattle).,12,0.0,0.0,0.0,0.0,2025
Cross,PFLO,TFR:PFLO:INC_HEALTHIER_DIETS,PFLO: Change diets,Includes a reduction in the demand for red meat and allows for changes to different crop demands.,Fractional target maximum fraction of per-capita demand for red meat (cattle).,12,0.0,0.0,0.0,0.0,2026
Cross,PFLO,TFR:PFLO:INC_HEALTHIER_DIETS,PFLO: Change diets,Includes a reduction in the demand for red meat and allows for changes to different crop demands.,Fractional target maximum fraction of per-capita demand for red meat (cattle).,12,0.0,0.0,0.0,0.0,2027
Cross,PFLO,TFR:PFLO:INC_HEALTHIER_DIETS,PFLO: Change diets,Includes a reduction in the demand for red meat and allows for changes to different crop demands.,Fractional target maximum fraction of per-capita demand for red meat (cattle).,12,0.0,0.021739130434782608,0.021739130434782608,0.021739130434782608,2028
Cross,PFLO,TFR:PFLO:INC_HEALTHIER_DIETS,PFLO: Change diets,Includes a reduction in the demand for red meat and allows for changes to different crop demands.,Fractional target maximum fraction of per-capita demand for red meat (cattle).,12,0.0,0.043478260869565216,0.043478260869565216,0.043478260869565216,2029
Cross,PFLO,TFR:PFLO:INC_HEALTHIER_DIETS,PFLO: Change diets,Includes a reduction in the demand for red meat and allows for changes to different crop demands.,Fractional target maximum fraction of per-capita demand for red meat (cattle).,12,0.0,0.06521739130434782,0.06521739130434782,0.06521739130434782,2030
Cross,PFLO,TFR:PFLO:INC_HEALTHIER_DIETS,PFLO: Change diets,Includes a reduction in the demand for red meat and allows for changes to different crop demands.,Fractional target maximum fraction of per-capita demand for red meat (cattle).,12,0.0,0.08695652173913043,0.08695652173913043,0.08695652173913043,2031
Cross,PFLO,TFR:PFLO:INC_HEALTHIER_DIETS,PFLO: Change diets,Includes a reduction in the demand for red meat and allows for changes to different crop demands.,Fractional target maximum fraction of per-capita demand for red meat (cattle).,12,0.0,0.10869565217391304,0.10869565217391304,0.10869565217391304,2032
Cross,PFLO,TFR:PFLO:INC_HEALTHIER_DIETS,PFLO: Change diets,Includes a reduction in the demand for red meat and allows for changes to different crop demands.,Fractional target maximum fraction of per-capita demand for red meat (cattle).,12,0.0,0.13043478260869565,0.13043478260869565,0.13043478260869565,2033
Cross,PFLO,TFR:PFLO:INC_HEALTHIER_DIETS,PFLO: Change diets,Includes a reduction in the demand for red meat and allows for changes to different crop demands.,Fractional target maximum fraction of per-capita demand for red meat (cattle).,12,0.0,0.15217391304347827,0.15217391304347827,0.15217391304347827,2034
Cross,PFLO,TFR:PFLO:INC_HEALTHIER_DIETS,PFLO: Change diets,Includes a reduction in the demand for red meat and allows for changes to different crop demands.,Fractional target maximum fraction of per-capita demand for red meat (cattle).,12,0.0,0.17391304347826086,0.17391304347826086,0.17391304347826086,2035
Cross,PFLO,TFR:PFLO:INC_HEALTHIER_DIETS,PFLO: Change diets,Includes a reduction in the demand for red meat and allows for changes to different crop demands.,Fractional target maximum fraction of per-capita demand for red meat (cattle).,12,0.0,0.1956521739130435,0.1956521739130435,0.1956521739130435,2036
Cross,PFLO,TFR:PFLO:INC_HEALTHIER_DIETS,PFLO: Change diets,Includes a reduction in the demand for red meat and allows for changes to different crop demands.,Fractional target maximum fraction of per-capita demand for red meat (cattle).,12,0.0,0.21739130434782608,0.21739130434782608,0.21739130434782608,2037
Cross,PFLO,TFR:PFLO:INC_HEALTHIER_DIETS,PFLO: Change diets,Includes a reduction in the demand for red meat and allows for changes to different crop demands.,Fractional target maximum fraction of per-capita demand for red meat (cattle).,12,0.0,0.2391304347826087,0.2391304347826087,0.2391304347826087,2038
Cross,PFLO,TFR:PFLO:INC_HEALTHIER_DIETS,PFLO: Change diets,Includes a reduction in the demand for red meat and allows for changes to different crop demands.,Fractional target maximum fraction of per-capita demand for red meat (cattle).,12,0.0,0.2608695652173913,0.2608695652173913,0.2608695652173913,2039
Cross,PFLO,TFR:PFLO:INC_HEALTHIER_DIETS,PFLO: Change diets,Includes a reduction in the demand for red meat and allows for changes to different crop demands.,Fractional target maximum fraction of per-capita demand for red meat (cattle).,12,0.0,0.2826086956521739,0.2826086956521739,0.2826086956521739,2040
Cross,PFLO,TFR:PFLO:INC_HEALTHIER_DIETS,PFLO: Change diets,Includes a reduction in the demand for red meat and allows for changes to different crop demands.,Fractional target maximum fraction of per-capita demand for red meat (cattle).,12,0.0,0.30434782608695654,0.30434782608695654,0.30434782608695654,2041
Cross,PFLO,TFR:PFLO:INC_HEALTHIER_DIETS,PFLO: Change diets,Includes a reduction in the demand for red meat and allows for changes to different crop demands.,Fractional target maximum fraction of per-capita demand for red meat (cattle).,12,0.0,0.32608695652173914,0.32608695652173914,0.32608695652173914,2042
Cross,PFLO,TFR:PFLO:INC_HEALTHIER_DIETS,PFLO: Change diets,Includes a reduction in the demand for red meat and allows for changes to different crop demands.,Fractional target maximum fraction of per-capita demand for red meat (cattle).,12,0.0,0.34782608695652173,0.34782608695652173,0.34782608695652173,2043
Cross,PFLO,TFR:PFLO:INC_HEALTHIER_DIETS,PFLO: Change diets,Includes a reduction in the demand for red meat and allows for changes to different crop demands.,Fractional target maximum fraction of per-capita demand for red meat (cattle).,12,0.0,0.3695652173913043,0.3695652173913043,0.3695652173913043,2044
Cross,PFLO,TFR:PFLO:INC_HEALTHIER_DIETS,PFLO: Change diets,Includes a reduction in the demand for red meat and allows for changes to different crop demands.,Fractional target maximum fraction of per-capita demand for red meat (cattle).,12,0.0,0.391304347826087,0.391304347826087,0.391304347826087,2045
Cross,PFLO,TFR:PFLO:INC_HEALTHIER_DIETS,PFLO: Change diets,Includes a reduction in the demand for red meat and allows for changes to different crop demands.,Fractional target maximum fraction of per-capita demand for red meat (cattle).,12,0.0,0.41304347826086957,0.41304347826086957,0.41304347826086957,2046
Cross,PFLO,TFR:PFLO:INC_HEALTHIER_DIETS,PFLO: Change diets,Includes a reduction in the demand for red meat and allows for changes to different crop demands.,Fractional target maximum fraction of per-capita demand for red meat (cattle).,12,0.0,0.43478260869565216,0.43478260869565216,0.43478260869565216,2047
Cross,PFLO,TFR:PFLO:INC_HEALTHIER_DIETS,PFLO: Change diets,Includes a reduction in the demand for red meat and allows for changes to different crop demands.,Fractional target maximum fraction of per-capita demand for red meat (cattle).,12,0.0,0.45652173913043476,0.45652173913043476,0.45652173913043476,2048
Cross,PFLO,TFR:PFLO:INC_HEALTHIER_DIETS,PFLO: Change diets,Includes a reduction in the demand for red meat and allows for changes to different crop demands.,Fractional target maximum fraction of per-capita demand for red meat (cattle).,12,0.0,0.4782608695652174,0.4782608695652174,0.4782608695652174,2049
Cross,PFLO,TFR:PFLO:INC_HEALTHIER_DIETS,PFLO: Change diets,Includes a reduction in the demand for red meat and allows for changes to different crop demands.,Fractional target maximum fraction of per-capita demand for red meat (cattle).,12,0.0,0.5,0.5,0.5,2050
Energy,CCSQ,TFR:CCSQ:INC_CAPTURE,CCSQ: Increase direct air capture,Increase Direct Air Capture deployment to 50 MT CO2e by final time period.,Exogenous specification of installed capacity of direct air capture facilities in variable units.,12,0.0,0.0,0.0,0.0,2015
Energy,CCSQ,TFR:CCSQ:INC_CAPTURE,CCSQ: Increase direct air capture,Increase Direct Air Capture deployment to 50 MT CO2e by final time period.,Exogenous specification of installed capacity of direct air capture facilities in variable units.,12,0.0,0.0,0.0,0.0,2016
Energy,CCSQ,TFR:CCSQ:INC_CAPTURE,CCSQ: Increase direct air capture,Increase Direct Air Capture deployment to 50 MT CO2e by final time period.,Exogenous specification of installed capacity of direct air capture facilities in variable units.,12,0.0,0.0,0.0,0.0,2017
Energy,CCSQ,TFR:CCSQ:INC_CAPTURE,CCSQ: Increase direct air capture,Increase Direct Air Capture deployment to 50 MT CO2e by final time period.,Exogenous specification of installed capacity of direct air capture facilities in variable units.,12,0.0,0.0,0.0,0.0,2018
Energy,CCSQ,TFR:CCSQ:INC_CAPTURE,CCSQ: Increase direct air capture,Increase Direct Air Capture deployment to 50 MT CO2e by final time period.,Exogenous specification of installed capacity of direct air capture facilities in variable units.,12,0.0,0.0,0.0,0.0,2019
Energy,CCSQ,TFR:CCSQ:INC_CAPTURE,CCSQ: Increase direct air capture,Increase Direct Air Capture deployment to 50 MT CO2e by final time period.,Exogenous specification of installed capacity of direct air capture facilities in variable units.,12,0.0,0.0,0.0,0.0,2020
Energy,CCSQ,TFR:CCSQ:INC_CAPTURE,CCSQ: Increase direct air capture,Increase Direct Air Capture deployment to 50 MT CO2e by final time period.,Exogenous specification of installed capacity of direct air capture facilities in variable units.,12,0.0,0.0,0.0,0.0,2021
Energy,CCSQ,TFR:CCSQ:INC_CAPTURE,CCSQ: Increase direct air capture,Increase Direct Air Capture deployment to 50 MT CO2e by final time period.,Exogenous specification of installed capacity of direct air capture facilities in variable units.,12,0.0,0.0,0.0,0.0,2022
Energy,CCSQ,TFR:CCSQ:INC_CAPTURE,CCSQ: Increase direct air capture,Increase Direct Air Capture deployment to 50 MT CO2e by final time period.,Exogenous specification of installed capacity of direct air capture facilities in variable units.,12,0.0,0.0,0.0,0.0,2023
Energy,CCSQ,TFR:CCSQ:INC_CAPTURE,CCSQ: Increase direct air capture,Increase Direct Air Capture deployment to 50 MT CO2e by final time period.,Exogenous specification of installed capacity of direct air capture facilities in variable units.,12,0.0,0.0,0.0,0.0,2024
Energy,CCSQ,TFR:CCSQ:INC_CAPTURE,CCSQ: Increase direct air capture,Increase Direct Air Capture deployment to 50 MT CO2e by final time period.,Exogenous specification of installed capacity of direct air capture facilities in variable units.,12,0.0,0.0,0.0,0.0,2025
Energy,CCSQ,TFR:CCSQ:INC_CAPTURE,CCSQ: Increase direct air capture,Increase Direct Air Capture deployment to 50 MT CO2e by final time period.,Exogenous specification of installed capacity of direct air capture facilities in variable units.,12,0.0,0.0,0.0,0.0,2026
Energy,CCSQ,TFR:CCSQ:INC_CAPTURE,CCSQ: Increase direct air capture,Increase Direct Air Capture deployment to 50 MT CO2e by final time period.,Exogenous specification of installed capacity of direct air capture facilities in variable units.,12,0.0,0.0,0.0,0.0,2027
Energy,CCSQ,TFR:CCSQ:INC_CAPTURE,CCSQ: Increase direct air capture,Increase Direct Air Capture deployment to 50 MT CO2e by final time period.,Exogenous specification of installed capacity of direct air capture facilities in variable units.,12,0.0,0.0,0.021739130434782608,0.10869565217391304,2028
Energy,CCSQ,TFR:CCSQ:INC_CAPTURE,CCSQ: Increase direct air capture,Increase Direct Air Capture deployment to 50 MT CO2e by final time period.,Exogenous specification of installed capacity of direct air capture facilities in variable units.,12,0.0,0.0,0.043478260869565216,0.21739130434782608,2029
Energy,CCSQ,TFR:CCSQ:INC_CAPTURE,CCSQ: Increase direct air capture,Increase Direct Air Capture deployment to 50 MT CO2e by final time period.,Exogenous specification of installed capacity of direct air capture facilities in variable units.,12,0.0,0.0,0.06521739130434782,0.32608695652173914,2030
Energy,CCSQ,TFR:CCSQ:INC_CAPTURE,CCSQ: Increase direct air capture,Increase Direct Air Capture deployment to 50 MT CO2e by final time period.,Exogenous specification of installed capacity of direct air capture facilities in variable units.,12,0.0,0.0,0.08695652173913043,0.43478260869565216,2031
Energy,CCSQ,TFR:CCSQ:INC_CAPTURE,CCSQ: Increase direct air capture,Increase Direct Air Capture deployment to 50 MT CO2e by final time period.,Exogenous specification of installed capacity of direct air capture facilities in variable units.,12,0.0,0.0,0.10869565217391304,0.5434782608695652,2032
Energy,CCSQ,TFR:CCSQ:INC_CAPTURE,CCSQ: Increase direct air capture,Increase Direct Air Capture deployment to 50 MT CO2e by final time period.,Exogenous specification of installed capacity of direct air capture facilities in variable units.,12,0.0,0.0,0.13043478260869565,0.6521739130434783,2033
Energy,CCSQ,TFR:CCSQ:INC_CAPTURE,CCSQ: Increase direct air capture,Increase Direct Air Capture deployment to 50 MT CO2e by final time period.,Exogenous specification of installed capacity of direct air capture facilities in variable units.,12,0.0,0.0,0.15217391304347827,0.7608695652173914,2034
Energy,CCSQ,TFR:CCSQ:INC_CAPTURE,CCSQ: Increase direct air capture,Increase Direct Air Capture deployment to 50 MT CO2e by final time period.,Exogenous specification of installed capacity of direct air capture facilities in variable units.,12,0.0,0.0,0.17391304347826086,0.8695652173913043,2035
Energy,CCSQ,TFR:CCSQ:INC_CAPTURE,CCSQ: Increase direct air capture,Increase Direct Air Capture deployment to 50 MT CO2e by final time period.,Exogenous specification of installed capacity of direct air capture facilities in variable units.,12,0.0,0.0,0.1956521739130435,0.9782608695652174,2036
Energy,CCSQ,TFR:CCSQ:INC_CAPTURE,CCSQ: Increase direct air capture,Increase Direct Air Capture deployment to 50 MT CO2e by final time period.,Exogenous specification of installed capacity of direct air capture facilities in variable units.,12,0.0,0.0,0.21739130434782608,1.0869565217391304,2037
Energy,CCSQ,TFR:CCSQ:INC_CAPTURE,CCSQ: Increase direct air capture,Increase Direct Air Capture deployment to 50 MT CO2e by final time period.,Exogenous specification of installed capacity of direct air capture facilities in variable units.,12,0.0,0.0,0.2391304347826087,1.1956521739130435,2038
Energy,CCSQ,TFR:CCSQ:INC_CAPTURE,CCSQ: Increase direct air capture,Increase Direct Air Capture deployment to 50 MT CO2e by final time period.,Exogenous specification of installed capacity of direct air capture facilities in variable units.,12,0.0,0.0,0.2608695652173913,1.3043478260869565,2039
Energy,CCSQ,TFR:CCSQ:INC_CAPTURE,CCSQ: Increase direct air capture,Increase Direct Air Capture deployment to 50 MT CO2e by final time period.,Exogenous specification of installed capacity of direct air capture facilities in variable units.,12,0.0,0.0,0.2826086956521739,1.4130434782608694,2040
Energy,CCSQ,TFR:CCSQ:INC_CAPTURE,CCSQ: Increase direct air capture,Increase Direct Air Capture deployment to 50 MT CO2e by final time period.,Exogenous specification of installed capacity of direct air capture facilities in variable units.,12,0.0,0.0,0.30434782608695654,1.5217391304347827,2041
Energy,CCSQ,TFR:CCSQ:INC_CAPTURE,CCSQ: Increase direct air capture,Increase Direct Air Capture deployment to 50 MT CO2e by final time period.,Exogenous specification of installed capacity of direct air capture facilities in variable units.,12,0.0,0.0,0.32608695652173914,1.6304347826086958,2042
Energy,CCSQ,TFR:CCSQ:INC_CAPTURE,CCSQ: Increase direct air capture,Increase Direct Air Capture deployment to 50 MT CO2e by final time period.,Exogenous specification of installed capacity of direct air capture facilities in variable units.,12,0.0,0.0,0.34782608695652173,1.7391304347826086,2043
Energy,CCSQ,TFR:CCSQ:INC_CAPTURE,CCSQ: Increase direct air capture,Increase Direct Air Capture deployment to 50 MT CO2e by final time period.,Exogenous specification of installed capacity of direct air capture facilities in variable units.,12,0.0,0.0,0.3695652173913043,1.8478260869565215,2044
Energy,CCSQ,TFR:CCSQ:INC_CAPTURE,CCSQ: Increase direct air capture,Increase Direct Air Capture deployment to 50 MT CO2e by final time period.,Exogenous specification of installed capacity of direct air capture facilities in variable units.,12,0.0,0.0,0.391304347826087,1.9565217391304348,2045
Energy,CCSQ,TFR:CCSQ:INC_CAPTURE,CCSQ: Increase direct air capture,Increase Direct Air Capture deployment to 50 MT CO2e by final time period.,Exogenous specification of installed capacity of direct air capture facilities in variable units.,12,0.0,0.0,0.41304347826086957,2.0652173913043477,2046
Energy,CCSQ,TFR:CCSQ:INC_CAPTURE,CCSQ: Increase direct air capture,Increase Direct Air Capture deployment to 50 MT CO2e by final time period.,Exogenous specification of installed capacity of direct air capture facilities in variable units.,12,0.0,0.0,0.43478260869565216,2.1739130434782608,2047
Energy,CCSQ,TFR:CCSQ:INC_CAPTURE,CCSQ: Increase direct air capture,Increase Direct Air Capture deployment to 50 MT CO2e by final time period.,Exogenous specification of installed capacity of direct air capture facilities in variable units.,12,0.0,0.0,0.45652173913043476,2.282608695652174,2048
Energy,CCSQ,TFR:CCSQ:INC_CAPTURE,CCSQ: Increase direct air capture,Increase Direct Air Capture deployment to 50 MT CO2e by final time period.,Exogenous specification of installed capacity of direct air capture facilities in variable units.,12,0.0,0.0,0.4782608695652174,2.391304347826087,2049
Energy,CCSQ,TFR:CCSQ:INC_CAPTURE,CCSQ: Increase direct air capture,Increase Direct Air Capture deployment to 50 MT CO2e by final time period.,Exogenous specification of installed capacity of direct air capture facilities in variable units.,12,0.0,0.0,0.5,2.5,2050
Energy,ENTC,TFR:ENTC:DEC_LOSSES,ENTC: Reduce transmission losses,Decrease transmission losses by upgrading electrical transmission infrastructure.,Target maximum fraction of electricity transmitted that is lost through inefficient or insufficient electricity infrastructure.,12,0.0,0.0,0.0,0.0,2015
Energy,ENTC,TFR:ENTC:DEC_LOSSES,ENTC: Reduce transmission losses,Decrease transmission losses by upgrading electrical transmission infrastructure.,Target maximum fraction of electricity transmitted that is lost through inefficient or insufficient electricity infrastructure.,12,0.0,0.0,0.0,0.0,2016
Energy,ENTC,TFR:ENTC:DEC_LOSSES,ENTC: Reduce transmission losses,Decrease transmission losses by upgrading electrical transmission infrastructure.,Target maximum fraction of electricity transmitted that is lost through inefficient or insufficient electricity infrastructure.,12,0.0,0.0,0.0,0.0,2017
Energy,ENTC,TFR:ENTC:DEC_LOSSES,ENTC: Reduce transmission losses,Decrease transmission losses by upgrading electrical transmission infrastructure.,Target maximum fraction of electricity transmitted that is lost through inefficient or insufficient electricity infrastructure.,12,0.0,0.0,0.0,0.0,2018
Energy,ENTC,TFR:ENTC:DEC_LOSSES,ENTC: Reduce transmission losses,Decrease transmission losses by upgrading electrical transmission infrastructure.,Target maximum fraction of electricity transmitted that is lost through inefficient or insufficient electricity infrastructure.,12,0.0,0.0,0.0,0.0,2019
Energy,ENTC,TFR:ENTC:DEC_LOSSES,ENTC: Reduce transmission losses,Decrease transmission losses by upgrading electrical transmission infrastructure.,Target maximum fraction of electricity transmitted that is lost through inefficient or insufficient electricity infrastructure.,12,0.0,0.0,0.0,0.0,2020
Energy,ENTC,TFR:ENTC:DEC_LOSSES,ENTC: Reduce transmission losses,Decrease transmission losses by upgrading electrical transmission infrastructure.,Target maximum fraction of electricity transmitted that is lost through inefficient or insufficient electricity infrastructure.,12,0.0,0.0,0.0,0.0,2021
Energy,ENTC,TFR:ENTC:DEC_LOSSES,ENTC: Reduce transmission losses,Decrease transmission losses by upgrading electrical transmission infrastructure.,Target maximum fraction of electricity transmitted that is lost through inefficient or insufficient electricity infrastructure.,12,0.0,0.0,0.0,0.0,2022
Energy,ENTC,TFR:ENTC:DEC_LOSSES,ENTC: Reduce transmission losses,Decrease transmission losses by upgrading electrical transmission infrastructure.,Target maximum fraction of electricity transmitted that is lost through inefficient or insufficient electricity infrastructure.,12,0.0,0.0,0.0,0.0,2023
Energy,ENTC,TFR:ENTC:DEC_LOSSES,ENTC: Reduce transmission losses,Decrease transmission losses by upgrading electrical transmission infrastructure.,Target maximum fraction of electricity transmitted that is lost through inefficient or insufficient electricity infrastructure.,12,0.0,0.0,0.0,0.0,2024
Energy,ENTC,TFR:ENTC:DEC_LOSSES,ENTC: Reduce transmission losses,Decrease transmission losses by upgrading electrical transmission infrastructure.,Target maximum fraction of electricity transmitted that is lost through inefficient or insufficient electricity infrastructure.,12,0.0,0.0,0.0,0.0,2025
Energy,ENTC,TFR:ENTC:DEC_LOSSES,ENTC: Reduce transmission losses,Decrease transmission losses by upgrading electrical transmission infrastructure.,Target maximum fraction of electricity transmitted that is lost through inefficient or insufficient electricity infrastructure.,12,0.0,0.0,0.0,0.0,2026
Energy,ENTC,TFR:ENTC:DEC_LOSSES,ENTC: Reduce transmission losses,Decrease transmission losses by upgrading electrical transmission infrastructure.,Target maximum fraction of electricity transmitted that is lost through inefficient or insufficient electricity infrastructure.,12,0.0,0.0,0.0,0.0,2027
Energy,ENTC,TFR:ENTC:DEC_LOSSES,ENTC: Reduce transmission losses,Decrease transmission losses by upgrading electrical transmission infrastructure.,Target maximum fraction of electricity transmitted that is lost through inefficient or insufficient electricity infrastructure.,12,0.0,0.0006521739130434782,0.0013043478260869564,0.002608695652173913,2028
Energy,ENTC,TFR:ENTC:DEC_LOSSES,ENTC: Reduce transmission losses,Decrease transmission losses by upgrading electrical transmission infrastructure.,Target maximum fraction of electricity transmitted that is lost through inefficient or insufficient electricity infrastructure.,12,0.0,0.0013043478260869564,0.002608695652173913,0.005217391304347826,2029
Energy,ENTC,TFR:ENTC:DEC_LOSSES,ENTC: Reduce transmission losses,Decrease transmission losses by upgrading electrical transmission infrastructure.,Target maximum fraction of electricity transmitted that is lost through inefficient or insufficient electricity infrastructure.,12,0.0,0.0019565217391304345,0.003913043478260869,0.007826086956521738,2030
Energy,ENTC,TFR:ENTC:DEC_LOSSES,ENTC: Reduce transmission losses,Decrease transmission losses by upgrading electrical transmission infrastructure.,Target maximum fraction of electricity transmitted that is lost through inefficient or insufficient electricity infrastructure.,12,0.0,0.002608695652173913,0.005217391304347826,0.010434782608695651,2031
Energy,ENTC,TFR:ENTC:DEC_LOSSES,ENTC: Reduce transmission losses,Decrease transmission losses by upgrading electrical transmission infrastructure.,Target maximum fraction of electricity transmitted that is lost through inefficient or insufficient electricity infrastructure.,12,0.0,0.003260869565217391,0.006521739130434782,0.013043478260869565,2032
Energy,ENTC,TFR:ENTC:DEC_LOSSES,ENTC: Reduce transmission losses,Decrease transmission losses by upgrading electrical transmission infrastructure.,Target maximum fraction of electricity transmitted that is lost through inefficient or insufficient electricity infrastructure.,12,0.0,0.003913043478260869,0.007826086956521738,0.015652173913043476,2033
Energy,ENTC,TFR:ENTC:DEC_LOSSES,ENTC: Reduce transmission losses,Decrease transmission losses by upgrading electrical transmission infrastructure.,Target maximum fraction of electricity transmitted that is lost through inefficient or insufficient electricity infrastructure.,12,0.0,0.004565217391304348,0.009130434782608696,0.018260869565217393,2034
Energy,ENTC,TFR:ENTC:DEC_LOSSES,ENTC: Reduce transmission losses,Decrease transmission losses by upgrading electrical transmission infrastructure.,Target maximum fraction of electricity transmitted that is lost through inefficient or insufficient electricity infrastructure.,12,0.0,0.005217391304347826,0.010434782608695651,0.020869565217391303,2035
Energy,ENTC,TFR:ENTC:DEC_LOSSES,ENTC: Reduce transmission losses,Decrease transmission losses by upgrading electrical transmission infrastructure.,Target maximum fraction of electricity transmitted that is lost through inefficient or insufficient electricity infrastructure.,12,0.0,0.005869565217391305,0.01173913043478261,0.02347826086956522,2036
Energy,ENTC,TFR:ENTC:DEC_LOSSES,ENTC: Reduce transmission losses,Decrease transmission losses by upgrading electrical transmission infrastructure.,Target maximum fraction of electricity transmitted that is lost through inefficient or insufficient electricity infrastructure.,12,0.0,0.006521739130434782,0.013043478260869565,0.02608695652173913,2037
Energy,ENTC,TFR:ENTC:DEC_LOSSES,ENTC: Reduce transmission losses,Decrease transmission losses by upgrading electrical transmission infrastructure.,Target maximum fraction of electricity transmitted that is lost through inefficient or insufficient electricity infrastructure.,12,0.0,0.007173913043478261,0.014347826086956521,0.028695652173913042,2038
Energy,ENTC,TFR:ENTC:DEC_LOSSES,ENTC: Reduce transmission losses,Decrease transmission losses by upgrading electrical transmission infrastructure.,Target maximum fraction of electricity transmitted that is lost through inefficient or insufficient electricity infrastructure.,12,0.0,0.007826086956521738,0.015652173913043476,0.03130434782608695,2039
Energy,ENTC,TFR:ENTC:DEC_LOSSES,ENTC: Reduce transmission losses,Decrease transmission losses by upgrading electrical transmission infrastructure.,Target maximum fraction of electricity transmitted that is lost through inefficient or insufficient electricity infrastructure.,12,0.0,0.008478260869565216,0.016956521739130433,0.033913043478260865,2040
Energy,ENTC,TFR:ENTC:DEC_LOSSES,ENTC: Reduce transmission losses,Decrease transmission losses by upgrading electrical transmission infrastructure.,Target maximum fraction of electricity transmitted that is lost through inefficient or insufficient electricity infrastructure.,12,0.0,0.009130434782608696,0.018260869565217393,0.036521739130434785,2041
Energy,ENTC,TFR:ENTC:DEC_LOSSES,ENTC: Reduce transmission losses,Decrease transmission losses by upgrading electrical transmission infrastructure.,Target maximum fraction of electricity transmitted that is lost through inefficient or insufficient electricity infrastructure.,12,0.0,0.009782608695652173,0.019565217391304346,0.03913043478260869,2042
Energy,ENTC,TFR:ENTC:DEC_LOSSES,ENTC: Reduce transmission losses,Decrease transmission losses by upgrading electrical transmission infrastructure.,Target maximum fraction of electricity transmitted that is lost through inefficient or insufficient electricity infrastructure.,12,0.0,0.010434782608695651,0.020869565217391303,0.041739130434782605,2043
Energy,ENTC,TFR:ENTC:DEC_LOSSES,ENTC: Reduce transmission losses,Decrease transmission losses by upgrading electrical transmission infrastructure.,Target maximum fraction of electricity transmitted that is lost through inefficient or insufficient electricity infrastructure.,12,0.0,0.01108695652173913,0.02217391304347826,0.04434782608695652,2044
Energy,ENTC,TFR:ENTC:DEC_LOSSES,ENTC: Reduce transmission losses,Decrease transmission losses by upgrading electrical transmission infrastructure.,Target maximum fraction of electricity transmitted that is lost through inefficient or insufficient electricity infrastructure.,12,0.0,0.01173913043478261,0.02347826086956522,0.04695652173913044,2045
Energy,ENTC,TFR:ENTC:DEC_LOSSES,ENTC: Reduce transmission losses,Decrease transmission losses by upgrading electrical transmission infrastructure.,Target maximum fraction of electricity transmitted that is lost through inefficient or insufficient electricity infrastructure.,12,0.0,0.012391304347826086,0.024782608695652172,0.049565217391304345,2046
Energy,ENTC,TFR:ENTC:DEC_LOSSES,ENTC: Reduce transmission losses,Decrease transmission losses by upgrading electrical transmission infrastructure.,Target maximum fraction of electricity transmitted that is lost through inefficient or insufficient electricity infrastructure.,12,0.0,0.013043478260869565,0.02608695652173913,0.05217391304347826,2047
Energy,ENTC,TFR:ENTC:DEC_LOSSES,ENTC: Reduce transmission losses,Decrease transmission losses by upgrading electrical transmission infrastructure.,Target maximum fraction of electricity transmitted that is lost through inefficient or insufficient electricity infrastructure.,12,0.0,0.013695652173913043,0.027391304347826086,0.05478260869565217,2048
Energy,ENTC,TFR:ENTC:DEC_LOSSES,ENTC: Reduce transmission losses,Decrease transmission losses by upgrading electrical transmission infrastructure.,Target maximum fraction of electricity transmitted that is lost through inefficient or insufficient electricity infrastructure.,12,0.0,0.014347826086956521,0.028695652173913042,0.057391304347826085,2049
Energy,ENTC,TFR:ENTC:DEC_LOSSES,ENTC: Reduce transmission losses,Decrease transmission losses by upgrading electrical transmission infrastructure.,Target maximum fraction of electricity transmitted that is lost through inefficient or insufficient electricity infrastructure.,12,0.0,0.015,0.03,0.06,2050
Energy,ENTC,TFR:ENTC:TARGET_CLEAN_HYDROGEN,ENTC: Clean hydrogen,Set a target for clean hydrogen production. ,Fraction of hydrogen coming from electrolysis.,12,0.0,0.0,0.0,0.0,2015
Energy,ENTC,TFR:ENTC:TARGET_CLEAN_HYDROGEN,ENTC: Clean hydrogen,Set a target for clean hydrogen production. ,Fraction of hydrogen coming from electrolysis.,12,0.0,0.0,0.0,0.0,2016
Energy,ENTC,TFR:ENTC:TARGET_CLEAN_HYDROGEN,ENTC: Clean hydrogen,Set a target for clean hydrogen production. ,Fraction of hydrogen coming from electrolysis.,12,0.0,0.0,0.0,0.0,2017
Energy,ENTC,TFR:ENTC:TARGET_CLEAN_HYDROGEN,ENTC: Clean hydrogen,Set a target for clean hydrogen production. ,Fraction of hydrogen coming from electrolysis.,12,0.0,0.0,0.0,0.0,2018
Energy,ENTC,TFR:ENTC:TARGET_CLEAN_HYDROGEN,ENTC: Clean hydrogen,Set a target for clean hydrogen production. ,Fraction of hydrogen coming from electrolysis.,12,0.0,0.0,0.0,0.0,2019
Energy,ENTC,TFR:ENTC:TARGET_CLEAN_HYDROGEN,ENTC: Clean hydrogen,Set a target for clean hydrogen production. ,Fraction of hydrogen coming from electrolysis.,12,0.0,0.0,0.0,0.0,2020
Energy,ENTC,TFR:ENTC:TARGET_CLEAN_HYDROGEN,ENTC: Clean hydrogen,Set a target for clean hydrogen production. ,Fraction of hydrogen coming from electrolysis.,12,0.0,0.0,0.0,0.0,2021
Energy,ENTC,TFR:ENTC:TARGET_CLEAN_HYDROGEN,ENTC: Clean hydrogen,Set a target for clean hydrogen production. ,Fraction of hydrogen coming from electrolysis.,12,0.0,0.0,0.0,0.0,2022
Energy,ENTC,TFR:ENTC:TARGET_CLEAN_HYDROGEN,ENTC: Clean hydrogen,Set a target for clean hydrogen production. ,Fraction of hydrogen coming from electrolysis.,12,0.0,0.0,0.0,0.0,2023
Energy,ENTC,TFR:ENTC:TARGET_CLEAN_HYDROGEN,ENTC: Clean hydrogen,Set a target for clean hydrogen production. ,Fraction of hydrogen coming from electrolysis.,12,0.0,0.0,0.0,0.0,2024
Energy,ENTC,TFR:ENTC:TARGET_CLEAN_HYDROGEN,ENTC: Clean hydrogen,Set a target for clean hydrogen production. ,Fraction of hydrogen coming from electrolysis.,12,0.0,0.0,0.0,0.0,2025
Energy,ENTC,TFR:ENTC:TARGET_CLEAN_HYDROGEN,ENTC: Clean hydrogen,Set a target for clean hydrogen production. ,Fraction of hydrogen coming from electrolysis.,12,0.0,0.0,0.0,0.0,2026
Energy,ENTC,TFR:ENTC:TARGET_CLEAN_HYDROGEN,ENTC: Clean hydrogen,Set a target for clean hydrogen production. ,Fraction of hydrogen coming from electrolysis.,12,0.0,0.0,0.0,0.0,2027
Energy,ENTC,TFR:ENTC:TARGET_CLEAN_HYDROGEN,ENTC: Clean hydrogen,Set a target for clean hydrogen production. ,Fraction of hydrogen coming from electrolysis.,12,0.0,0.0,0.0,0.041304347826086954,2028
Energy,ENTC,TFR:ENTC:TARGET_CLEAN_HYDROGEN,ENTC: Clean hydrogen,Set a target for clean hydrogen production. ,Fraction of hydrogen coming from electrolysis.,12,0.0,0.0,0.0,0.08260869565217391,2029
Energy,ENTC,TFR:ENTC:TARGET_CLEAN_HYDROGEN,ENTC: Clean hydrogen,Set a target for clean hydrogen production. ,Fraction of hydrogen coming from electrolysis.,12,0.0,0.0,0.0,0.12391304347826086,2030
Energy,ENTC,TFR:ENTC:TARGET_CLEAN_HYDROGEN,ENTC: Clean hydrogen,Set a target for clean hydrogen production. ,Fraction of hydrogen coming from electrolysis.,12,0.0,0.0,0.0,0.16521739130434782,2031
Energy,ENTC,TFR:ENTC:TARGET_CLEAN_HYDROGEN,ENTC: Clean hydrogen,Set a target for clean hydrogen production. ,Fraction of hydrogen coming from electrolysis.,12,0.0,0.0,0.0,0.20652173913043476,2032
Energy,ENTC,TFR:ENTC:TARGET_CLEAN_HYDROGEN,ENTC: Clean hydrogen,Set a target for clean hydrogen production. ,Fraction of hydrogen coming from electrolysis.,12,0.0,0.0,0.0,0.24782608695652172,2033
Energy,ENTC,TFR:ENTC:TARGET_CLEAN_HYDROGEN,ENTC: Clean hydrogen,Set a target for clean hydrogen production. ,Fraction of hydrogen coming from electrolysis.,12,0.0,0.0,0.0,0.2891304347826087,2034
Energy,ENTC,TFR:ENTC:TARGET_CLEAN_HYDROGEN,ENTC: Clean hydrogen,Set a target for clean hydrogen production. ,Fraction of hydrogen coming from electrolysis.,12,0.0,0.0,0.0,0.33043478260869563,2035
Energy,ENTC,TFR:ENTC:TARGET_CLEAN_HYDROGEN,ENTC: Clean hydrogen,Set a target for clean hydrogen production. ,Fraction of hydrogen coming from electrolysis.,12,0.0,0.0,0.0,0.3717391304347826,2036
Energy,ENTC,TFR:ENTC:TARGET_CLEAN_HYDROGEN,ENTC: Clean hydrogen,Set a target for clean hydrogen production. ,Fraction of hydrogen coming from electrolysis.,12,0.0,0.0,0.0,0.4130434782608695,2037
Energy,ENTC,TFR:ENTC:TARGET_CLEAN_HYDROGEN,ENTC: Clean hydrogen,Set a target for clean hydrogen production. ,Fraction of hydrogen coming from electrolysis.,12,0.0,0.0,0.0,0.4543478260869565,2038
Energy,ENTC,TFR:ENTC:TARGET_CLEAN_HYDROGEN,ENTC: Clean hydrogen,Set a target for clean hydrogen production. ,Fraction of hydrogen coming from electrolysis.,12,0.0,0.0,0.0,0.49565217391304345,2039
Energy,ENTC,TFR:ENTC:TARGET_CLEAN_HYDROGEN,ENTC: Clean hydrogen,Set a target for clean hydrogen production. ,Fraction of hydrogen coming from electrolysis.,12,0.0,0.0,0.0,0.5369565217391303,2040
Energy,ENTC,TFR:ENTC:TARGET_CLEAN_HYDROGEN,ENTC: Clean hydrogen,Set a target for clean hydrogen production. ,Fraction of hydrogen coming from electrolysis.,12,0.0,0.0,0.0,0.5782608695652174,2041
Energy,ENTC,TFR:ENTC:TARGET_CLEAN_HYDROGEN,ENTC: Clean hydrogen,Set a target for clean hydrogen production. ,Fraction of hydrogen coming from electrolysis.,12,0.0,0.0,0.0,0.6195652173913043,2042
Energy,ENTC,TFR:ENTC:TARGET_CLEAN_HYDROGEN,ENTC: Clean hydrogen,Set a target for clean hydrogen production. ,Fraction of hydrogen coming from electrolysis.,12,0.0,0.0,0.0,0.6608695652173913,2043
Energy,ENTC,TFR:ENTC:TARGET_CLEAN_HYDROGEN,ENTC: Clean hydrogen,Set a target for clean hydrogen production. ,Fraction of hydrogen coming from electrolysis.,12,0.0,0.0,0.0,0.7021739130434782,2044
Energy,ENTC,TFR:ENTC:TARGET_CLEAN_HYDROGEN,ENTC: Clean hydrogen,Set a target for clean hydrogen production. ,Fraction of hydrogen coming from electrolysis.,12,0.0,0.0,0.0,0.7434782608695653,2045
Energy,ENTC,TFR:ENTC:TARGET_CLEAN_HYDROGEN,ENTC: Clean hydrogen,Set a target for clean hydrogen production. ,Fraction of hydrogen coming from electrolysis.,12,0.0,0.0,0.0,0.7847826086956522,2046
Energy,ENTC,TFR:ENTC:TARGET_CLEAN_HYDROGEN,ENTC: Clean hydrogen,Set a target for clean hydrogen production. ,Fraction of hydrogen coming from electrolysis.,12,0.0,0.0,0.0,0.826086956521739,2047
Energy,ENTC,TFR:ENTC:TARGET_CLEAN_HYDROGEN,ENTC: Clean hydrogen,Set a target for clean hydrogen production. ,Fraction of hydrogen coming from electrolysis.,12,0.0,0.0,0.0,0.867391304347826,2048
Energy,ENTC,TFR:ENTC:TARGET_CLEAN_HYDROGEN,ENTC: Clean hydrogen,Set a target for clean hydrogen production. ,Fraction of hydrogen coming from electrolysis.,12,0.0,0.0,0.0,0.908695652173913,2049
Energy,ENTC,TFR:ENTC:TARGET_CLEAN_HYDROGEN,ENTC: Clean hydrogen,Set a target for clean hydrogen production. ,Fraction of hydrogen coming from electrolysis.,12,0.0,0.0,0.0,0.95,2050
Energy,ENTC,TFR:ENTC:TARGET_RENEWABLE_ELEC,ENTC: 95% of electricity is generated by renewables in final time period,Set a target for renewable electricity. Includes minimum targets for specific renewable energy technologies. ,"Implement a target production share from renewables (renewable technologies are specified in input file). Additinoally, can implement minimum shares from specific technology.",12,0.0,0.0,0.0,0.0,2015
Energy,ENTC,TFR:ENTC:TARGET_RENEWABLE_ELEC,ENTC: 95% of electricity is generated by renewables in final time period,Set a target for renewable electricity. Includes minimum targets for specific renewable energy technologies. ,"Implement a target production share from renewables (renewable technologies are specified in input file). Additinoally, can implement minimum shares from specific technology.",12,0.0,0.0,0.0,0.0,2016
Energy,ENTC,TFR:ENTC:TARGET_RENEWABLE_ELEC,ENTC: 95% of electricity is generated by renewables in final time period,Set a target for renewable electricity. Includes minimum targets for specific renewable energy technologies. ,"Implement a target production share from renewables (renewable technologies are specified in input file). Additinoally, can implement minimum shares from specific technology.",12,0.0,0.0,0.0,0.0,2017
Energy,ENTC,TFR:ENTC:TARGET_RENEWABLE_ELEC,ENTC: 95% of electricity is generated by renewables in final time period,Set a target for renewable electricity. Includes minimum targets for specific renewable energy technologies. ,"Implement a target production share from renewables (renewable technologies are specified in input file). Additinoally, can implement minimum shares from specific technology.",12,0.0,0.0,0.0,0.0,2018
Energy,ENTC,TFR:ENTC:TARGET_RENEWABLE_ELEC,ENTC: 95% of electricity is generated by renewables in final time period,Set a target for renewable electricity. Includes minimum targets for specific renewable energy technologies. ,"Implement a target production share from renewables (renewable technologies are specified in input file). Additinoally, can implement minimum shares from specific technology.",12,0.0,0.0,0.0,0.0,2019
Energy,ENTC,TFR:ENTC:TARGET_RENEWABLE_ELEC,ENTC: 95% of electricity is generated by renewables in final time period,Set a target for renewable electricity. Includes minimum targets for specific renewable energy technologies. ,"Implement a target production share from renewables (renewable technologies are specified in input file). Additinoally, can implement minimum shares from specific technology.",12,0.0,0.0,0.0,0.0,2020
Energy,ENTC,TFR:ENTC:TARGET_RENEWABLE_ELEC,ENTC: 95% of electricity is generated by renewables in final time period,Set a target for renewable electricity. Includes minimum targets for specific renewable energy technologies. ,"Implement a target production share from renewables (renewable technologies are specified in input file). Additinoally, can implement minimum shares from specific technology.",12,0.0,0.0,0.0,0.0,2021
Energy,ENTC,TFR:ENTC:TARGET_RENEWABLE_ELEC,ENTC: 95% of electricity is generated by renewables in final time period,Set a target for renewable electricity. Includes minimum targets for specific renewable energy technologies. ,"Implement a target production share from renewables (renewable technologies are specified in input file). Additinoally, can implement minimum shares from specific technology.",12,0.0,0.0,0.0,0.0,2022
Energy,ENTC,TFR:ENTC:TARGET_RENEWABLE_ELEC,ENTC: 95% of electricity is generated by renewables in final time period,Set a target for renewable electricity. Includes minimum targets for specific renewable energy technologies. ,"Implement a target production share from renewables (renewable technologies are specified in input file). Additinoally, can implement minimum shares from specific technology.",12,0.0,0.0,0.0,0.0,2023
Energy,ENTC,TFR:ENTC:TARGET_RENEWABLE_ELEC,ENTC: 95% of electricity is generated by renewables in final time period,Set a target for renewable electricity. Includes minimum targets for specific renewable energy technologies. ,"Implement a target production share from renewables (renewable technologies are specified in input file). Additinoally, can implement minimum shares from specific technology.",12,0.0,0.0,0.0,0.0,2024
Energy,ENTC,TFR:ENTC:TARGET_RENEWABLE_ELEC,ENTC: 95% of electricity is generated by renewables in final time period,Set a target for renewable electricity. Includes minimum targets for specific renewable energy technologies. ,"Implement a target production share from renewables (renewable technologies are specified in input file). Additinoally, can implement minimum shares from specific technology.",12,0.0,0.0,0.0,0.0,2025
Energy,ENTC,TFR:ENTC:TARGET_RENEWABLE_ELEC,ENTC: 95% of electricity is generated by renewables in final time period,Set a target for renewable electricity. Includes minimum targets for specific renewable energy technologies. ,"Implement a target production share from renewables (renewable technologies are specified in input file). Additinoally, can implement minimum shares from specific technology.",12,0.0,0.0,0.0,0.0,2026
Energy,ENTC,TFR:ENTC:TARGET_RENEWABLE_ELEC,ENTC: 95% of electricity is generated by renewables in final time period,Set a target for renewable electricity. Includes minimum targets for specific renewable energy technologies. ,"Implement a target production share from renewables (renewable technologies are specified in input file). Additinoally, can implement minimum shares from specific technology.",12,0.0,0.0,0.0,0.0,2027
Energy,ENTC,TFR:ENTC:TARGET_RENEWABLE_ELEC,ENTC: 95% of electricity is generated by renewables in final time period,Set a target for renewable electricity. Includes minimum targets for specific renewable energy technologies. ,"Implement a target production share from renewables (renewable technologies are specified in input file). Additinoally, can implement minimum shares from specific technology.",12,0.0,0.010326086956521738,0.020652173913043477,0.041304347826086954,2028
Energy,ENTC,TFR:ENTC:TARGET_RENEWABLE_ELEC,ENTC: 95% of electricity is generated by renewables in final time period,Set a target for renewable electricity. Includes minimum targets for specific renewable energy technologies. ,"Implement a target production share from renewables (renewable technologies are specified in input file). Additinoally, can implement minimum shares from specific technology.",12,0.0,0.020652173913043477,0.041304347826086954,0.08260869565217391,2029
Energy,ENTC,TFR:ENTC:TARGET_RENEWABLE_ELEC,ENTC: 95% of electricity is generated by renewables in final time period,Set a target for renewable electricity. Includes minimum targets for specific renewable energy technologies. ,"Implement a target production share from renewables (renewable technologies are specified in input file). Additinoally, can implement minimum shares from specific technology.",12,0.0,0.030978260869565215,0.06195652173913043,0.12391304347826086,2030
Energy,ENTC,TFR:ENTC:TARGET_RENEWABLE_ELEC,ENTC: 95% of electricity is generated by renewables in final time period,Set a target for renewable electricity. Includes minimum targets for specific renewable energy technologies. ,"Implement a target production share from renewables (renewable technologies are specified in input file). Additinoally, can implement minimum shares from specific technology.",12,0.0,0.041304347826086954,0.08260869565217391,0.16521739130434782,2031
Energy,ENTC,TFR:ENTC:TARGET_RENEWABLE_ELEC,ENTC: 95% of electricity is generated by renewables in final time period,Set a target for renewable electricity. Includes minimum targets for specific renewable energy technologies. ,"Implement a target production share from renewables (renewable technologies are specified in input file). Additinoally, can implement minimum shares from specific technology.",12,0.0,0.05163043478260869,0.10326086956521738,0.20652173913043476,2032
Energy,ENTC,TFR:ENTC:TARGET_RENEWABLE_ELEC,ENTC: 95% of electricity is generated by renewables in final time period,Set a target for renewable electricity. Includes minimum targets for specific renewable energy technologies. ,"Implement a target production share from renewables (renewable technologies are specified in input file). Additinoally, can implement minimum shares from specific technology.",12,0.0,0.06195652173913043,0.12391304347826086,0.24782608695652172,2033
Energy,ENTC,TFR:ENTC:TARGET_RENEWABLE_ELEC,ENTC: 95% of electricity is generated by renewables in final time period,Set a target for renewable electricity. Includes minimum targets for specific renewable energy technologies. ,"Implement a target production share from renewables (renewable technologies are specified in input file). Additinoally, can implement minimum shares from specific technology.",12,0.0,0.07228260869565217,0.14456521739130435,0.2891304347826087,2034
Energy,ENTC,TFR:ENTC:TARGET_RENEWABLE_ELEC,ENTC: 95% of electricity is generated by renewables in final time period,Set a target for renewable electricity. Includes minimum targets for specific renewable energy technologies. ,"Implement a target production share from renewables (renewable technologies are specified in input file). Additinoally, can implement minimum shares from specific technology.",12,0.0,0.08260869565217391,0.16521739130434782,0.33043478260869563,2035
Energy,ENTC,TFR:ENTC:TARGET_RENEWABLE_ELEC,ENTC: 95% of electricity is generated by renewables in final time period,Set a target for renewable electricity. Includes minimum targets for specific renewable energy technologies. ,"Implement a target production share from renewables (renewable technologies are specified in input file). Additinoally, can implement minimum shares from specific technology.",12,0.0,0.09293478260869566,0.1858695652173913,0.3717391304347826,2036
Energy,ENTC,TFR:ENTC:TARGET_RENEWABLE_ELEC,ENTC: 95% of electricity is generated by renewables in final time period,Set a target for renewable electricity. Includes minimum targets for specific renewable energy technologies. ,"Implement a target production share from renewables (renewable technologies are specified in input file). Additinoally, can implement minimum shares from specific technology.",12,0.0,0.10326086956521738,0.20652173913043476,0.4130434782608695,2037
Energy,ENTC,TFR:ENTC:TARGET_RENEWABLE_ELEC,ENTC: 95% of electricity is generated by renewables in final time period,Set a target for renewable electricity. Includes minimum targets for specific renewable energy technologies. ,"Implement a target production share from renewables (renewable technologies are specified in input file). Additinoally, can implement minimum shares from specific technology.",12,0.0,0.11358695652173913,0.22717391304347825,0.4543478260869565,2038
Energy,ENTC,TFR:ENTC:TARGET_RENEWABLE_ELEC,ENTC: 95% of electricity is generated by renewables in final time period,Set a target for renewable electricity. Includes minimum targets for specific renewable energy technologies. ,"Implement a target production share from renewables (renewable technologies are specified in input file). Additinoally, can implement minimum shares from specific technology.",12,0.0,0.12391304347826086,0.24782608695652172,0.49565217391304345,2039
Energy,ENTC,TFR:ENTC:TARGET_RENEWABLE_ELEC,ENTC: 95% of electricity is generated by renewables in final time period,Set a target for renewable electricity. Includes minimum targets for specific renewable energy technologies. ,"Implement a target production share from renewables (renewable technologies are specified in input file). Additinoally, can implement minimum shares from specific technology.",12,0.0,0.13423913043478258,0.26847826086956517,0.5369565217391303,2040
Energy,ENTC,TFR:ENTC:TARGET_RENEWABLE_ELEC,ENTC: 95% of electricity is generated by renewables in final time period,Set a target for renewable electricity. Includes minimum targets for specific renewable energy technologies. ,"Implement a target production share from renewables (renewable technologies are specified in input file). Additinoally, can implement minimum shares from specific technology.",12,0.0,0.14456521739130435,0.2891304347826087,0.5782608695652174,2041
Energy,ENTC,TFR:ENTC:TARGET_RENEWABLE_ELEC,ENTC: 95% of electricity is generated by renewables in final time period,Set a target for renewable electricity. Includes minimum targets for specific renewable energy technologies. ,"Implement a target production share from renewables (renewable technologies are specified in input file). Additinoally, can implement minimum shares from specific technology.",12,0.0,0.15489130434782608,0.30978260869565216,0.6195652173913043,2042
Energy,ENTC,TFR:ENTC:TARGET_RENEWABLE_ELEC,ENTC: 95% of electricity is generated by renewables in final time period,Set a target for renewable electricity. Includes minimum targets for specific renewable energy technologies. ,"Implement a target production share from renewables (renewable technologies are specified in input file). Additinoally, can implement minimum shares from specific technology.",12,0.0,0.16521739130434782,0.33043478260869563,0.6608695652173913,2043
Energy,ENTC,TFR:ENTC:TARGET_RENEWABLE_ELEC,ENTC: 95% of electricity is generated by renewables in final time period,Set a target for renewable electricity. Includes minimum targets for specific renewable energy technologies. ,"Implement a target production share from renewables (renewable technologies are specified in input file). Additinoally, can implement minimum shares from specific technology.",12,0.0,0.17554347826086955,0.3510869565217391,0.7021739130434782,2044
Energy,ENTC,TFR:ENTC:TARGET_RENEWABLE_ELEC,ENTC: 95% of electricity is generated by renewables in final time period,Set a target for renewable electricity. Includes minimum targets for specific renewable energy technologies. ,"Implement a target production share from renewables (renewable technologies are specified in input file). Additinoally, can implement minimum shares from specific technology.",12,0.0,0.1858695652173913,0.3717391304347826,0.7434782608695653,2045
Energy,ENTC,TFR:ENTC:TARGET_RENEWABLE_ELEC,ENTC: 95% of electricity is generated by renewables in final time period,Set a target for renewable electricity. Includes minimum targets for specific renewable energy technologies. ,"Implement a target production share from renewables (renewable technologies are specified in input file). Additinoally, can implement minimum shares from specific technology.",12,0.0,0.19619565217391305,0.3923913043478261,0.7847826086956522,2046
Energy,ENTC,TFR:ENTC:TARGET_RENEWABLE_ELEC,ENTC: 95% of electricity is generated by renewables in final time period,Set a target for renewable electricity. Includes minimum targets for specific renewable energy technologies. ,"Implement a target production share from renewables (renewable technologies are specified in input file). Additinoally, can implement minimum shares from specific technology.",12,0.0,0.20652173913043476,0.4130434782608695,0.826086956521739,2047
Energy,ENTC,TFR:ENTC:TARGET_RENEWABLE_ELEC,ENTC: 95% of electricity is generated by renewables in final time period,Set a target for renewable electricity. Includes minimum targets for specific renewable energy technologies. ,"Implement a target production share from renewables (renewable technologies are specified in input file). Additinoally, can implement minimum shares from specific technology.",12,0.0,0.2168478260869565,0.433695652173913,0.867391304347826,2048
Energy,ENTC,TFR:ENTC:TARGET_RENEWABLE_ELEC,ENTC: 95% of electricity is generated by renewables in final time period,Set a target for renewable electricity. Includes minimum targets for specific renewable energy technologies. ,"Implement a target production share from renewables (renewable technologies are specified in input file). Additinoally, can implement minimum shares from specific technology.",12,0.0,0.22717391304347825,0.4543478260869565,0.908695652173913,2049
Energy,ENTC,TFR:ENTC:TARGET_RENEWABLE_ELEC,ENTC: 95% of electricity is generated by renewables in final time period,Set a target for renewable electricity. Includes minimum targets for specific renewable energy technologies. ,"Implement a target production share from renewables (renewable technologies are specified in input file). Additinoally, can implement minimum shares from specific technology.",12,0.0,0.2375,0.475,0.95,2050
Energy,FGTV,TFR:FGTV:DEC_LEAKS,FGTV: Minimize leaks,Missing,"Fractional reduction in CO2, CH4, and N2O leaks from fugitive emissions.",12,0.0,0.0,0.0,0.0,2015
Energy,FGTV,TFR:FGTV:DEC_LEAKS,FGTV: Minimize leaks,Missing,"Fractional reduction in CO2, CH4, and N2O leaks from fugitive emissions.",12,0.0,0.0,0.0,0.0,2016
Energy,FGTV,TFR:FGTV:DEC_LEAKS,FGTV: Minimize leaks,Missing,"Fractional reduction in CO2, CH4, and N2O leaks from fugitive emissions.",12,0.0,0.0,0.0,0.0,2017
Energy,FGTV,TFR:FGTV:DEC_LEAKS,FGTV: Minimize leaks,Missing,"Fractional reduction in CO2, CH4, and N2O leaks from fugitive emissions.",12,0.0,0.0,0.0,0.0,2018
Energy,FGTV,TFR:FGTV:DEC_LEAKS,FGTV: Minimize leaks,Missing,"Fractional reduction in CO2, CH4, and N2O leaks from fugitive emissions.",12,0.0,0.0,0.0,0.0,2019
Energy,FGTV,TFR:FGTV:DEC_LEAKS,FGTV: Minimize leaks,Missing,"Fractional reduction in CO2, CH4, and N2O leaks from fugitive emissions.",12,0.0,0.0,0.0,0.0,2020
Energy,FGTV,TFR:FGTV:DEC_LEAKS,FGTV: Minimize leaks,Missing,"Fractional reduction in CO2, CH4, and N2O leaks from fugitive emissions.",12,0.0,0.0,0.0,0.0,2021
Energy,FGTV,TFR:FGTV:DEC_LEAKS,FGTV: Minimize leaks,Missing,"Fractional reduction in CO2, CH4, and N2O leaks from fugitive emissions.",12,0.0,0.0,0.0,0.0,2022
Energy,FGTV,TFR:FGTV:DEC_LEAKS,FGTV: Minimize leaks,Missing,"Fractional reduction in CO2, CH4, and N2O leaks from fugitive emissions.",12,0.0,0.0,0.0,0.0,2023
Energy,FGTV,TFR:FGTV:DEC_LEAKS,FGTV: Minimize leaks,Missing,"Fractional reduction in CO2, CH4, and N2O leaks from fugitive emissions.",12,0.0,0.0,0.0,0.0,2024
Energy,FGTV,TFR:FGTV:DEC_LEAKS,FGTV: Minimize leaks,Missing,"Fractional reduction in CO2, CH4, and N2O leaks from fugitive emissions.",12,0.0,0.0,0.0,0.0,2025
Energy,FGTV,TFR:FGTV:DEC_LEAKS,FGTV: Minimize leaks,Missing,"Fractional reduction in CO2, CH4, and N2O leaks from fugitive emissions.",12,0.0,0.0,0.0,0.0,2026
Energy,FGTV,TFR:FGTV:DEC_LEAKS,FGTV: Minimize leaks,Missing,"Fractional reduction in CO2, CH4, and N2O leaks from fugitive emissions.",12,0.0,0.0,0.0,0.0,2027
Energy,FGTV,TFR:FGTV:DEC_LEAKS,FGTV: Minimize leaks,Missing,"Fractional reduction in CO2, CH4, and N2O leaks from fugitive emissions.",12,0.0,0.008695652173913044,0.017391304347826087,0.034782608695652174,2028
Energy,FGTV,TFR:FGTV:DEC_LEAKS,FGTV: Minimize leaks,Missing,"Fractional reduction in CO2, CH4, and N2O leaks from fugitive emissions.",12,0.0,0.017391304347826087,0.034782608695652174,0.06956521739130435,2029
Energy,FGTV,TFR:FGTV:DEC_LEAKS,FGTV: Minimize leaks,Missing,"Fractional reduction in CO2, CH4, and N2O leaks from fugitive emissions.",12,0.0,0.026086956521739132,0.052173913043478265,0.10434782608695653,2030
Energy,FGTV,TFR:FGTV:DEC_LEAKS,FGTV: Minimize leaks,Missing,"Fractional reduction in CO2, CH4, and N2O leaks from fugitive emissions.",12,0.0,0.034782608695652174,0.06956521739130435,0.1391304347826087,2031
Energy,FGTV,TFR:FGTV:DEC_LEAKS,FGTV: Minimize leaks,Missing,"Fractional reduction in CO2, CH4, and N2O leaks from fugitive emissions.",12,0.0,0.043478260869565216,0.08695652173913043,0.17391304347826086,2032
Energy,FGTV,TFR:FGTV:DEC_LEAKS,FGTV: Minimize leaks,Missing,"Fractional reduction in CO2, CH4, and N2O leaks from fugitive emissions.",12,0.0,0.052173913043478265,0.10434782608695653,0.20869565217391306,2033
Energy,FGTV,TFR:FGTV:DEC_LEAKS,FGTV: Minimize leaks,Missing,"Fractional reduction in CO2, CH4, and N2O leaks from fugitive emissions.",12,0.0,0.060869565217391314,0.12173913043478263,0.24347826086956526,2034
Energy,FGTV,TFR:FGTV:DEC_LEAKS,FGTV: Minimize leaks,Missing,"Fractional reduction in CO2, CH4, and N2O leaks from fugitive emissions.",12,0.0,0.06956521739130435,0.1391304347826087,0.2782608695652174,2035
Energy,FGTV,TFR:FGTV:DEC_LEAKS,FGTV: Minimize leaks,Missing,"Fractional reduction in CO2, CH4, and N2O leaks from fugitive emissions.",12,0.0,0.0782608695652174,0.1565217391304348,0.3130434782608696,2036
Energy,FGTV,TFR:FGTV:DEC_LEAKS,FGTV: Minimize leaks,Missing,"Fractional reduction in CO2, CH4, and N2O leaks from fugitive emissions.",12,0.0,0.08695652173913043,0.17391304347826086,0.34782608695652173,2037
Energy,FGTV,TFR:FGTV:DEC_LEAKS,FGTV: Minimize leaks,Missing,"Fractional reduction in CO2, CH4, and N2O leaks from fugitive emissions.",12,0.0,0.09565217391304348,0.19130434782608696,0.3826086956521739,2038
Energy,FGTV,TFR:FGTV:DEC_LEAKS,FGTV: Minimize leaks,Missing,"Fractional reduction in CO2, CH4, and N2O leaks from fugitive emissions.",12,0.0,0.10434782608695653,0.20869565217391306,0.4173913043478261,2039
Energy,FGTV,TFR:FGTV:DEC_LEAKS,FGTV: Minimize leaks,Missing,"Fractional reduction in CO2, CH4, and N2O leaks from fugitive emissions.",12,0.0,0.11304347826086956,0.22608695652173913,0.45217391304347826,2040
Energy,FGTV,TFR:FGTV:DEC_LEAKS,FGTV: Minimize leaks,Missing,"Fractional reduction in CO2, CH4, and N2O leaks from fugitive emissions.",12,0.0,0.12173913043478263,0.24347826086956526,0.4869565217391305,2041
Energy,FGTV,TFR:FGTV:DEC_LEAKS,FGTV: Minimize leaks,Missing,"Fractional reduction in CO2, CH4, and N2O leaks from fugitive emissions.",12,0.0,0.13043478260869565,0.2608695652173913,0.5217391304347826,2042
Energy,FGTV,TFR:FGTV:DEC_LEAKS,FGTV: Minimize leaks,Missing,"Fractional reduction in CO2, CH4, and N2O leaks from fugitive emissions.",12,0.0,0.1391304347826087,0.2782608695652174,0.5565217391304348,2043
Energy,FGTV,TFR:FGTV:DEC_LEAKS,FGTV: Minimize leaks,Missing,"Fractional reduction in CO2, CH4, and N2O leaks from fugitive emissions.",12,0.0,0.14782608695652175,0.2956521739130435,0.591304347826087,2044
Energy,FGTV,TFR:FGTV:DEC_LEAKS,FGTV: Minimize leaks,Missing,"Fractional reduction in CO2, CH4, and N2O leaks from fugitive emissions.",12,0.0,0.1565217391304348,0.3130434782608696,0.6260869565217392,2045
Energy,FGTV,TFR:FGTV:DEC_LEAKS,FGTV: Minimize leaks,Missing,"Fractional reduction in CO2, CH4, and N2O leaks from fugitive emissions.",12,0.0,0.16521739130434784,0.3304347826086957,0.6608695652173914,2046
Energy,FGTV,TFR:FGTV:DEC_LEAKS,FGTV: Minimize leaks,Missing,"Fractional reduction in CO2, CH4, and N2O leaks from fugitive emissions.",12,0.0,0.17391304347826086,0.34782608695652173,0.6956521739130435,2047
Energy,FGTV,TFR:FGTV:DEC_LEAKS,FGTV: Minimize leaks,Missing,"Fractional reduction in CO2, CH4, and N2O leaks from fugitive emissions.",12,0.0,0.1826086956521739,0.3652173913043478,0.7304347826086957,2048
Energy,FGTV,TFR:FGTV:DEC_LEAKS,FGTV: Minimize leaks,Missing,"Fractional reduction in CO2, CH4, and N2O leaks from fugitive emissions.",12,0.0,0.19130434782608696,0.3826086956521739,0.7652173913043478,2049
Energy,FGTV,TFR:FGTV:DEC_LEAKS,FGTV: Minimize leaks,Missing,"Fractional reduction in CO2, CH4, and N2O leaks from fugitive emissions.",12,0.0,0.2,0.4,0.8,2050
Energy,FGTV,TFR:FGTV:INC_FLARE,FGTV: Maximize flaring,Missing,Fraction of otherwise vented gas that is flared instead.,12,0.0,0.0,0.0,0.0,2015
Energy,FGTV,TFR:FGTV:INC_FLARE,FGTV: Maximize flaring,Missing,Fraction of otherwise vented gas that is flared instead.,12,0.0,0.0,0.0,0.0,2016
Energy,FGTV,TFR:FGTV:INC_FLARE,FGTV: Maximize flaring,Missing,Fraction of otherwise vented gas that is flared instead.,12,0.0,0.0,0.0,0.0,2017
Energy,FGTV,TFR:FGTV:INC_FLARE,FGTV: Maximize flaring,Missing,Fraction of otherwise vented gas that is flared instead.,12,0.0,0.0,0.0,0.0,2018
Energy,FGTV,TFR:FGTV:INC_FLARE,FGTV: Maximize flaring,Missing,Fraction of otherwise vented gas that is flared instead.,12,0.0,0.0,0.0,0.0,2019
Energy,FGTV,TFR:FGTV:INC_FLARE,FGTV: Maximize flaring,Missing,Fraction of otherwise vented gas that is flared instead.,12,0.0,0.0,0.0,0.0,2020
Energy,FGTV,TFR:FGTV:INC_FLARE,FGTV: Maximize flaring,Missing,Fraction of otherwise vented gas that is flared instead.,12,0.0,0.0,0.0,0.0,2021
Energy,FGTV,TFR:FGTV:INC_FLARE,FGTV: Maximize flaring,Missing,Fraction of otherwise vented gas that is flared instead.,12,0.0,0.0,0.0,0.0,2022
Energy,FGTV,TFR:FGTV:INC_FLARE,FGTV: Maximize flaring,Missing,Fraction of otherwise vented gas that is flared instead.,12,0.0,0.0,0.0,0.0,2023
Energy,FGTV,TFR:FGTV:INC_FLARE,FGTV: Maximize flaring,Missing,Fraction of otherwise vented gas that is flared instead.,12,0.0,0.0,0.0,0.0,2024
Energy,FGTV,TFR:FGTV:INC_FLARE,FGTV: Maximize flaring,Missing,Fraction of otherwise vented gas that is flared instead.,12,0.0,0.0,0.0,0.0,2025
Energy,FGTV,TFR:FGTV:INC_FLARE,FGTV: Maximize flaring,Missing,Fraction of otherwise vented gas that is flared instead.,12,0.0,0.0,0.0,0.0,2026
Energy,FGTV,TFR:FGTV:INC_FLARE,FGTV: Maximize flaring,Missing,Fraction of otherwise vented gas that is flared instead.,12,0.0,0.0,0.0,0.0,2027
Energy,FGTV,TFR:FGTV:INC_FLARE,FGTV: Maximize flaring,Missing,Fraction of otherwise vented gas that is flared instead.,12,0.0,0.0,0.0,0.034782608695652174,2028
Energy,FGTV,TFR:FGTV:INC_FLARE,FGTV: Maximize flaring,Missing,Fraction of otherwise vented gas that is flared instead.,12,0.0,0.0,0.0,0.06956521739130435,2029
Energy,FGTV,TFR:FGTV:INC_FLARE,FGTV: Maximize flaring,Missing,Fraction of otherwise vented gas that is flared instead.,12,0.0,0.0,0.0,0.10434782608695653,2030
Energy,FGTV,TFR:FGTV:INC_FLARE,FGTV: Maximize flaring,Missing,Fraction of otherwise vented gas that is flared instead.,12,0.0,0.0,0.0,0.1391304347826087,2031
Energy,FGTV,TFR:FGTV:INC_FLARE,FGTV: Maximize flaring,Missing,Fraction of otherwise vented gas that is flared instead.,12,0.0,0.0,0.0,0.17391304347826086,2032
Energy,FGTV,TFR:FGTV:INC_FLARE,FGTV: Maximize flaring,Missing,Fraction of otherwise vented gas that is flared instead.,12,0.0,0.0,0.0,0.20869565217391306,2033
Energy,FGTV,TFR:FGTV:INC_FLARE,FGTV: Maximize flaring,Missing,Fraction of otherwise vented gas that is flared instead.,12,0.0,0.0,0.0,0.24347826086956526,2034
Energy,FGTV,TFR:FGTV:INC_FLARE,FGTV: Maximize flaring,Missing,Fraction of otherwise vented gas that is flared instead.,12,0.0,0.0,0.0,0.2782608695652174,2035
Energy,FGTV,TFR:FGTV:INC_FLARE,FGTV: Maximize flaring,Missing,Fraction of otherwise vented gas that is flared instead.,12,0.0,0.0,0.0,0.3130434782608696,2036
Energy,FGTV,TFR:FGTV:INC_FLARE,FGTV: Maximize flaring,Missing,Fraction of otherwise vented gas that is flared instead.,12,0.0,0.0,0.0,0.34782608695652173,2037
Energy,FGTV,TFR:FGTV:INC_FLARE,FGTV: Maximize flaring,Missing,Fraction of otherwise vented gas that is flared instead.,12,0.0,0.0,0.0,0.3826086956521739,2038
Energy,FGTV,TFR:FGTV:INC_FLARE,FGTV: Maximize flaring,Missing,Fraction of otherwise vented gas that is flared instead.,12,0.0,0.0,0.0,0.4173913043478261,2039
Energy,FGTV,TFR:FGTV:INC_FLARE,FGTV: Maximize flaring,Missing,Fraction of otherwise vented gas that is flared instead.,12,0.0,0.0,0.0,0.45217391304347826,2040
Energy,FGTV,TFR:FGTV:INC_FLARE,FGTV: Maximize flaring,Missing,Fraction of otherwise vented gas that is flared instead.,12,0.0,0.0,0.0,0.4869565217391305,2041
Energy,FGTV,TFR:FGTV:INC_FLARE,FGTV: Maximize flaring,Missing,Fraction of otherwise vented gas that is flared instead.,12,0.0,0.0,0.0,0.5217391304347826,2042
Energy,FGTV,TFR:FGTV:INC_FLARE,FGTV: Maximize flaring,Missing,Fraction of otherwise vented gas that is flared instead.,12,0.0,0.0,0.0,0.5565217391304348,2043
Energy,FGTV,TFR:FGTV:INC_FLARE,FGTV: Maximize flaring,Missing,Fraction of otherwise vented gas that is flared instead.,12,0.0,0.0,0.0,0.591304347826087,2044
Energy,FGTV,TFR:FGTV:INC_FLARE,FGTV: Maximize flaring,Missing,Fraction of otherwise vented gas that is flared instead.,12,0.0,0.0,0.0,0.6260869565217392,2045
Energy,FGTV,TFR:FGTV:INC_FLARE,FGTV: Maximize flaring,Missing,Fraction of otherwise vented gas that is flared instead.,12,0.0,0.0,0.0,0.6608695652173914,2046
Energy,FGTV,TFR:FGTV:INC_FLARE,FGTV: Maximize flaring,Missing,Fraction of otherwise vented gas that is flared instead.,12,0.0,0.0,0.0,0.6956521739130435,2047
Energy,FGTV,TFR:FGTV:INC_FLARE,FGTV: Maximize flaring,Missing,Fraction of otherwise vented gas that is flared instead.,12,0.0,0.0,0.0,0.7304347826086957,2048
Energy,FGTV,TFR:FGTV:INC_FLARE,FGTV: Maximize flaring,Missing,Fraction of otherwise vented gas that is flared instead.,12,0.0,0.0,0.0,0.7652173913043478,2049
Energy,FGTV,TFR:FGTV:INC_FLARE,FGTV: Maximize flaring,Missing,Fraction of otherwise vented gas that is flared instead.,12,0.0,0.0,0.0,0.8,2050
Energy,INEN,TFR:INEN:INC_EFFICIENCY_ENERGY,INEN: Maximize industrial energy efficiency,Missing,Fractional improvement in average industrial technology efficiency.,12,0.0,0.0,0.0,0.0,2015
Energy,INEN,TFR:INEN:INC_EFFICIENCY_ENERGY,INEN: Maximize industrial energy efficiency,Missing,Fractional improvement in average industrial technology efficiency.,12,0.0,0.0,0.0,0.0,2016
Energy,INEN,TFR:INEN:INC_EFFICIENCY_ENERGY,INEN: Maximize industrial energy efficiency,Missing,Fractional improvement in average industrial technology efficiency.,12,0.0,0.0,0.0,0.0,2017
Energy,INEN,TFR:INEN:INC_EFFICIENCY_ENERGY,INEN: Maximize industrial energy efficiency,Missing,Fractional improvement in average industrial technology efficiency.,12,0.0,0.0,0.0,0.0,2018
Energy,INEN,TFR:INEN:INC_EFFICIENCY_ENERGY,INEN: Maximize industrial energy efficiency,Missing,Fractional improvement in average industrial technology efficiency.,12,0.0,0.0,0.0,0.0,2019
Energy,INEN,TFR:INEN:INC_EFFICIENCY_ENERGY,INEN: Maximize industrial energy efficiency,Missing,Fractional improvement in average industrial technology efficiency.,12,0.0,0.0,0.0,0.0,2020
Energy,INEN,TFR:INEN:INC_EFFICIENCY_ENERGY,INEN: Maximize industrial energy efficiency,Missing,Fractional improvement in average industrial technology efficiency.,12,0.0,0.0,0.0,0.0,2021
Energy,INEN,TFR:INEN:INC_EFFICIENCY_ENERGY,INEN: Maximize industrial energy efficiency,Missing,Fractional improvement in average industrial technology efficiency.,12,0.0,0.0,0.0,0.0,2022
Energy,INEN,TFR:INEN:INC_EFFICIENCY_ENERGY,INEN: Maximize industrial energy efficiency,Missing,Fractional improvement in average industrial technology efficiency.,12,0.0,0.0,0.0,0.0,2023
Energy,INEN,TFR:INEN:INC_EFFICIENCY_ENERGY,INEN: Maximize industrial energy efficiency,Missing,Fractional improvement in average industrial technology efficiency.,12,0.0,0.0,0.0,0.0,2024
Energy,INEN,TFR:INEN:INC_EFFICIENCY_ENERGY,INEN: Maximize industrial energy efficiency,Missing,Fractional improvement in average industrial technology efficiency.,12,0.0,0.0,0.0,0.0,2025
Energy,INEN,TFR:INEN:INC_EFFICIENCY_ENERGY,INEN: Maximize industrial energy efficiency,Missing,Fractional improvement in average industrial technology efficiency.,12,0.0,0.0,0.0,0.0,2026
Energy,INEN,TFR:INEN:INC_EFFICIENCY_ENERGY,INEN: Maximize industrial energy efficiency,Missing,Fractional improvement in average industrial technology efficiency.,12,0.0,0.0,0.0,0.0,2027
Energy,INEN,TFR:INEN:INC_EFFICIENCY_ENERGY,INEN: Maximize industrial energy efficiency,Missing,Fractional improvement in average industrial technology efficiency.,12,0.0,0.003260869565217391,0.006521739130434782,0.013043478260869565,2028
Energy,INEN,TFR:INEN:INC_EFFICIENCY_ENERGY,INEN: Maximize industrial energy efficiency,Missing,Fractional improvement in average industrial technology efficiency.,12,0.0,0.006521739130434782,0.013043478260869565,0.02608695652173913,2029
Energy,INEN,TFR:INEN:INC_EFFICIENCY_ENERGY,INEN: Maximize industrial energy efficiency,Missing,Fractional improvement in average industrial technology efficiency.,12,0.0,0.009782608695652173,0.019565217391304346,0.03913043478260869,2030
Energy,INEN,TFR:INEN:INC_EFFICIENCY_ENERGY,INEN: Maximize industrial energy efficiency,Missing,Fractional improvement in average industrial technology efficiency.,12,0.0,0.013043478260869565,0.02608695652173913,0.05217391304347826,2031
Energy,INEN,TFR:INEN:INC_EFFICIENCY_ENERGY,INEN: Maximize industrial energy efficiency,Missing,Fractional improvement in average industrial technology efficiency.,12,0.0,0.016304347826086956,0.03260869565217391,0.06521739130434782,2032
Energy,INEN,TFR:INEN:INC_EFFICIENCY_ENERGY,INEN: Maximize industrial energy efficiency,Missing,Fractional improvement in average industrial technology efficiency.,12,0.0,0.019565217391304346,0.03913043478260869,0.07826086956521738,2033
Energy,INEN,TFR:INEN:INC_EFFICIENCY_ENERGY,INEN: Maximize industrial energy efficiency,Missing,Fractional improvement in average industrial technology efficiency.,12,0.0,0.02282608695652174,0.04565217391304348,0.09130434782608696,2034
Energy,INEN,TFR:INEN:INC_EFFICIENCY_ENERGY,INEN: Maximize industrial energy efficiency,Missing,Fractional improvement in average industrial technology efficiency.,12,0.0,0.02608695652173913,0.05217391304347826,0.10434782608695652,2035
Energy,INEN,TFR:INEN:INC_EFFICIENCY_ENERGY,INEN: Maximize industrial energy efficiency,Missing,Fractional improvement in average industrial technology efficiency.,12,0.0,0.029347826086956522,0.058695652173913045,0.11739130434782609,2036
Energy,INEN,TFR:INEN:INC_EFFICIENCY_ENERGY,INEN: Maximize industrial energy efficiency,Missing,Fractional improvement in average industrial technology efficiency.,12,0.0,0.03260869565217391,0.06521739130434782,0.13043478260869565,2037
Energy,INEN,TFR:INEN:INC_EFFICIENCY_ENERGY,INEN: Maximize industrial energy efficiency,Missing,Fractional improvement in average industrial technology efficiency.,12,0.0,0.035869565217391305,0.07173913043478261,0.14347826086956522,2038
Energy,INEN,TFR:INEN:INC_EFFICIENCY_ENERGY,INEN: Maximize industrial energy efficiency,Missing,Fractional improvement in average industrial technology efficiency.,12,0.0,0.03913043478260869,0.07826086956521738,0.15652173913043477,2039
Energy,INEN,TFR:INEN:INC_EFFICIENCY_ENERGY,INEN: Maximize industrial energy efficiency,Missing,Fractional improvement in average industrial technology efficiency.,12,0.0,0.042391304347826085,0.08478260869565217,0.16956521739130434,2040
Energy,INEN,TFR:INEN:INC_EFFICIENCY_ENERGY,INEN: Maximize industrial energy efficiency,Missing,Fractional improvement in average industrial technology efficiency.,12,0.0,0.04565217391304348,0.09130434782608696,0.1826086956521739,2041
Energy,INEN,TFR:INEN:INC_EFFICIENCY_ENERGY,INEN: Maximize industrial energy efficiency,Missing,Fractional improvement in average industrial technology efficiency.,12,0.0,0.04891304347826087,0.09782608695652174,0.1956521739130435,2042
Energy,INEN,TFR:INEN:INC_EFFICIENCY_ENERGY,INEN: Maximize industrial energy efficiency,Missing,Fractional improvement in average industrial technology efficiency.,12,0.0,0.05217391304347826,0.10434782608695652,0.20869565217391303,2043
Energy,INEN,TFR:INEN:INC_EFFICIENCY_ENERGY,INEN: Maximize industrial energy efficiency,Missing,Fractional improvement in average industrial technology efficiency.,12,0.0,0.055434782608695644,0.11086956521739129,0.22173913043478258,2044
Energy,INEN,TFR:INEN:INC_EFFICIENCY_ENERGY,INEN: Maximize industrial energy efficiency,Missing,Fractional improvement in average industrial technology efficiency.,12,0.0,0.058695652173913045,0.11739130434782609,0.23478260869565218,2045
Energy,INEN,TFR:INEN:INC_EFFICIENCY_ENERGY,INEN: Maximize industrial energy efficiency,Missing,Fractional improvement in average industrial technology efficiency.,12,0.0,0.06195652173913043,0.12391304347826086,0.24782608695652172,2046
Energy,INEN,TFR:INEN:INC_EFFICIENCY_ENERGY,INEN: Maximize industrial energy efficiency,Missing,Fractional improvement in average industrial technology efficiency.,12,0.0,0.06521739130434782,0.13043478260869565,0.2608695652173913,2047
Energy,INEN,TFR:INEN:INC_EFFICIENCY_ENERGY,INEN: Maximize industrial energy efficiency,Missing,Fractional improvement in average industrial technology efficiency.,12,0.0,0.06847826086956521,0.13695652173913042,0.27391304347826084,2048
Energy,INEN,TFR:INEN:INC_EFFICIENCY_ENERGY,INEN: Maximize industrial energy efficiency,Missing,Fractional improvement in average industrial technology efficiency.,12,0.0,0.07173913043478261,0.14347826086956522,0.28695652173913044,2049
Energy,INEN,TFR:INEN:INC_EFFICIENCY_ENERGY,INEN: Maximize industrial energy efficiency,Missing,Fractional improvement in average industrial technology efficiency.,12,0.0,0.075,0.15,0.3,2050
Energy,INEN,TFR:INEN:INC_EFFICIENCY_PRODUCTION,INEN: Maximize industrial production efficiency,Missing,"Fractional improvement in production (e.g., kj/tonne) efficiency. ",12,0.0,0.0,0.0,0.0,2015
Energy,INEN,TFR:INEN:INC_EFFICIENCY_PRODUCTION,INEN: Maximize industrial production efficiency,Missing,"Fractional improvement in production (e.g., kj/tonne) efficiency. ",12,0.0,0.0,0.0,0.0,2016
Energy,INEN,TFR:INEN:INC_EFFICIENCY_PRODUCTION,INEN: Maximize industrial production efficiency,Missing,"Fractional improvement in production (e.g., kj/tonne) efficiency. ",12,0.0,0.0,0.0,0.0,2017
Energy,INEN,TFR:INEN:INC_EFFICIENCY_PRODUCTION,INEN: Maximize industrial production efficiency,Missing,"Fractional improvement in production (e.g., kj/tonne) efficiency. ",12,0.0,0.0,0.0,0.0,2018
Energy,INEN,TFR:INEN:INC_EFFICIENCY_PRODUCTION,INEN: Maximize industrial production efficiency,Missing,"Fractional improvement in production (e.g., kj/tonne) efficiency. ",12,0.0,0.0,0.0,0.0,2019
Energy,INEN,TFR:INEN:INC_EFFICIENCY_PRODUCTION,INEN: Maximize industrial production efficiency,Missing,"Fractional improvement in production (e.g., kj/tonne) efficiency. ",12,0.0,0.0,0.0,0.0,2020
Energy,INEN,TFR:INEN:INC_EFFICIENCY_PRODUCTION,INEN: Maximize industrial production efficiency,Missing,"Fractional improvement in production (e.g., kj/tonne) efficiency. ",12,0.0,0.0,0.0,0.0,2021
Energy,INEN,TFR:INEN:INC_EFFICIENCY_PRODUCTION,INEN: Maximize industrial production efficiency,Missing,"Fractional improvement in production (e.g., kj/tonne) efficiency. ",12,0.0,0.0,0.0,0.0,2022
Energy,INEN,TFR:INEN:INC_EFFICIENCY_PRODUCTION,INEN: Maximize industrial production efficiency,Missing,"Fractional improvement in production (e.g., kj/tonne) efficiency. ",12,0.0,0.0,0.0,0.0,2023
Energy,INEN,TFR:INEN:INC_EFFICIENCY_PRODUCTION,INEN: Maximize industrial production efficiency,Missing,"Fractional improvement in production (e.g., kj/tonne) efficiency. ",12,0.0,0.0,0.0,0.0,2024
Energy,INEN,TFR:INEN:INC_EFFICIENCY_PRODUCTION,INEN: Maximize industrial production efficiency,Missing,"Fractional improvement in production (e.g., kj/tonne) efficiency. ",12,0.0,0.0,0.0,0.0,2025
Energy,INEN,TFR:INEN:INC_EFFICIENCY_PRODUCTION,INEN: Maximize industrial production efficiency,Missing,"Fractional improvement in production (e.g., kj/tonne) efficiency. ",12,0.0,0.0,0.0,0.0,2026
Energy,INEN,TFR:INEN:INC_EFFICIENCY_PRODUCTION,INEN: Maximize industrial production efficiency,Missing,"Fractional improvement in production (e.g., kj/tonne) efficiency. ",12,0.0,0.0,0.0,0.0,2027
Energy,INEN,TFR:INEN:INC_EFFICIENCY_PRODUCTION,INEN: Maximize industrial production efficiency,Missing,"Fractional improvement in production (e.g., kj/tonne) efficiency. ",12,0.0,0.0,0.0,0.017391304347826087,2028
Energy,INEN,TFR:INEN:INC_EFFICIENCY_PRODUCTION,INEN: Maximize industrial production efficiency,Missing,"Fractional improvement in production (e.g., kj/tonne) efficiency. ",12,0.0,0.0,0.0,0.034782608695652174,2029
Energy,INEN,TFR:INEN:INC_EFFICIENCY_PRODUCTION,INEN: Maximize industrial production efficiency,Missing,"Fractional improvement in production (e.g., kj/tonne) efficiency. ",12,0.0,0.0,0.0,0.052173913043478265,2030
Energy,INEN,TFR:INEN:INC_EFFICIENCY_PRODUCTION,INEN: Maximize industrial production efficiency,Missing,"Fractional improvement in production (e.g., kj/tonne) efficiency. ",12,0.0,0.0,0.0,0.06956521739130435,2031
Energy,INEN,TFR:INEN:INC_EFFICIENCY_PRODUCTION,INEN: Maximize industrial production efficiency,Missing,"Fractional improvement in production (e.g., kj/tonne) efficiency. ",12,0.0,0.0,0.0,0.08695652173913043,2032
Energy,INEN,TFR:INEN:INC_EFFICIENCY_PRODUCTION,INEN: Maximize industrial production efficiency,Missing,"Fractional improvement in production (e.g., kj/tonne) efficiency. ",12,0.0,0.0,0.0,0.10434782608695653,2033
Energy,INEN,TFR:INEN:INC_EFFICIENCY_PRODUCTION,INEN: Maximize industrial production efficiency,Missing,"Fractional improvement in production (e.g., kj/tonne) efficiency. ",12,0.0,0.0,0.0,0.12173913043478263,2034
Energy,INEN,TFR:INEN:INC_EFFICIENCY_PRODUCTION,INEN: Maximize industrial production efficiency,Missing,"Fractional improvement in production (e.g., kj/tonne) efficiency. ",12,0.0,0.0,0.0,0.1391304347826087,2035
Energy,INEN,TFR:INEN:INC_EFFICIENCY_PRODUCTION,INEN: Maximize industrial production efficiency,Missing,"Fractional improvement in production (e.g., kj/tonne) efficiency. ",12,0.0,0.0,0.0,0.1565217391304348,2036
Energy,INEN,TFR:INEN:INC_EFFICIENCY_PRODUCTION,INEN: Maximize industrial production efficiency,Missing,"Fractional improvement in production (e.g., kj/tonne) efficiency. ",12,0.0,0.0,0.0,0.17391304347826086,2037
Energy,INEN,TFR:INEN:INC_EFFICIENCY_PRODUCTION,INEN: Maximize industrial production efficiency,Missing,"Fractional improvement in production (e.g., kj/tonne) efficiency. ",12,0.0,0.0,0.0,0.19130434782608696,2038
Energy,INEN,TFR:INEN:INC_EFFICIENCY_PRODUCTION,INEN: Maximize industrial production efficiency,Missing,"Fractional improvement in production (e.g., kj/tonne) efficiency. ",12,0.0,0.0,0.0,0.20869565217391306,2039
Energy,INEN,TFR:INEN:INC_EFFICIENCY_PRODUCTION,INEN: Maximize industrial production efficiency,Missing,"Fractional improvement in production (e.g., kj/tonne) efficiency. ",12,0.0,0.0,0.0,0.22608695652173913,2040
Energy,INEN,TFR:INEN:INC_EFFICIENCY_PRODUCTION,INEN: Maximize industrial production efficiency,Missing,"Fractional improvement in production (e.g., kj/tonne) efficiency. ",12,0.0,0.0,0.0,0.24347826086956526,2041
Energy,INEN,TFR:INEN:INC_EFFICIENCY_PRODUCTION,INEN: Maximize industrial production efficiency,Missing,"Fractional improvement in production (e.g., kj/tonne) efficiency. ",12,0.0,0.0,0.0,0.2608695652173913,2042
Energy,INEN,TFR:INEN:INC_EFFICIENCY_PRODUCTION,INEN: Maximize industrial production efficiency,Missing,"Fractional improvement in production (e.g., kj/tonne) efficiency. ",12,0.0,0.0,0.0,0.2782608695652174,2043
Energy,INEN,TFR:INEN:INC_EFFICIENCY_PRODUCTION,INEN: Maximize industrial production efficiency,Missing,"Fractional improvement in production (e.g., kj/tonne) efficiency. ",12,0.0,0.0,0.0,0.2956521739130435,2044
Energy,INEN,TFR:INEN:INC_EFFICIENCY_PRODUCTION,INEN: Maximize industrial production efficiency,Missing,"Fractional improvement in production (e.g., kj/tonne) efficiency. ",12,0.0,0.0,0.0,0.3130434782608696,2045
Energy,INEN,TFR:INEN:INC_EFFICIENCY_PRODUCTION,INEN: Maximize industrial production efficiency,Missing,"Fractional improvement in production (e.g., kj/tonne) efficiency. ",12,0.0,0.0,0.0,0.3304347826086957,2046
Energy,INEN,TFR:INEN:INC_EFFICIENCY_PRODUCTION,INEN: Maximize industrial production efficiency,Missing,"Fractional improvement in production (e.g., kj/tonne) efficiency. ",12,0.0,0.0,0.0,0.34782608695652173,2047
Energy,INEN,TFR:INEN:INC_EFFICIENCY_PRODUCTION,INEN: Maximize industrial production efficiency,Missing,"Fractional improvement in production (e.g., kj/tonne) efficiency. ",12,0.0,0.0,0.0,0.3652173913043478,2048
Energy,INEN,TFR:INEN:INC_EFFICIENCY_PRODUCTION,INEN: Maximize industrial production efficiency,Missing,"Fractional improvement in production (e.g., kj/tonne) efficiency. ",12,0.0,0.0,0.0,0.3826086956521739,2049
Energy,INEN,TFR:INEN:INC_EFFICIENCY_PRODUCTION,INEN: Maximize industrial production efficiency,Missing,"Fractional improvement in production (e.g., kj/tonne) efficiency. ",12,0.0,0.0,0.0,0.4,2050
Energy,INEN,TFR:INEN:SHIFT_FUEL_HEAT,INEN: Fuel switch high- and low-temp thermal processes,Transformations for both (and/or) low and high-heat should be implemented using this transformer. ,This transformation can be specified to shift 90% of both low (to electricity) and high (depending on industry) heat (to electricity and hydrogen).,12,0.0,0.0,0.0,0.0,2015
Energy,INEN,TFR:INEN:SHIFT_FUEL_HEAT,INEN: Fuel switch high- and low-temp thermal processes,Transformations for both (and/or) low and high-heat should be implemented using this transformer. ,This transformation can be specified to shift 90% of both low (to electricity) and high (depending on industry) heat (to electricity and hydrogen).,12,0.0,0.0,0.0,0.0,2016
Energy,INEN,TFR:INEN:SHIFT_FUEL_HEAT,INEN: Fuel switch high- and low-temp thermal processes,Transformations for both (and/or) low and high-heat should be implemented using this transformer. ,This transformation can be specified to shift 90% of both low (to electricity) and high (depending on industry) heat (to electricity and hydrogen).,12,0.0,0.0,0.0,0.0,2017
Energy,INEN,TFR:INEN:SHIFT_FUEL_HEAT,INEN: Fuel switch high- and low-temp thermal processes,Transformations for both (and/or) low and high-heat should be implemented using this transformer. ,This transformation can be specified to shift 90% of both low (to electricity) and high (depending on industry) heat (to electricity and hydrogen).,12,0.0,0.0,0.0,0.0,2018
Energy,INEN,TFR:INEN:SHIFT_FUEL_HEAT,INEN: Fuel switch high- and low-temp thermal processes,Transformations for both (and/or) low and high-heat should be implemented using this transformer. ,This transformation can be specified to shift 90% of both low (to electricity) and high (depending on industry) heat (to electricity and hydrogen).,12,0.0,0.0,0.0,0.0,2019
Energy,INEN,TFR:INEN:SHIFT_FUEL_HEAT,INEN: Fuel switch high- and low-temp thermal processes,Transformations for both (and/or) low and high-heat should be implemented using this transformer. ,This transformation can be specified to shift 90% of both low (to electricity) and high (depending on industry) heat (to electricity and hydrogen).,12,0.0,0.0,0.0,0.0,2020
Energy,INEN,TFR:INEN:SHIFT_FUEL_HEAT,INEN: Fuel switch high- and low-temp thermal processes,Transformations for both (and/or) low and high-heat should be implemented using this transformer. ,This transformation can be specified to shift 90% of both low (to electricity) and high (depending on industry) heat (to electricity and hydrogen).,12,0.0,0.0,0.0,0.0,2021
Energy,INEN,TFR:INEN:SHIFT_FUEL_HEAT,INEN: Fuel switch high- and low-temp thermal processes,Transformations for both (and/or) low and high-heat should be implemented using this transformer. ,This transformation can be specified to shift 90% of both low (to electricity) and high (depending on industry) heat (to electricity and hydrogen).,12,0.0,0.0,0.0,0.0,2022
Energy,INEN,TFR:INEN:SHIFT_FUEL_HEAT,INEN: Fuel switch high- and low-temp thermal processes,Transformations for both (and/or) low and high-heat should be implemented using this transformer. ,This transformation can be specified to shift 90% of both low (to electricity) and high (depending on industry) heat (to electricity and hydrogen).,12,0.0,0.0,0.0,0.0,2023
Energy,INEN,TFR:INEN:SHIFT_FUEL_HEAT,INEN: Fuel switch high- and low-temp thermal processes,Transformations for both (and/or) low and high-heat should be implemented using this transformer. ,This transformation can be specified to shift 90% of both low (to electricity) and high (depending on industry) heat (to electricity and hydrogen).,12,0.0,0.0,0.0,0.0,2024
Energy,INEN,TFR:INEN:SHIFT_FUEL_HEAT,INEN: Fuel switch high- and low-temp thermal processes,Transformations for both (and/or) low and high-heat should be implemented using this transformer. ,This transformation can be specified to shift 90% of both low (to electricity) and high (depending on industry) heat (to electricity and hydrogen).,12,0.0,0.0,0.0,0.0,2025
Energy,INEN,TFR:INEN:SHIFT_FUEL_HEAT,INEN: Fuel switch high- and low-temp thermal processes,Transformations for both (and/or) low and high-heat should be implemented using this transformer. ,This transformation can be specified to shift 90% of both low (to electricity) and high (depending on industry) heat (to electricity and hydrogen).,12,0.0,0.0,0.0,0.0,2026
Energy,INEN,TFR:INEN:SHIFT_FUEL_HEAT,INEN: Fuel switch high- and low-temp thermal processes,Transformations for both (and/or) low and high-heat should be implemented using this transformer. ,This transformation can be specified to shift 90% of both low (to electricity) and high (depending on industry) heat (to electricity and hydrogen).,12,0.0,0.0,0.0,0.0,2027
Energy,INEN,TFR:INEN:SHIFT_FUEL_HEAT,INEN: Fuel switch high- and low-temp thermal processes,Transformations for both (and/or) low and high-heat should be implemented using this transformer. ,This transformation can be specified to shift 90% of both low (to electricity) and high (depending on industry) heat (to electricity and hydrogen).,12,0.0,0.0,0.0,0.0391304347826087,2028
Energy,INEN,TFR:INEN:SHIFT_FUEL_HEAT,INEN: Fuel switch high- and low-temp thermal processes,Transformations for both (and/or) low and high-heat should be implemented using this transformer. ,This transformation can be specified to shift 90% of both low (to electricity) and high (depending on industry) heat (to electricity and hydrogen).,12,0.0,0.0,0.0,0.0782608695652174,2029
Energy,INEN,TFR:INEN:SHIFT_FUEL_HEAT,INEN: Fuel switch high- and low-temp thermal processes,Transformations for both (and/or) low and high-heat should be implemented using this transformer. ,This transformation can be specified to shift 90% of both low (to electricity) and high (depending on industry) heat (to electricity and hydrogen).,12,0.0,0.0,0.0,0.11739130434782609,2030
Energy,INEN,TFR:INEN:SHIFT_FUEL_HEAT,INEN: Fuel switch high- and low-temp thermal processes,Transformations for both (and/or) low and high-heat should be implemented using this transformer. ,This transformation can be specified to shift 90% of both low (to electricity) and high (depending on industry) heat (to electricity and hydrogen).,12,0.0,0.0,0.0,0.1565217391304348,2031
Energy,INEN,TFR:INEN:SHIFT_FUEL_HEAT,INEN: Fuel switch high- and low-temp thermal processes,Transformations for both (and/or) low and high-heat should be implemented using this transformer. ,This transformation can be specified to shift 90% of both low (to electricity) and high (depending on industry) heat (to electricity and hydrogen).,12,0.0,0.0,0.0,0.1956521739130435,2032
Energy,INEN,TFR:INEN:SHIFT_FUEL_HEAT,INEN: Fuel switch high- and low-temp thermal processes,Transformations for both (and/or) low and high-heat should be implemented using this transformer. ,This transformation can be specified to shift 90% of both low (to electricity) and high (depending on industry) heat (to electricity and hydrogen).,12,0.0,0.0,0.0,0.23478260869565218,2033
Energy,INEN,TFR:INEN:SHIFT_FUEL_HEAT,INEN: Fuel switch high- and low-temp thermal processes,Transformations for both (and/or) low and high-heat should be implemented using this transformer. ,This transformation can be specified to shift 90% of both low (to electricity) and high (depending on industry) heat (to electricity and hydrogen).,12,0.0,0.0,0.0,0.2739130434782609,2034
Energy,INEN,TFR:INEN:SHIFT_FUEL_HEAT,INEN: Fuel switch high- and low-temp thermal processes,Transformations for both (and/or) low and high-heat should be implemented using this transformer. ,This transformation can be specified to shift 90% of both low (to electricity) and high (depending on industry) heat (to electricity and hydrogen).,12,0.0,0.0,0.0,0.3130434782608696,2035
Energy,INEN,TFR:INEN:SHIFT_FUEL_HEAT,INEN: Fuel switch high- and low-temp thermal processes,Transformations for both (and/or) low and high-heat should be implemented using this transformer. ,This transformation can be specified to shift 90% of both low (to electricity) and high (depending on industry) heat (to electricity and hydrogen).,12,0.0,0.0,0.0,0.3521739130434783,2036
Energy,INEN,TFR:INEN:SHIFT_FUEL_HEAT,INEN: Fuel switch high- and low-temp thermal processes,Transformations for both (and/or) low and high-heat should be implemented using this transformer. ,This transformation can be specified to shift 90% of both low (to electricity) and high (depending on industry) heat (to electricity and hydrogen).,12,0.0,0.0,0.0,0.391304347826087,2037
Energy,INEN,TFR:INEN:SHIFT_FUEL_HEAT,INEN: Fuel switch high- and low-temp thermal processes,Transformations for both (and/or) low and high-heat should be implemented using this transformer. ,This transformation can be specified to shift 90% of both low (to electricity) and high (depending on industry) heat (to electricity and hydrogen).,12,0.0,0.0,0.0,0.43043478260869567,2038
Energy,INEN,TFR:INEN:SHIFT_FUEL_HEAT,INEN: Fuel switch high- and low-temp thermal processes,Transformations for both (and/or) low and high-heat should be implemented using this transformer. ,This transformation can be specified to shift 90% of both low (to electricity) and high (depending on industry) heat (to electricity and hydrogen).,12,0.0,0.0,0.0,0.46956521739130436,2039
Energy,INEN,TFR:INEN:SHIFT_FUEL_HEAT,INEN: Fuel switch high- and low-temp thermal processes,Transformations for both (and/or) low and high-heat should be implemented using this transformer. ,This transformation can be specified to shift 90% of both low (to electricity) and high (depending on industry) heat (to electricity and hydrogen).,12,0.0,0.0,0.0,0.508695652173913,2040
Energy,INEN,TFR:INEN:SHIFT_FUEL_HEAT,INEN: Fuel switch high- and low-temp thermal processes,Transformations for both (and/or) low and high-heat should be implemented using this transformer. ,This transformation can be specified to shift 90% of both low (to electricity) and high (depending on industry) heat (to electricity and hydrogen).,12,0.0,0.0,0.0,0.5478260869565218,2041
Energy,INEN,TFR:INEN:SHIFT_FUEL_HEAT,INEN: Fuel switch high- and low-temp thermal processes,Transformations for both (and/or) low and high-heat should be implemented using this transformer. ,This transformation can be specified to shift 90% of both low (to electricity) and high (depending on industry) heat (to electricity and hydrogen).,12,0.0,0.0,0.0,0.5869565217391305,2042
Energy,INEN,TFR:INEN:SHIFT_FUEL_HEAT,INEN: Fuel switch high- and low-temp thermal processes,Transformations for both (and/or) low and high-heat should be implemented using this transformer. ,This transformation can be specified to shift 90% of both low (to electricity) and high (depending on industry) heat (to electricity and hydrogen).,12,0.0,0.0,0.0,0.6260869565217392,2043
Energy,INEN,TFR:INEN:SHIFT_FUEL_HEAT,INEN: Fuel switch high- and low-temp thermal processes,Transformations for both (and/or) low and high-heat should be implemented using this transformer. ,This transformation can be specified to shift 90% of both low (to electricity) and high (depending on industry) heat (to electricity and hydrogen).,12,0.0,0.0,0.0,0.6652173913043478,2044
Energy,INEN,TFR:INEN:SHIFT_FUEL_HEAT,INEN: Fuel switch high- and low-temp thermal processes,Transformations for both (and/or) low and high-heat should be implemented using this transformer. ,This transformation can be specified to shift 90% of both low (to electricity) and high (depending on industry) heat (to electricity and hydrogen).,12,0.0,0.0,0.0,0.7043478260869566,2045
Energy,INEN,TFR:INEN:SHIFT_FUEL_HEAT,INEN: Fuel switch high- and low-temp thermal processes,Transformations for both (and/or) low and high-heat should be implemented using this transformer. ,This transformation can be specified to shift 90% of both low (to electricity) and high (depending on industry) heat (to electricity and hydrogen).,12,0.0,0.0,0.0,0.7434782608695653,2046
Energy,INEN,TFR:INEN:SHIFT_FUEL_HEAT,INEN: Fuel switch high- and low-temp thermal processes,Transformations for both (and/or) low and high-heat should be implemented using this transformer. ,This transformation can be specified to shift 90% of both low (to electricity) and high (depending on industry) heat (to electricity and hydrogen).,12,0.0,0.0,0.0,0.782608695652174,2047
Energy,INEN,TFR:INEN:SHIFT_FUEL_HEAT,INEN: Fuel switch high- and low-temp thermal processes,Transformations for both (and/or) low and high-heat should be implemented using this transformer. ,This transformation can be specified to shift 90% of both low (to electricity) and high (depending on industry) heat (to electricity and hydrogen).,12,0.0,0.0,0.0,0.8217391304347825,2048
Energy,INEN,TFR:INEN:SHIFT_FUEL_HEAT,INEN: Fuel switch high- and low-temp thermal processes,Transformations for both (and/or) low and high-heat should be implemented using this transformer. ,This transformation can be specified to shift 90% of both low (to electricity) and high (depending on industry) heat (to electricity and hydrogen).,12,0.0,0.0,0.0,0.8608695652173913,2049
Energy,INEN,TFR:INEN:SHIFT_FUEL_HEAT,INEN: Fuel switch high- and low-temp thermal processes,Transformations for both (and/or) low and high-heat should be implemented using this transformer. ,This transformation can be specified to shift 90% of both low (to electricity) and high (depending on industry) heat (to electricity and hydrogen).,12,0.0,0.0,0.0,0.9,2050
Energy,SCOE,TFR:SCOE:DEC_DEMAND_HEAT,SCOE: Reduce end-use demand for heat energy by improving building shell,Missing,Fractional change in heat demand in buildings.,12,0.0,0.0,0.0,0.0,2015
Energy,SCOE,TFR:SCOE:DEC_DEMAND_HEAT,SCOE: Reduce end-use demand for heat energy by improving building shell,Missing,Fractional change in heat demand in buildings.,12,0.0,0.0,0.0,0.0,2016
Energy,SCOE,TFR:SCOE:DEC_DEMAND_HEAT,SCOE: Reduce end-use demand for heat energy by improving building shell,Missing,Fractional change in heat demand in buildings.,12,0.0,0.0,0.0,0.0,2017
Energy,SCOE,TFR:SCOE:DEC_DEMAND_HEAT,SCOE: Reduce end-use demand for heat energy by improving building shell,Missing,Fractional change in heat demand in buildings.,12,0.0,0.0,0.0,0.0,2018
Energy,SCOE,TFR:SCOE:DEC_DEMAND_HEAT,SCOE: Reduce end-use demand for heat energy by improving building shell,Missing,Fractional change in heat demand in buildings.,12,0.0,0.0,0.0,0.0,2019
Energy,SCOE,TFR:SCOE:DEC_DEMAND_HEAT,SCOE: Reduce end-use demand for heat energy by improving building shell,Missing,Fractional change in heat demand in buildings.,12,0.0,0.0,0.0,0.0,2020
Energy,SCOE,TFR:SCOE:DEC_DEMAND_HEAT,SCOE: Reduce end-use demand for heat energy by improving building shell,Missing,Fractional change in heat demand in buildings.,12,0.0,0.0,0.0,0.0,2021
Energy,SCOE,TFR:SCOE:DEC_DEMAND_HEAT,SCOE: Reduce end-use demand for heat energy by improving building shell,Missing,Fractional change in heat demand in buildings.,12,0.0,0.0,0.0,0.0,2022
Energy,SCOE,TFR:SCOE:DEC_DEMAND_HEAT,SCOE: Reduce end-use demand for heat energy by improving building shell,Missing,Fractional change in heat demand in buildings.,12,0.0,0.0,0.0,0.0,2023
Energy,SCOE,TFR:SCOE:DEC_DEMAND_HEAT,SCOE: Reduce end-use demand for heat energy by improving building shell,Missing,Fractional change in heat demand in buildings.,12,0.0,0.0,0.0,0.0,2024
Energy,SCOE,TFR:SCOE:DEC_DEMAND_HEAT,SCOE: Reduce end-use demand for heat energy by improving building shell,Missing,Fractional change in heat demand in buildings.,12,0.0,0.0,0.0,0.0,2025
Energy,SCOE,TFR:SCOE:DEC_DEMAND_HEAT,SCOE: Reduce end-use demand for heat energy by improving building shell,Missing,Fractional change in heat demand in buildings.,12,0.0,0.0,0.0,0.0,2026
Energy,SCOE,TFR:SCOE:DEC_DEMAND_HEAT,SCOE: Reduce end-use demand for heat energy by improving building shell,Missing,Fractional change in heat demand in buildings.,12,0.0,0.0,0.0,0.0,2027
Energy,SCOE,TFR:SCOE:DEC_DEMAND_HEAT,SCOE: Reduce end-use demand for heat energy by improving building shell,Missing,Fractional change in heat demand in buildings.,12,0.0,0.010869565217391304,0.021739130434782608,0.021739130434782608,2028
Energy,SCOE,TFR:SCOE:DEC_DEMAND_HEAT,SCOE: Reduce end-use demand for heat energy by improving building shell,Missing,Fractional change in heat demand in buildings.,12,0.0,0.021739130434782608,0.043478260869565216,0.043478260869565216,2029
Energy,SCOE,TFR:SCOE:DEC_DEMAND_HEAT,SCOE: Reduce end-use demand for heat energy by improving building shell,Missing,Fractional change in heat demand in buildings.,12,0.0,0.03260869565217391,0.06521739130434782,0.06521739130434782,2030
Energy,SCOE,TFR:SCOE:DEC_DEMAND_HEAT,SCOE: Reduce end-use demand for heat energy by improving building shell,Missing,Fractional change in heat demand in buildings.,12,0.0,0.043478260869565216,0.08695652173913043,0.08695652173913043,2031
Energy,SCOE,TFR:SCOE:DEC_DEMAND_HEAT,SCOE: Reduce end-use demand for heat energy by improving building shell,Missing,Fractional change in heat demand in buildings.,12,0.0,0.05434782608695652,0.10869565217391304,0.10869565217391304,2032
Energy,SCOE,TFR:SCOE:DEC_DEMAND_HEAT,SCOE: Reduce end-use demand for heat energy by improving building shell,Missing,Fractional change in heat demand in buildings.,12,0.0,0.06521739130434782,0.13043478260869565,0.13043478260869565,2033
Energy,SCOE,TFR:SCOE:DEC_DEMAND_HEAT,SCOE: Reduce end-use demand for heat energy by improving building shell,Missing,Fractional change in heat demand in buildings.,12,0.0,0.07608695652173914,0.15217391304347827,0.15217391304347827,2034
Energy,SCOE,TFR:SCOE:DEC_DEMAND_HEAT,SCOE: Reduce end-use demand for heat energy by improving building shell,Missing,Fractional change in heat demand in buildings.,12,0.0,0.08695652173913043,0.17391304347826086,0.17391304347826086,2035
Energy,SCOE,TFR:SCOE:DEC_DEMAND_HEAT,SCOE: Reduce end-use demand for heat energy by improving building shell,Missing,Fractional change in heat demand in buildings.,12,0.0,0.09782608695652174,0.1956521739130435,0.1956521739130435,2036
Energy,SCOE,TFR:SCOE:DEC_DEMAND_HEAT,SCOE: Reduce end-use demand for heat energy by improving building shell,Missing,Fractional change in heat demand in buildings.,12,0.0,0.10869565217391304,0.21739130434782608,0.21739130434782608,2037
Energy,SCOE,TFR:SCOE:DEC_DEMAND_HEAT,SCOE: Reduce end-use demand for heat energy by improving building shell,Missing,Fractional change in heat demand in buildings.,12,0.0,0.11956521739130435,0.2391304347826087,0.2391304347826087,2038
Energy,SCOE,TFR:SCOE:DEC_DEMAND_HEAT,SCOE: Reduce end-use demand for heat energy by improving building shell,Missing,Fractional change in heat demand in buildings.,12,0.0,0.13043478260869565,0.2608695652173913,0.2608695652173913,2039
Energy,SCOE,TFR:SCOE:DEC_DEMAND_HEAT,SCOE: Reduce end-use demand for heat energy by improving building shell,Missing,Fractional change in heat demand in buildings.,12,0.0,0.14130434782608695,0.2826086956521739,0.2826086956521739,2040
Energy,SCOE,TFR:SCOE:DEC_DEMAND_HEAT,SCOE: Reduce end-use demand for heat energy by improving building shell,Missing,Fractional change in heat demand in buildings.,12,0.0,0.15217391304347827,0.30434782608695654,0.30434782608695654,2041
Energy,SCOE,TFR:SCOE:DEC_DEMAND_HEAT,SCOE: Reduce end-use demand for heat energy by improving building shell,Missing,Fractional change in heat demand in buildings.,12,0.0,0.16304347826086957,0.32608695652173914,0.32608695652173914,2042
Energy,SCOE,TFR:SCOE:DEC_DEMAND_HEAT,SCOE: Reduce end-use demand for heat energy by improving building shell,Missing,Fractional change in heat demand in buildings.,12,0.0,0.17391304347826086,0.34782608695652173,0.34782608695652173,2043
Energy,SCOE,TFR:SCOE:DEC_DEMAND_HEAT,SCOE: Reduce end-use demand for heat energy by improving building shell,Missing,Fractional change in heat demand in buildings.,12,0.0,0.18478260869565216,0.3695652173913043,0.3695652173913043,2044
Energy,SCOE,TFR:SCOE:DEC_DEMAND_HEAT,SCOE: Reduce end-use demand for heat energy by improving building shell,Missing,Fractional change in heat demand in buildings.,12,0.0,0.1956521739130435,0.391304347826087,0.391304347826087,2045
Energy,SCOE,TFR:SCOE:DEC_DEMAND_HEAT,SCOE: Reduce end-use demand for heat energy by improving building shell,Missing,Fractional change in heat demand in buildings.,12,0.0,0.20652173913043478,0.41304347826086957,0.41304347826086957,2046
Energy,SCOE,TFR:SCOE:DEC_DEMAND_HEAT,SCOE: Reduce end-use demand for heat energy by improving building shell,Missing,Fractional change in heat demand in buildings.,12,0.0,0.21739130434782608,0.43478260869565216,0.43478260869565216,2047
Energy,SCOE,TFR:SCOE:DEC_DEMAND_HEAT,SCOE: Reduce end-use demand for heat energy by improving building shell,Missing,Fractional change in heat demand in buildings.,12,0.0,0.22826086956521738,0.45652173913043476,0.45652173913043476,2048
Energy,SCOE,TFR:SCOE:DEC_DEMAND_HEAT,SCOE: Reduce end-use demand for heat energy by improving building shell,Missing,Fractional change in heat demand in buildings.,12,0.0,0.2391304347826087,0.4782608695652174,0.4782608695652174,2049
Energy,SCOE,TFR:SCOE:DEC_DEMAND_HEAT,SCOE: Reduce end-use demand for heat energy by improving building shell,Missing,Fractional change in heat demand in buildings.,12,0.0,0.25,0.5,0.5,2050
Energy,TRDE,TFR:TRDE:DEC_DEMAND,TRDE: Reduce demand for transport,Missing,"Fractional reduction in aggregate transportation demand by TRDE demand type (e.g., public_private, regional, or freight)",12,0.0,0.0,0.0,0.0,2015
Energy,TRDE,TFR:TRDE:DEC_DEMAND,TRDE: Reduce demand for transport,Missing,"Fractional reduction in aggregate transportation demand by TRDE demand type (e.g., public_private, regional, or freight)",12,0.0,0.0,0.0,0.0,2016
Energy,TRDE,TFR:TRDE:DEC_DEMAND,TRDE: Reduce demand for transport,Missing,"Fractional reduction in aggregate transportation demand by TRDE demand type (e.g., public_private, regional, or freight)",12,0.0,0.0,0.0,0.0,2017
Energy,TRDE,TFR:TRDE:DEC_DEMAND,TRDE: Reduce demand for transport,Missing,"Fractional reduction in aggregate transportation demand by TRDE demand type (e.g., public_private, regional, or freight)",12,0.0,0.0,0.0,0.0,2018
Energy,TRDE,TFR:TRDE:DEC_DEMAND,TRDE: Reduce demand for transport,Missing,"Fractional reduction in aggregate transportation demand by TRDE demand type (e.g., public_private, regional, or freight)",12,0.0,0.0,0.0,0.0,2019
Energy,TRDE,TFR:TRDE:DEC_DEMAND,TRDE: Reduce demand for transport,Missing,"Fractional reduction in aggregate transportation demand by TRDE demand type (e.g., public_private, regional, or freight)",12,0.0,0.0,0.0,0.0,2020
Energy,TRDE,TFR:TRDE:DEC_DEMAND,TRDE: Reduce demand for transport,Missing,"Fractional reduction in aggregate transportation demand by TRDE demand type (e.g., public_private, regional, or freight)",12,0.0,0.0,0.0,0.0,2021
Energy,TRDE,TFR:TRDE:DEC_DEMAND,TRDE: Reduce demand for transport,Missing,"Fractional reduction in aggregate transportation demand by TRDE demand type (e.g., public_private, regional, or freight)",12,0.0,0.0,0.0,0.0,2022
Energy,TRDE,TFR:TRDE:DEC_DEMAND,TRDE: Reduce demand for transport,Missing,"Fractional reduction in aggregate transportation demand by TRDE demand type (e.g., public_private, regional, or freight)",12,0.0,0.0,0.0,0.0,2023
Energy,TRDE,TFR:TRDE:DEC_DEMAND,TRDE: Reduce demand for transport,Missing,"Fractional reduction in aggregate transportation demand by TRDE demand type (e.g., public_private, regional, or freight)",12,0.0,0.0,0.0,0.0,2024
Energy,TRDE,TFR:TRDE:DEC_DEMAND,TRDE: Reduce demand for transport,Missing,"Fractional reduction in aggregate transportation demand by TRDE demand type (e.g., public_private, regional, or freight)",12,0.0,0.0,0.0,0.0,2025
Energy,TRDE,TFR:TRDE:DEC_DEMAND,TRDE: Reduce demand for transport,Missing,"Fractional reduction in aggregate transportation demand by TRDE demand type (e.g., public_private, regional, or freight)",12,0.0,0.0,0.0,0.0,2026
Energy,TRDE,TFR:TRDE:DEC_DEMAND,TRDE: Reduce demand for transport,Missing,"Fractional reduction in aggregate transportation demand by TRDE demand type (e.g., public_private, regional, or freight)",12,0.0,0.0,0.0,0.0,2027
Energy,TRDE,TFR:TRDE:DEC_DEMAND,TRDE: Reduce demand for transport,Missing,"Fractional reduction in aggregate transportation demand by TRDE demand type (e.g., public_private, regional, or freight)",12,0.0,0.005434782608695652,0.010869565217391304,0.010869565217391304,2028
Energy,TRDE,TFR:TRDE:DEC_DEMAND,TRDE: Reduce demand for transport,Missing,"Fractional reduction in aggregate transportation demand by TRDE demand type (e.g., public_private, regional, or freight)",12,0.0,0.010869565217391304,0.021739130434782608,0.021739130434782608,2029
Energy,TRDE,TFR:TRDE:DEC_DEMAND,TRDE: Reduce demand for transport,Missing,"Fractional reduction in aggregate transportation demand by TRDE demand type (e.g., public_private, regional, or freight)",12,0.0,0.016304347826086956,0.03260869565217391,0.03260869565217391,2030
Energy,TRDE,TFR:TRDE:DEC_DEMAND,TRDE: Reduce demand for transport,Missing,"Fractional reduction in aggregate transportation demand by TRDE demand type (e.g., public_private, regional, or freight)",12,0.0,0.021739130434782608,0.043478260869565216,0.043478260869565216,2031
Energy,TRDE,TFR:TRDE:DEC_DEMAND,TRDE: Reduce demand for transport,Missing,"Fractional reduction in aggregate transportation demand by TRDE demand type (e.g., public_private, regional, or freight)",12,0.0,0.02717391304347826,0.05434782608695652,0.05434782608695652,2032
Energy,TRDE,TFR:TRDE:DEC_DEMAND,TRDE: Reduce demand for transport,Missing,"Fractional reduction in aggregate transportation demand by TRDE demand type (e.g., public_private, regional, or freight)",12,0.0,0.03260869565217391,0.06521739130434782,0.06521739130434782,2033
Energy,TRDE,TFR:TRDE:DEC_DEMAND,TRDE: Reduce demand for transport,Missing,"Fractional reduction in aggregate transportation demand by TRDE demand type (e.g., public_private, regional, or freight)",12,0.0,0.03804347826086957,0.07608695652173914,0.07608695652173914,2034
Energy,TRDE,TFR:TRDE:DEC_DEMAND,TRDE: Reduce demand for transport,Missing,"Fractional reduction in aggregate transportation demand by TRDE demand type (e.g., public_private, regional, or freight)",12,0.0,0.043478260869565216,0.08695652173913043,0.08695652173913043,2035
Energy,TRDE,TFR:TRDE:DEC_DEMAND,TRDE: Reduce demand for transport,Missing,"Fractional reduction in aggregate transportation demand by TRDE demand type (e.g., public_private, regional, or freight)",12,0.0,0.04891304347826087,0.09782608695652174,0.09782608695652174,2036
Energy,TRDE,TFR:TRDE:DEC_DEMAND,TRDE: Reduce demand for transport,Missing,"Fractional reduction in aggregate transportation demand by TRDE demand type (e.g., public_private, regional, or freight)",12,0.0,0.05434782608695652,0.10869565217391304,0.10869565217391304,2037
Energy,TRDE,TFR:TRDE:DEC_DEMAND,TRDE: Reduce demand for transport,Missing,"Fractional reduction in aggregate transportation demand by TRDE demand type (e.g., public_private, regional, or freight)",12,0.0,0.059782608695652176,0.11956521739130435,0.11956521739130435,2038
Energy,TRDE,TFR:TRDE:DEC_DEMAND,TRDE: Reduce demand for transport,Missing,"Fractional reduction in aggregate transportation demand by TRDE demand type (e.g., public_private, regional, or freight)",12,0.0,0.06521739130434782,0.13043478260869565,0.13043478260869565,2039
Energy,TRDE,TFR:TRDE:DEC_DEMAND,TRDE: Reduce demand for transport,Missing,"Fractional reduction in aggregate transportation demand by TRDE demand type (e.g., public_private, regional, or freight)",12,0.0,0.07065217391304347,0.14130434782608695,0.14130434782608695,2040
Energy,TRDE,TFR:TRDE:DEC_DEMAND,TRDE: Reduce demand for transport,Missing,"Fractional reduction in aggregate transportation demand by TRDE demand type (e.g., public_private, regional, or freight)",12,0.0,0.07608695652173914,0.15217391304347827,0.15217391304347827,2041
Energy,TRDE,TFR:TRDE:DEC_DEMAND,TRDE: Reduce demand for transport,Missing,"Fractional reduction in aggregate transportation demand by TRDE demand type (e.g., public_private, regional, or freight)",12,0.0,0.08152173913043478,0.16304347826086957,0.16304347826086957,2042
Energy,TRDE,TFR:TRDE:DEC_DEMAND,TRDE: Reduce demand for transport,Missing,"Fractional reduction in aggregate transportation demand by TRDE demand type (e.g., public_private, regional, or freight)",12,0.0,0.08695652173913043,0.17391304347826086,0.17391304347826086,2043
Energy,TRDE,TFR:TRDE:DEC_DEMAND,TRDE: Reduce demand for transport,Missing,"Fractional reduction in aggregate transportation demand by TRDE demand type (e.g., public_private, regional, or freight)",12,0.0,0.09239130434782608,0.18478260869565216,0.18478260869565216,2044
Energy,TRDE,TFR:TRDE:DEC_DEMAND,TRDE: Reduce demand for transport,Missing,"Fractional reduction in aggregate transportation demand by TRDE demand type (e.g., public_private, regional, or freight)",12,0.0,0.09782608695652174,0.1956521739130435,0.1956521739130435,2045
Energy,TRDE,TFR:TRDE:DEC_DEMAND,TRDE: Reduce demand for transport,Missing,"Fractional reduction in aggregate transportation demand by TRDE demand type (e.g., public_private, regional, or freight)",12,0.0,0.10326086956521739,0.20652173913043478,0.20652173913043478,2046
Energy,TRDE,TFR:TRDE:DEC_DEMAND,TRDE: Reduce demand for transport,Missing,"Fractional reduction in aggregate transportation demand by TRDE demand type (e.g., public_private, regional, or freight)",12,0.0,0.10869565217391304,0.21739130434782608,0.21739130434782608,2047
Energy,TRDE,TFR:TRDE:DEC_DEMAND,TRDE: Reduce demand for transport,Missing,"Fractional reduction in aggregate transportation demand by TRDE demand type (e.g., public_private, regional, or freight)",12,0.0,0.11413043478260869,0.22826086956521738,0.22826086956521738,2048
Energy,TRDE,TFR:TRDE:DEC_DEMAND,TRDE: Reduce demand for transport,Missing,"Fractional reduction in aggregate transportation demand by TRDE demand type (e.g., public_private, regional, or freight)",12,0.0,0.11956521739130435,0.2391304347826087,0.2391304347826087,2049
Energy,TRDE,TFR:TRDE:DEC_DEMAND,TRDE: Reduce demand for transport,Missing,"Fractional reduction in aggregate transportation demand by TRDE demand type (e.g., public_private, regional, or freight)",12,0.0,0.125,0.25,0.25,2050
Energy,TRNS,TFR:TRNS:INC_EFFICIENCY_ELECTRIC,TRNS: Increase electric transportation energy efficiency,Missing,Fractional increase in electric vehicle efficiency against the final time period.,12,0.0,0.0,0.0,0.0,2015
Energy,TRNS,TFR:TRNS:INC_EFFICIENCY_ELECTRIC,TRNS: Increase electric transportation energy efficiency,Missing,Fractional increase in electric vehicle efficiency against the final time period.,12,0.0,0.0,0.0,0.0,2016
Energy,TRNS,TFR:TRNS:INC_EFFICIENCY_ELECTRIC,TRNS: Increase electric transportation energy efficiency,Missing,Fractional increase in electric vehicle efficiency against the final time period.,12,0.0,0.0,0.0,0.0,2017
Energy,TRNS,TFR:TRNS:INC_EFFICIENCY_ELECTRIC,TRNS: Increase electric transportation energy efficiency,Missing,Fractional increase in electric vehicle efficiency against the final time period.,12,0.0,0.0,0.0,0.0,2018
Energy,TRNS,TFR:TRNS:INC_EFFICIENCY_ELECTRIC,TRNS: Increase electric transportation energy efficiency,Missing,Fractional increase in electric vehicle efficiency against the final time period.,12,0.0,0.0,0.0,0.0,2019
Energy,TRNS,TFR:TRNS:INC_EFFICIENCY_ELECTRIC,TRNS: Increase electric transportation energy efficiency,Missing,Fractional increase in electric vehicle efficiency against the final time period.,12,0.0,0.0,0.0,0.0,2020
Energy,TRNS,TFR:TRNS:INC_EFFICIENCY_ELECTRIC,TRNS: Increase electric transportation energy efficiency,Missing,Fractional increase in electric vehicle efficiency against the final time period.,12,0.0,0.0,0.0,0.0,2021
Energy,TRNS,TFR:TRNS:INC_EFFICIENCY_ELECTRIC,TRNS: Increase electric transportation energy efficiency,Missing,Fractional increase in electric vehicle efficiency against the final time period.,12,0.0,0.0,0.0,0.0,2022
Energy,TRNS,TFR:TRNS:INC_EFFICIENCY_ELECTRIC,TRNS: Increase electric transportation energy efficiency,Missing,Fractional increase in electric vehicle efficiency against the final time period.,12,0.0,0.0,0.0,0.0,2023
Energy,TRNS,TFR:TRNS:INC_EFFICIENCY_ELECTRIC,TRNS: Increase electric transportation energy efficiency,Missing,Fractional increase in electric vehicle efficiency against the final time period.,12,0.0,0.0,0.0,0.0,2024
Energy,TRNS,TFR:TRNS:INC_EFFICIENCY_ELECTRIC,TRNS: Increase electric transportation energy efficiency,Missing,Fractional increase in electric vehicle efficiency against the final time period.,12,0.0,0.0,0.0,0.0,2025
Energy,TRNS,TFR:TRNS:INC_EFFICIENCY_ELECTRIC,TRNS: Increase electric transportation energy efficiency,Missing,Fractional increase in electric vehicle efficiency against the final time period.,12,0.0,0.0,0.0,0.0,2026
Energy,TRNS,TFR:TRNS:INC_EFFICIENCY_ELECTRIC,TRNS: Increase electric transportation energy efficiency,Missing,Fractional increase in electric vehicle efficiency against the final time period.,12,0.0,0.0,0.0,0.0,2027
Energy,TRNS,TFR:TRNS:INC_EFFICIENCY_ELECTRIC,TRNS: Increase electric transportation energy efficiency,Missing,Fractional increase in electric vehicle efficiency against the final time period.,12,0.0,0.0,0.010869565217391304,0.021739130434782608,2028
Energy,TRNS,TFR:TRNS:INC_EFFICIENCY_ELECTRIC,TRNS: Increase electric transportation energy efficiency,Missing,Fractional increase in electric vehicle efficiency against the final time period.,12,0.0,0.0,0.021739130434782608,0.043478260869565216,2029
Energy,TRNS,TFR:TRNS:INC_EFFICIENCY_ELECTRIC,TRNS: Increase electric transportation energy efficiency,Missing,Fractional increase in electric vehicle efficiency against the final time period.,12,0.0,0.0,0.03260869565217391,0.06521739130434782,2030
Energy,TRNS,TFR:TRNS:INC_EFFICIENCY_ELECTRIC,TRNS: Increase electric transportation energy efficiency,Missing,Fractional increase in electric vehicle efficiency against the final time period.,12,0.0,0.0,0.043478260869565216,0.08695652173913043,2031
Energy,TRNS,TFR:TRNS:INC_EFFICIENCY_ELECTRIC,TRNS: Increase electric transportation energy efficiency,Missing,Fractional increase in electric vehicle efficiency against the final time period.,12,0.0,0.0,0.05434782608695652,0.10869565217391304,2032
Energy,TRNS,TFR:TRNS:INC_EFFICIENCY_ELECTRIC,TRNS: Increase electric transportation energy efficiency,Missing,Fractional increase in electric vehicle efficiency against the final time period.,12,0.0,0.0,0.06521739130434782,0.13043478260869565,2033
Energy,TRNS,TFR:TRNS:INC_EFFICIENCY_ELECTRIC,TRNS: Increase electric transportation energy efficiency,Missing,Fractional increase in electric vehicle efficiency against the final time period.,12,0.0,0.0,0.07608695652173914,0.15217391304347827,2034
Energy,TRNS,TFR:TRNS:INC_EFFICIENCY_ELECTRIC,TRNS: Increase electric transportation energy efficiency,Missing,Fractional increase in electric vehicle efficiency against the final time period.,12,0.0,0.0,0.08695652173913043,0.17391304347826086,2035
Energy,TRNS,TFR:TRNS:INC_EFFICIENCY_ELECTRIC,TRNS: Increase electric transportation energy efficiency,Missing,Fractional increase in electric vehicle efficiency against the final time period.,12,0.0,0.0,0.09782608695652174,0.1956521739130435,2036
Energy,TRNS,TFR:TRNS:INC_EFFICIENCY_ELECTRIC,TRNS: Increase electric transportation energy efficiency,Missing,Fractional increase in electric vehicle efficiency against the final time period.,12,0.0,0.0,0.10869565217391304,0.21739130434782608,2037
Energy,TRNS,TFR:TRNS:INC_EFFICIENCY_ELECTRIC,TRNS: Increase electric transportation energy efficiency,Missing,Fractional increase in electric vehicle efficiency against the final time period.,12,0.0,0.0,0.11956521739130435,0.2391304347826087,2038
Energy,TRNS,TFR:TRNS:INC_EFFICIENCY_ELECTRIC,TRNS: Increase electric transportation energy efficiency,Missing,Fractional increase in electric vehicle efficiency against the final time period.,12,0.0,0.0,0.13043478260869565,0.2608695652173913,2039
Energy,TRNS,TFR:TRNS:INC_EFFICIENCY_ELECTRIC,TRNS: Increase electric transportation energy efficiency,Missing,Fractional increase in electric vehicle efficiency against the final time period.,12,0.0,0.0,0.14130434782608695,0.2826086956521739,2040
Energy,TRNS,TFR:TRNS:INC_EFFICIENCY_ELECTRIC,TRNS: Increase electric transportation energy efficiency,Missing,Fractional increase in electric vehicle efficiency against the final time period.,12,0.0,0.0,0.15217391304347827,0.30434782608695654,2041
Energy,TRNS,TFR:TRNS:INC_EFFICIENCY_ELECTRIC,TRNS: Increase electric transportation energy efficiency,Missing,Fractional increase in electric vehicle efficiency against the final time period.,12,0.0,0.0,0.16304347826086957,0.32608695652173914,2042
Energy,TRNS,TFR:TRNS:INC_EFFICIENCY_ELECTRIC,TRNS: Increase electric transportation energy efficiency,Missing,Fractional increase in electric vehicle efficiency against the final time period.,12,0.0,0.0,0.17391304347826086,0.34782608695652173,2043
Energy,TRNS,TFR:TRNS:INC_EFFICIENCY_ELECTRIC,TRNS: Increase electric transportation energy efficiency,Missing,Fractional increase in electric vehicle efficiency against the final time period.,12,0.0,0.0,0.18478260869565216,0.3695652173913043,2044
Energy,TRNS,TFR:TRNS:INC_EFFICIENCY_ELECTRIC,TRNS: Increase electric transportation energy efficiency,Missing,Fractional increase in electric vehicle efficiency against the final time period.,12,0.0,0.0,0.1956521739130435,0.391304347826087,2045
Energy,TRNS,TFR:TRNS:INC_EFFICIENCY_ELECTRIC,TRNS: Increase electric transportation energy efficiency,Missing,Fractional increase in electric vehicle efficiency against the final time period.,12,0.0,0.0,0.20652173913043478,0.41304347826086957,2046
Energy,TRNS,TFR:TRNS:INC_EFFICIENCY_ELECTRIC,TRNS: Increase electric transportation energy efficiency,Missing,Fractional increase in electric vehicle efficiency against the final time period.,12,0.0,0.0,0.21739130434782608,0.43478260869565216,2047
Energy,TRNS,TFR:TRNS:INC_EFFICIENCY_ELECTRIC,TRNS: Increase electric transportation energy efficiency,Missing,Fractional increase in electric vehicle efficiency against the final time period.,12,0.0,0.0,0.22826086956521738,0.45652173913043476,2048
Energy,TRNS,TFR:TRNS:INC_EFFICIENCY_ELECTRIC,TRNS: Increase electric transportation energy efficiency,Missing,Fractional increase in electric vehicle efficiency against the final time period.,12,0.0,0.0,0.2391304347826087,0.4782608695652174,2049
Energy,TRNS,TFR:TRNS:INC_EFFICIENCY_ELECTRIC,TRNS: Increase electric transportation energy efficiency,Missing,Fractional increase in electric vehicle efficiency against the final time period.,12,0.0,0.0,0.25,0.5,2050
Energy,TRNS,TFR:TRNS:INC_EFFICIENCY_NON_ELECTRIC,TRNS: Increase non-electric transportation energy efficiency,Missing,Fractional increase in non-electric vehicle efficiency against the final time period,12,0.0,0.0,0.0,0.0,2015
Energy,TRNS,TFR:TRNS:INC_EFFICIENCY_NON_ELECTRIC,TRNS: Increase non-electric transportation energy efficiency,Missing,Fractional increase in non-electric vehicle efficiency against the final time period,12,0.0,0.0,0.0,0.0,2016
Energy,TRNS,TFR:TRNS:INC_EFFICIENCY_NON_ELECTRIC,TRNS: Increase non-electric transportation energy efficiency,Missing,Fractional increase in non-electric vehicle efficiency against the final time period,12,0.0,0.0,0.0,0.0,2017
Energy,TRNS,TFR:TRNS:INC_EFFICIENCY_NON_ELECTRIC,TRNS: Increase non-electric transportation energy efficiency,Missing,Fractional increase in non-electric vehicle efficiency against the final time period,12,0.0,0.0,0.0,0.0,2018
Energy,TRNS,TFR:TRNS:INC_EFFICIENCY_NON_ELECTRIC,TRNS: Increase non-electric transportation energy efficiency,Missing,Fractional increase in non-electric vehicle efficiency against the final time period,12,0.0,0.0,0.0,0.0,2019
Energy,TRNS,TFR:TRNS:INC_EFFICIENCY_NON_ELECTRIC,TRNS: Increase non-electric transportation energy efficiency,Missing,Fractional increase in non-electric vehicle efficiency against the final time period,12,0.0,0.0,0.0,0.0,2020
Energy,TRNS,TFR:TRNS:INC_EFFICIENCY_NON_ELECTRIC,TRNS: Increase non-electric transportation energy efficiency,Missing,Fractional increase in non-electric vehicle efficiency against the final time period,12,0.0,0.0,0.0,0.0,2021
Energy,TRNS,TFR:TRNS:INC_EFFICIENCY_NON_ELECTRIC,TRNS: Increase non-electric transportation energy efficiency,Missing,Fractional increase in non-electric vehicle efficiency against the final time period,12,0.0,0.0,0.0,0.0,2022
Energy,TRNS,TFR:TRNS:INC_EFFICIENCY_NON_ELECTRIC,TRNS: Increase non-electric transportation energy efficiency,Missing,Fractional increase in non-electric vehicle efficiency against the final time period,12,0.0,0.0,0.0,0.0,2023
Energy,TRNS,TFR:TRNS:INC_EFFICIENCY_NON_ELECTRIC,TRNS: Increase non-electric transportation energy efficiency,Missing,Fractional increase in non-electric vehicle efficiency against the final time period,12,0.0,0.0,0.0,0.0,2024
Energy,TRNS,TFR:TRNS:INC_EFFICIENCY_NON_ELECTRIC,TRNS: Increase non-electric transportation energy efficiency,Missing,Fractional increase in non-electric vehicle efficiency against the final time period,12,0.0,0.0,0.0,0.0,2025
Energy,TRNS,TFR:TRNS:INC_EFFICIENCY_NON_ELECTRIC,TRNS: Increase non-electric transportation energy efficiency,Missing,Fractional increase in non-electric vehicle efficiency against the final time period,12,0.0,0.0,0.0,0.0,2026
Energy,TRNS,TFR:TRNS:INC_EFFICIENCY_NON_ELECTRIC,TRNS: Increase non-electric transportation energy efficiency,Missing,Fractional increase in non-electric vehicle efficiency against the final time period,12,0.0,0.0,0.0,0.0,2027
Energy,TRNS,TFR:TRNS:INC_EFFICIENCY_NON_ELECTRIC,TRNS: Increase non-electric transportation energy efficiency,Missing,Fractional increase in non-electric vehicle efficiency against the final time period,12,0.0,0.0,0.010869565217391304,0.021739130434782608,2028
Energy,TRNS,TFR:TRNS:INC_EFFICIENCY_NON_ELECTRIC,TRNS: Increase non-electric transportation energy efficiency,Missing,Fractional increase in non-electric vehicle efficiency against the final time period,12,0.0,0.0,0.021739130434782608,0.043478260869565216,2029
Energy,TRNS,TFR:TRNS:INC_EFFICIENCY_NON_ELECTRIC,TRNS: Increase non-electric transportation energy efficiency,Missing,Fractional increase in non-electric vehicle efficiency against the final time period,12,0.0,0.0,0.03260869565217391,0.06521739130434782,2030
Energy,TRNS,TFR:TRNS:INC_EFFICIENCY_NON_ELECTRIC,TRNS: Increase non-electric transportation energy efficiency,Missing,Fractional increase in non-electric vehicle efficiency against the final time period,12,0.0,0.0,0.043478260869565216,0.08695652173913043,2031
Energy,TRNS,TFR:TRNS:INC_EFFICIENCY_NON_ELECTRIC,TRNS: Increase non-electric transportation energy efficiency,Missing,Fractional increase in non-electric vehicle efficiency against the final time period,12,0.0,0.0,0.05434782608695652,0.10869565217391304,2032
Energy,TRNS,TFR:TRNS:INC_EFFICIENCY_NON_ELECTRIC,TRNS: Increase non-electric transportation energy efficiency,Missing,Fractional increase in non-electric vehicle efficiency against the final time period,12,0.0,0.0,0.06521739130434782,0.13043478260869565,2033
Energy,TRNS,TFR:TRNS:INC_EFFICIENCY_NON_ELECTRIC,TRNS: Increase non-electric transportation energy efficiency,Missing,Fractional increase in non-electric vehicle efficiency against the final time period,12,0.0,0.0,0.07608695652173914,0.15217391304347827,2034
Energy,TRNS,TFR:TRNS:INC_EFFICIENCY_NON_ELECTRIC,TRNS: Increase non-electric transportation energy efficiency,Missing,Fractional increase in non-electric vehicle efficiency against the final time period,12,0.0,0.0,0.08695652173913043,0.17391304347826086,2035
Energy,TRNS,TFR:TRNS:INC_EFFICIENCY_NON_ELECTRIC,TRNS: Increase non-electric transportation energy efficiency,Missing,Fractional increase in non-electric vehicle efficiency against the final time period,12,0.0,0.0,0.09782608695652174,0.1956521739130435,2036
Energy,TRNS,TFR:TRNS:INC_EFFICIENCY_NON_ELECTRIC,TRNS: Increase non-electric transportation energy efficiency,Missing,Fractional increase in non-electric vehicle efficiency against the final time period,12,0.0,0.0,0.10869565217391304,0.21739130434782608,2037
Energy,TRNS,TFR:TRNS:INC_EFFICIENCY_NON_ELECTRIC,TRNS: Increase non-electric transportation energy efficiency,Missing,Fractional increase in non-electric vehicle efficiency against the final time period,12,0.0,0.0,0.11956521739130435,0.2391304347826087,2038
Energy,TRNS,TFR:TRNS:INC_EFFICIENCY_NON_ELECTRIC,TRNS: Increase non-electric transportation energy efficiency,Missing,Fractional increase in non-electric vehicle efficiency against the final time period,12,0.0,0.0,0.13043478260869565,0.2608695652173913,2039
Energy,TRNS,TFR:TRNS:INC_EFFICIENCY_NON_ELECTRIC,TRNS: Increase non-electric transportation energy efficiency,Missing,Fractional increase in non-electric vehicle efficiency against the final time period,12,0.0,0.0,0.14130434782608695,0.2826086956521739,2040
Energy,TRNS,TFR:TRNS:INC_EFFICIENCY_NON_ELECTRIC,TRNS: Increase non-electric transportation energy efficiency,Missing,Fractional increase in non-electric vehicle efficiency against the final time period,12,0.0,0.0,0.15217391304347827,0.30434782608695654,2041
Energy,TRNS,TFR:TRNS:INC_EFFICIENCY_NON_ELECTRIC,TRNS: Increase non-electric transportation energy efficiency,Missing,Fractional increase in non-electric vehicle efficiency against the final time period,12,0.0,0.0,0.16304347826086957,0.32608695652173914,2042
Energy,TRNS,TFR:TRNS:INC_EFFICIENCY_NON_ELECTRIC,TRNS: Increase non-electric transportation energy efficiency,Missing,Fractional increase in non-electric vehicle efficiency against the final time period,12,0.0,0.0,0.17391304347826086,0.34782608695652173,2043
Energy,TRNS,TFR:TRNS:INC_EFFICIENCY_NON_ELECTRIC,TRNS: Increase non-electric transportation energy efficiency,Missing,Fractional increase in non-electric vehicle efficiency against the final time period,12,0.0,0.0,0.18478260869565216,0.3695652173913043,2044
Energy,TRNS,TFR:TRNS:INC_EFFICIENCY_NON_ELECTRIC,TRNS: Increase non-electric transportation energy efficiency,Missing,Fractional increase in non-electric vehicle efficiency against the final time period,12,0.0,0.0,0.1956521739130435,0.391304347826087,2045
Energy,TRNS,TFR:TRNS:INC_EFFICIENCY_NON_ELECTRIC,TRNS: Increase non-electric transportation energy efficiency,Missing,Fractional increase in non-electric vehicle efficiency against the final time period,12,0.0,0.0,0.20652173913043478,0.41304347826086957,2046
Energy,TRNS,TFR:TRNS:INC_EFFICIENCY_NON_ELECTRIC,TRNS: Increase non-electric transportation energy efficiency,Missing,Fractional increase in non-electric vehicle efficiency against the final time period,12,0.0,0.0,0.21739130434782608,0.43478260869565216,2047
Energy,TRNS,TFR:TRNS:INC_EFFICIENCY_NON_ELECTRIC,TRNS: Increase non-electric transportation energy efficiency,Missing,Fractional increase in non-electric vehicle efficiency against the final time period,12,0.0,0.0,0.22826086956521738,0.45652173913043476,2048
Energy,TRNS,TFR:TRNS:INC_EFFICIENCY_NON_ELECTRIC,TRNS: Increase non-electric transportation energy efficiency,Missing,Fractional increase in non-electric vehicle efficiency against the final time period,12,0.0,0.0,0.2391304347826087,0.4782608695652174,2049
Energy,TRNS,TFR:TRNS:INC_EFFICIENCY_NON_ELECTRIC,TRNS: Increase non-electric transportation energy efficiency,Missing,Fractional increase in non-electric vehicle efficiency against the final time period,12,0.0,0.0,0.25,0.5,2050
Energy,TRNS,TFR:TRNS:INC_OCCUPANCY_LIGHT_DUTY,TRNS: Increase occupancy for private vehicles,Missing,Fractional increase in the average occupancy rate of private vehicles.,12,0.0,0.0,0.0,0.0,2015
Energy,TRNS,TFR:TRNS:INC_OCCUPANCY_LIGHT_DUTY,TRNS: Increase occupancy for private vehicles,Missing,Fractional increase in the average occupancy rate of private vehicles.,12,0.0,0.0,0.0,0.0,2016
Energy,TRNS,TFR:TRNS:INC_OCCUPANCY_LIGHT_DUTY,TRNS: Increase occupancy for private vehicles,Missing,Fractional increase in the average occupancy rate of private vehicles.,12,0.0,0.0,0.0,0.0,2017
Energy,TRNS,TFR:TRNS:INC_OCCUPANCY_LIGHT_DUTY,TRNS: Increase occupancy for private vehicles,Missing,Fractional increase in the average occupancy rate of private vehicles.,12,0.0,0.0,0.0,0.0,2018
Energy,TRNS,TFR:TRNS:INC_OCCUPANCY_LIGHT_DUTY,TRNS: Increase occupancy for private vehicles,Missing,Fractional increase in the average occupancy rate of private vehicles.,12,0.0,0.0,0.0,0.0,2019
Energy,TRNS,TFR:TRNS:INC_OCCUPANCY_LIGHT_DUTY,TRNS: Increase occupancy for private vehicles,Missing,Fractional increase in the average occupancy rate of private vehicles.,12,0.0,0.0,0.0,0.0,2020
Energy,TRNS,TFR:TRNS:INC_OCCUPANCY_LIGHT_DUTY,TRNS: Increase occupancy for private vehicles,Missing,Fractional increase in the average occupancy rate of private vehicles.,12,0.0,0.0,0.0,0.0,2021
Energy,TRNS,TFR:TRNS:INC_OCCUPANCY_LIGHT_DUTY,TRNS: Increase occupancy for private vehicles,Missing,Fractional increase in the average occupancy rate of private vehicles.,12,0.0,0.0,0.0,0.0,2022
Energy,TRNS,TFR:TRNS:INC_OCCUPANCY_LIGHT_DUTY,TRNS: Increase occupancy for private vehicles,Missing,Fractional increase in the average occupancy rate of private vehicles.,12,0.0,0.0,0.0,0.0,2023
Energy,TRNS,TFR:TRNS:INC_OCCUPANCY_LIGHT_DUTY,TRNS: Increase occupancy for private vehicles,Missing,Fractional increase in the average occupancy rate of private vehicles.,12,0.0,0.0,0.0,0.0,2024
Energy,TRNS,TFR:TRNS:INC_OCCUPANCY_LIGHT_DUTY,TRNS: Increase occupancy for private vehicles,Missing,Fractional increase in the average occupancy rate of private vehicles.,12,0.0,0.0,0.0,0.0,2025
Energy,TRNS,TFR:TRNS:INC_OCCUPANCY_LIGHT_DUTY,TRNS: Increase occupancy for private vehicles,Missing,Fractional increase in the average occupancy rate of private vehicles.,12,0.0,0.0,0.0,0.0,2026
Energy,TRNS,TFR:TRNS:INC_OCCUPANCY_LIGHT_DUTY,TRNS: Increase occupancy for private vehicles,Missing,Fractional increase in the average occupancy rate of private vehicles.,12,0.0,0.0,0.0,0.0,2027
Energy,TRNS,TFR:TRNS:INC_OCCUPANCY_LIGHT_DUTY,TRNS: Increase occupancy for private vehicles,Missing,Fractional increase in the average occupancy rate of private vehicles.,12,0.0,0.0,0.010869565217391304,0.021739130434782608,2028
Energy,TRNS,TFR:TRNS:INC_OCCUPANCY_LIGHT_DUTY,TRNS: Increase occupancy for private vehicles,Missing,Fractional increase in the average occupancy rate of private vehicles.,12,0.0,0.0,0.021739130434782608,0.043478260869565216,2029
Energy,TRNS,TFR:TRNS:INC_OCCUPANCY_LIGHT_DUTY,TRNS: Increase occupancy for private vehicles,Missing,Fractional increase in the average occupancy rate of private vehicles.,12,0.0,0.0,0.03260869565217391,0.06521739130434782,2030
Energy,TRNS,TFR:TRNS:INC_OCCUPANCY_LIGHT_DUTY,TRNS: Increase occupancy for private vehicles,Missing,Fractional increase in the average occupancy rate of private vehicles.,12,0.0,0.0,0.043478260869565216,0.08695652173913043,2031
Energy,TRNS,TFR:TRNS:INC_OCCUPANCY_LIGHT_DUTY,TRNS: Increase occupancy for private vehicles,Missing,Fractional increase in the average occupancy rate of private vehicles.,12,0.0,0.0,0.05434782608695652,0.10869565217391304,2032
Energy,TRNS,TFR:TRNS:INC_OCCUPANCY_LIGHT_DUTY,TRNS: Increase occupancy for private vehicles,Missing,Fractional increase in the average occupancy rate of private vehicles.,12,0.0,0.0,0.06521739130434782,0.13043478260869565,2033
Energy,TRNS,TFR:TRNS:INC_OCCUPANCY_LIGHT_DUTY,TRNS: Increase occupancy for private vehicles,Missing,Fractional increase in the average occupancy rate of private vehicles.,12,0.0,0.0,0.07608695652173914,0.15217391304347827,2034
Energy,TRNS,TFR:TRNS:INC_OCCUPANCY_LIGHT_DUTY,TRNS: Increase occupancy for private vehicles,Missing,Fractional increase in the average occupancy rate of private vehicles.,12,0.0,0.0,0.08695652173913043,0.17391304347826086,2035
Energy,TRNS,TFR:TRNS:INC_OCCUPANCY_LIGHT_DUTY,TRNS: Increase occupancy for private vehicles,Missing,Fractional increase in the average occupancy rate of private vehicles.,12,0.0,0.0,0.09782608695652174,0.1956521739130435,2036
Energy,TRNS,TFR:TRNS:INC_OCCUPANCY_LIGHT_DUTY,TRNS: Increase occupancy for private vehicles,Missing,Fractional increase in the average occupancy rate of private vehicles.,12,0.0,0.0,0.10869565217391304,0.21739130434782608,2037
Energy,TRNS,TFR:TRNS:INC_OCCUPANCY_LIGHT_DUTY,TRNS: Increase occupancy for private vehicles,Missing,Fractional increase in the average occupancy rate of private vehicles.,12,0.0,0.0,0.11956521739130435,0.2391304347826087,2038
Energy,TRNS,TFR:TRNS:INC_OCCUPANCY_LIGHT_DUTY,TRNS: Increase occupancy for private vehicles,Missing,Fractional increase in the average occupancy rate of private vehicles.,12,0.0,0.0,0.13043478260869565,0.2608695652173913,2039
Energy,TRNS,TFR:TRNS:INC_OCCUPANCY_LIGHT_DUTY,TRNS: Increase occupancy for private vehicles,Missing,Fractional increase in the average occupancy rate of private vehicles.,12,0.0,0.0,0.14130434782608695,0.2826086956521739,2040
Energy,TRNS,TFR:TRNS:INC_OCCUPANCY_LIGHT_DUTY,TRNS: Increase occupancy for private vehicles,Missing,Fractional increase in the average occupancy rate of private vehicles.,12,0.0,0.0,0.15217391304347827,0.30434782608695654,2041
Energy,TRNS,TFR:TRNS:INC_OCCUPANCY_LIGHT_DUTY,TRNS: Increase occupancy for private vehicles,Missing,Fractional increase in the average occupancy rate of private vehicles.,12,0.0,0.0,0.16304347826086957,0.32608695652173914,2042
Energy,TRNS,TFR:TRNS:INC_OCCUPANCY_LIGHT_DUTY,TRNS: Increase occupancy for private vehicles,Missing,Fractional increase in the average occupancy rate of private vehicles.,12,0.0,0.0,0.17391304347826086,0.34782608695652173,2043
Energy,TRNS,TFR:TRNS:INC_OCCUPANCY_LIGHT_DUTY,TRNS: Increase occupancy for private vehicles,Missing,Fractional increase in the average occupancy rate of private vehicles.,12,0.0,0.0,0.18478260869565216,0.3695652173913043,2044
Energy,TRNS,TFR:TRNS:INC_OCCUPANCY_LIGHT_DUTY,TRNS: Increase occupancy for private vehicles,Missing,Fractional increase in the average occupancy rate of private vehicles.,12,0.0,0.0,0.1956521739130435,0.391304347826087,2045
Energy,TRNS,TFR:TRNS:INC_OCCUPANCY_LIGHT_DUTY,TRNS: Increase occupancy for private vehicles,Missing,Fractional increase in the average occupancy rate of private vehicles.,12,0.0,0.0,0.20652173913043478,0.41304347826086957,2046
Energy,TRNS,TFR:TRNS:INC_OCCUPANCY_LIGHT_DUTY,TRNS: Increase occupancy for private vehicles,Missing,Fractional increase in the average occupancy rate of private vehicles.,12,0.0,0.0,0.21739130434782608,0.43478260869565216,2047
Energy,TRNS,TFR:TRNS:INC_OCCUPANCY_LIGHT_DUTY,TRNS: Increase occupancy for private vehicles,Missing,Fractional increase in the average occupancy rate of private vehicles.,12,0.0,0.0,0.22826086956521738,0.45652173913043476,2048
Energy,TRNS,TFR:TRNS:INC_OCCUPANCY_LIGHT_DUTY,TRNS: Increase occupancy for private vehicles,Missing,Fractional increase in the average occupancy rate of private vehicles.,12,0.0,0.0,0.2391304347826087,0.4782608695652174,2049
Energy,TRNS,TFR:TRNS:INC_OCCUPANCY_LIGHT_DUTY,TRNS: Increase occupancy for private vehicles,Missing,Fractional increase in the average occupancy rate of private vehicles.,12,0.0,0.0,0.25,0.5,2050
Energy,TRNS,TFR:TRNS:SHIFT_FUEL_LIGHT_DUTY,TRNS: Electrify light duty road transport,Missing,Minimum target fraction of light duty vehicles fueled by electricity. Can be used to explore other fuel shifts through a dictionary.,12,0.0,0.0,0.0,0.0,2015
Energy,TRNS,TFR:TRNS:SHIFT_FUEL_LIGHT_DUTY,TRNS: Electrify light duty road transport,Missing,Minimum target fraction of light duty vehicles fueled by electricity. Can be used to explore other fuel shifts through a dictionary.,12,0.0,0.0,0.0,0.0,2016
Energy,TRNS,TFR:TRNS:SHIFT_FUEL_LIGHT_DUTY,TRNS: Electrify light duty road transport,Missing,Minimum target fraction of light duty vehicles fueled by electricity. Can be used to explore other fuel shifts through a dictionary.,12,0.0,0.0,0.0,0.0,2017
Energy,TRNS,TFR:TRNS:SHIFT_FUEL_LIGHT_DUTY,TRNS: Electrify light duty road transport,Missing,Minimum target fraction of light duty vehicles fueled by electricity. Can be used to explore other fuel shifts through a dictionary.,12,0.0,0.0,0.0,0.0,2018
Energy,TRNS,TFR:TRNS:SHIFT_FUEL_LIGHT_DUTY,TRNS: Electrify light duty road transport,Missing,Minimum target fraction of light duty vehicles fueled by electricity. Can be used to explore other fuel shifts through a dictionary.,12,0.0,0.0,0.0,0.0,2019
Energy,TRNS,TFR:TRNS:SHIFT_FUEL_LIGHT_DUTY,TRNS: Electrify light duty road transport,Missing,Minimum target fraction of light duty vehicles fueled by electricity. Can be used to explore other fuel shifts through a dictionary.,12,0.0,0.0,0.0,0.0,2020
Energy,TRNS,TFR:TRNS:SHIFT_FUEL_LIGHT_DUTY,TRNS: Electrify light duty road transport,Missing,Minimum target fraction of light duty vehicles fueled by electricity. Can be used to explore other fuel shifts through a dictionary.,12,0.0,0.0,0.0,0.0,2021
Energy,TRNS,TFR:TRNS:SHIFT_FUEL_LIGHT_DUTY,TRNS: Electrify light duty road transport,Missing,Minimum target fraction of light duty vehicles fueled by electricity. Can be used to explore other fuel shifts through a dictionary.,12,0.0,0.0,0.0,0.0,2022
Energy,TRNS,TFR:TRNS:SHIFT_FUEL_LIGHT_DUTY,TRNS: Electrify light duty road transport,Missing,Minimum target fraction of light duty vehicles fueled by electricity. Can be used to explore other fuel shifts through a dictionary.,12,0.0,0.0,0.0,0.0,2023
Energy,TRNS,TFR:TRNS:SHIFT_FUEL_LIGHT_DUTY,TRNS: Electrify light duty road transport,Missing,Minimum target fraction of light duty vehicles fueled by electricity. Can be used to explore other fuel shifts through a dictionary.,12,0.0,0.0,0.0,0.0,2024
Energy,TRNS,TFR:TRNS:SHIFT_FUEL_LIGHT_DUTY,TRNS: Electrify light duty road transport,Missing,Minimum target fraction of light duty vehicles fueled by electricity. Can be used to explore other fuel shifts through a dictionary.,12,0.0,0.0,0.0,0.0,2025
Energy,TRNS,TFR:TRNS:SHIFT_FUEL_LIGHT_DUTY,TRNS: Electrify light duty road transport,Missing,Minimum target fraction of light duty vehicles fueled by electricity. Can be used to explore other fuel shifts through a dictionary.,12,0.0,0.0,0.0,0.0,2026
Energy,TRNS,TFR:TRNS:SHIFT_FUEL_LIGHT_DUTY,TRNS: Electrify light duty road transport,Missing,Minimum target fraction of light duty vehicles fueled by electricity. Can be used to explore other fuel shifts through a dictionary.,12,0.0,0.0,0.0,0.0,2027
Energy,TRNS,TFR:TRNS:SHIFT_FUEL_LIGHT_DUTY,TRNS: Electrify light duty road transport,Missing,Minimum target fraction of light duty vehicles fueled by electricity. Can be used to explore other fuel shifts through a dictionary.,12,0.0,0.015217391304347825,0.03043478260869565,0.03043478260869565,2028
Energy,TRNS,TFR:TRNS:SHIFT_FUEL_LIGHT_DUTY,TRNS: Electrify light duty road transport,Missing,Minimum target fraction of light duty vehicles fueled by electricity. Can be used to explore other fuel shifts through a dictionary.,12,0.0,0.03043478260869565,0.0608695652173913,0.0608695652173913,2029
Energy,TRNS,TFR:TRNS:SHIFT_FUEL_LIGHT_DUTY,TRNS: Electrify light duty road transport,Missing,Minimum target fraction of light duty vehicles fueled by electricity. Can be used to explore other fuel shifts through a dictionary.,12,0.0,0.04565217391304347,0.09130434782608694,0.09130434782608694,2030
Energy,TRNS,TFR:TRNS:SHIFT_FUEL_LIGHT_DUTY,TRNS: Electrify light duty road transport,Missing,Minimum target fraction of light duty vehicles fueled by electricity. Can be used to explore other fuel shifts through a dictionary.,12,0.0,0.0608695652173913,0.1217391304347826,0.1217391304347826,2031
Energy,TRNS,TFR:TRNS:SHIFT_FUEL_LIGHT_DUTY,TRNS: Electrify light duty road transport,Missing,Minimum target fraction of light duty vehicles fueled by electricity. Can be used to explore other fuel shifts through a dictionary.,12,0.0,0.07608695652173912,0.15217391304347824,0.15217391304347824,2032
Energy,TRNS,TFR:TRNS:SHIFT_FUEL_LIGHT_DUTY,TRNS: Electrify light duty road transport,Missing,Minimum target fraction of light duty vehicles fueled by electricity. Can be used to explore other fuel shifts through a dictionary.,12,0.0,0.09130434782608694,0.18260869565217389,0.18260869565217389,2033
Energy,TRNS,TFR:TRNS:SHIFT_FUEL_LIGHT_DUTY,TRNS: Electrify light duty road transport,Missing,Minimum target fraction of light duty vehicles fueled by electricity. Can be used to explore other fuel shifts through a dictionary.,12,0.0,0.10652173913043478,0.21304347826086956,0.21304347826086956,2034
Energy,TRNS,TFR:TRNS:SHIFT_FUEL_LIGHT_DUTY,TRNS: Electrify light duty road transport,Missing,Minimum target fraction of light duty vehicles fueled by electricity. Can be used to explore other fuel shifts through a dictionary.,12,0.0,0.1217391304347826,0.2434782608695652,0.2434782608695652,2035
Energy,TRNS,TFR:TRNS:SHIFT_FUEL_LIGHT_DUTY,TRNS: Electrify light duty road transport,Missing,Minimum target fraction of light duty vehicles fueled by electricity. Can be used to explore other fuel shifts through a dictionary.,12,0.0,0.13695652173913042,0.27391304347826084,0.27391304347826084,2036
Energy,TRNS,TFR:TRNS:SHIFT_FUEL_LIGHT_DUTY,TRNS: Electrify light duty road transport,Missing,Minimum target fraction of light duty vehicles fueled by electricity. Can be used to explore other fuel shifts through a dictionary.,12,0.0,0.15217391304347824,0.3043478260869565,0.3043478260869565,2037
Energy,TRNS,TFR:TRNS:SHIFT_FUEL_LIGHT_DUTY,TRNS: Electrify light duty road transport,Missing,Minimum target fraction of light duty vehicles fueled by electricity. Can be used to explore other fuel shifts through a dictionary.,12,0.0,0.1673913043478261,0.3347826086956522,0.3347826086956522,2038
Energy,TRNS,TFR:TRNS:SHIFT_FUEL_LIGHT_DUTY,TRNS: Electrify light duty road transport,Missing,Minimum target fraction of light duty vehicles fueled by electricity. Can be used to explore other fuel shifts through a dictionary.,12,0.0,0.18260869565217389,0.36521739130434777,0.36521739130434777,2039
Energy,TRNS,TFR:TRNS:SHIFT_FUEL_LIGHT_DUTY,TRNS: Electrify light duty road transport,Missing,Minimum target fraction of light duty vehicles fueled by electricity. Can be used to explore other fuel shifts through a dictionary.,12,0.0,0.1978260869565217,0.3956521739130434,0.3956521739130434,2040
Energy,TRNS,TFR:TRNS:SHIFT_FUEL_LIGHT_DUTY,TRNS: Electrify light duty road transport,Missing,Minimum target fraction of light duty vehicles fueled by electricity. Can be used to explore other fuel shifts through a dictionary.,12,0.0,0.21304347826086956,0.4260869565217391,0.4260869565217391,2041
Energy,TRNS,TFR:TRNS:SHIFT_FUEL_LIGHT_DUTY,TRNS: Electrify light duty road transport,Missing,Minimum target fraction of light duty vehicles fueled by electricity. Can be used to explore other fuel shifts through a dictionary.,12,0.0,0.22826086956521738,0.45652173913043476,0.45652173913043476,2042
Energy,TRNS,TFR:TRNS:SHIFT_FUEL_LIGHT_DUTY,TRNS: Electrify light duty road transport,Missing,Minimum target fraction of light duty vehicles fueled by electricity. Can be used to explore other fuel shifts through a dictionary.,12,0.0,0.2434782608695652,0.4869565217391304,0.4869565217391304,2043
Energy,TRNS,TFR:TRNS:SHIFT_FUEL_LIGHT_DUTY,TRNS: Electrify light duty road transport,Missing,Minimum target fraction of light duty vehicles fueled by electricity. Can be used to explore other fuel shifts through a dictionary.,12,0.0,0.258695652173913,0.517391304347826,0.517391304347826,2044
Energy,TRNS,TFR:TRNS:SHIFT_FUEL_LIGHT_DUTY,TRNS: Electrify light duty road transport,Missing,Minimum target fraction of light duty vehicles fueled by electricity. Can be used to explore other fuel shifts through a dictionary.,12,0.0,0.27391304347826084,0.5478260869565217,0.5478260869565217,2045
Energy,TRNS,TFR:TRNS:SHIFT_FUEL_LIGHT_DUTY,TRNS: Electrify light duty road transport,Missing,Minimum target fraction of light duty vehicles fueled by electricity. Can be used to explore other fuel shifts through a dictionary.,12,0.0,0.2891304347826087,0.5782608695652174,0.5782608695652174,2046
Energy,TRNS,TFR:TRNS:SHIFT_FUEL_LIGHT_DUTY,TRNS: Electrify light duty road transport,Missing,Minimum target fraction of light duty vehicles fueled by electricity. Can be used to explore other fuel shifts through a dictionary.,12,0.0,0.3043478260869565,0.608695652173913,0.608695652173913,2047
Energy,TRNS,TFR:TRNS:SHIFT_FUEL_LIGHT_DUTY,TRNS: Electrify light duty road transport,Missing,Minimum target fraction of light duty vehicles fueled by electricity. Can be used to explore other fuel shifts through a dictionary.,12,0.0,0.31956521739130433,0.6391304347826087,0.6391304347826087,2048
Energy,TRNS,TFR:TRNS:SHIFT_FUEL_LIGHT_DUTY,TRNS: Electrify light duty road transport,Missing,Minimum target fraction of light duty vehicles fueled by electricity. Can be used to explore other fuel shifts through a dictionary.,12,0.0,0.3347826086956522,0.6695652173913044,0.6695652173913044,2049
Energy,TRNS,TFR:TRNS:SHIFT_FUEL_LIGHT_DUTY,TRNS: Electrify light duty road transport,Missing,Minimum target fraction of light duty vehicles fueled by electricity. Can be used to explore other fuel shifts through a dictionary.,12,0.0,0.35,0.7,0.7,2050
Energy,TRNS,TFR:TRNS:SHIFT_FUEL_MARITIME,TRNS: Fuel switch maritime,Missing,"Minimum target fraction of maritime transportation fueled by hydrogen. Can be used to explore other fuels, such as ammonia, through a dictionary.",12,0.0,0.0,0.0,0.0,2015
Energy,TRNS,TFR:TRNS:SHIFT_FUEL_MARITIME,TRNS: Fuel switch maritime,Missing,"Minimum target fraction of maritime transportation fueled by hydrogen. Can be used to explore other fuels, such as ammonia, through a dictionary.",12,0.0,0.0,0.0,0.0,2016
Energy,TRNS,TFR:TRNS:SHIFT_FUEL_MARITIME,TRNS: Fuel switch maritime,Missing,"Minimum target fraction of maritime transportation fueled by hydrogen. Can be used to explore other fuels, such as ammonia, through a dictionary.",12,0.0,0.0,0.0,0.0,2017
Energy,TRNS,TFR:TRNS:SHIFT_FUEL_MARITIME,TRNS: Fuel switch maritime,Missing,"Minimum target fraction of maritime transportation fueled by hydrogen. Can be used to explore other fuels, such as ammonia, through a dictionary.",12,0.0,0.0,0.0,0.0,2018
Energy,TRNS,TFR:TRNS:SHIFT_FUEL_MARITIME,TRNS: Fuel switch maritime,Missing,"Minimum target fraction of maritime transportation fueled by hydrogen. Can be used to explore other fuels, such as ammonia, through a dictionary.",12,0.0,0.0,0.0,0.0,2019
Energy,TRNS,TFR:TRNS:SHIFT_FUEL_MARITIME,TRNS: Fuel switch maritime,Missing,"Minimum target fraction of maritime transportation fueled by hydrogen. Can be used to explore other fuels, such as ammonia, through a dictionary.",12,0.0,0.0,0.0,0.0,2020
Energy,TRNS,TFR:TRNS:SHIFT_FUEL_MARITIME,TRNS: Fuel switch maritime,Missing,"Minimum target fraction of maritime transportation fueled by hydrogen. Can be used to explore other fuels, such as ammonia, through a dictionary.",12,0.0,0.0,0.0,0.0,2021
Energy,TRNS,TFR:TRNS:SHIFT_FUEL_MARITIME,TRNS: Fuel switch maritime,Missing,"Minimum target fraction of maritime transportation fueled by hydrogen. Can be used to explore other fuels, such as ammonia, through a dictionary.",12,0.0,0.0,0.0,0.0,2022
Energy,TRNS,TFR:TRNS:SHIFT_FUEL_MARITIME,TRNS: Fuel switch maritime,Missing,"Minimum target fraction of maritime transportation fueled by hydrogen. Can be used to explore other fuels, such as ammonia, through a dictionary.",12,0.0,0.0,0.0,0.0,2023
Energy,TRNS,TFR:TRNS:SHIFT_FUEL_MARITIME,TRNS: Fuel switch maritime,Missing,"Minimum target fraction of maritime transportation fueled by hydrogen. Can be used to explore other fuels, such as ammonia, through a dictionary.",12,0.0,0.0,0.0,0.0,2024
Energy,TRNS,TFR:TRNS:SHIFT_FUEL_MARITIME,TRNS: Fuel switch maritime,Missing,"Minimum target fraction of maritime transportation fueled by hydrogen. Can be used to explore other fuels, such as ammonia, through a dictionary.",12,0.0,0.0,0.0,0.0,2025
Energy,TRNS,TFR:TRNS:SHIFT_FUEL_MARITIME,TRNS: Fuel switch maritime,Missing,"Minimum target fraction of maritime transportation fueled by hydrogen. Can be used to explore other fuels, such as ammonia, through a dictionary.",12,0.0,0.0,0.0,0.0,2026
Energy,TRNS,TFR:TRNS:SHIFT_FUEL_MARITIME,TRNS: Fuel switch maritime,Missing,"Minimum target fraction of maritime transportation fueled by hydrogen. Can be used to explore other fuels, such as ammonia, through a dictionary.",12,0.0,0.0,0.0,0.0,2027
Energy,TRNS,TFR:TRNS:SHIFT_FUEL_MARITIME,TRNS: Fuel switch maritime,Missing,"Minimum target fraction of maritime transportation fueled by hydrogen. Can be used to explore other fuels, such as ammonia, through a dictionary.",12,0.0,0.0,0.03043478260869565,0.03043478260869565,2028
Energy,TRNS,TFR:TRNS:SHIFT_FUEL_MARITIME,TRNS: Fuel switch maritime,Missing,"Minimum target fraction of maritime transportation fueled by hydrogen. Can be used to explore other fuels, such as ammonia, through a dictionary.",12,0.0,0.0,0.0608695652173913,0.0608695652173913,2029
Energy,TRNS,TFR:TRNS:SHIFT_FUEL_MARITIME,TRNS: Fuel switch maritime,Missing,"Minimum target fraction of maritime transportation fueled by hydrogen. Can be used to explore other fuels, such as ammonia, through a dictionary.",12,0.0,0.0,0.09130434782608694,0.09130434782608694,2030
Energy,TRNS,TFR:TRNS:SHIFT_FUEL_MARITIME,TRNS: Fuel switch maritime,Missing,"Minimum target fraction of maritime transportation fueled by hydrogen. Can be used to explore other fuels, such as ammonia, through a dictionary.",12,0.0,0.0,0.1217391304347826,0.1217391304347826,2031
Energy,TRNS,TFR:TRNS:SHIFT_FUEL_MARITIME,TRNS: Fuel switch maritime,Missing,"Minimum target fraction of maritime transportation fueled by hydrogen. Can be used to explore other fuels, such as ammonia, through a dictionary.",12,0.0,0.0,0.15217391304347824,0.15217391304347824,2032
Energy,TRNS,TFR:TRNS:SHIFT_FUEL_MARITIME,TRNS: Fuel switch maritime,Missing,"Minimum target fraction of maritime transportation fueled by hydrogen. Can be used to explore other fuels, such as ammonia, through a dictionary.",12,0.0,0.0,0.18260869565217389,0.18260869565217389,2033
Energy,TRNS,TFR:TRNS:SHIFT_FUEL_MARITIME,TRNS: Fuel switch maritime,Missing,"Minimum target fraction of maritime transportation fueled by hydrogen. Can be used to explore other fuels, such as ammonia, through a dictionary.",12,0.0,0.0,0.21304347826086956,0.21304347826086956,2034
Energy,TRNS,TFR:TRNS:SHIFT_FUEL_MARITIME,TRNS: Fuel switch maritime,Missing,"Minimum target fraction of maritime transportation fueled by hydrogen. Can be used to explore other fuels, such as ammonia, through a dictionary.",12,0.0,0.0,0.2434782608695652,0.2434782608695652,2035
Energy,TRNS,TFR:TRNS:SHIFT_FUEL_MARITIME,TRNS: Fuel switch maritime,Missing,"Minimum target fraction of maritime transportation fueled by hydrogen. Can be used to explore other fuels, such as ammonia, through a dictionary.",12,0.0,0.0,0.27391304347826084,0.27391304347826084,2036
Energy,TRNS,TFR:TRNS:SHIFT_FUEL_MARITIME,TRNS: Fuel switch maritime,Missing,"Minimum target fraction of maritime transportation fueled by hydrogen. Can be used to explore other fuels, such as ammonia, through a dictionary.",12,0.0,0.0,0.3043478260869565,0.3043478260869565,2037
Energy,TRNS,TFR:TRNS:SHIFT_FUEL_MARITIME,TRNS: Fuel switch maritime,Missing,"Minimum target fraction of maritime transportation fueled by hydrogen. Can be used to explore other fuels, such as ammonia, through a dictionary.",12,0.0,0.0,0.3347826086956522,0.3347826086956522,2038
Energy,TRNS,TFR:TRNS:SHIFT_FUEL_MARITIME,TRNS: Fuel switch maritime,Missing,"Minimum target fraction of maritime transportation fueled by hydrogen. Can be used to explore other fuels, such as ammonia, through a dictionary.",12,0.0,0.0,0.36521739130434777,0.36521739130434777,2039
Energy,TRNS,TFR:TRNS:SHIFT_FUEL_MARITIME,TRNS: Fuel switch maritime,Missing,"Minimum target fraction of maritime transportation fueled by hydrogen. Can be used to explore other fuels, such as ammonia, through a dictionary.",12,0.0,0.0,0.3956521739130434,0.3956521739130434,2040
Energy,TRNS,TFR:TRNS:SHIFT_FUEL_MARITIME,TRNS: Fuel switch maritime,Missing,"Minimum target fraction of maritime transportation fueled by hydrogen. Can be used to explore other fuels, such as ammonia, through a dictionary.",12,0.0,0.0,0.4260869565217391,0.4260869565217391,2041
Energy,TRNS,TFR:TRNS:SHIFT_FUEL_MARITIME,TRNS: Fuel switch maritime,Missing,"Minimum target fraction of maritime transportation fueled by hydrogen. Can be used to explore other fuels, such as ammonia, through a dictionary.",12,0.0,0.0,0.45652173913043476,0.45652173913043476,2042
Energy,TRNS,TFR:TRNS:SHIFT_FUEL_MARITIME,TRNS: Fuel switch maritime,Missing,"Minimum target fraction of maritime transportation fueled by hydrogen. Can be used to explore other fuels, such as ammonia, through a dictionary.",12,0.0,0.0,0.4869565217391304,0.4869565217391304,2043
Energy,TRNS,TFR:TRNS:SHIFT_FUEL_MARITIME,TRNS: Fuel switch maritime,Missing,"Minimum target fraction of maritime transportation fueled by hydrogen. Can be used to explore other fuels, such as ammonia, through a dictionary.",12,0.0,0.0,0.517391304347826,0.517391304347826,2044
Energy,TRNS,TFR:TRNS:SHIFT_FUEL_MARITIME,TRNS: Fuel switch maritime,Missing,"Minimum target fraction of maritime transportation fueled by hydrogen. Can be used to explore other fuels, such as ammonia, through a dictionary.",12,0.0,0.0,0.5478260869565217,0.5478260869565217,2045
Energy,TRNS,TFR:TRNS:SHIFT_FUEL_MARITIME,TRNS: Fuel switch maritime,Missing,"Minimum target fraction of maritime transportation fueled by hydrogen. Can be used to explore other fuels, such as ammonia, through a dictionary.",12,0.0,0.0,0.5782608695652174,0.5782608695652174,2046
Energy,TRNS,TFR:TRNS:SHIFT_FUEL_MARITIME,TRNS: Fuel switch maritime,Missing,"Minimum target fraction of maritime transportation fueled by hydrogen. Can be used to explore other fuels, such as ammonia, through a dictionary.",12,0.0,0.0,0.608695652173913,0.608695652173913,2047
Energy,TRNS,TFR:TRNS:SHIFT_FUEL_MARITIME,TRNS: Fuel switch maritime,Missing,"Minimum target fraction of maritime transportation fueled by hydrogen. Can be used to explore other fuels, such as ammonia, through a dictionary.",12,0.0,0.0,0.6391304347826087,0.6391304347826087,2048
Energy,TRNS,TFR:TRNS:SHIFT_FUEL_MARITIME,TRNS: Fuel switch maritime,Missing,"Minimum target fraction of maritime transportation fueled by hydrogen. Can be used to explore other fuels, such as ammonia, through a dictionary.",12,0.0,0.0,0.6695652173913044,0.6695652173913044,2049
Energy,TRNS,TFR:TRNS:SHIFT_FUEL_MARITIME,TRNS: Fuel switch maritime,Missing,"Minimum target fraction of maritime transportation fueled by hydrogen. Can be used to explore other fuels, such as ammonia, through a dictionary.",12,0.0,0.0,0.7,0.7,2050
Energy,TRNS,TFR:TRNS:SHIFT_FUEL_MEDIUM_DUTY,TRNS: Fuel switch medium duty road transport,Missing,Minimum target fraction of medium duty transportation fueled by electricity. Can be used to explore other fuel shifts through a dictionary.,12,0.0,0.0,0.0,0.0,2015
Energy,TRNS,TFR:TRNS:SHIFT_FUEL_MEDIUM_DUTY,TRNS: Fuel switch medium duty road transport,Missing,Minimum target fraction of medium duty transportation fueled by electricity. Can be used to explore other fuel shifts through a dictionary.,12,0.0,0.0,0.0,0.0,2016
Energy,TRNS,TFR:TRNS:SHIFT_FUEL_MEDIUM_DUTY,TRNS: Fuel switch medium duty road transport,Missing,Minimum target fraction of medium duty transportation fueled by electricity. Can be used to explore other fuel shifts through a dictionary.,12,0.0,0.0,0.0,0.0,2017
Energy,TRNS,TFR:TRNS:SHIFT_FUEL_MEDIUM_DUTY,TRNS: Fuel switch medium duty road transport,Missing,Minimum target fraction of medium duty transportation fueled by electricity. Can be used to explore other fuel shifts through a dictionary.,12,0.0,0.0,0.0,0.0,2018
Energy,TRNS,TFR:TRNS:SHIFT_FUEL_MEDIUM_DUTY,TRNS: Fuel switch medium duty road transport,Missing,Minimum target fraction of medium duty transportation fueled by electricity. Can be used to explore other fuel shifts through a dictionary.,12,0.0,0.0,0.0,0.0,2019
Energy,TRNS,TFR:TRNS:SHIFT_FUEL_MEDIUM_DUTY,TRNS: Fuel switch medium duty road transport,Missing,Minimum target fraction of medium duty transportation fueled by electricity. Can be used to explore other fuel shifts through a dictionary.,12,0.0,0.0,0.0,0.0,2020
Energy,TRNS,TFR:TRNS:SHIFT_FUEL_MEDIUM_DUTY,TRNS: Fuel switch medium duty road transport,Missing,Minimum target fraction of medium duty transportation fueled by electricity. Can be used to explore other fuel shifts through a dictionary.,12,0.0,0.0,0.0,0.0,2021
Energy,TRNS,TFR:TRNS:SHIFT_FUEL_MEDIUM_DUTY,TRNS: Fuel switch medium duty road transport,Missing,Minimum target fraction of medium duty transportation fueled by electricity. Can be used to explore other fuel shifts through a dictionary.,12,0.0,0.0,0.0,0.0,2022
Energy,TRNS,TFR:TRNS:SHIFT_FUEL_MEDIUM_DUTY,TRNS: Fuel switch medium duty road transport,Missing,Minimum target fraction of medium duty transportation fueled by electricity. Can be used to explore other fuel shifts through a dictionary.,12,0.0,0.0,0.0,0.0,2023
Energy,TRNS,TFR:TRNS:SHIFT_FUEL_MEDIUM_DUTY,TRNS: Fuel switch medium duty road transport,Missing,Minimum target fraction of medium duty transportation fueled by electricity. Can be used to explore other fuel shifts through a dictionary.,12,0.0,0.0,0.0,0.0,2024
Energy,TRNS,TFR:TRNS:SHIFT_FUEL_MEDIUM_DUTY,TRNS: Fuel switch medium duty road transport,Missing,Minimum target fraction of medium duty transportation fueled by electricity. Can be used to explore other fuel shifts through a dictionary.,12,0.0,0.0,0.0,0.0,2025
Energy,TRNS,TFR:TRNS:SHIFT_FUEL_MEDIUM_DUTY,TRNS: Fuel switch medium duty road transport,Missing,Minimum target fraction of medium duty transportation fueled by electricity. Can be used to explore other fuel shifts through a dictionary.,12,0.0,0.0,0.0,0.0,2026
Energy,TRNS,TFR:TRNS:SHIFT_FUEL_MEDIUM_DUTY,TRNS: Fuel switch medium duty road transport,Missing,Minimum target fraction of medium duty transportation fueled by electricity. Can be used to explore other fuel shifts through a dictionary.,12,0.0,0.0,0.0,0.0,2027
Energy,TRNS,TFR:TRNS:SHIFT_FUEL_MEDIUM_DUTY,TRNS: Fuel switch medium duty road transport,Missing,Minimum target fraction of medium duty transportation fueled by electricity. Can be used to explore other fuel shifts through a dictionary.,12,0.0,0.015217391304347825,0.03043478260869565,0.03043478260869565,2028
Energy,TRNS,TFR:TRNS:SHIFT_FUEL_MEDIUM_DUTY,TRNS: Fuel switch medium duty road transport,Missing,Minimum target fraction of medium duty transportation fueled by electricity. Can be used to explore other fuel shifts through a dictionary.,12,0.0,0.03043478260869565,0.0608695652173913,0.0608695652173913,2029
Energy,TRNS,TFR:TRNS:SHIFT_FUEL_MEDIUM_DUTY,TRNS: Fuel switch medium duty road transport,Missing,Minimum target fraction of medium duty transportation fueled by electricity. Can be used to explore other fuel shifts through a dictionary.,12,0.0,0.04565217391304347,0.09130434782608694,0.09130434782608694,2030
Energy,TRNS,TFR:TRNS:SHIFT_FUEL_MEDIUM_DUTY,TRNS: Fuel switch medium duty road transport,Missing,Minimum target fraction of medium duty transportation fueled by electricity. Can be used to explore other fuel shifts through a dictionary.,12,0.0,0.0608695652173913,0.1217391304347826,0.1217391304347826,2031
Energy,TRNS,TFR:TRNS:SHIFT_FUEL_MEDIUM_DUTY,TRNS: Fuel switch medium duty road transport,Missing,Minimum target fraction of medium duty transportation fueled by electricity. Can be used to explore other fuel shifts through a dictionary.,12,0.0,0.07608695652173912,0.15217391304347824,0.15217391304347824,2032
Energy,TRNS,TFR:TRNS:SHIFT_FUEL_MEDIUM_DUTY,TRNS: Fuel switch medium duty road transport,Missing,Minimum target fraction of medium duty transportation fueled by electricity. Can be used to explore other fuel shifts through a dictionary.,12,0.0,0.09130434782608694,0.18260869565217389,0.18260869565217389,2033
Energy,TRNS,TFR:TRNS:SHIFT_FUEL_MEDIUM_DUTY,TRNS: Fuel switch medium duty road transport,Missing,Minimum target fraction of medium duty transportation fueled by electricity. Can be used to explore other fuel shifts through a dictionary.,12,0.0,0.10652173913043478,0.21304347826086956,0.21304347826086956,2034
Energy,TRNS,TFR:TRNS:SHIFT_FUEL_MEDIUM_DUTY,TRNS: Fuel switch medium duty road transport,Missing,Minimum target fraction of medium duty transportation fueled by electricity. Can be used to explore other fuel shifts through a dictionary.,12,0.0,0.1217391304347826,0.2434782608695652,0.2434782608695652,2035
Energy,TRNS,TFR:TRNS:SHIFT_FUEL_MEDIUM_DUTY,TRNS: Fuel switch medium duty road transport,Missing,Minimum target fraction of medium duty transportation fueled by electricity. Can be used to explore other fuel shifts through a dictionary.,12,0.0,0.13695652173913042,0.27391304347826084,0.27391304347826084,2036
Energy,TRNS,TFR:TRNS:SHIFT_FUEL_MEDIUM_DUTY,TRNS: Fuel switch medium duty road transport,Missing,Minimum target fraction of medium duty transportation fueled by electricity. Can be used to explore other fuel shifts through a dictionary.,12,0.0,0.15217391304347824,0.3043478260869565,0.3043478260869565,2037
Energy,TRNS,TFR:TRNS:SHIFT_FUEL_MEDIUM_DUTY,TRNS: Fuel switch medium duty road transport,Missing,Minimum target fraction of medium duty transportation fueled by electricity. Can be used to explore other fuel shifts through a dictionary.,12,0.0,0.1673913043478261,0.3347826086956522,0.3347826086956522,2038
Energy,TRNS,TFR:TRNS:SHIFT_FUEL_MEDIUM_DUTY,TRNS: Fuel switch medium duty road transport,Missing,Minimum target fraction of medium duty transportation fueled by electricity. Can be used to explore other fuel shifts through a dictionary.,12,0.0,0.18260869565217389,0.36521739130434777,0.36521739130434777,2039
Energy,TRNS,TFR:TRNS:SHIFT_FUEL_MEDIUM_DUTY,TRNS: Fuel switch medium duty road transport,Missing,Minimum target fraction of medium duty transportation fueled by electricity. Can be used to explore other fuel shifts through a dictionary.,12,0.0,0.1978260869565217,0.3956521739130434,0.3956521739130434,2040
Energy,TRNS,TFR:TRNS:SHIFT_FUEL_MEDIUM_DUTY,TRNS: Fuel switch medium duty road transport,Missing,Minimum target fraction of medium duty transportation fueled by electricity. Can be used to explore other fuel shifts through a dictionary.,12,0.0,0.21304347826086956,0.4260869565217391,0.4260869565217391,2041
Energy,TRNS,TFR:TRNS:SHIFT_FUEL_MEDIUM_DUTY,TRNS: Fuel switch medium duty road transport,Missing,Minimum target fraction of medium duty transportation fueled by electricity. Can be used to explore other fuel shifts through a dictionary.,12,0.0,0.22826086956521738,0.45652173913043476,0.45652173913043476,2042
Energy,TRNS,TFR:TRNS:SHIFT_FUEL_MEDIUM_DUTY,TRNS: Fuel switch medium duty road transport,Missing,Minimum target fraction of medium duty transportation fueled by electricity. Can be used to explore other fuel shifts through a dictionary.,12,0.0,0.2434782608695652,0.4869565217391304,0.4869565217391304,2043
Energy,TRNS,TFR:TRNS:SHIFT_FUEL_MEDIUM_DUTY,TRNS: Fuel switch medium duty road transport,Missing,Minimum target fraction of medium duty transportation fueled by electricity. Can be used to explore other fuel shifts through a dictionary.,12,0.0,0.258695652173913,0.517391304347826,0.517391304347826,2044
Energy,TRNS,TFR:TRNS:SHIFT_FUEL_MEDIUM_DUTY,TRNS: Fuel switch medium duty road transport,Missing,Minimum target fraction of medium duty transportation fueled by electricity. Can be used to explore other fuel shifts through a dictionary.,12,0.0,0.27391304347826084,0.5478260869565217,0.5478260869565217,2045
Energy,TRNS,TFR:TRNS:SHIFT_FUEL_MEDIUM_DUTY,TRNS: Fuel switch medium duty road transport,Missing,Minimum target fraction of medium duty transportation fueled by electricity. Can be used to explore other fuel shifts through a dictionary.,12,0.0,0.2891304347826087,0.5782608695652174,0.5782608695652174,2046
Energy,TRNS,TFR:TRNS:SHIFT_FUEL_MEDIUM_DUTY,TRNS: Fuel switch medium duty road transport,Missing,Minimum target fraction of medium duty transportation fueled by electricity. Can be used to explore other fuel shifts through a dictionary.,12,0.0,0.3043478260869565,0.608695652173913,0.608695652173913,2047
Energy,TRNS,TFR:TRNS:SHIFT_FUEL_MEDIUM_DUTY,TRNS: Fuel switch medium duty road transport,Missing,Minimum target fraction of medium duty transportation fueled by electricity. Can be used to explore other fuel shifts through a dictionary.,12,0.0,0.31956521739130433,0.6391304347826087,0.6391304347826087,2048
Energy,TRNS,TFR:TRNS:SHIFT_FUEL_MEDIUM_DUTY,TRNS: Fuel switch medium duty road transport,Missing,Minimum target fraction of medium duty transportation fueled by electricity. Can be used to explore other fuel shifts through a dictionary.,12,0.0,0.3347826086956522,0.6695652173913044,0.6695652173913044,2049
Energy,TRNS,TFR:TRNS:SHIFT_FUEL_MEDIUM_DUTY,TRNS: Fuel switch medium duty road transport,Missing,Minimum target fraction of medium duty transportation fueled by electricity. Can be used to explore other fuel shifts through a dictionary.,12,0.0,0.35,0.7,0.7,2050
Energy,TRNS,TFR:TRNS:SHIFT_FUEL_RAIL,TRNS: Electrify rail,Missing,Minimum target fraction of rail fueled by electricity. Can be used to explore other fuel shifts through a dictionary.,12,0.0,0.0,0.0,0.0,2015
Energy,TRNS,TFR:TRNS:SHIFT_FUEL_RAIL,TRNS: Electrify rail,Missing,Minimum target fraction of rail fueled by electricity. Can be used to explore other fuel shifts through a dictionary.,12,0.0,0.0,0.0,0.0,2016
Energy,TRNS,TFR:TRNS:SHIFT_FUEL_RAIL,TRNS: Electrify rail,Missing,Minimum target fraction of rail fueled by electricity. Can be used to explore other fuel shifts through a dictionary.,12,0.0,0.0,0.0,0.0,2017
Energy,TRNS,TFR:TRNS:SHIFT_FUEL_RAIL,TRNS: Electrify rail,Missing,Minimum target fraction of rail fueled by electricity. Can be used to explore other fuel shifts through a dictionary.,12,0.0,0.0,0.0,0.0,2018
Energy,TRNS,TFR:TRNS:SHIFT_FUEL_RAIL,TRNS: Electrify rail,Missing,Minimum target fraction of rail fueled by electricity. Can be used to explore other fuel shifts through a dictionary.,12,0.0,0.0,0.0,0.0,2019
Energy,TRNS,TFR:TRNS:SHIFT_FUEL_RAIL,TRNS: Electrify rail,Missing,Minimum target fraction of rail fueled by electricity. Can be used to explore other fuel shifts through a dictionary.,12,0.0,0.0,0.0,0.0,2020
Energy,TRNS,TFR:TRNS:SHIFT_FUEL_RAIL,TRNS: Electrify rail,Missing,Minimum target fraction of rail fueled by electricity. Can be used to explore other fuel shifts through a dictionary.,12,0.0,0.0,0.0,0.0,2021
Energy,TRNS,TFR:TRNS:SHIFT_FUEL_RAIL,TRNS: Electrify rail,Missing,Minimum target fraction of rail fueled by electricity. Can be used to explore other fuel shifts through a dictionary.,12,0.0,0.0,0.0,0.0,2022
Energy,TRNS,TFR:TRNS:SHIFT_FUEL_RAIL,TRNS: Electrify rail,Missing,Minimum target fraction of rail fueled by electricity. Can be used to explore other fuel shifts through a dictionary.,12,0.0,0.0,0.0,0.0,2023
Energy,TRNS,TFR:TRNS:SHIFT_FUEL_RAIL,TRNS: Electrify rail,Missing,Minimum target fraction of rail fueled by electricity. Can be used to explore other fuel shifts through a dictionary.,12,0.0,0.0,0.0,0.0,2024
Energy,TRNS,TFR:TRNS:SHIFT_FUEL_RAIL,TRNS: Electrify rail,Missing,Minimum target fraction of rail fueled by electricity. Can be used to explore other fuel shifts through a dictionary.,12,0.0,0.0,0.0,0.0,2025
Energy,TRNS,TFR:TRNS:SHIFT_FUEL_RAIL,TRNS: Electrify rail,Missing,Minimum target fraction of rail fueled by electricity. Can be used to explore other fuel shifts through a dictionary.,12,0.0,0.0,0.0,0.0,2026
Energy,TRNS,TFR:TRNS:SHIFT_FUEL_RAIL,TRNS: Electrify rail,Missing,Minimum target fraction of rail fueled by electricity. Can be used to explore other fuel shifts through a dictionary.,12,0.0,0.0,0.0,0.0,2027
Energy,TRNS,TFR:TRNS:SHIFT_FUEL_RAIL,TRNS: Electrify rail,Missing,Minimum target fraction of rail fueled by electricity. Can be used to explore other fuel shifts through a dictionary.,12,0.0,0.005434782608695652,0.010869565217391304,0.010869565217391304,2028
Energy,TRNS,TFR:TRNS:SHIFT_FUEL_RAIL,TRNS: Electrify rail,Missing,Minimum target fraction of rail fueled by electricity. Can be used to explore other fuel shifts through a dictionary.,12,0.0,0.010869565217391304,0.021739130434782608,0.021739130434782608,2029
Energy,TRNS,TFR:TRNS:SHIFT_FUEL_RAIL,TRNS: Electrify rail,Missing,Minimum target fraction of rail fueled by electricity. Can be used to explore other fuel shifts through a dictionary.,12,0.0,0.016304347826086956,0.03260869565217391,0.03260869565217391,2030
Energy,TRNS,TFR:TRNS:SHIFT_FUEL_RAIL,TRNS: Electrify rail,Missing,Minimum target fraction of rail fueled by electricity. Can be used to explore other fuel shifts through a dictionary.,12,0.0,0.021739130434782608,0.043478260869565216,0.043478260869565216,2031
Energy,TRNS,TFR:TRNS:SHIFT_FUEL_RAIL,TRNS: Electrify rail,Missing,Minimum target fraction of rail fueled by electricity. Can be used to explore other fuel shifts through a dictionary.,12,0.0,0.02717391304347826,0.05434782608695652,0.05434782608695652,2032
Energy,TRNS,TFR:TRNS:SHIFT_FUEL_RAIL,TRNS: Electrify rail,Missing,Minimum target fraction of rail fueled by electricity. Can be used to explore other fuel shifts through a dictionary.,12,0.0,0.03260869565217391,0.06521739130434782,0.06521739130434782,2033
Energy,TRNS,TFR:TRNS:SHIFT_FUEL_RAIL,TRNS: Electrify rail,Missing,Minimum target fraction of rail fueled by electricity. Can be used to explore other fuel shifts through a dictionary.,12,0.0,0.03804347826086957,0.07608695652173914,0.07608695652173914,2034
Energy,TRNS,TFR:TRNS:SHIFT_FUEL_RAIL,TRNS: Electrify rail,Missing,Minimum target fraction of rail fueled by electricity. Can be used to explore other fuel shifts through a dictionary.,12,0.0,0.043478260869565216,0.08695652173913043,0.08695652173913043,2035
Energy,TRNS,TFR:TRNS:SHIFT_FUEL_RAIL,TRNS: Electrify rail,Missing,Minimum target fraction of rail fueled by electricity. Can be used to explore other fuel shifts through a dictionary.,12,0.0,0.04891304347826087,0.09782608695652174,0.09782608695652174,2036
Energy,TRNS,TFR:TRNS:SHIFT_FUEL_RAIL,TRNS: Electrify rail,Missing,Minimum target fraction of rail fueled by electricity. Can be used to explore other fuel shifts through a dictionary.,12,0.0,0.05434782608695652,0.10869565217391304,0.10869565217391304,2037
Energy,TRNS,TFR:TRNS:SHIFT_FUEL_RAIL,TRNS: Electrify rail,Missing,Minimum target fraction of rail fueled by electricity. Can be used to explore other fuel shifts through a dictionary.,12,0.0,0.059782608695652176,0.11956521739130435,0.11956521739130435,2038
Energy,TRNS,TFR:TRNS:SHIFT_FUEL_RAIL,TRNS: Electrify rail,Missing,Minimum target fraction of rail fueled by electricity. Can be used to explore other fuel shifts through a dictionary.,12,0.0,0.06521739130434782,0.13043478260869565,0.13043478260869565,2039
Energy,TRNS,TFR:TRNS:SHIFT_FUEL_RAIL,TRNS: Electrify rail,Missing,Minimum target fraction of rail fueled by electricity. Can be used to explore other fuel shifts through a dictionary.,12,0.0,0.07065217391304347,0.14130434782608695,0.14130434782608695,2040
Energy,TRNS,TFR:TRNS:SHIFT_FUEL_RAIL,TRNS: Electrify rail,Missing,Minimum target fraction of rail fueled by electricity. Can be used to explore other fuel shifts through a dictionary.,12,0.0,0.07608695652173914,0.15217391304347827,0.15217391304347827,2041
Energy,TRNS,TFR:TRNS:SHIFT_FUEL_RAIL,TRNS: Electrify rail,Missing,Minimum target fraction of rail fueled by electricity. Can be used to explore other fuel shifts through a dictionary.,12,0.0,0.08152173913043478,0.16304347826086957,0.16304347826086957,2042
Energy,TRNS,TFR:TRNS:SHIFT_FUEL_RAIL,TRNS: Electrify rail,Missing,Minimum target fraction of rail fueled by electricity. Can be used to explore other fuel shifts through a dictionary.,12,0.0,0.08695652173913043,0.17391304347826086,0.17391304347826086,2043
Energy,TRNS,TFR:TRNS:SHIFT_FUEL_RAIL,TRNS: Electrify rail,Missing,Minimum target fraction of rail fueled by electricity. Can be used to explore other fuel shifts through a dictionary.,12,0.0,0.09239130434782608,0.18478260869565216,0.18478260869565216,2044
Energy,TRNS,TFR:TRNS:SHIFT_FUEL_RAIL,TRNS: Electrify rail,Missing,Minimum target fraction of rail fueled by electricity. Can be used to explore other fuel shifts through a dictionary.,12,0.0,0.09782608695652174,0.1956521739130435,0.1956521739130435,2045
Energy,TRNS,TFR:TRNS:SHIFT_FUEL_RAIL,TRNS: Electrify rail,Missing,Minimum target fraction of rail fueled by electricity. Can be used to explore other fuel shifts through a dictionary.,12,0.0,0.10326086956521739,0.20652173913043478,0.20652173913043478,2046
Energy,TRNS,TFR:TRNS:SHIFT_FUEL_RAIL,TRNS: Electrify rail,Missing,Minimum target fraction of rail fueled by electricity. Can be used to explore other fuel shifts through a dictionary.,12,0.0,0.10869565217391304,0.21739130434782608,0.21739130434782608,2047
Energy,TRNS,TFR:TRNS:SHIFT_FUEL_RAIL,TRNS: Electrify rail,Missing,Minimum target fraction of rail fueled by electricity. Can be used to explore other fuel shifts through a dictionary.,12,0.0,0.11413043478260869,0.22826086956521738,0.22826086956521738,2048
Energy,TRNS,TFR:TRNS:SHIFT_FUEL_RAIL,TRNS: Electrify rail,Missing,Minimum target fraction of rail fueled by electricity. Can be used to explore other fuel shifts through a dictionary.,12,0.0,0.11956521739130435,0.2391304347826087,0.2391304347826087,2049
Energy,TRNS,TFR:TRNS:SHIFT_FUEL_RAIL,TRNS: Electrify rail,Missing,Minimum target fraction of rail fueled by electricity. Can be used to explore other fuel shifts through a dictionary.,12,0.0,0.125,0.25,0.25,2050
Energy,TRNS,TFR:TRNS:SHIFT_MODE_FREIGHT,TRNS: Mode shift freight,Missing,Fraction of freight demand shifted from aviation and road transport to rail. Additional mode shifts can be explored through a dictionary.,12,0.0,0.0,0.0,0.0,2015
Energy,TRNS,TFR:TRNS:SHIFT_MODE_FREIGHT,TRNS: Mode shift freight,Missing,Fraction of freight demand shifted from aviation and road transport to rail. Additional mode shifts can be explored through a dictionary.,12,0.0,0.0,0.0,0.0,2016
Energy,TRNS,TFR:TRNS:SHIFT_MODE_FREIGHT,TRNS: Mode shift freight,Missing,Fraction of freight demand shifted from aviation and road transport to rail. Additional mode shifts can be explored through a dictionary.,12,0.0,0.0,0.0,0.0,2017
Energy,TRNS,TFR:TRNS:SHIFT_MODE_FREIGHT,TRNS: Mode shift freight,Missing,Fraction of freight demand shifted from aviation and road transport to rail. Additional mode shifts can be explored through a dictionary.,12,0.0,0.0,0.0,0.0,2018
Energy,TRNS,TFR:TRNS:SHIFT_MODE_FREIGHT,TRNS: Mode shift freight,Missing,Fraction of freight demand shifted from aviation and road transport to rail. Additional mode shifts can be explored through a dictionary.,12,0.0,0.0,0.0,0.0,2019
Energy,TRNS,TFR:TRNS:SHIFT_MODE_FREIGHT,TRNS: Mode shift freight,Missing,Fraction of freight demand shifted from aviation and road transport to rail. Additional mode shifts can be explored through a dictionary.,12,0.0,0.0,0.0,0.0,2020
Energy,TRNS,TFR:TRNS:SHIFT_MODE_FREIGHT,TRNS: Mode shift freight,Missing,Fraction of freight demand shifted from aviation and road transport to rail. Additional mode shifts can be explored through a dictionary.,12,0.0,0.0,0.0,0.0,2021
Energy,TRNS,TFR:TRNS:SHIFT_MODE_FREIGHT,TRNS: Mode shift freight,Missing,Fraction of freight demand shifted from aviation and road transport to rail. Additional mode shifts can be explored through a dictionary.,12,0.0,0.0,0.0,0.0,2022
Energy,TRNS,TFR:TRNS:SHIFT_MODE_FREIGHT,TRNS: Mode shift freight,Missing,Fraction of freight demand shifted from aviation and road transport to rail. Additional mode shifts can be explored through a dictionary.,12,0.0,0.0,0.0,0.0,2023
Energy,TRNS,TFR:TRNS:SHIFT_MODE_FREIGHT,TRNS: Mode shift freight,Missing,Fraction of freight demand shifted from aviation and road transport to rail. Additional mode shifts can be explored through a dictionary.,12,0.0,0.0,0.0,0.0,2024
Energy,TRNS,TFR:TRNS:SHIFT_MODE_FREIGHT,TRNS: Mode shift freight,Missing,Fraction of freight demand shifted from aviation and road transport to rail. Additional mode shifts can be explored through a dictionary.,12,0.0,0.0,0.0,0.0,2025
Energy,TRNS,TFR:TRNS:SHIFT_MODE_FREIGHT,TRNS: Mode shift freight,Missing,Fraction of freight demand shifted from aviation and road transport to rail. Additional mode shifts can be explored through a dictionary.,12,0.0,0.0,0.0,0.0,2026
Energy,TRNS,TFR:TRNS:SHIFT_MODE_FREIGHT,TRNS: Mode shift freight,Missing,Fraction of freight demand shifted from aviation and road transport to rail. Additional mode shifts can be explored through a dictionary.,12,0.0,0.0,0.0,0.0,2027
Energy,TRNS,TFR:TRNS:SHIFT_MODE_FREIGHT,TRNS: Mode shift freight,Missing,Fraction of freight demand shifted from aviation and road transport to rail. Additional mode shifts can be explored through a dictionary.,12,0.0,0.008695652173913044,0.008695652173913044,0.008695652173913044,2028
Energy,TRNS,TFR:TRNS:SHIFT_MODE_FREIGHT,TRNS: Mode shift freight,Missing,Fraction of freight demand shifted from aviation and road transport to rail. Additional mode shifts can be explored through a dictionary.,12,0.0,0.017391304347826087,0.017391304347826087,0.017391304347826087,2029
Energy,TRNS,TFR:TRNS:SHIFT_MODE_FREIGHT,TRNS: Mode shift freight,Missing,Fraction of freight demand shifted from aviation and road transport to rail. Additional mode shifts can be explored through a dictionary.,12,0.0,0.026086956521739132,0.026086956521739132,0.026086956521739132,2030
Energy,TRNS,TFR:TRNS:SHIFT_MODE_FREIGHT,TRNS: Mode shift freight,Missing,Fraction of freight demand shifted from aviation and road transport to rail. Additional mode shifts can be explored through a dictionary.,12,0.0,0.034782608695652174,0.034782608695652174,0.034782608695652174,2031
Energy,TRNS,TFR:TRNS:SHIFT_MODE_FREIGHT,TRNS: Mode shift freight,Missing,Fraction of freight demand shifted from aviation and road transport to rail. Additional mode shifts can be explored through a dictionary.,12,0.0,0.043478260869565216,0.043478260869565216,0.043478260869565216,2032
Energy,TRNS,TFR:TRNS:SHIFT_MODE_FREIGHT,TRNS: Mode shift freight,Missing,Fraction of freight demand shifted from aviation and road transport to rail. Additional mode shifts can be explored through a dictionary.,12,0.0,0.052173913043478265,0.052173913043478265,0.052173913043478265,2033
Energy,TRNS,TFR:TRNS:SHIFT_MODE_FREIGHT,TRNS: Mode shift freight,Missing,Fraction of freight demand shifted from aviation and road transport to rail. Additional mode shifts can be explored through a dictionary.,12,0.0,0.060869565217391314,0.060869565217391314,0.060869565217391314,2034
Energy,TRNS,TFR:TRNS:SHIFT_MODE_FREIGHT,TRNS: Mode shift freight,Missing,Fraction of freight demand shifted from aviation and road transport to rail. Additional mode shifts can be explored through a dictionary.,12,0.0,0.06956521739130435,0.06956521739130435,0.06956521739130435,2035
Energy,TRNS,TFR:TRNS:SHIFT_MODE_FREIGHT,TRNS: Mode shift freight,Missing,Fraction of freight demand shifted from aviation and road transport to rail. Additional mode shifts can be explored through a dictionary.,12,0.0,0.0782608695652174,0.0782608695652174,0.0782608695652174,2036
Energy,TRNS,TFR:TRNS:SHIFT_MODE_FREIGHT,TRNS: Mode shift freight,Missing,Fraction of freight demand shifted from aviation and road transport to rail. Additional mode shifts can be explored through a dictionary.,12,0.0,0.08695652173913043,0.08695652173913043,0.08695652173913043,2037
Energy,TRNS,TFR:TRNS:SHIFT_MODE_FREIGHT,TRNS: Mode shift freight,Missing,Fraction of freight demand shifted from aviation and road transport to rail. Additional mode shifts can be explored through a dictionary.,12,0.0,0.09565217391304348,0.09565217391304348,0.09565217391304348,2038
Energy,TRNS,TFR:TRNS:SHIFT_MODE_FREIGHT,TRNS: Mode shift freight,Missing,Fraction of freight demand shifted from aviation and road transport to rail. Additional mode shifts can be explored through a dictionary.,12,0.0,0.10434782608695653,0.10434782608695653,0.10434782608695653,2039
Energy,TRNS,TFR:TRNS:SHIFT_MODE_FREIGHT,TRNS: Mode shift freight,Missing,Fraction of freight demand shifted from aviation and road transport to rail. Additional mode shifts can be explored through a dictionary.,12,0.0,0.11304347826086956,0.11304347826086956,0.11304347826086956,2040
Energy,TRNS,TFR:TRNS:SHIFT_MODE_FREIGHT,TRNS: Mode shift freight,Missing,Fraction of freight demand shifted from aviation and road transport to rail. Additional mode shifts can be explored through a dictionary.,12,0.0,0.12173913043478263,0.12173913043478263,0.12173913043478263,2041
Energy,TRNS,TFR:TRNS:SHIFT_MODE_FREIGHT,TRNS: Mode shift freight,Missing,Fraction of freight demand shifted from aviation and road transport to rail. Additional mode shifts can be explored through a dictionary.,12,0.0,0.13043478260869565,0.13043478260869565,0.13043478260869565,2042
Energy,TRNS,TFR:TRNS:SHIFT_MODE_FREIGHT,TRNS: Mode shift freight,Missing,Fraction of freight demand shifted from aviation and road transport to rail. Additional mode shifts can be explored through a dictionary.,12,0.0,0.1391304347826087,0.1391304347826087,0.1391304347826087,2043
Energy,TRNS,TFR:TRNS:SHIFT_MODE_FREIGHT,TRNS: Mode shift freight,Missing,Fraction of freight demand shifted from aviation and road transport to rail. Additional mode shifts can be explored through a dictionary.,12,0.0,0.14782608695652175,0.14782608695652175,0.14782608695652175,2044
Energy,TRNS,TFR:TRNS:SHIFT_MODE_FREIGHT,TRNS: Mode shift freight,Missing,Fraction of freight demand shifted from aviation and road transport to rail. Additional mode shifts can be explored through a dictionary.,12,0.0,0.1565217391304348,0.1565217391304348,0.1565217391304348,2045
Energy,TRNS,TFR:TRNS:SHIFT_MODE_FREIGHT,TRNS: Mode shift freight,Missing,Fraction of freight demand shifted from aviation and road transport to rail. Additional mode shifts can be explored through a dictionary.,12,0.0,0.16521739130434784,0.16521739130434784,0.16521739130434784,2046
Energy,TRNS,TFR:TRNS:SHIFT_MODE_FREIGHT,TRNS: Mode shift freight,Missing,Fraction of freight demand shifted from aviation and road transport to rail. Additional mode shifts can be explored through a dictionary.,12,0.0,0.17391304347826086,0.17391304347826086,0.17391304347826086,2047
Energy,TRNS,TFR:TRNS:SHIFT_MODE_FREIGHT,TRNS: Mode shift freight,Missing,Fraction of freight demand shifted from aviation and road transport to rail. Additional mode shifts can be explored through a dictionary.,12,0.0,0.1826086956521739,0.1826086956521739,0.1826086956521739,2048
Energy,TRNS,TFR:TRNS:SHIFT_MODE_FREIGHT,TRNS: Mode shift freight,Missing,Fraction of freight demand shifted from aviation and road transport to rail. Additional mode shifts can be explored through a dictionary.,12,0.0,0.19130434782608696,0.19130434782608696,0.19130434782608696,2049
Energy,TRNS,TFR:TRNS:SHIFT_MODE_FREIGHT,TRNS: Mode shift freight,Missing,Fraction of freight demand shifted from aviation and road transport to rail. Additional mode shifts can be explored through a dictionary.,12,0.0,0.2,0.2,0.2,2050
Energy,TRNS,TFR:TRNS:SHIFT_MODE_PASSENGER,TRNS: Mode shift passenger vehicles to others,Missing,Fraction of passenger demand shifted from light-duty road PKMT to other forms (default is human powered and light-weight mobility). Additional mode shifts can be explored through a dictionary.,12,0.0,0.0,0.0,0.0,2015
Energy,TRNS,TFR:TRNS:SHIFT_MODE_PASSENGER,TRNS: Mode shift passenger vehicles to others,Missing,Fraction of passenger demand shifted from light-duty road PKMT to other forms (default is human powered and light-weight mobility). Additional mode shifts can be explored through a dictionary.,12,0.0,0.0,0.0,0.0,2016
Energy,TRNS,TFR:TRNS:SHIFT_MODE_PASSENGER,TRNS: Mode shift passenger vehicles to others,Missing,Fraction of passenger demand shifted from light-duty road PKMT to other forms (default is human powered and light-weight mobility). Additional mode shifts can be explored through a dictionary.,12,0.0,0.0,0.0,0.0,2017
Energy,TRNS,TFR:TRNS:SHIFT_MODE_PASSENGER,TRNS: Mode shift passenger vehicles to others,Missing,Fraction of passenger demand shifted from light-duty road PKMT to other forms (default is human powered and light-weight mobility). Additional mode shifts can be explored through a dictionary.,12,0.0,0.0,0.0,0.0,2018
Energy,TRNS,TFR:TRNS:SHIFT_MODE_PASSENGER,TRNS: Mode shift passenger vehicles to others,Missing,Fraction of passenger demand shifted from light-duty road PKMT to other forms (default is human powered and light-weight mobility). Additional mode shifts can be explored through a dictionary.,12,0.0,0.0,0.0,0.0,2019
Energy,TRNS,TFR:TRNS:SHIFT_MODE_PASSENGER,TRNS: Mode shift passenger vehicles to others,Missing,Fraction of passenger demand shifted from light-duty road PKMT to other forms (default is human powered and light-weight mobility). Additional mode shifts can be explored through a dictionary.,12,0.0,0.0,0.0,0.0,2020
Energy,TRNS,TFR:TRNS:SHIFT_MODE_PASSENGER,TRNS: Mode shift passenger vehicles to others,Missing,Fraction of passenger demand shifted from light-duty road PKMT to other forms (default is human powered and light-weight mobility). Additional mode shifts can be explored through a dictionary.,12,0.0,0.0,0.0,0.0,2021
Energy,TRNS,TFR:TRNS:SHIFT_MODE_PASSENGER,TRNS: Mode shift passenger vehicles to others,Missing,Fraction of passenger demand shifted from light-duty road PKMT to other forms (default is human powered and light-weight mobility). Additional mode shifts can be explored through a dictionary.,12,0.0,0.0,0.0,0.0,2022
Energy,TRNS,TFR:TRNS:SHIFT_MODE_PASSENGER,TRNS: Mode shift passenger vehicles to others,Missing,Fraction of passenger demand shifted from light-duty road PKMT to other forms (default is human powered and light-weight mobility). Additional mode shifts can be explored through a dictionary.,12,0.0,0.0,0.0,0.0,2023
Energy,TRNS,TFR:TRNS:SHIFT_MODE_PASSENGER,TRNS: Mode shift passenger vehicles to others,Missing,Fraction of passenger demand shifted from light-duty road PKMT to other forms (default is human powered and light-weight mobility). Additional mode shifts can be explored through a dictionary.,12,0.0,0.0,0.0,0.0,2024
Energy,TRNS,TFR:TRNS:SHIFT_MODE_PASSENGER,TRNS: Mode shift passenger vehicles to others,Missing,Fraction of passenger demand shifted from light-duty road PKMT to other forms (default is human powered and light-weight mobility). Additional mode shifts can be explored through a dictionary.,12,0.0,0.0,0.0,0.0,2025
Energy,TRNS,TFR:TRNS:SHIFT_MODE_PASSENGER,TRNS: Mode shift passenger vehicles to others,Missing,Fraction of passenger demand shifted from light-duty road PKMT to other forms (default is human powered and light-weight mobility). Additional mode shifts can be explored through a dictionary.,12,0.0,0.0,0.0,0.0,2026
Energy,TRNS,TFR:TRNS:SHIFT_MODE_PASSENGER,TRNS: Mode shift passenger vehicles to others,Missing,Fraction of passenger demand shifted from light-duty road PKMT to other forms (default is human powered and light-weight mobility). Additional mode shifts can be explored through a dictionary.,12,0.0,0.0,0.0,0.0,2027
Energy,TRNS,TFR:TRNS:SHIFT_MODE_PASSENGER,TRNS: Mode shift passenger vehicles to others,Missing,Fraction of passenger demand shifted from light-duty road PKMT to other forms (default is human powered and light-weight mobility). Additional mode shifts can be explored through a dictionary.,12,0.0,0.013043478260869565,0.013043478260869565,0.013043478260869565,2028
Energy,TRNS,TFR:TRNS:SHIFT_MODE_PASSENGER,TRNS: Mode shift passenger vehicles to others,Missing,Fraction of passenger demand shifted from light-duty road PKMT to other forms (default is human powered and light-weight mobility). Additional mode shifts can be explored through a dictionary.,12,0.0,0.02608695652173913,0.02608695652173913,0.02608695652173913,2029
Energy,TRNS,TFR:TRNS:SHIFT_MODE_PASSENGER,TRNS: Mode shift passenger vehicles to others,Missing,Fraction of passenger demand shifted from light-duty road PKMT to other forms (default is human powered and light-weight mobility). Additional mode shifts can be explored through a dictionary.,12,0.0,0.03913043478260869,0.03913043478260869,0.03913043478260869,2030
Energy,TRNS,TFR:TRNS:SHIFT_MODE_PASSENGER,TRNS: Mode shift passenger vehicles to others,Missing,Fraction of passenger demand shifted from light-duty road PKMT to other forms (default is human powered and light-weight mobility). Additional mode shifts can be explored through a dictionary.,12,0.0,0.05217391304347826,0.05217391304347826,0.05217391304347826,2031
Energy,TRNS,TFR:TRNS:SHIFT_MODE_PASSENGER,TRNS: Mode shift passenger vehicles to others,Missing,Fraction of passenger demand shifted from light-duty road PKMT to other forms (default is human powered and light-weight mobility). Additional mode shifts can be explored through a dictionary.,12,0.0,0.06521739130434782,0.06521739130434782,0.06521739130434782,2032
Energy,TRNS,TFR:TRNS:SHIFT_MODE_PASSENGER,TRNS: Mode shift passenger vehicles to others,Missing,Fraction of passenger demand shifted from light-duty road PKMT to other forms (default is human powered and light-weight mobility). Additional mode shifts can be explored through a dictionary.,12,0.0,0.07826086956521738,0.07826086956521738,0.07826086956521738,2033
Energy,TRNS,TFR:TRNS:SHIFT_MODE_PASSENGER,TRNS: Mode shift passenger vehicles to others,Missing,Fraction of passenger demand shifted from light-duty road PKMT to other forms (default is human powered and light-weight mobility). Additional mode shifts can be explored through a dictionary.,12,0.0,0.09130434782608696,0.09130434782608696,0.09130434782608696,2034
Energy,TRNS,TFR:TRNS:SHIFT_MODE_PASSENGER,TRNS: Mode shift passenger vehicles to others,Missing,Fraction of passenger demand shifted from light-duty road PKMT to other forms (default is human powered and light-weight mobility). Additional mode shifts can be explored through a dictionary.,12,0.0,0.10434782608695652,0.10434782608695652,0.10434782608695652,2035
Energy,TRNS,TFR:TRNS:SHIFT_MODE_PASSENGER,TRNS: Mode shift passenger vehicles to others,Missing,Fraction of passenger demand shifted from light-duty road PKMT to other forms (default is human powered and light-weight mobility). Additional mode shifts can be explored through a dictionary.,12,0.0,0.11739130434782609,0.11739130434782609,0.11739130434782609,2036
Energy,TRNS,TFR:TRNS:SHIFT_MODE_PASSENGER,TRNS: Mode shift passenger vehicles to others,Missing,Fraction of passenger demand shifted from light-duty road PKMT to other forms (default is human powered and light-weight mobility). Additional mode shifts can be explored through a dictionary.,12,0.0,0.13043478260869565,0.13043478260869565,0.13043478260869565,2037
Energy,TRNS,TFR:TRNS:SHIFT_MODE_PASSENGER,TRNS: Mode shift passenger vehicles to others,Missing,Fraction of passenger demand shifted from light-duty road PKMT to other forms (default is human powered and light-weight mobility). Additional mode shifts can be explored through a dictionary.,12,0.0,0.14347826086956522,0.14347826086956522,0.14347826086956522,2038
Energy,TRNS,TFR:TRNS:SHIFT_MODE_PASSENGER,TRNS: Mode shift passenger vehicles to others,Missing,Fraction of passenger demand shifted from light-duty road PKMT to other forms (default is human powered and light-weight mobility). Additional mode shifts can be explored through a dictionary.,12,0.0,0.15652173913043477,0.15652173913043477,0.15652173913043477,2039
Energy,TRNS,TFR:TRNS:SHIFT_MODE_PASSENGER,TRNS: Mode shift passenger vehicles to others,Missing,Fraction of passenger demand shifted from light-duty road PKMT to other forms (default is human powered and light-weight mobility). Additional mode shifts can be explored through a dictionary.,12,0.0,0.16956521739130434,0.16956521739130434,0.16956521739130434,2040
Energy,TRNS,TFR:TRNS:SHIFT_MODE_PASSENGER,TRNS: Mode shift passenger vehicles to others,Missing,Fraction of passenger demand shifted from light-duty road PKMT to other forms (default is human powered and light-weight mobility). Additional mode shifts can be explored through a dictionary.,12,0.0,0.1826086956521739,0.1826086956521739,0.1826086956521739,2041
Energy,TRNS,TFR:TRNS:SHIFT_MODE_PASSENGER,TRNS: Mode shift passenger vehicles to others,Missing,Fraction of passenger demand shifted from light-duty road PKMT to other forms (default is human powered and light-weight mobility). Additional mode shifts can be explored through a dictionary.,12,0.0,0.1956521739130435,0.1956521739130435,0.1956521739130435,2042
Energy,TRNS,TFR:TRNS:SHIFT_MODE_PASSENGER,TRNS: Mode shift passenger vehicles to others,Missing,Fraction of passenger demand shifted from light-duty road PKMT to other forms (default is human powered and light-weight mobility). Additional mode shifts can be explored through a dictionary.,12,0.0,0.20869565217391303,0.20869565217391303,0.20869565217391303,2043
Energy,TRNS,TFR:TRNS:SHIFT_MODE_PASSENGER,TRNS: Mode shift passenger vehicles to others,Missing,Fraction of passenger demand shifted from light-duty road PKMT to other forms (default is human powered and light-weight mobility). Additional mode shifts can be explored through a dictionary.,12,0.0,0.22173913043478258,0.22173913043478258,0.22173913043478258,2044
Energy,TRNS,TFR:TRNS:SHIFT_MODE_PASSENGER,TRNS: Mode shift passenger vehicles to others,Missing,Fraction of passenger demand shifted from light-duty road PKMT to other forms (default is human powered and light-weight mobility). Additional mode shifts can be explored through a dictionary.,12,0.0,0.23478260869565218,0.23478260869565218,0.23478260869565218,2045
Energy,TRNS,TFR:TRNS:SHIFT_MODE_PASSENGER,TRNS: Mode shift passenger vehicles to others,Missing,Fraction of passenger demand shifted from light-duty road PKMT to other forms (default is human powered and light-weight mobility). Additional mode shifts can be explored through a dictionary.,12,0.0,0.24782608695652172,0.24782608695652172,0.24782608695652172,2046
Energy,TRNS,TFR:TRNS:SHIFT_MODE_PASSENGER,TRNS: Mode shift passenger vehicles to others,Missing,Fraction of passenger demand shifted from light-duty road PKMT to other forms (default is human powered and light-weight mobility). Additional mode shifts can be explored through a dictionary.,12,0.0,0.2608695652173913,0.2608695652173913,0.2608695652173913,2047
Energy,TRNS,TFR:TRNS:SHIFT_MODE_PASSENGER,TRNS: Mode shift passenger vehicles to others,Missing,Fraction of passenger demand shifted from light-duty road PKMT to other forms (default is human powered and light-weight mobility). Additional mode shifts can be explored through a dictionary.,12,0.0,0.27391304347826084,0.27391304347826084,0.27391304347826084,2048
Energy,TRNS,TFR:TRNS:SHIFT_MODE_PASSENGER,TRNS: Mode shift passenger vehicles to others,Missing,Fraction of passenger demand shifted from light-duty road PKMT to other forms (default is human powered and light-weight mobility). Additional mode shifts can be explored through a dictionary.,12,0.0,0.28695652173913044,0.28695652173913044,0.28695652173913044,2049
Energy,TRNS,TFR:TRNS:SHIFT_MODE_PASSENGER,TRNS: Mode shift passenger vehicles to others,Missing,Fraction of passenger demand shifted from light-duty road PKMT to other forms (default is human powered and light-weight mobility). Additional mode shifts can be explored through a dictionary.,12,0.0,0.3,0.3,0.3,2050
Energy,TRNS,TFR:TRNS:SHIFT_MODE_REGIONAL,TRNS: Mode shift regional passenger travel,Missing,Fraction of regional passenger demand shifted from light-duty road and aviation PKMT to heavy-duty road.,12,0.0,0.0,0.0,0.0,2015
Energy,TRNS,TFR:TRNS:SHIFT_MODE_REGIONAL,TRNS: Mode shift regional passenger travel,Missing,Fraction of regional passenger demand shifted from light-duty road and aviation PKMT to heavy-duty road.,12,0.0,0.0,0.0,0.0,2016
Energy,TRNS,TFR:TRNS:SHIFT_MODE_REGIONAL,TRNS: Mode shift regional passenger travel,Missing,Fraction of regional passenger demand shifted from light-duty road and aviation PKMT to heavy-duty road.,12,0.0,0.0,0.0,0.0,2017
Energy,TRNS,TFR:TRNS:SHIFT_MODE_REGIONAL,TRNS: Mode shift regional passenger travel,Missing,Fraction of regional passenger demand shifted from light-duty road and aviation PKMT to heavy-duty road.,12,0.0,0.0,0.0,0.0,2018
Energy,TRNS,TFR:TRNS:SHIFT_MODE_REGIONAL,TRNS: Mode shift regional passenger travel,Missing,Fraction of regional passenger demand shifted from light-duty road and aviation PKMT to heavy-duty road.,12,0.0,0.0,0.0,0.0,2019
Energy,TRNS,TFR:TRNS:SHIFT_MODE_REGIONAL,TRNS: Mode shift regional passenger travel,Missing,Fraction of regional passenger demand shifted from light-duty road and aviation PKMT to heavy-duty road.,12,0.0,0.0,0.0,0.0,2020
Energy,TRNS,TFR:TRNS:SHIFT_MODE_REGIONAL,TRNS: Mode shift regional passenger travel,Missing,Fraction of regional passenger demand shifted from light-duty road and aviation PKMT to heavy-duty road.,12,0.0,0.0,0.0,0.0,2021
Energy,TRNS,TFR:TRNS:SHIFT_MODE_REGIONAL,TRNS: Mode shift regional passenger travel,Missing,Fraction of regional passenger demand shifted from light-duty road and aviation PKMT to heavy-duty road.,12,0.0,0.0,0.0,0.0,2022
Energy,TRNS,TFR:TRNS:SHIFT_MODE_REGIONAL,TRNS: Mode shift regional passenger travel,Missing,Fraction of regional passenger demand shifted from light-duty road and aviation PKMT to heavy-duty road.,12,0.0,0.0,0.0,0.0,2023
Energy,TRNS,TFR:TRNS:SHIFT_MODE_REGIONAL,TRNS: Mode shift regional passenger travel,Missing,Fraction of regional passenger demand shifted from light-duty road and aviation PKMT to heavy-duty road.,12,0.0,0.0,0.0,0.0,2024
Energy,TRNS,TFR:TRNS:SHIFT_MODE_REGIONAL,TRNS: Mode shift regional passenger travel,Missing,Fraction of regional passenger demand shifted from light-duty road and aviation PKMT to heavy-duty road.,12,0.0,0.0,0.0,0.0,2025
Energy,TRNS,TFR:TRNS:SHIFT_MODE_REGIONAL,TRNS: Mode shift regional passenger travel,Missing,Fraction of regional passenger demand shifted from light-duty road and aviation PKMT to heavy-duty road.,12,0.0,0.0,0.0,0.0,2026
Energy,TRNS,TFR:TRNS:SHIFT_MODE_REGIONAL,TRNS: Mode shift regional passenger travel,Missing,Fraction of regional passenger demand shifted from light-duty road and aviation PKMT to heavy-duty road.,12,0.0,0.0,0.0,0.0,2027
Energy,TRNS,TFR:TRNS:SHIFT_MODE_REGIONAL,TRNS: Mode shift regional passenger travel,Missing,Fraction of regional passenger demand shifted from light-duty road and aviation PKMT to heavy-duty road.,12,0.0,0.0,0.0,0.013043478260869566,2028
Energy,TRNS,TFR:TRNS:SHIFT_MODE_REGIONAL,TRNS: Mode shift regional passenger travel,Missing,Fraction of regional passenger demand shifted from light-duty road and aviation PKMT to heavy-duty road.,12,0.0,0.0,0.0,0.026086956521739132,2029
Energy,TRNS,TFR:TRNS:SHIFT_MODE_REGIONAL,TRNS: Mode shift regional passenger travel,Missing,Fraction of regional passenger demand shifted from light-duty road and aviation PKMT to heavy-duty road.,12,0.0,0.0,0.0,0.0391304347826087,2030
Energy,TRNS,TFR:TRNS:SHIFT_MODE_REGIONAL,TRNS: Mode shift regional passenger travel,Missing,Fraction of regional passenger demand shifted from light-duty road and aviation PKMT to heavy-duty road.,12,0.0,0.0,0.0,0.052173913043478265,2031
Energy,TRNS,TFR:TRNS:SHIFT_MODE_REGIONAL,TRNS: Mode shift regional passenger travel,Missing,Fraction of regional passenger demand shifted from light-duty road and aviation PKMT to heavy-duty road.,12,0.0,0.0,0.0,0.06521739130434784,2032
Energy,TRNS,TFR:TRNS:SHIFT_MODE_REGIONAL,TRNS: Mode shift regional passenger travel,Missing,Fraction of regional passenger demand shifted from light-duty road and aviation PKMT to heavy-duty road.,12,0.0,0.0,0.0,0.0782608695652174,2033
Energy,TRNS,TFR:TRNS:SHIFT_MODE_REGIONAL,TRNS: Mode shift regional passenger travel,Missing,Fraction of regional passenger demand shifted from light-duty road and aviation PKMT to heavy-duty road.,12,0.0,0.0,0.0,0.09130434782608697,2034
Energy,TRNS,TFR:TRNS:SHIFT_MODE_REGIONAL,TRNS: Mode shift regional passenger travel,Missing,Fraction of regional passenger demand shifted from light-duty road and aviation PKMT to heavy-duty road.,12,0.0,0.0,0.0,0.10434782608695653,2035
Energy,TRNS,TFR:TRNS:SHIFT_MODE_REGIONAL,TRNS: Mode shift regional passenger travel,Missing,Fraction of regional passenger demand shifted from light-duty road and aviation PKMT to heavy-duty road.,12,0.0,0.0,0.0,0.1173913043478261,2036
Energy,TRNS,TFR:TRNS:SHIFT_MODE_REGIONAL,TRNS: Mode shift regional passenger travel,Missing,Fraction of regional passenger demand shifted from light-duty road and aviation PKMT to heavy-duty road.,12,0.0,0.0,0.0,0.13043478260869568,2037
Energy,TRNS,TFR:TRNS:SHIFT_MODE_REGIONAL,TRNS: Mode shift regional passenger travel,Missing,Fraction of regional passenger demand shifted from light-duty road and aviation PKMT to heavy-duty road.,12,0.0,0.0,0.0,0.14347826086956525,2038
Energy,TRNS,TFR:TRNS:SHIFT_MODE_REGIONAL,TRNS: Mode shift regional passenger travel,Missing,Fraction of regional passenger demand shifted from light-duty road and aviation PKMT to heavy-duty road.,12,0.0,0.0,0.0,0.1565217391304348,2039
Energy,TRNS,TFR:TRNS:SHIFT_MODE_REGIONAL,TRNS: Mode shift regional passenger travel,Missing,Fraction of regional passenger demand shifted from light-duty road and aviation PKMT to heavy-duty road.,12,0.0,0.0,0.0,0.16956521739130437,2040
Energy,TRNS,TFR:TRNS:SHIFT_MODE_REGIONAL,TRNS: Mode shift regional passenger travel,Missing,Fraction of regional passenger demand shifted from light-duty road and aviation PKMT to heavy-duty road.,12,0.0,0.0,0.0,0.18260869565217394,2041
Energy,TRNS,TFR:TRNS:SHIFT_MODE_REGIONAL,TRNS: Mode shift regional passenger travel,Missing,Fraction of regional passenger demand shifted from light-duty road and aviation PKMT to heavy-duty road.,12,0.0,0.0,0.0,0.19565217391304351,2042
Energy,TRNS,TFR:TRNS:SHIFT_MODE_REGIONAL,TRNS: Mode shift regional passenger travel,Missing,Fraction of regional passenger demand shifted from light-duty road and aviation PKMT to heavy-duty road.,12,0.0,0.0,0.0,0.20869565217391306,2043
Energy,TRNS,TFR:TRNS:SHIFT_MODE_REGIONAL,TRNS: Mode shift regional passenger travel,Missing,Fraction of regional passenger demand shifted from light-duty road and aviation PKMT to heavy-duty road.,12,0.0,0.0,0.0,0.22173913043478263,2044
Energy,TRNS,TFR:TRNS:SHIFT_MODE_REGIONAL,TRNS: Mode shift regional passenger travel,Missing,Fraction of regional passenger demand shifted from light-duty road and aviation PKMT to heavy-duty road.,12,0.0,0.0,0.0,0.2347826086956522,2045
Energy,TRNS,TFR:TRNS:SHIFT_MODE_REGIONAL,TRNS: Mode shift regional passenger travel,Missing,Fraction of regional passenger demand shifted from light-duty road and aviation PKMT to heavy-duty road.,12,0.0,0.0,0.0,0.24782608695652178,2046
Energy,TRNS,TFR:TRNS:SHIFT_MODE_REGIONAL,TRNS: Mode shift regional passenger travel,Missing,Fraction of regional passenger demand shifted from light-duty road and aviation PKMT to heavy-duty road.,12,0.0,0.0,0.0,0.26086956521739135,2047
Energy,TRNS,TFR:TRNS:SHIFT_MODE_REGIONAL,TRNS: Mode shift regional passenger travel,Missing,Fraction of regional passenger demand shifted from light-duty road and aviation PKMT to heavy-duty road.,12,0.0,0.0,0.0,0.2739130434782609,2048
Energy,TRNS,TFR:TRNS:SHIFT_MODE_REGIONAL,TRNS: Mode shift regional passenger travel,Missing,Fraction of regional passenger demand shifted from light-duty road and aviation PKMT to heavy-duty road.,12,0.0,0.0,0.0,0.2869565217391305,2049
Energy,TRNS,TFR:TRNS:SHIFT_MODE_REGIONAL,TRNS: Mode shift regional passenger travel,Missing,Fraction of regional passenger demand shifted from light-duty road and aviation PKMT to heavy-duty road.,12,0.0,0.0,0.0,0.30000000000000004,2050
IPPU,IPPU,TFR:IPPU:DEC_CLINKER,IPPU: Reduce cement clinker,Reduces use of clinker in cement production,Fractional reduction in clinker use in cement production.,12,0.0,0.0,0.0,0.0,2015
IPPU,IPPU,TFR:IPPU:DEC_CLINKER,IPPU: Reduce cement clinker,Reduces use of clinker in cement production,Fractional reduction in clinker use in cement production.,12,0.0,0.0,0.0,0.0,2016
IPPU,IPPU,TFR:IPPU:DEC_CLINKER,IPPU: Reduce cement clinker,Reduces use of clinker in cement production,Fractional reduction in clinker use in cement production.,12,0.0,0.0,0.0,0.0,2017
IPPU,IPPU,TFR:IPPU:DEC_CLINKER,IPPU: Reduce cement clinker,Reduces use of clinker in cement production,Fractional reduction in clinker use in cement production.,12,0.0,0.0,0.0,0.0,2018
IPPU,IPPU,TFR:IPPU:DEC_CLINKER,IPPU: Reduce cement clinker,Reduces use of clinker in cement production,Fractional reduction in clinker use in cement production.,12,0.0,0.0,0.0,0.0,2019
IPPU,IPPU,TFR:IPPU:DEC_CLINKER,IPPU: Reduce cement clinker,Reduces use of clinker in cement production,Fractional reduction in clinker use in cement production.,12,0.0,0.0,0.0,0.0,2020
IPPU,IPPU,TFR:IPPU:DEC_CLINKER,IPPU: Reduce cement clinker,Reduces use of clinker in cement production,Fractional reduction in clinker use in cement production.,12,0.0,0.0,0.0,0.0,2021
IPPU,IPPU,TFR:IPPU:DEC_CLINKER,IPPU: Reduce cement clinker,Reduces use of clinker in cement production,Fractional reduction in clinker use in cement production.,12,0.0,0.0,0.0,0.0,2022
IPPU,IPPU,TFR:IPPU:DEC_CLINKER,IPPU: Reduce cement clinker,Reduces use of clinker in cement production,Fractional reduction in clinker use in cement production.,12,0.0,0.0,0.0,0.0,2023
IPPU,IPPU,TFR:IPPU:DEC_CLINKER,IPPU: Reduce cement clinker,Reduces use of clinker in cement production,Fractional reduction in clinker use in cement production.,12,0.0,0.0,0.0,0.0,2024
IPPU,IPPU,TFR:IPPU:DEC_CLINKER,IPPU: Reduce cement clinker,Reduces use of clinker in cement production,Fractional reduction in clinker use in cement production.,12,0.0,0.0,0.0,0.0,2025
IPPU,IPPU,TFR:IPPU:DEC_CLINKER,IPPU: Reduce cement clinker,Reduces use of clinker in cement production,Fractional reduction in clinker use in cement production.,12,0.0,0.0,0.0,0.0,2026
IPPU,IPPU,TFR:IPPU:DEC_CLINKER,IPPU: Reduce cement clinker,Reduces use of clinker in cement production,Fractional reduction in clinker use in cement production.,12,0.0,0.0,0.0,0.0,2027
IPPU,IPPU,TFR:IPPU:DEC_CLINKER,IPPU: Reduce cement clinker,Reduces use of clinker in cement production,Fractional reduction in clinker use in cement production.,12,0.0,0.0,0.021739130434782608,0.021739130434782608,2028
IPPU,IPPU,TFR:IPPU:DEC_CLINKER,IPPU: Reduce cement clinker,Reduces use of clinker in cement production,Fractional reduction in clinker use in cement production.,12,0.0,0.0,0.043478260869565216,0.043478260869565216,2029
IPPU,IPPU,TFR:IPPU:DEC_CLINKER,IPPU: Reduce cement clinker,Reduces use of clinker in cement production,Fractional reduction in clinker use in cement production.,12,0.0,0.0,0.06521739130434782,0.06521739130434782,2030
IPPU,IPPU,TFR:IPPU:DEC_CLINKER,IPPU: Reduce cement clinker,Reduces use of clinker in cement production,Fractional reduction in clinker use in cement production.,12,0.0,0.0,0.08695652173913043,0.08695652173913043,2031
IPPU,IPPU,TFR:IPPU:DEC_CLINKER,IPPU: Reduce cement clinker,Reduces use of clinker in cement production,Fractional reduction in clinker use in cement production.,12,0.0,0.0,0.10869565217391304,0.10869565217391304,2032
IPPU,IPPU,TFR:IPPU:DEC_CLINKER,IPPU: Reduce cement clinker,Reduces use of clinker in cement production,Fractional reduction in clinker use in cement production.,12,0.0,0.0,0.13043478260869565,0.13043478260869565,2033
IPPU,IPPU,TFR:IPPU:DEC_CLINKER,IPPU: Reduce cement clinker,Reduces use of clinker in cement production,Fractional reduction in clinker use in cement production.,12,0.0,0.0,0.15217391304347827,0.15217391304347827,2034
IPPU,IPPU,TFR:IPPU:DEC_CLINKER,IPPU: Reduce cement clinker,Reduces use of clinker in cement production,Fractional reduction in clinker use in cement production.,12,0.0,0.0,0.17391304347826086,0.17391304347826086,2035
IPPU,IPPU,TFR:IPPU:DEC_CLINKER,IPPU: Reduce cement clinker,Reduces use of clinker in cement production,Fractional reduction in clinker use in cement production.,12,0.0,0.0,0.1956521739130435,0.1956521739130435,2036
IPPU,IPPU,TFR:IPPU:DEC_CLINKER,IPPU: Reduce cement clinker,Reduces use of clinker in cement production,Fractional reduction in clinker use in cement production.,12,0.0,0.0,0.21739130434782608,0.21739130434782608,2037
IPPU,IPPU,TFR:IPPU:DEC_CLINKER,IPPU: Reduce cement clinker,Reduces use of clinker in cement production,Fractional reduction in clinker use in cement production.,12,0.0,0.0,0.2391304347826087,0.2391304347826087,2038
IPPU,IPPU,TFR:IPPU:DEC_CLINKER,IPPU: Reduce cement clinker,Reduces use of clinker in cement production,Fractional reduction in clinker use in cement production.,12,0.0,0.0,0.2608695652173913,0.2608695652173913,2039
IPPU,IPPU,TFR:IPPU:DEC_CLINKER,IPPU: Reduce cement clinker,Reduces use of clinker in cement production,Fractional reduction in clinker use in cement production.,12,0.0,0.0,0.2826086956521739,0.2826086956521739,2040
IPPU,IPPU,TFR:IPPU:DEC_CLINKER,IPPU: Reduce cement clinker,Reduces use of clinker in cement production,Fractional reduction in clinker use in cement production.,12,0.0,0.0,0.30434782608695654,0.30434782608695654,2041
IPPU,IPPU,TFR:IPPU:DEC_CLINKER,IPPU: Reduce cement clinker,Reduces use of clinker in cement production,Fractional reduction in clinker use in cement production.,12,0.0,0.0,0.32608695652173914,0.32608695652173914,2042
IPPU,IPPU,TFR:IPPU:DEC_CLINKER,IPPU: Reduce cement clinker,Reduces use of clinker in cement production,Fractional reduction in clinker use in cement production.,12,0.0,0.0,0.34782608695652173,0.34782608695652173,2043
IPPU,IPPU,TFR:IPPU:DEC_CLINKER,IPPU: Reduce cement clinker,Reduces use of clinker in cement production,Fractional reduction in clinker use in cement production.,12,0.0,0.0,0.3695652173913043,0.3695652173913043,2044
IPPU,IPPU,TFR:IPPU:DEC_CLINKER,IPPU: Reduce cement clinker,Reduces use of clinker in cement production,Fractional reduction in clinker use in cement production.,12,0.0,0.0,0.391304347826087,0.391304347826087,2045
IPPU,IPPU,TFR:IPPU:DEC_CLINKER,IPPU: Reduce cement clinker,Reduces use of clinker in cement production,Fractional reduction in clinker use in cement production.,12,0.0,0.0,0.41304347826086957,0.41304347826086957,2046
IPPU,IPPU,TFR:IPPU:DEC_CLINKER,IPPU: Reduce cement clinker,Reduces use of clinker in cement production,Fractional reduction in clinker use in cement production.,12,0.0,0.0,0.43478260869565216,0.43478260869565216,2047
IPPU,IPPU,TFR:IPPU:DEC_CLINKER,IPPU: Reduce cement clinker,Reduces use of clinker in cement production,Fractional reduction in clinker use in cement production.,12,0.0,0.0,0.45652173913043476,0.45652173913043476,2048
IPPU,IPPU,TFR:IPPU:DEC_CLINKER,IPPU: Reduce cement clinker,Reduces use of clinker in cement production,Fractional reduction in clinker use in cement production.,12,0.0,0.0,0.4782608695652174,0.4782608695652174,2049
IPPU,IPPU,TFR:IPPU:DEC_CLINKER,IPPU: Reduce cement clinker,Reduces use of clinker in cement production,Fractional reduction in clinker use in cement production.,12,0.0,0.0,0.5,0.5,2050
IPPU,IPPU,TFR:IPPU:DEC_DEMAND,IPPU: Demand management,Missing,Fractional reduction in production demand. NOTE: This transformer is not commonly used.,12,0.0,0.0,0.0,0.0,2015
IPPU,IPPU,TFR:IPPU:DEC_DEMAND,IPPU: Demand management,Missing,Fractional reduction in production demand. NOTE: This transformer is not commonly used.,12,0.0,0.0,0.0,0.0,2016
IPPU,IPPU,TFR:IPPU:DEC_DEMAND,IPPU: Demand management,Missing,Fractional reduction in production demand. NOTE: This transformer is not commonly used.,12,0.0,0.0,0.0,0.0,2017
IPPU,IPPU,TFR:IPPU:DEC_DEMAND,IPPU: Demand management,Missing,Fractional reduction in production demand. NOTE: This transformer is not commonly used.,12,0.0,0.0,0.0,0.0,2018
IPPU,IPPU,TFR:IPPU:DEC_DEMAND,IPPU: Demand management,Missing,Fractional reduction in production demand. NOTE: This transformer is not commonly used.,12,0.0,0.0,0.0,0.0,2019
IPPU,IPPU,TFR:IPPU:DEC_DEMAND,IPPU: Demand management,Missing,Fractional reduction in production demand. NOTE: This transformer is not commonly used.,12,0.0,0.0,0.0,0.0,2020
IPPU,IPPU,TFR:IPPU:DEC_DEMAND,IPPU: Demand management,Missing,Fractional reduction in production demand. NOTE: This transformer is not commonly used.,12,0.0,0.0,0.0,0.0,2021
IPPU,IPPU,TFR:IPPU:DEC_DEMAND,IPPU: Demand management,Missing,Fractional reduction in production demand. NOTE: This transformer is not commonly used.,12,0.0,0.0,0.0,0.0,2022
IPPU,IPPU,TFR:IPPU:DEC_DEMAND,IPPU: Demand management,Missing,Fractional reduction in production demand. NOTE: This transformer is not commonly used.,12,0.0,0.0,0.0,0.0,2023
IPPU,IPPU,TFR:IPPU:DEC_DEMAND,IPPU: Demand management,Missing,Fractional reduction in production demand. NOTE: This transformer is not commonly used.,12,0.0,0.0,0.0,0.0,2024
IPPU,IPPU,TFR:IPPU:DEC_DEMAND,IPPU: Demand management,Missing,Fractional reduction in production demand. NOTE: This transformer is not commonly used.,12,0.0,0.0,0.0,0.0,2025
IPPU,IPPU,TFR:IPPU:DEC_DEMAND,IPPU: Demand management,Missing,Fractional reduction in production demand. NOTE: This transformer is not commonly used.,12,0.0,0.0,0.0,0.0,2026
IPPU,IPPU,TFR:IPPU:DEC_DEMAND,IPPU: Demand management,Missing,Fractional reduction in production demand. NOTE: This transformer is not commonly used.,12,0.0,0.0,0.0,0.0,2027
IPPU,IPPU,TFR:IPPU:DEC_DEMAND,IPPU: Demand management,Missing,Fractional reduction in production demand. NOTE: This transformer is not commonly used.,12,0.0,0.0,0.0,0.013043478260869565,2028
IPPU,IPPU,TFR:IPPU:DEC_DEMAND,IPPU: Demand management,Missing,Fractional reduction in production demand. NOTE: This transformer is not commonly used.,12,0.0,0.0,0.0,0.02608695652173913,2029
IPPU,IPPU,TFR:IPPU:DEC_DEMAND,IPPU: Demand management,Missing,Fractional reduction in production demand. NOTE: This transformer is not commonly used.,12,0.0,0.0,0.0,0.03913043478260869,2030
IPPU,IPPU,TFR:IPPU:DEC_DEMAND,IPPU: Demand management,Missing,Fractional reduction in production demand. NOTE: This transformer is not commonly used.,12,0.0,0.0,0.0,0.05217391304347826,2031
IPPU,IPPU,TFR:IPPU:DEC_DEMAND,IPPU: Demand management,Missing,Fractional reduction in production demand. NOTE: This transformer is not commonly used.,12,0.0,0.0,0.0,0.06521739130434782,2032
IPPU,IPPU,TFR:IPPU:DEC_DEMAND,IPPU: Demand management,Missing,Fractional reduction in production demand. NOTE: This transformer is not commonly used.,12,0.0,0.0,0.0,0.07826086956521738,2033
IPPU,IPPU,TFR:IPPU:DEC_DEMAND,IPPU: Demand management,Missing,Fractional reduction in production demand. NOTE: This transformer is not commonly used.,12,0.0,0.0,0.0,0.09130434782608696,2034
IPPU,IPPU,TFR:IPPU:DEC_DEMAND,IPPU: Demand management,Missing,Fractional reduction in production demand. NOTE: This transformer is not commonly used.,12,0.0,0.0,0.0,0.10434782608695652,2035
IPPU,IPPU,TFR:IPPU:DEC_DEMAND,IPPU: Demand management,Missing,Fractional reduction in production demand. NOTE: This transformer is not commonly used.,12,0.0,0.0,0.0,0.11739130434782609,2036
IPPU,IPPU,TFR:IPPU:DEC_DEMAND,IPPU: Demand management,Missing,Fractional reduction in production demand. NOTE: This transformer is not commonly used.,12,0.0,0.0,0.0,0.13043478260869565,2037
IPPU,IPPU,TFR:IPPU:DEC_DEMAND,IPPU: Demand management,Missing,Fractional reduction in production demand. NOTE: This transformer is not commonly used.,12,0.0,0.0,0.0,0.14347826086956522,2038
IPPU,IPPU,TFR:IPPU:DEC_DEMAND,IPPU: Demand management,Missing,Fractional reduction in production demand. NOTE: This transformer is not commonly used.,12,0.0,0.0,0.0,0.15652173913043477,2039
IPPU,IPPU,TFR:IPPU:DEC_DEMAND,IPPU: Demand management,Missing,Fractional reduction in production demand. NOTE: This transformer is not commonly used.,12,0.0,0.0,0.0,0.16956521739130434,2040
IPPU,IPPU,TFR:IPPU:DEC_DEMAND,IPPU: Demand management,Missing,Fractional reduction in production demand. NOTE: This transformer is not commonly used.,12,0.0,0.0,0.0,0.1826086956521739,2041
IPPU,IPPU,TFR:IPPU:DEC_DEMAND,IPPU: Demand management,Missing,Fractional reduction in production demand. NOTE: This transformer is not commonly used.,12,0.0,0.0,0.0,0.1956521739130435,2042
IPPU,IPPU,TFR:IPPU:DEC_DEMAND,IPPU: Demand management,Missing,Fractional reduction in production demand. NOTE: This transformer is not commonly used.,12,0.0,0.0,0.0,0.20869565217391303,2043
IPPU,IPPU,TFR:IPPU:DEC_DEMAND,IPPU: Demand management,Missing,Fractional reduction in production demand. NOTE: This transformer is not commonly used.,12,0.0,0.0,0.0,0.22173913043478258,2044
IPPU,IPPU,TFR:IPPU:DEC_DEMAND,IPPU: Demand management,Missing,Fractional reduction in production demand. NOTE: This transformer is not commonly used.,12,0.0,0.0,0.0,0.23478260869565218,2045
IPPU,IPPU,TFR:IPPU:DEC_DEMAND,IPPU: Demand management,Missing,Fractional reduction in production demand. NOTE: This transformer is not commonly used.,12,0.0,0.0,0.0,0.24782608695652172,2046
IPPU,IPPU,TFR:IPPU:DEC_DEMAND,IPPU: Demand management,Missing,Fractional reduction in production demand. NOTE: This transformer is not commonly used.,12,0.0,0.0,0.0,0.2608695652173913,2047
IPPU,IPPU,TFR:IPPU:DEC_DEMAND,IPPU: Demand management,Missing,Fractional reduction in production demand. NOTE: This transformer is not commonly used.,12,0.0,0.0,0.0,0.27391304347826084,2048
IPPU,IPPU,TFR:IPPU:DEC_DEMAND,IPPU: Demand management,Missing,Fractional reduction in production demand. NOTE: This transformer is not commonly used.,12,0.0,0.0,0.0,0.28695652173913044,2049
IPPU,IPPU,TFR:IPPU:DEC_DEMAND,IPPU: Demand management,Missing,Fractional reduction in production demand. NOTE: This transformer is not commonly used.,12,0.0,0.0,0.0,0.3,2050
IPPU,IPPU,TFR:IPPU:DEC_HFCS,IPPU: Reduce use of HFCs,Missing,Fractional reduction in HFC emission factors per production quantity.,12,0.0,0.0,0.0,0.0,2015
IPPU,IPPU,TFR:IPPU:DEC_HFCS,IPPU: Reduce use of HFCs,Missing,Fractional reduction in HFC emission factors per production quantity.,12,0.0,0.0,0.0,0.0,2016
IPPU,IPPU,TFR:IPPU:DEC_HFCS,IPPU: Reduce use of HFCs,Missing,Fractional reduction in HFC emission factors per production quantity.,12,0.0,0.0,0.0,0.0,2017
IPPU,IPPU,TFR:IPPU:DEC_HFCS,IPPU: Reduce use of HFCs,Missing,Fractional reduction in HFC emission factors per production quantity.,12,0.0,0.0,0.0,0.0,2018
IPPU,IPPU,TFR:IPPU:DEC_HFCS,IPPU: Reduce use of HFCs,Missing,Fractional reduction in HFC emission factors per production quantity.,12,0.0,0.0,0.0,0.0,2019
IPPU,IPPU,TFR:IPPU:DEC_HFCS,IPPU: Reduce use of HFCs,Missing,Fractional reduction in HFC emission factors per production quantity.,12,0.0,0.0,0.0,0.0,2020
IPPU,IPPU,TFR:IPPU:DEC_HFCS,IPPU: Reduce use of HFCs,Missing,Fractional reduction in HFC emission factors per production quantity.,12,0.0,0.0,0.0,0.0,2021
IPPU,IPPU,TFR:IPPU:DEC_HFCS,IPPU: Reduce use of HFCs,Missing,Fractional reduction in HFC emission factors per production quantity.,12,0.0,0.0,0.0,0.0,2022
IPPU,IPPU,TFR:IPPU:DEC_HFCS,IPPU: Reduce use of HFCs,Missing,Fractional reduction in HFC emission factors per production quantity.,12,0.0,0.0,0.0,0.0,2023
IPPU,IPPU,TFR:IPPU:DEC_HFCS,IPPU: Reduce use of HFCs,Missing,Fractional reduction in HFC emission factors per production quantity.,12,0.0,0.0,0.0,0.0,2024
IPPU,IPPU,TFR:IPPU:DEC_HFCS,IPPU: Reduce use of HFCs,Missing,Fractional reduction in HFC emission factors per production quantity.,12,0.0,0.0,0.0,0.0,2025
IPPU,IPPU,TFR:IPPU:DEC_HFCS,IPPU: Reduce use of HFCs,Missing,Fractional reduction in HFC emission factors per production quantity.,12,0.0,0.0,0.0,0.0,2026
IPPU,IPPU,TFR:IPPU:DEC_HFCS,IPPU: Reduce use of HFCs,Missing,Fractional reduction in HFC emission factors per production quantity.,12,0.0,0.0,0.0,0.0,2027
IPPU,IPPU,TFR:IPPU:DEC_HFCS,IPPU: Reduce use of HFCs,Missing,Fractional reduction in HFC emission factors per production quantity.,12,0.0,0.0,0.0,0.004347826086956522,2028
IPPU,IPPU,TFR:IPPU:DEC_HFCS,IPPU: Reduce use of HFCs,Missing,Fractional reduction in HFC emission factors per production quantity.,12,0.0,0.0,0.0,0.008695652173913044,2029
IPPU,IPPU,TFR:IPPU:DEC_HFCS,IPPU: Reduce use of HFCs,Missing,Fractional reduction in HFC emission factors per production quantity.,12,0.0,0.0,0.0,0.013043478260869566,2030
IPPU,IPPU,TFR:IPPU:DEC_HFCS,IPPU: Reduce use of HFCs,Missing,Fractional reduction in HFC emission factors per production quantity.,12,0.0,0.0,0.0,0.017391304347826087,2031
IPPU,IPPU,TFR:IPPU:DEC_HFCS,IPPU: Reduce use of HFCs,Missing,Fractional reduction in HFC emission factors per production quantity.,12,0.0,0.0,0.0,0.021739130434782608,2032
IPPU,IPPU,TFR:IPPU:DEC_HFCS,IPPU: Reduce use of HFCs,Missing,Fractional reduction in HFC emission factors per production quantity.,12,0.0,0.0,0.0,0.026086956521739132,2033
IPPU,IPPU,TFR:IPPU:DEC_HFCS,IPPU: Reduce use of HFCs,Missing,Fractional reduction in HFC emission factors per production quantity.,12,0.0,0.0,0.0,0.030434782608695657,2034
IPPU,IPPU,TFR:IPPU:DEC_HFCS,IPPU: Reduce use of HFCs,Missing,Fractional reduction in HFC emission factors per production quantity.,12,0.0,0.0,0.0,0.034782608695652174,2035
IPPU,IPPU,TFR:IPPU:DEC_HFCS,IPPU: Reduce use of HFCs,Missing,Fractional reduction in HFC emission factors per production quantity.,12,0.0,0.0,0.0,0.0391304347826087,2036
IPPU,IPPU,TFR:IPPU:DEC_HFCS,IPPU: Reduce use of HFCs,Missing,Fractional reduction in HFC emission factors per production quantity.,12,0.0,0.0,0.0,0.043478260869565216,2037
IPPU,IPPU,TFR:IPPU:DEC_HFCS,IPPU: Reduce use of HFCs,Missing,Fractional reduction in HFC emission factors per production quantity.,12,0.0,0.0,0.0,0.04782608695652174,2038
IPPU,IPPU,TFR:IPPU:DEC_HFCS,IPPU: Reduce use of HFCs,Missing,Fractional reduction in HFC emission factors per production quantity.,12,0.0,0.0,0.0,0.052173913043478265,2039
IPPU,IPPU,TFR:IPPU:DEC_HFCS,IPPU: Reduce use of HFCs,Missing,Fractional reduction in HFC emission factors per production quantity.,12,0.0,0.0,0.0,0.05652173913043478,2040
IPPU,IPPU,TFR:IPPU:DEC_HFCS,IPPU: Reduce use of HFCs,Missing,Fractional reduction in HFC emission factors per production quantity.,12,0.0,0.0,0.0,0.060869565217391314,2041
IPPU,IPPU,TFR:IPPU:DEC_HFCS,IPPU: Reduce use of HFCs,Missing,Fractional reduction in HFC emission factors per production quantity.,12,0.0,0.0,0.0,0.06521739130434782,2042
IPPU,IPPU,TFR:IPPU:DEC_HFCS,IPPU: Reduce use of HFCs,Missing,Fractional reduction in HFC emission factors per production quantity.,12,0.0,0.0,0.0,0.06956521739130435,2043
IPPU,IPPU,TFR:IPPU:DEC_HFCS,IPPU: Reduce use of HFCs,Missing,Fractional reduction in HFC emission factors per production quantity.,12,0.0,0.0,0.0,0.07391304347826087,2044
IPPU,IPPU,TFR:IPPU:DEC_HFCS,IPPU: Reduce use of HFCs,Missing,Fractional reduction in HFC emission factors per production quantity.,12,0.0,0.0,0.0,0.0782608695652174,2045
IPPU,IPPU,TFR:IPPU:DEC_HFCS,IPPU: Reduce use of HFCs,Missing,Fractional reduction in HFC emission factors per production quantity.,12,0.0,0.0,0.0,0.08260869565217392,2046
IPPU,IPPU,TFR:IPPU:DEC_HFCS,IPPU: Reduce use of HFCs,Missing,Fractional reduction in HFC emission factors per production quantity.,12,0.0,0.0,0.0,0.08695652173913043,2047
IPPU,IPPU,TFR:IPPU:DEC_HFCS,IPPU: Reduce use of HFCs,Missing,Fractional reduction in HFC emission factors per production quantity.,12,0.0,0.0,0.0,0.09130434782608696,2048
IPPU,IPPU,TFR:IPPU:DEC_HFCS,IPPU: Reduce use of HFCs,Missing,Fractional reduction in HFC emission factors per production quantity.,12,0.0,0.0,0.0,0.09565217391304348,2049
IPPU,IPPU,TFR:IPPU:DEC_HFCS,IPPU: Reduce use of HFCs,Missing,Fractional reduction in HFC emission factors per production quantity.,12,0.0,0.0,0.0,0.1,2050
IPPU,IPPU,TFR:IPPU:DEC_N2O,IPPU: Reduce Nitrous Oxide emissions,Missing,Fractional reduction in N2O emission factors per production quantity.,12,0.0,0.0,0.0,0.0,2015
IPPU,IPPU,TFR:IPPU:DEC_N2O,IPPU: Reduce Nitrous Oxide emissions,Missing,Fractional reduction in N2O emission factors per production quantity.,12,0.0,0.0,0.0,0.0,2016
IPPU,IPPU,TFR:IPPU:DEC_N2O,IPPU: Reduce Nitrous Oxide emissions,Missing,Fractional reduction in N2O emission factors per production quantity.,12,0.0,0.0,0.0,0.0,2017
IPPU,IPPU,TFR:IPPU:DEC_N2O,IPPU: Reduce Nitrous Oxide emissions,Missing,Fractional reduction in N2O emission factors per production quantity.,12,0.0,0.0,0.0,0.0,2018
IPPU,IPPU,TFR:IPPU:DEC_N2O,IPPU: Reduce Nitrous Oxide emissions,Missing,Fractional reduction in N2O emission factors per production quantity.,12,0.0,0.0,0.0,0.0,2019
IPPU,IPPU,TFR:IPPU:DEC_N2O,IPPU: Reduce Nitrous Oxide emissions,Missing,Fractional reduction in N2O emission factors per production quantity.,12,0.0,0.0,0.0,0.0,2020
IPPU,IPPU,TFR:IPPU:DEC_N2O,IPPU: Reduce Nitrous Oxide emissions,Missing,Fractional reduction in N2O emission factors per production quantity.,12,0.0,0.0,0.0,0.0,2021
IPPU,IPPU,TFR:IPPU:DEC_N2O,IPPU: Reduce Nitrous Oxide emissions,Missing,Fractional reduction in N2O emission factors per production quantity.,12,0.0,0.0,0.0,0.0,2022
IPPU,IPPU,TFR:IPPU:DEC_N2O,IPPU: Reduce Nitrous Oxide emissions,Missing,Fractional reduction in N2O emission factors per production quantity.,12,0.0,0.0,0.0,0.0,2023
IPPU,IPPU,TFR:IPPU:DEC_N2O,IPPU: Reduce Nitrous Oxide emissions,Missing,Fractional reduction in N2O emission factors per production quantity.,12,0.0,0.0,0.0,0.0,2024
IPPU,IPPU,TFR:IPPU:DEC_N2O,IPPU: Reduce Nitrous Oxide emissions,Missing,Fractional reduction in N2O emission factors per production quantity.,12,0.0,0.0,0.0,0.0,2025
IPPU,IPPU,TFR:IPPU:DEC_N2O,IPPU: Reduce Nitrous Oxide emissions,Missing,Fractional reduction in N2O emission factors per production quantity.,12,0.0,0.0,0.0,0.0,2026
IPPU,IPPU,TFR:IPPU:DEC_N2O,IPPU: Reduce Nitrous Oxide emissions,Missing,Fractional reduction in N2O emission factors per production quantity.,12,0.0,0.0,0.0,0.0,2027
IPPU,IPPU,TFR:IPPU:DEC_N2O,IPPU: Reduce Nitrous Oxide emissions,Missing,Fractional reduction in N2O emission factors per production quantity.,12,0.0,0.0,0.004347826086956522,0.004347826086956522,2028
IPPU,IPPU,TFR:IPPU:DEC_N2O,IPPU: Reduce Nitrous Oxide emissions,Missing,Fractional reduction in N2O emission factors per production quantity.,12,0.0,0.0,0.008695652173913044,0.008695652173913044,2029
IPPU,IPPU,TFR:IPPU:DEC_N2O,IPPU: Reduce Nitrous Oxide emissions,Missing,Fractional reduction in N2O emission factors per production quantity.,12,0.0,0.0,0.013043478260869566,0.013043478260869566,2030
IPPU,IPPU,TFR:IPPU:DEC_N2O,IPPU: Reduce Nitrous Oxide emissions,Missing,Fractional reduction in N2O emission factors per production quantity.,12,0.0,0.0,0.017391304347826087,0.017391304347826087,2031
IPPU,IPPU,TFR:IPPU:DEC_N2O,IPPU: Reduce Nitrous Oxide emissions,Missing,Fractional reduction in N2O emission factors per production quantity.,12,0.0,0.0,0.021739130434782608,0.021739130434782608,2032
IPPU,IPPU,TFR:IPPU:DEC_N2O,IPPU: Reduce Nitrous Oxide emissions,Missing,Fractional reduction in N2O emission factors per production quantity.,12,0.0,0.0,0.026086956521739132,0.026086956521739132,2033
IPPU,IPPU,TFR:IPPU:DEC_N2O,IPPU: Reduce Nitrous Oxide emissions,Missing,Fractional reduction in N2O emission factors per production quantity.,12,0.0,0.0,0.030434782608695657,0.030434782608695657,2034
IPPU,IPPU,TFR:IPPU:DEC_N2O,IPPU: Reduce Nitrous Oxide emissions,Missing,Fractional reduction in N2O emission factors per production quantity.,12,0.0,0.0,0.034782608695652174,0.034782608695652174,2035
IPPU,IPPU,TFR:IPPU:DEC_N2O,IPPU: Reduce Nitrous Oxide emissions,Missing,Fractional reduction in N2O emission factors per production quantity.,12,0.0,0.0,0.0391304347826087,0.0391304347826087,2036
IPPU,IPPU,TFR:IPPU:DEC_N2O,IPPU: Reduce Nitrous Oxide emissions,Missing,Fractional reduction in N2O emission factors per production quantity.,12,0.0,0.0,0.043478260869565216,0.043478260869565216,2037
IPPU,IPPU,TFR:IPPU:DEC_N2O,IPPU: Reduce Nitrous Oxide emissions,Missing,Fractional reduction in N2O emission factors per production quantity.,12,0.0,0.0,0.04782608695652174,0.04782608695652174,2038
IPPU,IPPU,TFR:IPPU:DEC_N2O,IPPU: Reduce Nitrous Oxide emissions,Missing,Fractional reduction in N2O emission factors per production quantity.,12,0.0,0.0,0.052173913043478265,0.052173913043478265,2039
IPPU,IPPU,TFR:IPPU:DEC_N2O,IPPU: Reduce Nitrous Oxide emissions,Missing,Fractional reduction in N2O emission factors per production quantity.,12,0.0,0.0,0.05652173913043478,0.05652173913043478,2040
IPPU,IPPU,TFR:IPPU:DEC_N2O,IPPU: Reduce Nitrous Oxide emissions,Missing,Fractional reduction in N2O emission factors per production quantity.,12,0.0,0.0,0.060869565217391314,0.060869565217391314,2041
IPPU,IPPU,TFR:IPPU:DEC_N2O,IPPU: Reduce Nitrous Oxide emissions,Missing,Fractional reduction in N2O emission factors per production quantity.,12,0.0,0.0,0.06521739130434782,0.06521739130434782,2042
IPPU,IPPU,TFR:IPPU:DEC_N2O,IPPU: Reduce Nitrous Oxide emissions,Missing,Fractional reduction in N2O emission factors per production quantity.,12,0.0,0.0,0.06956521739130435,0.06956521739130435,2043
IPPU,IPPU,TFR:IPPU:DEC_N2O,IPPU: Reduce Nitrous Oxide emissions,Missing,Fractional reduction in N2O emission factors per production quantity.,12,0.0,0.0,0.07391304347826087,0.07391304347826087,2044
IPPU,IPPU,TFR:IPPU:DEC_N2O,IPPU: Reduce Nitrous Oxide emissions,Missing,Fractional reduction in N2O emission factors per production quantity.,12,0.0,0.0,0.0782608695652174,0.0782608695652174,2045
IPPU,IPPU,TFR:IPPU:DEC_N2O,IPPU: Reduce Nitrous Oxide emissions,Missing,Fractional reduction in N2O emission factors per production quantity.,12,0.0,0.0,0.08260869565217392,0.08260869565217392,2046
IPPU,IPPU,TFR:IPPU:DEC_N2O,IPPU: Reduce Nitrous Oxide emissions,Missing,Fractional reduction in N2O emission factors per production quantity.,12,0.0,0.0,0.08695652173913043,0.08695652173913043,2047
IPPU,IPPU,TFR:IPPU:DEC_N2O,IPPU: Reduce Nitrous Oxide emissions,Missing,Fractional reduction in N2O emission factors per production quantity.,12,0.0,0.0,0.09130434782608696,0.09130434782608696,2048
IPPU,IPPU,TFR:IPPU:DEC_N2O,IPPU: Reduce Nitrous Oxide emissions,Missing,Fractional reduction in N2O emission factors per production quantity.,12,0.0,0.0,0.09565217391304348,0.09565217391304348,2049
IPPU,IPPU,TFR:IPPU:DEC_N2O,IPPU: Reduce Nitrous Oxide emissions,Missing,Fractional reduction in N2O emission factors per production quantity.,12,0.0,0.0,0.1,0.1,2050
IPPU,IPPU,TFR:IPPU:DEC_OTHER_FCS,IPPU: Reduce other fluorinated compounds,"Includes SF6, NF3, HCFCs, and others",Fractional reduction in other FCs emission factors per production quantity.,12,0.0,0.0,0.0,0.0,2015
IPPU,IPPU,TFR:IPPU:DEC_OTHER_FCS,IPPU: Reduce other fluorinated compounds,"Includes SF6, NF3, HCFCs, and others",Fractional reduction in other FCs emission factors per production quantity.,12,0.0,0.0,0.0,0.0,2016
IPPU,IPPU,TFR:IPPU:DEC_OTHER_FCS,IPPU: Reduce other fluorinated compounds,"Includes SF6, NF3, HCFCs, and others",Fractional reduction in other FCs emission factors per production quantity.,12,0.0,0.0,0.0,0.0,2017
IPPU,IPPU,TFR:IPPU:DEC_OTHER_FCS,IPPU: Reduce other fluorinated compounds,"Includes SF6, NF3, HCFCs, and others",Fractional reduction in other FCs emission factors per production quantity.,12,0.0,0.0,0.0,0.0,2018
IPPU,IPPU,TFR:IPPU:DEC_OTHER_FCS,IPPU: Reduce other fluorinated compounds,"Includes SF6, NF3, HCFCs, and others",Fractional reduction in other FCs emission factors per production quantity.,12,0.0,0.0,0.0,0.0,2019
IPPU,IPPU,TFR:IPPU:DEC_OTHER_FCS,IPPU: Reduce other fluorinated compounds,"Includes SF6, NF3, HCFCs, and others",Fractional reduction in other FCs emission factors per production quantity.,12,0.0,0.0,0.0,0.0,2020
IPPU,IPPU,TFR:IPPU:DEC_OTHER_FCS,IPPU: Reduce other fluorinated compounds,"Includes SF6, NF3, HCFCs, and others",Fractional reduction in other FCs emission factors per production quantity.,12,0.0,0.0,0.0,0.0,2021
IPPU,IPPU,TFR:IPPU:DEC_OTHER_FCS,IPPU: Reduce other fluorinated compounds,"Includes SF6, NF3, HCFCs, and others",Fractional reduction in other FCs emission factors per production quantity.,12,0.0,0.0,0.0,0.0,2022
IPPU,IPPU,TFR:IPPU:DEC_OTHER_FCS,IPPU: Reduce other fluorinated compounds,"Includes SF6, NF3, HCFCs, and others",Fractional reduction in other FCs emission factors per production quantity.,12,0.0,0.0,0.0,0.0,2023
IPPU,IPPU,TFR:IPPU:DEC_OTHER_FCS,IPPU: Reduce other fluorinated compounds,"Includes SF6, NF3, HCFCs, and others",Fractional reduction in other FCs emission factors per production quantity.,12,0.0,0.0,0.0,0.0,2024
IPPU,IPPU,TFR:IPPU:DEC_OTHER_FCS,IPPU: Reduce other fluorinated compounds,"Includes SF6, NF3, HCFCs, and others",Fractional reduction in other FCs emission factors per production quantity.,12,0.0,0.0,0.0,0.0,2025
IPPU,IPPU,TFR:IPPU:DEC_OTHER_FCS,IPPU: Reduce other fluorinated compounds,"Includes SF6, NF3, HCFCs, and others",Fractional reduction in other FCs emission factors per production quantity.,12,0.0,0.0,0.0,0.0,2026
IPPU,IPPU,TFR:IPPU:DEC_OTHER_FCS,IPPU: Reduce other fluorinated compounds,"Includes SF6, NF3, HCFCs, and others",Fractional reduction in other FCs emission factors per production quantity.,12,0.0,0.0,0.0,0.0,2027
IPPU,IPPU,TFR:IPPU:DEC_OTHER_FCS,IPPU: Reduce other fluorinated compounds,"Includes SF6, NF3, HCFCs, and others",Fractional reduction in other FCs emission factors per production quantity.,12,0.0,0.0,0.0,0.004347826086956522,2028
IPPU,IPPU,TFR:IPPU:DEC_OTHER_FCS,IPPU: Reduce other fluorinated compounds,"Includes SF6, NF3, HCFCs, and others",Fractional reduction in other FCs emission factors per production quantity.,12,0.0,0.0,0.0,0.008695652173913044,2029
IPPU,IPPU,TFR:IPPU:DEC_OTHER_FCS,IPPU: Reduce other fluorinated compounds,"Includes SF6, NF3, HCFCs, and others",Fractional reduction in other FCs emission factors per production quantity.,12,0.0,0.0,0.0,0.013043478260869566,2030
IPPU,IPPU,TFR:IPPU:DEC_OTHER_FCS,IPPU: Reduce other fluorinated compounds,"Includes SF6, NF3, HCFCs, and others",Fractional reduction in other FCs emission factors per production quantity.,12,0.0,0.0,0.0,0.017391304347826087,2031
IPPU,IPPU,TFR:IPPU:DEC_OTHER_FCS,IPPU: Reduce other fluorinated compounds,"Includes SF6, NF3, HCFCs, and others",Fractional reduction in other FCs emission factors per production quantity.,12,0.0,0.0,0.0,0.021739130434782608,2032
IPPU,IPPU,TFR:IPPU:DEC_OTHER_FCS,IPPU: Reduce other fluorinated compounds,"Includes SF6, NF3, HCFCs, and others",Fractional reduction in other FCs emission factors per production quantity.,12,0.0,0.0,0.0,0.026086956521739132,2033
IPPU,IPPU,TFR:IPPU:DEC_OTHER_FCS,IPPU: Reduce other fluorinated compounds,"Includes SF6, NF3, HCFCs, and others",Fractional reduction in other FCs emission factors per production quantity.,12,0.0,0.0,0.0,0.030434782608695657,2034
IPPU,IPPU,TFR:IPPU:DEC_OTHER_FCS,IPPU: Reduce other fluorinated compounds,"Includes SF6, NF3, HCFCs, and others",Fractional reduction in other FCs emission factors per production quantity.,12,0.0,0.0,0.0,0.034782608695652174,2035
IPPU,IPPU,TFR:IPPU:DEC_OTHER_FCS,IPPU: Reduce other fluorinated compounds,"Includes SF6, NF3, HCFCs, and others",Fractional reduction in other FCs emission factors per production quantity.,12,0.0,0.0,0.0,0.0391304347826087,2036
IPPU,IPPU,TFR:IPPU:DEC_OTHER_FCS,IPPU: Reduce other fluorinated compounds,"Includes SF6, NF3, HCFCs, and others",Fractional reduction in other FCs emission factors per production quantity.,12,0.0,0.0,0.0,0.043478260869565216,2037
IPPU,IPPU,TFR:IPPU:DEC_OTHER_FCS,IPPU: Reduce other fluorinated compounds,"Includes SF6, NF3, HCFCs, and others",Fractional reduction in other FCs emission factors per production quantity.,12,0.0,0.0,0.0,0.04782608695652174,2038
IPPU,IPPU,TFR:IPPU:DEC_OTHER_FCS,IPPU: Reduce other fluorinated compounds,"Includes SF6, NF3, HCFCs, and others",Fractional reduction in other FCs emission factors per production quantity.,12,0.0,0.0,0.0,0.052173913043478265,2039
IPPU,IPPU,TFR:IPPU:DEC_OTHER_FCS,IPPU: Reduce other fluorinated compounds,"Includes SF6, NF3, HCFCs, and others",Fractional reduction in other FCs emission factors per production quantity.,12,0.0,0.0,0.0,0.05652173913043478,2040
IPPU,IPPU,TFR:IPPU:DEC_OTHER_FCS,IPPU: Reduce other fluorinated compounds,"Includes SF6, NF3, HCFCs, and others",Fractional reduction in other FCs emission factors per production quantity.,12,0.0,0.0,0.0,0.060869565217391314,2041
IPPU,IPPU,TFR:IPPU:DEC_OTHER_FCS,IPPU: Reduce other fluorinated compounds,"Includes SF6, NF3, HCFCs, and others",Fractional reduction in other FCs emission factors per production quantity.,12,0.0,0.0,0.0,0.06521739130434782,2042
IPPU,IPPU,TFR:IPPU:DEC_OTHER_FCS,IPPU: Reduce other fluorinated compounds,"Includes SF6, NF3, HCFCs, and others",Fractional reduction in other FCs emission factors per production quantity.,12,0.0,0.0,0.0,0.06956521739130435,2043
IPPU,IPPU,TFR:IPPU:DEC_OTHER_FCS,IPPU: Reduce other fluorinated compounds,"Includes SF6, NF3, HCFCs, and others",Fractional reduction in other FCs emission factors per production quantity.,12,0.0,0.0,0.0,0.07391304347826087,2044
IPPU,IPPU,TFR:IPPU:DEC_OTHER_FCS,IPPU: Reduce other fluorinated compounds,"Includes SF6, NF3, HCFCs, and others",Fractional reduction in other FCs emission factors per production quantity.,12,0.0,0.0,0.0,0.0782608695652174,2045
IPPU,IPPU,TFR:IPPU:DEC_OTHER_FCS,IPPU: Reduce other fluorinated compounds,"Includes SF6, NF3, HCFCs, and others",Fractional reduction in other FCs emission factors per production quantity.,12,0.0,0.0,0.0,0.08260869565217392,2046
IPPU,IPPU,TFR:IPPU:DEC_OTHER_FCS,IPPU: Reduce other fluorinated compounds,"Includes SF6, NF3, HCFCs, and others",Fractional reduction in other FCs emission factors per production quantity.,12,0.0,0.0,0.0,0.08695652173913043,2047
IPPU,IPPU,TFR:IPPU:DEC_OTHER_FCS,IPPU: Reduce other fluorinated compounds,"Includes SF6, NF3, HCFCs, and others",Fractional reduction in other FCs emission factors per production quantity.,12,0.0,0.0,0.0,0.09130434782608696,2048
IPPU,IPPU,TFR:IPPU:DEC_OTHER_FCS,IPPU: Reduce other fluorinated compounds,"Includes SF6, NF3, HCFCs, and others",Fractional reduction in other FCs emission factors per production quantity.,12,0.0,0.0,0.0,0.09565217391304348,2049
IPPU,IPPU,TFR:IPPU:DEC_OTHER_FCS,IPPU: Reduce other fluorinated compounds,"Includes SF6, NF3, HCFCs, and others",Fractional reduction in other FCs emission factors per production quantity.,12,0.0,0.0,0.0,0.1,2050
