sector,subsector,transformer_code,transformer_name,transformer_description,transformer_unit,start_period,maximum_magnitude,strategy_PFLO_NDC,strategy_PFLO_NDC2,strategy_PFLO_NZ,year
AFOLU,AGRC,TFR:AGRC:DEC_CH4_RICE,AGRC: Improve rice management,Reduce :math:`\text{CH}_4` emissions from rice production by 45% due to improved management and reduced flooding.,Fractional reduction in methane emitted from rice production,12,0.0,0.0,0.0,0.0,2015
AFOLU,AGRC,TFR:AGRC:DEC_CH4_RICE,AGRC: Improve rice management,Reduce :math:`\text{CH}_4` emissions from rice production by 45% due to improved management and reduced flooding.,Fractional reduction in methane emitted from rice production,12,0.0,0.0,0.0,0.0,2016
AFOLU,AGRC,TFR:AGRC:DEC_CH4_RICE,AGRC: Improve rice management,Reduce :math:`\text{CH}_4` emissions from rice production by 45% due to improved management and reduced flooding.,Fractional reduction in methane emitted from rice production,12,0.0,0.0,0.0,0.0,2017
AFOLU,AGRC,TFR:AGRC:DEC_CH4_RICE,AGRC: Improve rice management,Reduce :math:`\text{CH}_4` emissions from rice production by 45% due to improved management and reduced flooding.,Fractional reduction in methane emitted from rice production,12,0.0,0.0,0.0,0.0,2018
AFOLU,AGRC,TFR:AGRC:DEC_CH4_RICE,AGRC: Improve rice management,Reduce :math:`\text{CH}_4` emissions from rice production by 45% due to improved management and reduced flooding.,Fractional reduction in methane emitted from rice production,12,0.0,0.0,0.0,0.0,2019
AFOLU,AGRC,TFR:AGRC:DEC_CH4_RICE,AGRC: Improve rice management,Reduce :math:`\text{CH}_4` emissions from rice production by 45% due to improved management and reduced flooding.,Fractional reduction in methane emitted from rice production,12,0.0,0.0,0.0,0.0,2020
AFOLU,AGRC,TFR:AGRC:DEC_CH4_RICE,AGRC: Improve rice management,Reduce :math:`\text{CH}_4` emissions from rice production by 45% due to improved management and reduced flooding.,Fractional reduction in methane emitted from rice production,12,0.0,0.0,0.0,0.0,2021
AFOLU,AGRC,TFR:AGRC:DEC_CH4_RICE,AGRC: Improve rice management,Reduce :math:`\text{CH}_4` emissions from rice production by 45% due to improved management and reduced flooding.,Fractional reduction in methane emitted from rice production,12,0.0,0.0,0.0,0.0,2022
AFOLU,AGRC,TFR:AGRC:DEC_CH4_RICE,AGRC: Improve rice management,Reduce :math:`\text{CH}_4` emissions from rice production by 45% due to improved management and reduced flooding.,Fractional reduction in methane emitted from rice production,12,0.0,0.0,0.0,0.0,2023
AFOLU,AGRC,TFR:AGRC:DEC_CH4_RICE,AGRC: Improve rice management,Reduce :math:`\text{CH}_4` emissions from rice production by 45% due to improved management and reduced flooding.,Fractional reduction in methane emitted from rice production,12,0.0,0.0,0.0,0.0,2024
AFOLU,AGRC,TFR:AGRC:DEC_CH4_RICE,AGRC: Improve rice management,Reduce :math:`\text{CH}_4` emissions from rice production by 45% due to improved management and reduced flooding.,Fractional reduction in methane emitted from rice production,12,0.0,0.0,0.0,0.0,2025
AFOLU,AGRC,TFR:AGRC:DEC_CH4_RICE,AGRC: Improve rice management,Reduce :math:`\text{CH}_4` emissions from rice production by 45% due to improved management and reduced flooding.,Fractional reduction in methane emitted from rice production,12,0.0,0.0,0.0,0.0,2026
AFOLU,AGRC,TFR:AGRC:DEC_CH4_RICE,AGRC: Improve rice management,Reduce :math:`\text{CH}_4` emissions from rice production by 45% due to improved management and reduced flooding.,Fractional reduction in methane emitted from rice production,12,0.0,0.0,0.0,0.0,2027
AFOLU,AGRC,TFR:AGRC:DEC_CH4_RICE,AGRC: Improve rice management,Reduce :math:`\text{CH}_4` emissions from rice production by 45% due to improved management and reduced flooding.,Fractional reduction in methane emitted from rice production,12,0.0,0.0,0.0,0.010465116279069767,2028
AFOLU,AGRC,TFR:AGRC:DEC_CH4_RICE,AGRC: Improve rice management,Reduce :math:`\text{CH}_4` emissions from rice production by 45% due to improved management and reduced flooding.,Fractional reduction in methane emitted from rice production,12,0.0,0.0,0.0,0.020930232558139535,2029
AFOLU,AGRC,TFR:AGRC:DEC_CH4_RICE,AGRC: Improve rice management,Reduce :math:`\text{CH}_4` emissions from rice production by 45% due to improved management and reduced flooding.,Fractional reduction in methane emitted from rice production,12,0.0,0.0,0.0,0.031395348837209305,2030
AFOLU,AGRC,TFR:AGRC:DEC_CH4_RICE,AGRC: Improve rice management,Reduce :math:`\text{CH}_4` emissions from rice production by 45% due to improved management and reduced flooding.,Fractional reduction in methane emitted from rice production,12,0.0,0.0,0.0,0.04186046511627907,2031
AFOLU,AGRC,TFR:AGRC:DEC_CH4_RICE,AGRC: Improve rice management,Reduce :math:`\text{CH}_4` emissions from rice production by 45% due to improved management and reduced flooding.,Fractional reduction in methane emitted from rice production,12,0.0,0.0,0.0,0.05232558139534884,2032
AFOLU,AGRC,TFR:AGRC:DEC_CH4_RICE,AGRC: Improve rice management,Reduce :math:`\text{CH}_4` emissions from rice production by 45% due to improved management and reduced flooding.,Fractional reduction in methane emitted from rice production,12,0.0,0.0,0.0,0.06279069767441861,2033
AFOLU,AGRC,TFR:AGRC:DEC_CH4_RICE,AGRC: Improve rice management,Reduce :math:`\text{CH}_4` emissions from rice production by 45% due to improved management and reduced flooding.,Fractional reduction in methane emitted from rice production,12,0.0,0.0,0.0,0.07325581395348837,2034
AFOLU,AGRC,TFR:AGRC:DEC_CH4_RICE,AGRC: Improve rice management,Reduce :math:`\text{CH}_4` emissions from rice production by 45% due to improved management and reduced flooding.,Fractional reduction in methane emitted from rice production,12,0.0,0.0,0.0,0.08372093023255814,2035
AFOLU,AGRC,TFR:AGRC:DEC_CH4_RICE,AGRC: Improve rice management,Reduce :math:`\text{CH}_4` emissions from rice production by 45% due to improved management and reduced flooding.,Fractional reduction in methane emitted from rice production,12,0.0,0.0,0.0,0.09418604651162792,2036
AFOLU,AGRC,TFR:AGRC:DEC_CH4_RICE,AGRC: Improve rice management,Reduce :math:`\text{CH}_4` emissions from rice production by 45% due to improved management and reduced flooding.,Fractional reduction in methane emitted from rice production,12,0.0,0.0,0.0,0.10465116279069768,2037
AFOLU,AGRC,TFR:AGRC:DEC_CH4_RICE,AGRC: Improve rice management,Reduce :math:`\text{CH}_4` emissions from rice production by 45% due to improved management and reduced flooding.,Fractional reduction in methane emitted from rice production,12,0.0,0.0,0.0,0.11511627906976744,2038
AFOLU,AGRC,TFR:AGRC:DEC_CH4_RICE,AGRC: Improve rice management,Reduce :math:`\text{CH}_4` emissions from rice production by 45% due to improved management and reduced flooding.,Fractional reduction in methane emitted from rice production,12,0.0,0.0,0.0,0.12558139534883722,2039
AFOLU,AGRC,TFR:AGRC:DEC_CH4_RICE,AGRC: Improve rice management,Reduce :math:`\text{CH}_4` emissions from rice production by 45% due to improved management and reduced flooding.,Fractional reduction in methane emitted from rice production,12,0.0,0.0,0.0,0.13604651162790699,2040
AFOLU,AGRC,TFR:AGRC:DEC_CH4_RICE,AGRC: Improve rice management,Reduce :math:`\text{CH}_4` emissions from rice production by 45% due to improved management and reduced flooding.,Fractional reduction in methane emitted from rice production,12,0.0,0.0,0.0,0.14651162790697675,2041
AFOLU,AGRC,TFR:AGRC:DEC_CH4_RICE,AGRC: Improve rice management,Reduce :math:`\text{CH}_4` emissions from rice production by 45% due to improved management and reduced flooding.,Fractional reduction in methane emitted from rice production,12,0.0,0.0,0.0,0.1569767441860465,2042
AFOLU,AGRC,TFR:AGRC:DEC_CH4_RICE,AGRC: Improve rice management,Reduce :math:`\text{CH}_4` emissions from rice production by 45% due to improved management and reduced flooding.,Fractional reduction in methane emitted from rice production,12,0.0,0.0,0.0,0.16744186046511628,2043
AFOLU,AGRC,TFR:AGRC:DEC_CH4_RICE,AGRC: Improve rice management,Reduce :math:`\text{CH}_4` emissions from rice production by 45% due to improved management and reduced flooding.,Fractional reduction in methane emitted from rice production,12,0.0,0.0,0.0,0.17790697674418604,2044
AFOLU,AGRC,TFR:AGRC:DEC_CH4_RICE,AGRC: Improve rice management,Reduce :math:`\text{CH}_4` emissions from rice production by 45% due to improved management and reduced flooding.,Fractional reduction in methane emitted from rice production,12,0.0,0.0,0.0,0.18837209302325583,2045
AFOLU,AGRC,TFR:AGRC:DEC_CH4_RICE,AGRC: Improve rice management,Reduce :math:`\text{CH}_4` emissions from rice production by 45% due to improved management and reduced flooding.,Fractional reduction in methane emitted from rice production,12,0.0,0.0,0.0,0.1988372093023256,2046
AFOLU,AGRC,TFR:AGRC:DEC_CH4_RICE,AGRC: Improve rice management,Reduce :math:`\text{CH}_4` emissions from rice production by 45% due to improved management and reduced flooding.,Fractional reduction in methane emitted from rice production,12,0.0,0.0,0.0,0.20930232558139536,2047
AFOLU,AGRC,TFR:AGRC:DEC_CH4_RICE,AGRC: Improve rice management,Reduce :math:`\text{CH}_4` emissions from rice production by 45% due to improved management and reduced flooding.,Fractional reduction in methane emitted from rice production,12,0.0,0.0,0.0,0.21976744186046512,2048
AFOLU,AGRC,TFR:AGRC:DEC_CH4_RICE,AGRC: Improve rice management,Reduce :math:`\text{CH}_4` emissions from rice production by 45% due to improved management and reduced flooding.,Fractional reduction in methane emitted from rice production,12,0.0,0.0,0.0,0.2302325581395349,2049
AFOLU,AGRC,TFR:AGRC:DEC_CH4_RICE,AGRC: Improve rice management,Reduce :math:`\text{CH}_4` emissions from rice production by 45% due to improved management and reduced flooding.,Fractional reduction in methane emitted from rice production,12,0.0,0.0,0.0,0.24069767441860462,2050
AFOLU,AGRC,TFR:AGRC:DEC_CH4_RICE,AGRC: Improve rice management,Reduce :math:`\text{CH}_4` emissions from rice production by 45% due to improved management and reduced flooding.,Fractional reduction in methane emitted from rice production,12,0.0,0.0,0.0,0.25116279069767444,2051
AFOLU,AGRC,TFR:AGRC:DEC_CH4_RICE,AGRC: Improve rice management,Reduce :math:`\text{CH}_4` emissions from rice production by 45% due to improved management and reduced flooding.,Fractional reduction in methane emitted from rice production,12,0.0,0.0,0.0,0.2616279069767442,2052
AFOLU,AGRC,TFR:AGRC:DEC_CH4_RICE,AGRC: Improve rice management,Reduce :math:`\text{CH}_4` emissions from rice production by 45% due to improved management and reduced flooding.,Fractional reduction in methane emitted from rice production,12,0.0,0.0,0.0,0.27209302325581397,2053
AFOLU,AGRC,TFR:AGRC:DEC_CH4_RICE,AGRC: Improve rice management,Reduce :math:`\text{CH}_4` emissions from rice production by 45% due to improved management and reduced flooding.,Fractional reduction in methane emitted from rice production,12,0.0,0.0,0.0,0.28255813953488373,2054
AFOLU,AGRC,TFR:AGRC:DEC_CH4_RICE,AGRC: Improve rice management,Reduce :math:`\text{CH}_4` emissions from rice production by 45% due to improved management and reduced flooding.,Fractional reduction in methane emitted from rice production,12,0.0,0.0,0.0,0.2930232558139535,2055
AFOLU,AGRC,TFR:AGRC:DEC_CH4_RICE,AGRC: Improve rice management,Reduce :math:`\text{CH}_4` emissions from rice production by 45% due to improved management and reduced flooding.,Fractional reduction in methane emitted from rice production,12,0.0,0.0,0.0,0.30348837209302326,2056
AFOLU,AGRC,TFR:AGRC:DEC_CH4_RICE,AGRC: Improve rice management,Reduce :math:`\text{CH}_4` emissions from rice production by 45% due to improved management and reduced flooding.,Fractional reduction in methane emitted from rice production,12,0.0,0.0,0.0,0.313953488372093,2057
AFOLU,AGRC,TFR:AGRC:DEC_CH4_RICE,AGRC: Improve rice management,Reduce :math:`\text{CH}_4` emissions from rice production by 45% due to improved management and reduced flooding.,Fractional reduction in methane emitted from rice production,12,0.0,0.0,0.0,0.3244186046511628,2058
AFOLU,AGRC,TFR:AGRC:DEC_CH4_RICE,AGRC: Improve rice management,Reduce :math:`\text{CH}_4` emissions from rice production by 45% due to improved management and reduced flooding.,Fractional reduction in methane emitted from rice production,12,0.0,0.0,0.0,0.33488372093023255,2059
AFOLU,AGRC,TFR:AGRC:DEC_CH4_RICE,AGRC: Improve rice management,Reduce :math:`\text{CH}_4` emissions from rice production by 45% due to improved management and reduced flooding.,Fractional reduction in methane emitted from rice production,12,0.0,0.0,0.0,0.3453488372093024,2060
AFOLU,AGRC,TFR:AGRC:DEC_CH4_RICE,AGRC: Improve rice management,Reduce :math:`\text{CH}_4` emissions from rice production by 45% due to improved management and reduced flooding.,Fractional reduction in methane emitted from rice production,12,0.0,0.0,0.0,0.3558139534883721,2061
AFOLU,AGRC,TFR:AGRC:DEC_CH4_RICE,AGRC: Improve rice management,Reduce :math:`\text{CH}_4` emissions from rice production by 45% due to improved management and reduced flooding.,Fractional reduction in methane emitted from rice production,12,0.0,0.0,0.0,0.36627906976744184,2062
AFOLU,AGRC,TFR:AGRC:DEC_CH4_RICE,AGRC: Improve rice management,Reduce :math:`\text{CH}_4` emissions from rice production by 45% due to improved management and reduced flooding.,Fractional reduction in methane emitted from rice production,12,0.0,0.0,0.0,0.37674418604651166,2063
AFOLU,AGRC,TFR:AGRC:DEC_CH4_RICE,AGRC: Improve rice management,Reduce :math:`\text{CH}_4` emissions from rice production by 45% due to improved management and reduced flooding.,Fractional reduction in methane emitted from rice production,12,0.0,0.0,0.0,0.3872093023255814,2064
AFOLU,AGRC,TFR:AGRC:DEC_CH4_RICE,AGRC: Improve rice management,Reduce :math:`\text{CH}_4` emissions from rice production by 45% due to improved management and reduced flooding.,Fractional reduction in methane emitted from rice production,12,0.0,0.0,0.0,0.3976744186046512,2065
AFOLU,AGRC,TFR:AGRC:DEC_CH4_RICE,AGRC: Improve rice management,Reduce :math:`\text{CH}_4` emissions from rice production by 45% due to improved management and reduced flooding.,Fractional reduction in methane emitted from rice production,12,0.0,0.0,0.0,0.4081395348837209,2066
AFOLU,AGRC,TFR:AGRC:DEC_CH4_RICE,AGRC: Improve rice management,Reduce :math:`\text{CH}_4` emissions from rice production by 45% due to improved management and reduced flooding.,Fractional reduction in methane emitted from rice production,12,0.0,0.0,0.0,0.4186046511627907,2067
AFOLU,AGRC,TFR:AGRC:DEC_CH4_RICE,AGRC: Improve rice management,Reduce :math:`\text{CH}_4` emissions from rice production by 45% due to improved management and reduced flooding.,Fractional reduction in methane emitted from rice production,12,0.0,0.0,0.0,0.4290697674418605,2068
AFOLU,AGRC,TFR:AGRC:DEC_CH4_RICE,AGRC: Improve rice management,Reduce :math:`\text{CH}_4` emissions from rice production by 45% due to improved management and reduced flooding.,Fractional reduction in methane emitted from rice production,12,0.0,0.0,0.0,0.43953488372093025,2069
AFOLU,AGRC,TFR:AGRC:DEC_CH4_RICE,AGRC: Improve rice management,Reduce :math:`\text{CH}_4` emissions from rice production by 45% due to improved management and reduced flooding.,Fractional reduction in methane emitted from rice production,12,0.0,0.0,0.0,0.45,2070
AFOLU,AGRC,TFR:AGRC:DEC_EXPORTS,AGRC: Decrease Exports,Decrease agricultural exports by 50% (relative to final time period),Fractional reduction in agricultural exports,12,0.0,0.0,0.0,0.0,2015
AFOLU,AGRC,TFR:AGRC:DEC_EXPORTS,AGRC: Decrease Exports,Decrease agricultural exports by 50% (relative to final time period),Fractional reduction in agricultural exports,12,0.0,0.0,0.0,0.0,2016
AFOLU,AGRC,TFR:AGRC:DEC_EXPORTS,AGRC: Decrease Exports,Decrease agricultural exports by 50% (relative to final time period),Fractional reduction in agricultural exports,12,0.0,0.0,0.0,0.0,2017
AFOLU,AGRC,TFR:AGRC:DEC_EXPORTS,AGRC: Decrease Exports,Decrease agricultural exports by 50% (relative to final time period),Fractional reduction in agricultural exports,12,0.0,0.0,0.0,0.0,2018
AFOLU,AGRC,TFR:AGRC:DEC_EXPORTS,AGRC: Decrease Exports,Decrease agricultural exports by 50% (relative to final time period),Fractional reduction in agricultural exports,12,0.0,0.0,0.0,0.0,2019
AFOLU,AGRC,TFR:AGRC:DEC_EXPORTS,AGRC: Decrease Exports,Decrease agricultural exports by 50% (relative to final time period),Fractional reduction in agricultural exports,12,0.0,0.0,0.0,0.0,2020
AFOLU,AGRC,TFR:AGRC:DEC_EXPORTS,AGRC: Decrease Exports,Decrease agricultural exports by 50% (relative to final time period),Fractional reduction in agricultural exports,12,0.0,0.0,0.0,0.0,2021
AFOLU,AGRC,TFR:AGRC:DEC_EXPORTS,AGRC: Decrease Exports,Decrease agricultural exports by 50% (relative to final time period),Fractional reduction in agricultural exports,12,0.0,0.0,0.0,0.0,2022
AFOLU,AGRC,TFR:AGRC:DEC_EXPORTS,AGRC: Decrease Exports,Decrease agricultural exports by 50% (relative to final time period),Fractional reduction in agricultural exports,12,0.0,0.0,0.0,0.0,2023
AFOLU,AGRC,TFR:AGRC:DEC_EXPORTS,AGRC: Decrease Exports,Decrease agricultural exports by 50% (relative to final time period),Fractional reduction in agricultural exports,12,0.0,0.0,0.0,0.0,2024
AFOLU,AGRC,TFR:AGRC:DEC_EXPORTS,AGRC: Decrease Exports,Decrease agricultural exports by 50% (relative to final time period),Fractional reduction in agricultural exports,12,0.0,0.0,0.0,0.0,2025
AFOLU,AGRC,TFR:AGRC:DEC_EXPORTS,AGRC: Decrease Exports,Decrease agricultural exports by 50% (relative to final time period),Fractional reduction in agricultural exports,12,0.0,0.0,0.0,0.0,2026
AFOLU,AGRC,TFR:AGRC:DEC_EXPORTS,AGRC: Decrease Exports,Decrease agricultural exports by 50% (relative to final time period),Fractional reduction in agricultural exports,12,0.0,0.0,0.0,0.0,2027
AFOLU,AGRC,TFR:AGRC:DEC_EXPORTS,AGRC: Decrease Exports,Decrease agricultural exports by 50% (relative to final time period),Fractional reduction in agricultural exports,12,0.0,0.0,0.0,0.011627906976744186,2028
AFOLU,AGRC,TFR:AGRC:DEC_EXPORTS,AGRC: Decrease Exports,Decrease agricultural exports by 50% (relative to final time period),Fractional reduction in agricultural exports,12,0.0,0.0,0.0,0.023255813953488372,2029
AFOLU,AGRC,TFR:AGRC:DEC_EXPORTS,AGRC: Decrease Exports,Decrease agricultural exports by 50% (relative to final time period),Fractional reduction in agricultural exports,12,0.0,0.0,0.0,0.03488372093023256,2030
AFOLU,AGRC,TFR:AGRC:DEC_EXPORTS,AGRC: Decrease Exports,Decrease agricultural exports by 50% (relative to final time period),Fractional reduction in agricultural exports,12,0.0,0.0,0.0,0.046511627906976744,2031
AFOLU,AGRC,TFR:AGRC:DEC_EXPORTS,AGRC: Decrease Exports,Decrease agricultural exports by 50% (relative to final time period),Fractional reduction in agricultural exports,12,0.0,0.0,0.0,0.05813953488372093,2032
AFOLU,AGRC,TFR:AGRC:DEC_EXPORTS,AGRC: Decrease Exports,Decrease agricultural exports by 50% (relative to final time period),Fractional reduction in agricultural exports,12,0.0,0.0,0.0,0.06976744186046512,2033
AFOLU,AGRC,TFR:AGRC:DEC_EXPORTS,AGRC: Decrease Exports,Decrease agricultural exports by 50% (relative to final time period),Fractional reduction in agricultural exports,12,0.0,0.0,0.0,0.08139534883720931,2034
AFOLU,AGRC,TFR:AGRC:DEC_EXPORTS,AGRC: Decrease Exports,Decrease agricultural exports by 50% (relative to final time period),Fractional reduction in agricultural exports,12,0.0,0.0,0.0,0.09302325581395349,2035
AFOLU,AGRC,TFR:AGRC:DEC_EXPORTS,AGRC: Decrease Exports,Decrease agricultural exports by 50% (relative to final time period),Fractional reduction in agricultural exports,12,0.0,0.0,0.0,0.10465116279069768,2036
AFOLU,AGRC,TFR:AGRC:DEC_EXPORTS,AGRC: Decrease Exports,Decrease agricultural exports by 50% (relative to final time period),Fractional reduction in agricultural exports,12,0.0,0.0,0.0,0.11627906976744186,2037
AFOLU,AGRC,TFR:AGRC:DEC_EXPORTS,AGRC: Decrease Exports,Decrease agricultural exports by 50% (relative to final time period),Fractional reduction in agricultural exports,12,0.0,0.0,0.0,0.12790697674418605,2038
AFOLU,AGRC,TFR:AGRC:DEC_EXPORTS,AGRC: Decrease Exports,Decrease agricultural exports by 50% (relative to final time period),Fractional reduction in agricultural exports,12,0.0,0.0,0.0,0.13953488372093023,2039
AFOLU,AGRC,TFR:AGRC:DEC_EXPORTS,AGRC: Decrease Exports,Decrease agricultural exports by 50% (relative to final time period),Fractional reduction in agricultural exports,12,0.0,0.0,0.0,0.1511627906976744,2040
AFOLU,AGRC,TFR:AGRC:DEC_EXPORTS,AGRC: Decrease Exports,Decrease agricultural exports by 50% (relative to final time period),Fractional reduction in agricultural exports,12,0.0,0.0,0.0,0.16279069767441862,2041
AFOLU,AGRC,TFR:AGRC:DEC_EXPORTS,AGRC: Decrease Exports,Decrease agricultural exports by 50% (relative to final time period),Fractional reduction in agricultural exports,12,0.0,0.0,0.0,0.1744186046511628,2042
AFOLU,AGRC,TFR:AGRC:DEC_EXPORTS,AGRC: Decrease Exports,Decrease agricultural exports by 50% (relative to final time period),Fractional reduction in agricultural exports,12,0.0,0.0,0.0,0.18604651162790697,2043
AFOLU,AGRC,TFR:AGRC:DEC_EXPORTS,AGRC: Decrease Exports,Decrease agricultural exports by 50% (relative to final time period),Fractional reduction in agricultural exports,12,0.0,0.0,0.0,0.19767441860465115,2044
AFOLU,AGRC,TFR:AGRC:DEC_EXPORTS,AGRC: Decrease Exports,Decrease agricultural exports by 50% (relative to final time period),Fractional reduction in agricultural exports,12,0.0,0.0,0.0,0.20930232558139536,2045
AFOLU,AGRC,TFR:AGRC:DEC_EXPORTS,AGRC: Decrease Exports,Decrease agricultural exports by 50% (relative to final time period),Fractional reduction in agricultural exports,12,0.0,0.0,0.0,0.22093023255813954,2046
AFOLU,AGRC,TFR:AGRC:DEC_EXPORTS,AGRC: Decrease Exports,Decrease agricultural exports by 50% (relative to final time period),Fractional reduction in agricultural exports,12,0.0,0.0,0.0,0.23255813953488372,2047
AFOLU,AGRC,TFR:AGRC:DEC_EXPORTS,AGRC: Decrease Exports,Decrease agricultural exports by 50% (relative to final time period),Fractional reduction in agricultural exports,12,0.0,0.0,0.0,0.2441860465116279,2048
AFOLU,AGRC,TFR:AGRC:DEC_EXPORTS,AGRC: Decrease Exports,Decrease agricultural exports by 50% (relative to final time period),Fractional reduction in agricultural exports,12,0.0,0.0,0.0,0.2558139534883721,2049
AFOLU,AGRC,TFR:AGRC:DEC_EXPORTS,AGRC: Decrease Exports,Decrease agricultural exports by 50% (relative to final time period),Fractional reduction in agricultural exports,12,0.0,0.0,0.0,0.26744186046511625,2050
AFOLU,AGRC,TFR:AGRC:DEC_EXPORTS,AGRC: Decrease Exports,Decrease agricultural exports by 50% (relative to final time period),Fractional reduction in agricultural exports,12,0.0,0.0,0.0,0.27906976744186046,2051
AFOLU,AGRC,TFR:AGRC:DEC_EXPORTS,AGRC: Decrease Exports,Decrease agricultural exports by 50% (relative to final time period),Fractional reduction in agricultural exports,12,0.0,0.0,0.0,0.29069767441860467,2052
AFOLU,AGRC,TFR:AGRC:DEC_EXPORTS,AGRC: Decrease Exports,Decrease agricultural exports by 50% (relative to final time period),Fractional reduction in agricultural exports,12,0.0,0.0,0.0,0.3023255813953488,2053
AFOLU,AGRC,TFR:AGRC:DEC_EXPORTS,AGRC: Decrease Exports,Decrease agricultural exports by 50% (relative to final time period),Fractional reduction in agricultural exports,12,0.0,0.0,0.0,0.313953488372093,2054
AFOLU,AGRC,TFR:AGRC:DEC_EXPORTS,AGRC: Decrease Exports,Decrease agricultural exports by 50% (relative to final time period),Fractional reduction in agricultural exports,12,0.0,0.0,0.0,0.32558139534883723,2055
AFOLU,AGRC,TFR:AGRC:DEC_EXPORTS,AGRC: Decrease Exports,Decrease agricultural exports by 50% (relative to final time period),Fractional reduction in agricultural exports,12,0.0,0.0,0.0,0.3372093023255814,2056
AFOLU,AGRC,TFR:AGRC:DEC_EXPORTS,AGRC: Decrease Exports,Decrease agricultural exports by 50% (relative to final time period),Fractional reduction in agricultural exports,12,0.0,0.0,0.0,0.3488372093023256,2057
AFOLU,AGRC,TFR:AGRC:DEC_EXPORTS,AGRC: Decrease Exports,Decrease agricultural exports by 50% (relative to final time period),Fractional reduction in agricultural exports,12,0.0,0.0,0.0,0.36046511627906974,2058
AFOLU,AGRC,TFR:AGRC:DEC_EXPORTS,AGRC: Decrease Exports,Decrease agricultural exports by 50% (relative to final time period),Fractional reduction in agricultural exports,12,0.0,0.0,0.0,0.37209302325581395,2059
AFOLU,AGRC,TFR:AGRC:DEC_EXPORTS,AGRC: Decrease Exports,Decrease agricultural exports by 50% (relative to final time period),Fractional reduction in agricultural exports,12,0.0,0.0,0.0,0.38372093023255816,2060
AFOLU,AGRC,TFR:AGRC:DEC_EXPORTS,AGRC: Decrease Exports,Decrease agricultural exports by 50% (relative to final time period),Fractional reduction in agricultural exports,12,0.0,0.0,0.0,0.3953488372093023,2061
AFOLU,AGRC,TFR:AGRC:DEC_EXPORTS,AGRC: Decrease Exports,Decrease agricultural exports by 50% (relative to final time period),Fractional reduction in agricultural exports,12,0.0,0.0,0.0,0.4069767441860465,2062
AFOLU,AGRC,TFR:AGRC:DEC_EXPORTS,AGRC: Decrease Exports,Decrease agricultural exports by 50% (relative to final time period),Fractional reduction in agricultural exports,12,0.0,0.0,0.0,0.4186046511627907,2063
AFOLU,AGRC,TFR:AGRC:DEC_EXPORTS,AGRC: Decrease Exports,Decrease agricultural exports by 50% (relative to final time period),Fractional reduction in agricultural exports,12,0.0,0.0,0.0,0.43023255813953487,2064
AFOLU,AGRC,TFR:AGRC:DEC_EXPORTS,AGRC: Decrease Exports,Decrease agricultural exports by 50% (relative to final time period),Fractional reduction in agricultural exports,12,0.0,0.0,0.0,0.4418604651162791,2065
AFOLU,AGRC,TFR:AGRC:DEC_EXPORTS,AGRC: Decrease Exports,Decrease agricultural exports by 50% (relative to final time period),Fractional reduction in agricultural exports,12,0.0,0.0,0.0,0.45348837209302323,2066
AFOLU,AGRC,TFR:AGRC:DEC_EXPORTS,AGRC: Decrease Exports,Decrease agricultural exports by 50% (relative to final time period),Fractional reduction in agricultural exports,12,0.0,0.0,0.0,0.46511627906976744,2067
AFOLU,AGRC,TFR:AGRC:DEC_EXPORTS,AGRC: Decrease Exports,Decrease agricultural exports by 50% (relative to final time period),Fractional reduction in agricultural exports,12,0.0,0.0,0.0,0.47674418604651164,2068
AFOLU,AGRC,TFR:AGRC:DEC_EXPORTS,AGRC: Decrease Exports,Decrease agricultural exports by 50% (relative to final time period),Fractional reduction in agricultural exports,12,0.0,0.0,0.0,0.4883720930232558,2069
AFOLU,AGRC,TFR:AGRC:DEC_EXPORTS,AGRC: Decrease Exports,Decrease agricultural exports by 50% (relative to final time period),Fractional reduction in agricultural exports,12,0.0,0.0,0.0,0.5,2070
AFOLU,AGRC,TFR:AGRC:DEC_LOSSES_SUPPLY_CHAIN,AGRC: Reduce supply chain losses,Reduce waste food waste in the agricultural (crop) supply chain (pre-consumer),Fractional reduction in food waste in supply chain,12,0.0,0.0,0.0,0.0,2015
AFOLU,AGRC,TFR:AGRC:DEC_LOSSES_SUPPLY_CHAIN,AGRC: Reduce supply chain losses,Reduce waste food waste in the agricultural (crop) supply chain (pre-consumer),Fractional reduction in food waste in supply chain,12,0.0,0.0,0.0,0.0,2016
AFOLU,AGRC,TFR:AGRC:DEC_LOSSES_SUPPLY_CHAIN,AGRC: Reduce supply chain losses,Reduce waste food waste in the agricultural (crop) supply chain (pre-consumer),Fractional reduction in food waste in supply chain,12,0.0,0.0,0.0,0.0,2017
AFOLU,AGRC,TFR:AGRC:DEC_LOSSES_SUPPLY_CHAIN,AGRC: Reduce supply chain losses,Reduce waste food waste in the agricultural (crop) supply chain (pre-consumer),Fractional reduction in food waste in supply chain,12,0.0,0.0,0.0,0.0,2018
AFOLU,AGRC,TFR:AGRC:DEC_LOSSES_SUPPLY_CHAIN,AGRC: Reduce supply chain losses,Reduce waste food waste in the agricultural (crop) supply chain (pre-consumer),Fractional reduction in food waste in supply chain,12,0.0,0.0,0.0,0.0,2019
AFOLU,AGRC,TFR:AGRC:DEC_LOSSES_SUPPLY_CHAIN,AGRC: Reduce supply chain losses,Reduce waste food waste in the agricultural (crop) supply chain (pre-consumer),Fractional reduction in food waste in supply chain,12,0.0,0.0,0.0,0.0,2020
AFOLU,AGRC,TFR:AGRC:DEC_LOSSES_SUPPLY_CHAIN,AGRC: Reduce supply chain losses,Reduce waste food waste in the agricultural (crop) supply chain (pre-consumer),Fractional reduction in food waste in supply chain,12,0.0,0.0,0.0,0.0,2021
AFOLU,AGRC,TFR:AGRC:DEC_LOSSES_SUPPLY_CHAIN,AGRC: Reduce supply chain losses,Reduce waste food waste in the agricultural (crop) supply chain (pre-consumer),Fractional reduction in food waste in supply chain,12,0.0,0.0,0.0,0.0,2022
AFOLU,AGRC,TFR:AGRC:DEC_LOSSES_SUPPLY_CHAIN,AGRC: Reduce supply chain losses,Reduce waste food waste in the agricultural (crop) supply chain (pre-consumer),Fractional reduction in food waste in supply chain,12,0.0,0.0,0.0,0.0,2023
AFOLU,AGRC,TFR:AGRC:DEC_LOSSES_SUPPLY_CHAIN,AGRC: Reduce supply chain losses,Reduce waste food waste in the agricultural (crop) supply chain (pre-consumer),Fractional reduction in food waste in supply chain,12,0.0,0.0,0.0,0.0,2024
AFOLU,AGRC,TFR:AGRC:DEC_LOSSES_SUPPLY_CHAIN,AGRC: Reduce supply chain losses,Reduce waste food waste in the agricultural (crop) supply chain (pre-consumer),Fractional reduction in food waste in supply chain,12,0.0,0.0,0.0,0.0,2025
AFOLU,AGRC,TFR:AGRC:DEC_LOSSES_SUPPLY_CHAIN,AGRC: Reduce supply chain losses,Reduce waste food waste in the agricultural (crop) supply chain (pre-consumer),Fractional reduction in food waste in supply chain,12,0.0,0.0,0.0,0.0,2026
AFOLU,AGRC,TFR:AGRC:DEC_LOSSES_SUPPLY_CHAIN,AGRC: Reduce supply chain losses,Reduce waste food waste in the agricultural (crop) supply chain (pre-consumer),Fractional reduction in food waste in supply chain,12,0.0,0.0,0.0,0.0,2027
AFOLU,AGRC,TFR:AGRC:DEC_LOSSES_SUPPLY_CHAIN,AGRC: Reduce supply chain losses,Reduce waste food waste in the agricultural (crop) supply chain (pre-consumer),Fractional reduction in food waste in supply chain,12,0.0,0.0,0.0,0.0069767441860465115,2028
AFOLU,AGRC,TFR:AGRC:DEC_LOSSES_SUPPLY_CHAIN,AGRC: Reduce supply chain losses,Reduce waste food waste in the agricultural (crop) supply chain (pre-consumer),Fractional reduction in food waste in supply chain,12,0.0,0.0,0.0,0.013953488372093023,2029
AFOLU,AGRC,TFR:AGRC:DEC_LOSSES_SUPPLY_CHAIN,AGRC: Reduce supply chain losses,Reduce waste food waste in the agricultural (crop) supply chain (pre-consumer),Fractional reduction in food waste in supply chain,12,0.0,0.0,0.0,0.020930232558139535,2030
AFOLU,AGRC,TFR:AGRC:DEC_LOSSES_SUPPLY_CHAIN,AGRC: Reduce supply chain losses,Reduce waste food waste in the agricultural (crop) supply chain (pre-consumer),Fractional reduction in food waste in supply chain,12,0.0,0.0,0.0,0.027906976744186046,2031
AFOLU,AGRC,TFR:AGRC:DEC_LOSSES_SUPPLY_CHAIN,AGRC: Reduce supply chain losses,Reduce waste food waste in the agricultural (crop) supply chain (pre-consumer),Fractional reduction in food waste in supply chain,12,0.0,0.0,0.0,0.03488372093023256,2032
AFOLU,AGRC,TFR:AGRC:DEC_LOSSES_SUPPLY_CHAIN,AGRC: Reduce supply chain losses,Reduce waste food waste in the agricultural (crop) supply chain (pre-consumer),Fractional reduction in food waste in supply chain,12,0.0,0.0,0.0,0.04186046511627907,2033
AFOLU,AGRC,TFR:AGRC:DEC_LOSSES_SUPPLY_CHAIN,AGRC: Reduce supply chain losses,Reduce waste food waste in the agricultural (crop) supply chain (pre-consumer),Fractional reduction in food waste in supply chain,12,0.0,0.0,0.0,0.04883720930232558,2034
AFOLU,AGRC,TFR:AGRC:DEC_LOSSES_SUPPLY_CHAIN,AGRC: Reduce supply chain losses,Reduce waste food waste in the agricultural (crop) supply chain (pre-consumer),Fractional reduction in food waste in supply chain,12,0.0,0.0,0.0,0.05581395348837209,2035
AFOLU,AGRC,TFR:AGRC:DEC_LOSSES_SUPPLY_CHAIN,AGRC: Reduce supply chain losses,Reduce waste food waste in the agricultural (crop) supply chain (pre-consumer),Fractional reduction in food waste in supply chain,12,0.0,0.0,0.0,0.06279069767441861,2036
AFOLU,AGRC,TFR:AGRC:DEC_LOSSES_SUPPLY_CHAIN,AGRC: Reduce supply chain losses,Reduce waste food waste in the agricultural (crop) supply chain (pre-consumer),Fractional reduction in food waste in supply chain,12,0.0,0.0,0.0,0.06976744186046512,2037
AFOLU,AGRC,TFR:AGRC:DEC_LOSSES_SUPPLY_CHAIN,AGRC: Reduce supply chain losses,Reduce waste food waste in the agricultural (crop) supply chain (pre-consumer),Fractional reduction in food waste in supply chain,12,0.0,0.0,0.0,0.07674418604651163,2038
AFOLU,AGRC,TFR:AGRC:DEC_LOSSES_SUPPLY_CHAIN,AGRC: Reduce supply chain losses,Reduce waste food waste in the agricultural (crop) supply chain (pre-consumer),Fractional reduction in food waste in supply chain,12,0.0,0.0,0.0,0.08372093023255814,2039
AFOLU,AGRC,TFR:AGRC:DEC_LOSSES_SUPPLY_CHAIN,AGRC: Reduce supply chain losses,Reduce waste food waste in the agricultural (crop) supply chain (pre-consumer),Fractional reduction in food waste in supply chain,12,0.0,0.0,0.0,0.09069767441860464,2040
AFOLU,AGRC,TFR:AGRC:DEC_LOSSES_SUPPLY_CHAIN,AGRC: Reduce supply chain losses,Reduce waste food waste in the agricultural (crop) supply chain (pre-consumer),Fractional reduction in food waste in supply chain,12,0.0,0.0,0.0,0.09767441860465116,2041
AFOLU,AGRC,TFR:AGRC:DEC_LOSSES_SUPPLY_CHAIN,AGRC: Reduce supply chain losses,Reduce waste food waste in the agricultural (crop) supply chain (pre-consumer),Fractional reduction in food waste in supply chain,12,0.0,0.0,0.0,0.10465116279069768,2042
AFOLU,AGRC,TFR:AGRC:DEC_LOSSES_SUPPLY_CHAIN,AGRC: Reduce supply chain losses,Reduce waste food waste in the agricultural (crop) supply chain (pre-consumer),Fractional reduction in food waste in supply chain,12,0.0,0.0,0.0,0.11162790697674418,2043
AFOLU,AGRC,TFR:AGRC:DEC_LOSSES_SUPPLY_CHAIN,AGRC: Reduce supply chain losses,Reduce waste food waste in the agricultural (crop) supply chain (pre-consumer),Fractional reduction in food waste in supply chain,12,0.0,0.0,0.0,0.11860465116279069,2044
AFOLU,AGRC,TFR:AGRC:DEC_LOSSES_SUPPLY_CHAIN,AGRC: Reduce supply chain losses,Reduce waste food waste in the agricultural (crop) supply chain (pre-consumer),Fractional reduction in food waste in supply chain,12,0.0,0.0,0.0,0.12558139534883722,2045
AFOLU,AGRC,TFR:AGRC:DEC_LOSSES_SUPPLY_CHAIN,AGRC: Reduce supply chain losses,Reduce waste food waste in the agricultural (crop) supply chain (pre-consumer),Fractional reduction in food waste in supply chain,12,0.0,0.0,0.0,0.1325581395348837,2046
AFOLU,AGRC,TFR:AGRC:DEC_LOSSES_SUPPLY_CHAIN,AGRC: Reduce supply chain losses,Reduce waste food waste in the agricultural (crop) supply chain (pre-consumer),Fractional reduction in food waste in supply chain,12,0.0,0.0,0.0,0.13953488372093023,2047
AFOLU,AGRC,TFR:AGRC:DEC_LOSSES_SUPPLY_CHAIN,AGRC: Reduce supply chain losses,Reduce waste food waste in the agricultural (crop) supply chain (pre-consumer),Fractional reduction in food waste in supply chain,12,0.0,0.0,0.0,0.14651162790697672,2048
AFOLU,AGRC,TFR:AGRC:DEC_LOSSES_SUPPLY_CHAIN,AGRC: Reduce supply chain losses,Reduce waste food waste in the agricultural (crop) supply chain (pre-consumer),Fractional reduction in food waste in supply chain,12,0.0,0.0,0.0,0.15348837209302327,2049
AFOLU,AGRC,TFR:AGRC:DEC_LOSSES_SUPPLY_CHAIN,AGRC: Reduce supply chain losses,Reduce waste food waste in the agricultural (crop) supply chain (pre-consumer),Fractional reduction in food waste in supply chain,12,0.0,0.0,0.0,0.16046511627906976,2050
AFOLU,AGRC,TFR:AGRC:DEC_LOSSES_SUPPLY_CHAIN,AGRC: Reduce supply chain losses,Reduce waste food waste in the agricultural (crop) supply chain (pre-consumer),Fractional reduction in food waste in supply chain,12,0.0,0.0,0.0,0.16744186046511628,2051
AFOLU,AGRC,TFR:AGRC:DEC_LOSSES_SUPPLY_CHAIN,AGRC: Reduce supply chain losses,Reduce waste food waste in the agricultural (crop) supply chain (pre-consumer),Fractional reduction in food waste in supply chain,12,0.0,0.0,0.0,0.1744186046511628,2052
AFOLU,AGRC,TFR:AGRC:DEC_LOSSES_SUPPLY_CHAIN,AGRC: Reduce supply chain losses,Reduce waste food waste in the agricultural (crop) supply chain (pre-consumer),Fractional reduction in food waste in supply chain,12,0.0,0.0,0.0,0.18139534883720929,2053
AFOLU,AGRC,TFR:AGRC:DEC_LOSSES_SUPPLY_CHAIN,AGRC: Reduce supply chain losses,Reduce waste food waste in the agricultural (crop) supply chain (pre-consumer),Fractional reduction in food waste in supply chain,12,0.0,0.0,0.0,0.1883720930232558,2054
AFOLU,AGRC,TFR:AGRC:DEC_LOSSES_SUPPLY_CHAIN,AGRC: Reduce supply chain losses,Reduce waste food waste in the agricultural (crop) supply chain (pre-consumer),Fractional reduction in food waste in supply chain,12,0.0,0.0,0.0,0.19534883720930232,2055
AFOLU,AGRC,TFR:AGRC:DEC_LOSSES_SUPPLY_CHAIN,AGRC: Reduce supply chain losses,Reduce waste food waste in the agricultural (crop) supply chain (pre-consumer),Fractional reduction in food waste in supply chain,12,0.0,0.0,0.0,0.2023255813953488,2056
AFOLU,AGRC,TFR:AGRC:DEC_LOSSES_SUPPLY_CHAIN,AGRC: Reduce supply chain losses,Reduce waste food waste in the agricultural (crop) supply chain (pre-consumer),Fractional reduction in food waste in supply chain,12,0.0,0.0,0.0,0.20930232558139536,2057
AFOLU,AGRC,TFR:AGRC:DEC_LOSSES_SUPPLY_CHAIN,AGRC: Reduce supply chain losses,Reduce waste food waste in the agricultural (crop) supply chain (pre-consumer),Fractional reduction in food waste in supply chain,12,0.0,0.0,0.0,0.21627906976744185,2058
AFOLU,AGRC,TFR:AGRC:DEC_LOSSES_SUPPLY_CHAIN,AGRC: Reduce supply chain losses,Reduce waste food waste in the agricultural (crop) supply chain (pre-consumer),Fractional reduction in food waste in supply chain,12,0.0,0.0,0.0,0.22325581395348837,2059
AFOLU,AGRC,TFR:AGRC:DEC_LOSSES_SUPPLY_CHAIN,AGRC: Reduce supply chain losses,Reduce waste food waste in the agricultural (crop) supply chain (pre-consumer),Fractional reduction in food waste in supply chain,12,0.0,0.0,0.0,0.2302325581395349,2060
AFOLU,AGRC,TFR:AGRC:DEC_LOSSES_SUPPLY_CHAIN,AGRC: Reduce supply chain losses,Reduce waste food waste in the agricultural (crop) supply chain (pre-consumer),Fractional reduction in food waste in supply chain,12,0.0,0.0,0.0,0.23720930232558138,2061
AFOLU,AGRC,TFR:AGRC:DEC_LOSSES_SUPPLY_CHAIN,AGRC: Reduce supply chain losses,Reduce waste food waste in the agricultural (crop) supply chain (pre-consumer),Fractional reduction in food waste in supply chain,12,0.0,0.0,0.0,0.2441860465116279,2062
AFOLU,AGRC,TFR:AGRC:DEC_LOSSES_SUPPLY_CHAIN,AGRC: Reduce supply chain losses,Reduce waste food waste in the agricultural (crop) supply chain (pre-consumer),Fractional reduction in food waste in supply chain,12,0.0,0.0,0.0,0.25116279069767444,2063
AFOLU,AGRC,TFR:AGRC:DEC_LOSSES_SUPPLY_CHAIN,AGRC: Reduce supply chain losses,Reduce waste food waste in the agricultural (crop) supply chain (pre-consumer),Fractional reduction in food waste in supply chain,12,0.0,0.0,0.0,0.25813953488372093,2064
AFOLU,AGRC,TFR:AGRC:DEC_LOSSES_SUPPLY_CHAIN,AGRC: Reduce supply chain losses,Reduce waste food waste in the agricultural (crop) supply chain (pre-consumer),Fractional reduction in food waste in supply chain,12,0.0,0.0,0.0,0.2651162790697674,2065
AFOLU,AGRC,TFR:AGRC:DEC_LOSSES_SUPPLY_CHAIN,AGRC: Reduce supply chain losses,Reduce waste food waste in the agricultural (crop) supply chain (pre-consumer),Fractional reduction in food waste in supply chain,12,0.0,0.0,0.0,0.2720930232558139,2066
AFOLU,AGRC,TFR:AGRC:DEC_LOSSES_SUPPLY_CHAIN,AGRC: Reduce supply chain losses,Reduce waste food waste in the agricultural (crop) supply chain (pre-consumer),Fractional reduction in food waste in supply chain,12,0.0,0.0,0.0,0.27906976744186046,2067
AFOLU,AGRC,TFR:AGRC:DEC_LOSSES_SUPPLY_CHAIN,AGRC: Reduce supply chain losses,Reduce waste food waste in the agricultural (crop) supply chain (pre-consumer),Fractional reduction in food waste in supply chain,12,0.0,0.0,0.0,0.28604651162790695,2068
AFOLU,AGRC,TFR:AGRC:DEC_LOSSES_SUPPLY_CHAIN,AGRC: Reduce supply chain losses,Reduce waste food waste in the agricultural (crop) supply chain (pre-consumer),Fractional reduction in food waste in supply chain,12,0.0,0.0,0.0,0.29302325581395344,2069
AFOLU,AGRC,TFR:AGRC:DEC_LOSSES_SUPPLY_CHAIN,AGRC: Reduce supply chain losses,Reduce waste food waste in the agricultural (crop) supply chain (pre-consumer),Fractional reduction in food waste in supply chain,12,0.0,0.0,0.0,0.3,2070
AFOLU,LNDU,TFR:LNDU:DEC_DEFORESTATION,LNDU: Stop deforestation,Halt deforestation of primary and secondary forests,Target transition probability for forest classes remaining that class (closer to 1 means less loss),12,0.0,0.0,0.0,0.0,2015
AFOLU,LNDU,TFR:LNDU:DEC_DEFORESTATION,LNDU: Stop deforestation,Halt deforestation of primary and secondary forests,Target transition probability for forest classes remaining that class (closer to 1 means less loss),12,0.0,0.0,0.0,0.0,2016
AFOLU,LNDU,TFR:LNDU:DEC_DEFORESTATION,LNDU: Stop deforestation,Halt deforestation of primary and secondary forests,Target transition probability for forest classes remaining that class (closer to 1 means less loss),12,0.0,0.0,0.0,0.0,2017
AFOLU,LNDU,TFR:LNDU:DEC_DEFORESTATION,LNDU: Stop deforestation,Halt deforestation of primary and secondary forests,Target transition probability for forest classes remaining that class (closer to 1 means less loss),12,0.0,0.0,0.0,0.0,2018
AFOLU,LNDU,TFR:LNDU:DEC_DEFORESTATION,LNDU: Stop deforestation,Halt deforestation of primary and secondary forests,Target transition probability for forest classes remaining that class (closer to 1 means less loss),12,0.0,0.0,0.0,0.0,2019
AFOLU,LNDU,TFR:LNDU:DEC_DEFORESTATION,LNDU: Stop deforestation,Halt deforestation of primary and secondary forests,Target transition probability for forest classes remaining that class (closer to 1 means less loss),12,0.0,0.0,0.0,0.0,2020
AFOLU,LNDU,TFR:LNDU:DEC_DEFORESTATION,LNDU: Stop deforestation,Halt deforestation of primary and secondary forests,Target transition probability for forest classes remaining that class (closer to 1 means less loss),12,0.0,0.0,0.0,0.0,2021
AFOLU,LNDU,TFR:LNDU:DEC_DEFORESTATION,LNDU: Stop deforestation,Halt deforestation of primary and secondary forests,Target transition probability for forest classes remaining that class (closer to 1 means less loss),12,0.0,0.0,0.0,0.0,2022
AFOLU,LNDU,TFR:LNDU:DEC_DEFORESTATION,LNDU: Stop deforestation,Halt deforestation of primary and secondary forests,Target transition probability for forest classes remaining that class (closer to 1 means less loss),12,0.0,0.0,0.0,0.0,2023
AFOLU,LNDU,TFR:LNDU:DEC_DEFORESTATION,LNDU: Stop deforestation,Halt deforestation of primary and secondary forests,Target transition probability for forest classes remaining that class (closer to 1 means less loss),12,0.0,0.0,0.0,0.0,2024
AFOLU,LNDU,TFR:LNDU:DEC_DEFORESTATION,LNDU: Stop deforestation,Halt deforestation of primary and secondary forests,Target transition probability for forest classes remaining that class (closer to 1 means less loss),12,0.0,0.0,0.0,0.0,2025
AFOLU,LNDU,TFR:LNDU:DEC_DEFORESTATION,LNDU: Stop deforestation,Halt deforestation of primary and secondary forests,Target transition probability for forest classes remaining that class (closer to 1 means less loss),12,0.0,0.0,0.0,0.0,2026
AFOLU,LNDU,TFR:LNDU:DEC_DEFORESTATION,LNDU: Stop deforestation,Halt deforestation of primary and secondary forests,Target transition probability for forest classes remaining that class (closer to 1 means less loss),12,0.0,0.0,0.0,0.0,2027
AFOLU,LNDU,TFR:LNDU:DEC_DEFORESTATION,LNDU: Stop deforestation,Halt deforestation of primary and secondary forests,Target transition probability for forest classes remaining that class (closer to 1 means less loss),12,0.0,0.011627790697674419,0.023255581395348838,0.06976674418604652,2028
AFOLU,LNDU,TFR:LNDU:DEC_DEFORESTATION,LNDU: Stop deforestation,Halt deforestation of primary and secondary forests,Target transition probability for forest classes remaining that class (closer to 1 means less loss),12,0.0,0.023255581395348838,0.046511162790697676,0.13953348837209303,2029
AFOLU,LNDU,TFR:LNDU:DEC_DEFORESTATION,LNDU: Stop deforestation,Halt deforestation of primary and secondary forests,Target transition probability for forest classes remaining that class (closer to 1 means less loss),12,0.0,0.03488337209302326,0.06976674418604652,0.20930023255813954,2030
AFOLU,LNDU,TFR:LNDU:DEC_DEFORESTATION,LNDU: Stop deforestation,Halt deforestation of primary and secondary forests,Target transition probability for forest classes remaining that class (closer to 1 means less loss),12,0.0,0.046511162790697676,0.09302232558139535,0.27906697674418607,2031
AFOLU,LNDU,TFR:LNDU:DEC_DEFORESTATION,LNDU: Stop deforestation,Halt deforestation of primary and secondary forests,Target transition probability for forest classes remaining that class (closer to 1 means less loss),12,0.0,0.05813895348837209,0.11627790697674419,0.34883372093023257,2032
AFOLU,LNDU,TFR:LNDU:DEC_DEFORESTATION,LNDU: Stop deforestation,Halt deforestation of primary and secondary forests,Target transition probability for forest classes remaining that class (closer to 1 means less loss),12,0.0,0.06976674418604652,0.13953348837209303,0.4186004651162791,2033
AFOLU,LNDU,TFR:LNDU:DEC_DEFORESTATION,LNDU: Stop deforestation,Halt deforestation of primary and secondary forests,Target transition probability for forest classes remaining that class (closer to 1 means less loss),12,0.0,0.08139453488372093,0.16278906976744187,0.48836720930232563,2034
AFOLU,LNDU,TFR:LNDU:DEC_DEFORESTATION,LNDU: Stop deforestation,Halt deforestation of primary and secondary forests,Target transition probability for forest classes remaining that class (closer to 1 means less loss),12,0.0,0.09302232558139535,0.1860446511627907,0.5581339534883721,2035
AFOLU,LNDU,TFR:LNDU:DEC_DEFORESTATION,LNDU: Stop deforestation,Halt deforestation of primary and secondary forests,Target transition probability for forest classes remaining that class (closer to 1 means less loss),12,0.0,0.10465011627906978,0.20930023255813957,0.6279006976744187,2036
AFOLU,LNDU,TFR:LNDU:DEC_DEFORESTATION,LNDU: Stop deforestation,Halt deforestation of primary and secondary forests,Target transition probability for forest classes remaining that class (closer to 1 means less loss),12,0.0,0.11627790697674419,0.23255581395348837,0.6976674418604651,2037
AFOLU,LNDU,TFR:LNDU:DEC_DEFORESTATION,LNDU: Stop deforestation,Halt deforestation of primary and secondary forests,Target transition probability for forest classes remaining that class (closer to 1 means less loss),12,0.0,0.12790569767441862,0.25581139534883723,0.7674341860465117,2038
AFOLU,LNDU,TFR:LNDU:DEC_DEFORESTATION,LNDU: Stop deforestation,Halt deforestation of primary and secondary forests,Target transition probability for forest classes remaining that class (closer to 1 means less loss),12,0.0,0.13953348837209303,0.27906697674418607,0.8372009302325581,2039
AFOLU,LNDU,TFR:LNDU:DEC_DEFORESTATION,LNDU: Stop deforestation,Halt deforestation of primary and secondary forests,Target transition probability for forest classes remaining that class (closer to 1 means less loss),12,0.0,0.15116127906976745,0.3023225581395349,0.9069676744186047,2040
AFOLU,LNDU,TFR:LNDU:DEC_DEFORESTATION,LNDU: Stop deforestation,Halt deforestation of primary and secondary forests,Target transition probability for forest classes remaining that class (closer to 1 means less loss),12,0.0,0.16278906976744187,0.32557813953488374,0.9767344186046513,2041
AFOLU,LNDU,TFR:LNDU:DEC_DEFORESTATION,LNDU: Stop deforestation,Halt deforestation of primary and secondary forests,Target transition probability for forest classes remaining that class (closer to 1 means less loss),12,0.0,0.17441686046511629,0.34883372093023257,1.0465011627906977,2042
AFOLU,LNDU,TFR:LNDU:DEC_DEFORESTATION,LNDU: Stop deforestation,Halt deforestation of primary and secondary forests,Target transition probability for forest classes remaining that class (closer to 1 means less loss),12,0.0,0.1860446511627907,0.3720893023255814,1.1162679069767443,2043
AFOLU,LNDU,TFR:LNDU:DEC_DEFORESTATION,LNDU: Stop deforestation,Halt deforestation of primary and secondary forests,Target transition probability for forest classes remaining that class (closer to 1 means less loss),12,0.0,0.19767244186046512,0.39534488372093024,1.1860346511627908,2044
AFOLU,LNDU,TFR:LNDU:DEC_DEFORESTATION,LNDU: Stop deforestation,Halt deforestation of primary and secondary forests,Target transition probability for forest classes remaining that class (closer to 1 means less loss),12,0.0,0.20930023255813957,0.41860046511627913,1.2558013953488374,2045
AFOLU,LNDU,TFR:LNDU:DEC_DEFORESTATION,LNDU: Stop deforestation,Halt deforestation of primary and secondary forests,Target transition probability for forest classes remaining that class (closer to 1 means less loss),12,0.0,0.22092802325581395,0.4418560465116279,1.325568139534884,2046
AFOLU,LNDU,TFR:LNDU:DEC_DEFORESTATION,LNDU: Stop deforestation,Halt deforestation of primary and secondary forests,Target transition probability for forest classes remaining that class (closer to 1 means less loss),12,0.0,0.23255581395348837,0.46511162790697674,1.3953348837209303,2047
AFOLU,LNDU,TFR:LNDU:DEC_DEFORESTATION,LNDU: Stop deforestation,Halt deforestation of primary and secondary forests,Target transition probability for forest classes remaining that class (closer to 1 means less loss),12,0.0,0.2441836046511628,0.4883672093023256,1.4651016279069768,2048
AFOLU,LNDU,TFR:LNDU:DEC_DEFORESTATION,LNDU: Stop deforestation,Halt deforestation of primary and secondary forests,Target transition probability for forest classes remaining that class (closer to 1 means less loss),12,0.0,0.25581139534883723,0.5116227906976745,1.5348683720930234,2049
AFOLU,LNDU,TFR:LNDU:DEC_DEFORESTATION,LNDU: Stop deforestation,Halt deforestation of primary and secondary forests,Target transition probability for forest classes remaining that class (closer to 1 means less loss),12,0.0,0.2674391860465116,0.5348783720930232,1.6046351162790697,2050
AFOLU,LNDU,TFR:LNDU:DEC_DEFORESTATION,LNDU: Stop deforestation,Halt deforestation of primary and secondary forests,Target transition probability for forest classes remaining that class (closer to 1 means less loss),12,0.0,0.27906697674418607,0.5581339534883721,1.6744018604651163,2051
AFOLU,LNDU,TFR:LNDU:DEC_DEFORESTATION,LNDU: Stop deforestation,Halt deforestation of primary and secondary forests,Target transition probability for forest classes remaining that class (closer to 1 means less loss),12,0.0,0.2906947674418605,0.581389534883721,1.744168604651163,2052
AFOLU,LNDU,TFR:LNDU:DEC_DEFORESTATION,LNDU: Stop deforestation,Halt deforestation of primary and secondary forests,Target transition probability for forest classes remaining that class (closer to 1 means less loss),12,0.0,0.3023225581395349,0.6046451162790698,1.8139353488372094,2053
AFOLU,LNDU,TFR:LNDU:DEC_DEFORESTATION,LNDU: Stop deforestation,Halt deforestation of primary and secondary forests,Target transition probability for forest classes remaining that class (closer to 1 means less loss),12,0.0,0.3139503488372093,0.6279006976744186,1.883702093023256,2054
AFOLU,LNDU,TFR:LNDU:DEC_DEFORESTATION,LNDU: Stop deforestation,Halt deforestation of primary and secondary forests,Target transition probability for forest classes remaining that class (closer to 1 means less loss),12,0.0,0.32557813953488374,0.6511562790697675,1.9534688372093025,2055
AFOLU,LNDU,TFR:LNDU:DEC_DEFORESTATION,LNDU: Stop deforestation,Halt deforestation of primary and secondary forests,Target transition probability for forest classes remaining that class (closer to 1 means less loss),12,0.0,0.3372059302325581,0.6744118604651163,2.023235581395349,2056
AFOLU,LNDU,TFR:LNDU:DEC_DEFORESTATION,LNDU: Stop deforestation,Halt deforestation of primary and secondary forests,Target transition probability for forest classes remaining that class (closer to 1 means less loss),12,0.0,0.34883372093023257,0.6976674418604651,2.0930023255813954,2057
AFOLU,LNDU,TFR:LNDU:DEC_DEFORESTATION,LNDU: Stop deforestation,Halt deforestation of primary and secondary forests,Target transition probability for forest classes remaining that class (closer to 1 means less loss),12,0.0,0.36046151162790696,0.7209230232558139,2.162769069767442,2058
AFOLU,LNDU,TFR:LNDU:DEC_DEFORESTATION,LNDU: Stop deforestation,Halt deforestation of primary and secondary forests,Target transition probability for forest classes remaining that class (closer to 1 means less loss),12,0.0,0.3720893023255814,0.7441786046511628,2.2325358139534885,2059
AFOLU,LNDU,TFR:LNDU:DEC_DEFORESTATION,LNDU: Stop deforestation,Halt deforestation of primary and secondary forests,Target transition probability for forest classes remaining that class (closer to 1 means less loss),12,0.0,0.38371709302325585,0.7674341860465117,2.302302558139535,2060
AFOLU,LNDU,TFR:LNDU:DEC_DEFORESTATION,LNDU: Stop deforestation,Halt deforestation of primary and secondary forests,Target transition probability for forest classes remaining that class (closer to 1 means less loss),12,0.0,0.39534488372093024,0.7906897674418605,2.3720693023255817,2061
AFOLU,LNDU,TFR:LNDU:DEC_DEFORESTATION,LNDU: Stop deforestation,Halt deforestation of primary and secondary forests,Target transition probability for forest classes remaining that class (closer to 1 means less loss),12,0.0,0.4069726744186047,0.8139453488372094,2.4418360465116282,2062
AFOLU,LNDU,TFR:LNDU:DEC_DEFORESTATION,LNDU: Stop deforestation,Halt deforestation of primary and secondary forests,Target transition probability for forest classes remaining that class (closer to 1 means less loss),12,0.0,0.41860046511627913,0.8372009302325583,2.511602790697675,2063
AFOLU,LNDU,TFR:LNDU:DEC_DEFORESTATION,LNDU: Stop deforestation,Halt deforestation of primary and secondary forests,Target transition probability for forest classes remaining that class (closer to 1 means less loss),12,0.0,0.4302282558139535,0.860456511627907,2.581369534883721,2064
AFOLU,LNDU,TFR:LNDU:DEC_DEFORESTATION,LNDU: Stop deforestation,Halt deforestation of primary and secondary forests,Target transition probability for forest classes remaining that class (closer to 1 means less loss),12,0.0,0.4418560465116279,0.8837120930232558,2.651136279069768,2065
AFOLU,LNDU,TFR:LNDU:DEC_DEFORESTATION,LNDU: Stop deforestation,Halt deforestation of primary and secondary forests,Target transition probability for forest classes remaining that class (closer to 1 means less loss),12,0.0,0.4534838372093023,0.9069676744186046,2.720903023255814,2066
AFOLU,LNDU,TFR:LNDU:DEC_DEFORESTATION,LNDU: Stop deforestation,Halt deforestation of primary and secondary forests,Target transition probability for forest classes remaining that class (closer to 1 means less loss),12,0.0,0.46511162790697674,0.9302232558139535,2.7906697674418606,2067
AFOLU,LNDU,TFR:LNDU:DEC_DEFORESTATION,LNDU: Stop deforestation,Halt deforestation of primary and secondary forests,Target transition probability for forest classes remaining that class (closer to 1 means less loss),12,0.0,0.4767394186046512,0.9534788372093024,2.860436511627907,2068
AFOLU,LNDU,TFR:LNDU:DEC_DEFORESTATION,LNDU: Stop deforestation,Halt deforestation of primary and secondary forests,Target transition probability for forest classes remaining that class (closer to 1 means less loss),12,0.0,0.4883672093023256,0.9767344186046512,2.9302032558139537,2069
AFOLU,LNDU,TFR:LNDU:DEC_DEFORESTATION,LNDU: Stop deforestation,Halt deforestation of primary and secondary forests,Target transition probability for forest classes remaining that class (closer to 1 means less loss),12,0.0,0.499995,0.99999,2.9999700000000002,2070
AFOLU,LNDU,TFR:LNDU:DEC_SOC_LOSS_PASTURES,LNDU: Expand sustainable grazing practices," | Decrease soil organic carbon loss in grasslands through sustainable grazing practices
 | 
 | **Grasslands**: Increase :math:`F_{MG}` for ``grasslands`` to 1.157 (see V4, Chapter 6, Table 6.2 [2019R] for grasslands management factors :math:`F_{MG}` under different management regimes--mean of *Improved Grassland*)",Fractions of pastures use sustainable grazing,12,0.0,0.0,0.0,0.0,2015
AFOLU,LNDU,TFR:LNDU:DEC_SOC_LOSS_PASTURES,LNDU: Expand sustainable grazing practices," | Decrease soil organic carbon loss in grasslands through sustainable grazing practices
 | 
 | **Grasslands**: Increase :math:`F_{MG}` for ``grasslands`` to 1.157 (see V4, Chapter 6, Table 6.2 [2019R] for grasslands management factors :math:`F_{MG}` under different management regimes--mean of *Improved Grassland*)",Fractions of pastures use sustainable grazing,12,0.0,0.0,0.0,0.0,2016
AFOLU,LNDU,TFR:LNDU:DEC_SOC_LOSS_PASTURES,LNDU: Expand sustainable grazing practices," | Decrease soil organic carbon loss in grasslands through sustainable grazing practices
 | 
 | **Grasslands**: Increase :math:`F_{MG}` for ``grasslands`` to 1.157 (see V4, Chapter 6, Table 6.2 [2019R] for grasslands management factors :math:`F_{MG}` under different management regimes--mean of *Improved Grassland*)",Fractions of pastures use sustainable grazing,12,0.0,0.0,0.0,0.0,2017
AFOLU,LNDU,TFR:LNDU:DEC_SOC_LOSS_PASTURES,LNDU: Expand sustainable grazing practices," | Decrease soil organic carbon loss in grasslands through sustainable grazing practices
 | 
 | **Grasslands**: Increase :math:`F_{MG}` for ``grasslands`` to 1.157 (see V4, Chapter 6, Table 6.2 [2019R] for grasslands management factors :math:`F_{MG}` under different management regimes--mean of *Improved Grassland*)",Fractions of pastures use sustainable grazing,12,0.0,0.0,0.0,0.0,2018
AFOLU,LNDU,TFR:LNDU:DEC_SOC_LOSS_PASTURES,LNDU: Expand sustainable grazing practices," | Decrease soil organic carbon loss in grasslands through sustainable grazing practices
 | 
 | **Grasslands**: Increase :math:`F_{MG}` for ``grasslands`` to 1.157 (see V4, Chapter 6, Table 6.2 [2019R] for grasslands management factors :math:`F_{MG}` under different management regimes--mean of *Improved Grassland*)",Fractions of pastures use sustainable grazing,12,0.0,0.0,0.0,0.0,2019
AFOLU,LNDU,TFR:LNDU:DEC_SOC_LOSS_PASTURES,LNDU: Expand sustainable grazing practices," | Decrease soil organic carbon loss in grasslands through sustainable grazing practices
 | 
 | **Grasslands**: Increase :math:`F_{MG}` for ``grasslands`` to 1.157 (see V4, Chapter 6, Table 6.2 [2019R] for grasslands management factors :math:`F_{MG}` under different management regimes--mean of *Improved Grassland*)",Fractions of pastures use sustainable grazing,12,0.0,0.0,0.0,0.0,2020
AFOLU,LNDU,TFR:LNDU:DEC_SOC_LOSS_PASTURES,LNDU: Expand sustainable grazing practices," | Decrease soil organic carbon loss in grasslands through sustainable grazing practices
 | 
 | **Grasslands**: Increase :math:`F_{MG}` for ``grasslands`` to 1.157 (see V4, Chapter 6, Table 6.2 [2019R] for grasslands management factors :math:`F_{MG}` under different management regimes--mean of *Improved Grassland*)",Fractions of pastures use sustainable grazing,12,0.0,0.0,0.0,0.0,2021
AFOLU,LNDU,TFR:LNDU:DEC_SOC_LOSS_PASTURES,LNDU: Expand sustainable grazing practices," | Decrease soil organic carbon loss in grasslands through sustainable grazing practices
 | 
 | **Grasslands**: Increase :math:`F_{MG}` for ``grasslands`` to 1.157 (see V4, Chapter 6, Table 6.2 [2019R] for grasslands management factors :math:`F_{MG}` under different management regimes--mean of *Improved Grassland*)",Fractions of pastures use sustainable grazing,12,0.0,0.0,0.0,0.0,2022
AFOLU,LNDU,TFR:LNDU:DEC_SOC_LOSS_PASTURES,LNDU: Expand sustainable grazing practices," | Decrease soil organic carbon loss in grasslands through sustainable grazing practices
 | 
 | **Grasslands**: Increase :math:`F_{MG}` for ``grasslands`` to 1.157 (see V4, Chapter 6, Table 6.2 [2019R] for grasslands management factors :math:`F_{MG}` under different management regimes--mean of *Improved Grassland*)",Fractions of pastures use sustainable grazing,12,0.0,0.0,0.0,0.0,2023
AFOLU,LNDU,TFR:LNDU:DEC_SOC_LOSS_PASTURES,LNDU: Expand sustainable grazing practices," | Decrease soil organic carbon loss in grasslands through sustainable grazing practices
 | 
 | **Grasslands**: Increase :math:`F_{MG}` for ``grasslands`` to 1.157 (see V4, Chapter 6, Table 6.2 [2019R] for grasslands management factors :math:`F_{MG}` under different management regimes--mean of *Improved Grassland*)",Fractions of pastures use sustainable grazing,12,0.0,0.0,0.0,0.0,2024
AFOLU,LNDU,TFR:LNDU:DEC_SOC_LOSS_PASTURES,LNDU: Expand sustainable grazing practices," | Decrease soil organic carbon loss in grasslands through sustainable grazing practices
 | 
 | **Grasslands**: Increase :math:`F_{MG}` for ``grasslands`` to 1.157 (see V4, Chapter 6, Table 6.2 [2019R] for grasslands management factors :math:`F_{MG}` under different management regimes--mean of *Improved Grassland*)",Fractions of pastures use sustainable grazing,12,0.0,0.0,0.0,0.0,2025
AFOLU,LNDU,TFR:LNDU:DEC_SOC_LOSS_PASTURES,LNDU: Expand sustainable grazing practices," | Decrease soil organic carbon loss in grasslands through sustainable grazing practices
 | 
 | **Grasslands**: Increase :math:`F_{MG}` for ``grasslands`` to 1.157 (see V4, Chapter 6, Table 6.2 [2019R] for grasslands management factors :math:`F_{MG}` under different management regimes--mean of *Improved Grassland*)",Fractions of pastures use sustainable grazing,12,0.0,0.0,0.0,0.0,2026
AFOLU,LNDU,TFR:LNDU:DEC_SOC_LOSS_PASTURES,LNDU: Expand sustainable grazing practices," | Decrease soil organic carbon loss in grasslands through sustainable grazing practices
 | 
 | **Grasslands**: Increase :math:`F_{MG}` for ``grasslands`` to 1.157 (see V4, Chapter 6, Table 6.2 [2019R] for grasslands management factors :math:`F_{MG}` under different management regimes--mean of *Improved Grassland*)",Fractions of pastures use sustainable grazing,12,0.0,0.0,0.0,0.0,2027
AFOLU,LNDU,TFR:LNDU:DEC_SOC_LOSS_PASTURES,LNDU: Expand sustainable grazing practices," | Decrease soil organic carbon loss in grasslands through sustainable grazing practices
 | 
 | **Grasslands**: Increase :math:`F_{MG}` for ``grasslands`` to 1.157 (see V4, Chapter 6, Table 6.2 [2019R] for grasslands management factors :math:`F_{MG}` under different management regimes--mean of *Improved Grassland*)",Fractions of pastures use sustainable grazing,12,0.0,0.0,0.0,0.044186046511627906,2028
AFOLU,LNDU,TFR:LNDU:DEC_SOC_LOSS_PASTURES,LNDU: Expand sustainable grazing practices," | Decrease soil organic carbon loss in grasslands through sustainable grazing practices
 | 
 | **Grasslands**: Increase :math:`F_{MG}` for ``grasslands`` to 1.157 (see V4, Chapter 6, Table 6.2 [2019R] for grasslands management factors :math:`F_{MG}` under different management regimes--mean of *Improved Grassland*)",Fractions of pastures use sustainable grazing,12,0.0,0.0,0.0,0.08837209302325581,2029
AFOLU,LNDU,TFR:LNDU:DEC_SOC_LOSS_PASTURES,LNDU: Expand sustainable grazing practices," | Decrease soil organic carbon loss in grasslands through sustainable grazing practices
 | 
 | **Grasslands**: Increase :math:`F_{MG}` for ``grasslands`` to 1.157 (see V4, Chapter 6, Table 6.2 [2019R] for grasslands management factors :math:`F_{MG}` under different management regimes--mean of *Improved Grassland*)",Fractions of pastures use sustainable grazing,12,0.0,0.0,0.0,0.1325581395348837,2030
AFOLU,LNDU,TFR:LNDU:DEC_SOC_LOSS_PASTURES,LNDU: Expand sustainable grazing practices," | Decrease soil organic carbon loss in grasslands through sustainable grazing practices
 | 
 | **Grasslands**: Increase :math:`F_{MG}` for ``grasslands`` to 1.157 (see V4, Chapter 6, Table 6.2 [2019R] for grasslands management factors :math:`F_{MG}` under different management regimes--mean of *Improved Grassland*)",Fractions of pastures use sustainable grazing,12,0.0,0.0,0.0,0.17674418604651163,2031
AFOLU,LNDU,TFR:LNDU:DEC_SOC_LOSS_PASTURES,LNDU: Expand sustainable grazing practices," | Decrease soil organic carbon loss in grasslands through sustainable grazing practices
 | 
 | **Grasslands**: Increase :math:`F_{MG}` for ``grasslands`` to 1.157 (see V4, Chapter 6, Table 6.2 [2019R] for grasslands management factors :math:`F_{MG}` under different management regimes--mean of *Improved Grassland*)",Fractions of pastures use sustainable grazing,12,0.0,0.0,0.0,0.2209302325581395,2032
AFOLU,LNDU,TFR:LNDU:DEC_SOC_LOSS_PASTURES,LNDU: Expand sustainable grazing practices," | Decrease soil organic carbon loss in grasslands through sustainable grazing practices
 | 
 | **Grasslands**: Increase :math:`F_{MG}` for ``grasslands`` to 1.157 (see V4, Chapter 6, Table 6.2 [2019R] for grasslands management factors :math:`F_{MG}` under different management regimes--mean of *Improved Grassland*)",Fractions of pastures use sustainable grazing,12,0.0,0.0,0.0,0.2651162790697674,2033
AFOLU,LNDU,TFR:LNDU:DEC_SOC_LOSS_PASTURES,LNDU: Expand sustainable grazing practices," | Decrease soil organic carbon loss in grasslands through sustainable grazing practices
 | 
 | **Grasslands**: Increase :math:`F_{MG}` for ``grasslands`` to 1.157 (see V4, Chapter 6, Table 6.2 [2019R] for grasslands management factors :math:`F_{MG}` under different management regimes--mean of *Improved Grassland*)",Fractions of pastures use sustainable grazing,12,0.0,0.0,0.0,0.30930232558139537,2034
AFOLU,LNDU,TFR:LNDU:DEC_SOC_LOSS_PASTURES,LNDU: Expand sustainable grazing practices," | Decrease soil organic carbon loss in grasslands through sustainable grazing practices
 | 
 | **Grasslands**: Increase :math:`F_{MG}` for ``grasslands`` to 1.157 (see V4, Chapter 6, Table 6.2 [2019R] for grasslands management factors :math:`F_{MG}` under different management regimes--mean of *Improved Grassland*)",Fractions of pastures use sustainable grazing,12,0.0,0.0,0.0,0.35348837209302325,2035
AFOLU,LNDU,TFR:LNDU:DEC_SOC_LOSS_PASTURES,LNDU: Expand sustainable grazing practices," | Decrease soil organic carbon loss in grasslands through sustainable grazing practices
 | 
 | **Grasslands**: Increase :math:`F_{MG}` for ``grasslands`` to 1.157 (see V4, Chapter 6, Table 6.2 [2019R] for grasslands management factors :math:`F_{MG}` under different management regimes--mean of *Improved Grassland*)",Fractions of pastures use sustainable grazing,12,0.0,0.0,0.0,0.3976744186046512,2036
AFOLU,LNDU,TFR:LNDU:DEC_SOC_LOSS_PASTURES,LNDU: Expand sustainable grazing practices," | Decrease soil organic carbon loss in grasslands through sustainable grazing practices
 | 
 | **Grasslands**: Increase :math:`F_{MG}` for ``grasslands`` to 1.157 (see V4, Chapter 6, Table 6.2 [2019R] for grasslands management factors :math:`F_{MG}` under different management regimes--mean of *Improved Grassland*)",Fractions of pastures use sustainable grazing,12,0.0,0.0,0.0,0.441860465116279,2037
AFOLU,LNDU,TFR:LNDU:DEC_SOC_LOSS_PASTURES,LNDU: Expand sustainable grazing practices," | Decrease soil organic carbon loss in grasslands through sustainable grazing practices
 | 
 | **Grasslands**: Increase :math:`F_{MG}` for ``grasslands`` to 1.157 (see V4, Chapter 6, Table 6.2 [2019R] for grasslands management factors :math:`F_{MG}` under different management regimes--mean of *Improved Grassland*)",Fractions of pastures use sustainable grazing,12,0.0,0.0,0.0,0.48604651162790696,2038
AFOLU,LNDU,TFR:LNDU:DEC_SOC_LOSS_PASTURES,LNDU: Expand sustainable grazing practices," | Decrease soil organic carbon loss in grasslands through sustainable grazing practices
 | 
 | **Grasslands**: Increase :math:`F_{MG}` for ``grasslands`` to 1.157 (see V4, Chapter 6, Table 6.2 [2019R] for grasslands management factors :math:`F_{MG}` under different management regimes--mean of *Improved Grassland*)",Fractions of pastures use sustainable grazing,12,0.0,0.0,0.0,0.5302325581395348,2039
AFOLU,LNDU,TFR:LNDU:DEC_SOC_LOSS_PASTURES,LNDU: Expand sustainable grazing practices," | Decrease soil organic carbon loss in grasslands through sustainable grazing practices
 | 
 | **Grasslands**: Increase :math:`F_{MG}` for ``grasslands`` to 1.157 (see V4, Chapter 6, Table 6.2 [2019R] for grasslands management factors :math:`F_{MG}` under different management regimes--mean of *Improved Grassland*)",Fractions of pastures use sustainable grazing,12,0.0,0.0,0.0,0.5744186046511627,2040
AFOLU,LNDU,TFR:LNDU:DEC_SOC_LOSS_PASTURES,LNDU: Expand sustainable grazing practices," | Decrease soil organic carbon loss in grasslands through sustainable grazing practices
 | 
 | **Grasslands**: Increase :math:`F_{MG}` for ``grasslands`` to 1.157 (see V4, Chapter 6, Table 6.2 [2019R] for grasslands management factors :math:`F_{MG}` under different management regimes--mean of *Improved Grassland*)",Fractions of pastures use sustainable grazing,12,0.0,0.0,0.0,0.6186046511627907,2041
AFOLU,LNDU,TFR:LNDU:DEC_SOC_LOSS_PASTURES,LNDU: Expand sustainable grazing practices," | Decrease soil organic carbon loss in grasslands through sustainable grazing practices
 | 
 | **Grasslands**: Increase :math:`F_{MG}` for ``grasslands`` to 1.157 (see V4, Chapter 6, Table 6.2 [2019R] for grasslands management factors :math:`F_{MG}` under different management regimes--mean of *Improved Grassland*)",Fractions of pastures use sustainable grazing,12,0.0,0.0,0.0,0.6627906976744186,2042
AFOLU,LNDU,TFR:LNDU:DEC_SOC_LOSS_PASTURES,LNDU: Expand sustainable grazing practices," | Decrease soil organic carbon loss in grasslands through sustainable grazing practices
 | 
 | **Grasslands**: Increase :math:`F_{MG}` for ``grasslands`` to 1.157 (see V4, Chapter 6, Table 6.2 [2019R] for grasslands management factors :math:`F_{MG}` under different management regimes--mean of *Improved Grassland*)",Fractions of pastures use sustainable grazing,12,0.0,0.0,0.0,0.7069767441860465,2043
AFOLU,LNDU,TFR:LNDU:DEC_SOC_LOSS_PASTURES,LNDU: Expand sustainable grazing practices," | Decrease soil organic carbon loss in grasslands through sustainable grazing practices
 | 
 | **Grasslands**: Increase :math:`F_{MG}` for ``grasslands`` to 1.157 (see V4, Chapter 6, Table 6.2 [2019R] for grasslands management factors :math:`F_{MG}` under different management regimes--mean of *Improved Grassland*)",Fractions of pastures use sustainable grazing,12,0.0,0.0,0.0,0.7511627906976743,2044
AFOLU,LNDU,TFR:LNDU:DEC_SOC_LOSS_PASTURES,LNDU: Expand sustainable grazing practices," | Decrease soil organic carbon loss in grasslands through sustainable grazing practices
 | 
 | **Grasslands**: Increase :math:`F_{MG}` for ``grasslands`` to 1.157 (see V4, Chapter 6, Table 6.2 [2019R] for grasslands management factors :math:`F_{MG}` under different management regimes--mean of *Improved Grassland*)",Fractions of pastures use sustainable grazing,12,0.0,0.0,0.0,0.7953488372093024,2045
AFOLU,LNDU,TFR:LNDU:DEC_SOC_LOSS_PASTURES,LNDU: Expand sustainable grazing practices," | Decrease soil organic carbon loss in grasslands through sustainable grazing practices
 | 
 | **Grasslands**: Increase :math:`F_{MG}` for ``grasslands`` to 1.157 (see V4, Chapter 6, Table 6.2 [2019R] for grasslands management factors :math:`F_{MG}` under different management regimes--mean of *Improved Grassland*)",Fractions of pastures use sustainable grazing,12,0.0,0.0,0.0,0.8395348837209302,2046
AFOLU,LNDU,TFR:LNDU:DEC_SOC_LOSS_PASTURES,LNDU: Expand sustainable grazing practices," | Decrease soil organic carbon loss in grasslands through sustainable grazing practices
 | 
 | **Grasslands**: Increase :math:`F_{MG}` for ``grasslands`` to 1.157 (see V4, Chapter 6, Table 6.2 [2019R] for grasslands management factors :math:`F_{MG}` under different management regimes--mean of *Improved Grassland*)",Fractions of pastures use sustainable grazing,12,0.0,0.0,0.0,0.883720930232558,2047
AFOLU,LNDU,TFR:LNDU:DEC_SOC_LOSS_PASTURES,LNDU: Expand sustainable grazing practices," | Decrease soil organic carbon loss in grasslands through sustainable grazing practices
 | 
 | **Grasslands**: Increase :math:`F_{MG}` for ``grasslands`` to 1.157 (see V4, Chapter 6, Table 6.2 [2019R] for grasslands management factors :math:`F_{MG}` under different management regimes--mean of *Improved Grassland*)",Fractions of pastures use sustainable grazing,12,0.0,0.0,0.0,0.927906976744186,2048
AFOLU,LNDU,TFR:LNDU:DEC_SOC_LOSS_PASTURES,LNDU: Expand sustainable grazing practices," | Decrease soil organic carbon loss in grasslands through sustainable grazing practices
 | 
 | **Grasslands**: Increase :math:`F_{MG}` for ``grasslands`` to 1.157 (see V4, Chapter 6, Table 6.2 [2019R] for grasslands management factors :math:`F_{MG}` under different management regimes--mean of *Improved Grassland*)",Fractions of pastures use sustainable grazing,12,0.0,0.0,0.0,0.9720930232558139,2049
AFOLU,LNDU,TFR:LNDU:DEC_SOC_LOSS_PASTURES,LNDU: Expand sustainable grazing practices," | Decrease soil organic carbon loss in grasslands through sustainable grazing practices
 | 
 | **Grasslands**: Increase :math:`F_{MG}` for ``grasslands`` to 1.157 (see V4, Chapter 6, Table 6.2 [2019R] for grasslands management factors :math:`F_{MG}` under different management regimes--mean of *Improved Grassland*)",Fractions of pastures use sustainable grazing,12,0.0,0.0,0.0,1.0162790697674418,2050
AFOLU,LNDU,TFR:LNDU:DEC_SOC_LOSS_PASTURES,LNDU: Expand sustainable grazing practices," | Decrease soil organic carbon loss in grasslands through sustainable grazing practices
 | 
 | **Grasslands**: Increase :math:`F_{MG}` for ``grasslands`` to 1.157 (see V4, Chapter 6, Table 6.2 [2019R] for grasslands management factors :math:`F_{MG}` under different management regimes--mean of *Improved Grassland*)",Fractions of pastures use sustainable grazing,12,0.0,0.0,0.0,1.0604651162790697,2051
AFOLU,LNDU,TFR:LNDU:DEC_SOC_LOSS_PASTURES,LNDU: Expand sustainable grazing practices," | Decrease soil organic carbon loss in grasslands through sustainable grazing practices
 | 
 | **Grasslands**: Increase :math:`F_{MG}` for ``grasslands`` to 1.157 (see V4, Chapter 6, Table 6.2 [2019R] for grasslands management factors :math:`F_{MG}` under different management regimes--mean of *Improved Grassland*)",Fractions of pastures use sustainable grazing,12,0.0,0.0,0.0,1.1046511627906976,2052
AFOLU,LNDU,TFR:LNDU:DEC_SOC_LOSS_PASTURES,LNDU: Expand sustainable grazing practices," | Decrease soil organic carbon loss in grasslands through sustainable grazing practices
 | 
 | **Grasslands**: Increase :math:`F_{MG}` for ``grasslands`` to 1.157 (see V4, Chapter 6, Table 6.2 [2019R] for grasslands management factors :math:`F_{MG}` under different management regimes--mean of *Improved Grassland*)",Fractions of pastures use sustainable grazing,12,0.0,0.0,0.0,1.1488372093023254,2053
AFOLU,LNDU,TFR:LNDU:DEC_SOC_LOSS_PASTURES,LNDU: Expand sustainable grazing practices," | Decrease soil organic carbon loss in grasslands through sustainable grazing practices
 | 
 | **Grasslands**: Increase :math:`F_{MG}` for ``grasslands`` to 1.157 (see V4, Chapter 6, Table 6.2 [2019R] for grasslands management factors :math:`F_{MG}` under different management regimes--mean of *Improved Grassland*)",Fractions of pastures use sustainable grazing,12,0.0,0.0,0.0,1.1930232558139535,2054
AFOLU,LNDU,TFR:LNDU:DEC_SOC_LOSS_PASTURES,LNDU: Expand sustainable grazing practices," | Decrease soil organic carbon loss in grasslands through sustainable grazing practices
 | 
 | **Grasslands**: Increase :math:`F_{MG}` for ``grasslands`` to 1.157 (see V4, Chapter 6, Table 6.2 [2019R] for grasslands management factors :math:`F_{MG}` under different management regimes--mean of *Improved Grassland*)",Fractions of pastures use sustainable grazing,12,0.0,0.0,0.0,1.2372093023255815,2055
AFOLU,LNDU,TFR:LNDU:DEC_SOC_LOSS_PASTURES,LNDU: Expand sustainable grazing practices," | Decrease soil organic carbon loss in grasslands through sustainable grazing practices
 | 
 | **Grasslands**: Increase :math:`F_{MG}` for ``grasslands`` to 1.157 (see V4, Chapter 6, Table 6.2 [2019R] for grasslands management factors :math:`F_{MG}` under different management regimes--mean of *Improved Grassland*)",Fractions of pastures use sustainable grazing,12,0.0,0.0,0.0,1.2813953488372092,2056
AFOLU,LNDU,TFR:LNDU:DEC_SOC_LOSS_PASTURES,LNDU: Expand sustainable grazing practices," | Decrease soil organic carbon loss in grasslands through sustainable grazing practices
 | 
 | **Grasslands**: Increase :math:`F_{MG}` for ``grasslands`` to 1.157 (see V4, Chapter 6, Table 6.2 [2019R] for grasslands management factors :math:`F_{MG}` under different management regimes--mean of *Improved Grassland*)",Fractions of pastures use sustainable grazing,12,0.0,0.0,0.0,1.3255813953488371,2057
AFOLU,LNDU,TFR:LNDU:DEC_SOC_LOSS_PASTURES,LNDU: Expand sustainable grazing practices," | Decrease soil organic carbon loss in grasslands through sustainable grazing practices
 | 
 | **Grasslands**: Increase :math:`F_{MG}` for ``grasslands`` to 1.157 (see V4, Chapter 6, Table 6.2 [2019R] for grasslands management factors :math:`F_{MG}` under different management regimes--mean of *Improved Grassland*)",Fractions of pastures use sustainable grazing,12,0.0,0.0,0.0,1.369767441860465,2058
AFOLU,LNDU,TFR:LNDU:DEC_SOC_LOSS_PASTURES,LNDU: Expand sustainable grazing practices," | Decrease soil organic carbon loss in grasslands through sustainable grazing practices
 | 
 | **Grasslands**: Increase :math:`F_{MG}` for ``grasslands`` to 1.157 (see V4, Chapter 6, Table 6.2 [2019R] for grasslands management factors :math:`F_{MG}` under different management regimes--mean of *Improved Grassland*)",Fractions of pastures use sustainable grazing,12,0.0,0.0,0.0,1.413953488372093,2059
AFOLU,LNDU,TFR:LNDU:DEC_SOC_LOSS_PASTURES,LNDU: Expand sustainable grazing practices," | Decrease soil organic carbon loss in grasslands through sustainable grazing practices
 | 
 | **Grasslands**: Increase :math:`F_{MG}` for ``grasslands`` to 1.157 (see V4, Chapter 6, Table 6.2 [2019R] for grasslands management factors :math:`F_{MG}` under different management regimes--mean of *Improved Grassland*)",Fractions of pastures use sustainable grazing,12,0.0,0.0,0.0,1.458139534883721,2060
AFOLU,LNDU,TFR:LNDU:DEC_SOC_LOSS_PASTURES,LNDU: Expand sustainable grazing practices," | Decrease soil organic carbon loss in grasslands through sustainable grazing practices
 | 
 | **Grasslands**: Increase :math:`F_{MG}` for ``grasslands`` to 1.157 (see V4, Chapter 6, Table 6.2 [2019R] for grasslands management factors :math:`F_{MG}` under different management regimes--mean of *Improved Grassland*)",Fractions of pastures use sustainable grazing,12,0.0,0.0,0.0,1.5023255813953487,2061
AFOLU,LNDU,TFR:LNDU:DEC_SOC_LOSS_PASTURES,LNDU: Expand sustainable grazing practices," | Decrease soil organic carbon loss in grasslands through sustainable grazing practices
 | 
 | **Grasslands**: Increase :math:`F_{MG}` for ``grasslands`` to 1.157 (see V4, Chapter 6, Table 6.2 [2019R] for grasslands management factors :math:`F_{MG}` under different management regimes--mean of *Improved Grassland*)",Fractions of pastures use sustainable grazing,12,0.0,0.0,0.0,1.5465116279069766,2062
AFOLU,LNDU,TFR:LNDU:DEC_SOC_LOSS_PASTURES,LNDU: Expand sustainable grazing practices," | Decrease soil organic carbon loss in grasslands through sustainable grazing practices
 | 
 | **Grasslands**: Increase :math:`F_{MG}` for ``grasslands`` to 1.157 (see V4, Chapter 6, Table 6.2 [2019R] for grasslands management factors :math:`F_{MG}` under different management regimes--mean of *Improved Grassland*)",Fractions of pastures use sustainable grazing,12,0.0,0.0,0.0,1.5906976744186048,2063
AFOLU,LNDU,TFR:LNDU:DEC_SOC_LOSS_PASTURES,LNDU: Expand sustainable grazing practices," | Decrease soil organic carbon loss in grasslands through sustainable grazing practices
 | 
 | **Grasslands**: Increase :math:`F_{MG}` for ``grasslands`` to 1.157 (see V4, Chapter 6, Table 6.2 [2019R] for grasslands management factors :math:`F_{MG}` under different management regimes--mean of *Improved Grassland*)",Fractions of pastures use sustainable grazing,12,0.0,0.0,0.0,1.6348837209302325,2064
AFOLU,LNDU,TFR:LNDU:DEC_SOC_LOSS_PASTURES,LNDU: Expand sustainable grazing practices," | Decrease soil organic carbon loss in grasslands through sustainable grazing practices
 | 
 | **Grasslands**: Increase :math:`F_{MG}` for ``grasslands`` to 1.157 (see V4, Chapter 6, Table 6.2 [2019R] for grasslands management factors :math:`F_{MG}` under different management regimes--mean of *Improved Grassland*)",Fractions of pastures use sustainable grazing,12,0.0,0.0,0.0,1.6790697674418604,2065
AFOLU,LNDU,TFR:LNDU:DEC_SOC_LOSS_PASTURES,LNDU: Expand sustainable grazing practices," | Decrease soil organic carbon loss in grasslands through sustainable grazing practices
 | 
 | **Grasslands**: Increase :math:`F_{MG}` for ``grasslands`` to 1.157 (see V4, Chapter 6, Table 6.2 [2019R] for grasslands management factors :math:`F_{MG}` under different management regimes--mean of *Improved Grassland*)",Fractions of pastures use sustainable grazing,12,0.0,0.0,0.0,1.7232558139534881,2066
AFOLU,LNDU,TFR:LNDU:DEC_SOC_LOSS_PASTURES,LNDU: Expand sustainable grazing practices," | Decrease soil organic carbon loss in grasslands through sustainable grazing practices
 | 
 | **Grasslands**: Increase :math:`F_{MG}` for ``grasslands`` to 1.157 (see V4, Chapter 6, Table 6.2 [2019R] for grasslands management factors :math:`F_{MG}` under different management regimes--mean of *Improved Grassland*)",Fractions of pastures use sustainable grazing,12,0.0,0.0,0.0,1.767441860465116,2067
AFOLU,LNDU,TFR:LNDU:DEC_SOC_LOSS_PASTURES,LNDU: Expand sustainable grazing practices," | Decrease soil organic carbon loss in grasslands through sustainable grazing practices
 | 
 | **Grasslands**: Increase :math:`F_{MG}` for ``grasslands`` to 1.157 (see V4, Chapter 6, Table 6.2 [2019R] for grasslands management factors :math:`F_{MG}` under different management regimes--mean of *Improved Grassland*)",Fractions of pastures use sustainable grazing,12,0.0,0.0,0.0,1.8116279069767443,2068
AFOLU,LNDU,TFR:LNDU:DEC_SOC_LOSS_PASTURES,LNDU: Expand sustainable grazing practices," | Decrease soil organic carbon loss in grasslands through sustainable grazing practices
 | 
 | **Grasslands**: Increase :math:`F_{MG}` for ``grasslands`` to 1.157 (see V4, Chapter 6, Table 6.2 [2019R] for grasslands management factors :math:`F_{MG}` under different management regimes--mean of *Improved Grassland*)",Fractions of pastures use sustainable grazing,12,0.0,0.0,0.0,1.855813953488372,2069
AFOLU,LNDU,TFR:LNDU:DEC_SOC_LOSS_PASTURES,LNDU: Expand sustainable grazing practices," | Decrease soil organic carbon loss in grasslands through sustainable grazing practices
 | 
 | **Grasslands**: Increase :math:`F_{MG}` for ``grasslands`` to 1.157 (see V4, Chapter 6, Table 6.2 [2019R] for grasslands management factors :math:`F_{MG}` under different management regimes--mean of *Improved Grassland*)",Fractions of pastures use sustainable grazing,12,0.0,0.0,0.0,1.9,2070
AFOLU,LNDU,TFR:LNDU:INC_REFORESTATION,LNDU: Increase Reforestation,"Increases probability of input land use classes being converted to secondary forests. This transformation can be defined for specific land use classes--e.g., converting only shrublands and croplands to ",Target fractional increase in forest area,12,0.0,0.0,0.0,0.0,2015
AFOLU,LNDU,TFR:LNDU:INC_REFORESTATION,LNDU: Increase Reforestation,"Increases probability of input land use classes being converted to secondary forests. This transformation can be defined for specific land use classes--e.g., converting only shrublands and croplands to ",Target fractional increase in forest area,12,0.0,0.0,0.0,0.0,2016
AFOLU,LNDU,TFR:LNDU:INC_REFORESTATION,LNDU: Increase Reforestation,"Increases probability of input land use classes being converted to secondary forests. This transformation can be defined for specific land use classes--e.g., converting only shrublands and croplands to ",Target fractional increase in forest area,12,0.0,0.0,0.0,0.0,2017
AFOLU,LNDU,TFR:LNDU:INC_REFORESTATION,LNDU: Increase Reforestation,"Increases probability of input land use classes being converted to secondary forests. This transformation can be defined for specific land use classes--e.g., converting only shrublands and croplands to ",Target fractional increase in forest area,12,0.0,0.0,0.0,0.0,2018
AFOLU,LNDU,TFR:LNDU:INC_REFORESTATION,LNDU: Increase Reforestation,"Increases probability of input land use classes being converted to secondary forests. This transformation can be defined for specific land use classes--e.g., converting only shrublands and croplands to ",Target fractional increase in forest area,12,0.0,0.0,0.0,0.0,2019
AFOLU,LNDU,TFR:LNDU:INC_REFORESTATION,LNDU: Increase Reforestation,"Increases probability of input land use classes being converted to secondary forests. This transformation can be defined for specific land use classes--e.g., converting only shrublands and croplands to ",Target fractional increase in forest area,12,0.0,0.0,0.0,0.0,2020
AFOLU,LNDU,TFR:LNDU:INC_REFORESTATION,LNDU: Increase Reforestation,"Increases probability of input land use classes being converted to secondary forests. This transformation can be defined for specific land use classes--e.g., converting only shrublands and croplands to ",Target fractional increase in forest area,12,0.0,0.0,0.0,0.0,2021
AFOLU,LNDU,TFR:LNDU:INC_REFORESTATION,LNDU: Increase Reforestation,"Increases probability of input land use classes being converted to secondary forests. This transformation can be defined for specific land use classes--e.g., converting only shrublands and croplands to ",Target fractional increase in forest area,12,0.0,0.0,0.0,0.0,2022
AFOLU,LNDU,TFR:LNDU:INC_REFORESTATION,LNDU: Increase Reforestation,"Increases probability of input land use classes being converted to secondary forests. This transformation can be defined for specific land use classes--e.g., converting only shrublands and croplands to ",Target fractional increase in forest area,12,0.0,0.0,0.0,0.0,2023
AFOLU,LNDU,TFR:LNDU:INC_REFORESTATION,LNDU: Increase Reforestation,"Increases probability of input land use classes being converted to secondary forests. This transformation can be defined for specific land use classes--e.g., converting only shrublands and croplands to ",Target fractional increase in forest area,12,0.0,0.0,0.0,0.0,2024
AFOLU,LNDU,TFR:LNDU:INC_REFORESTATION,LNDU: Increase Reforestation,"Increases probability of input land use classes being converted to secondary forests. This transformation can be defined for specific land use classes--e.g., converting only shrublands and croplands to ",Target fractional increase in forest area,12,0.0,0.0,0.0,0.0,2025
AFOLU,LNDU,TFR:LNDU:INC_REFORESTATION,LNDU: Increase Reforestation,"Increases probability of input land use classes being converted to secondary forests. This transformation can be defined for specific land use classes--e.g., converting only shrublands and croplands to ",Target fractional increase in forest area,12,0.0,0.0,0.0,0.0,2026
AFOLU,LNDU,TFR:LNDU:INC_REFORESTATION,LNDU: Increase Reforestation,"Increases probability of input land use classes being converted to secondary forests. This transformation can be defined for specific land use classes--e.g., converting only shrublands and croplands to ",Target fractional increase in forest area,12,0.0,0.0,0.0,0.0,2027
AFOLU,LNDU,TFR:LNDU:INC_REFORESTATION,LNDU: Increase Reforestation,"Increases probability of input land use classes being converted to secondary forests. This transformation can be defined for specific land use classes--e.g., converting only shrublands and croplands to ",Target fractional increase in forest area,12,0.0,0.002325581395348837,0.004651162790697674,0.013953488372093025,2028
AFOLU,LNDU,TFR:LNDU:INC_REFORESTATION,LNDU: Increase Reforestation,"Increases probability of input land use classes being converted to secondary forests. This transformation can be defined for specific land use classes--e.g., converting only shrublands and croplands to ",Target fractional increase in forest area,12,0.0,0.004651162790697674,0.009302325581395349,0.02790697674418605,2029
AFOLU,LNDU,TFR:LNDU:INC_REFORESTATION,LNDU: Increase Reforestation,"Increases probability of input land use classes being converted to secondary forests. This transformation can be defined for specific land use classes--e.g., converting only shrublands and croplands to ",Target fractional increase in forest area,12,0.0,0.0069767441860465115,0.013953488372093023,0.041860465116279076,2030
AFOLU,LNDU,TFR:LNDU:INC_REFORESTATION,LNDU: Increase Reforestation,"Increases probability of input land use classes being converted to secondary forests. This transformation can be defined for specific land use classes--e.g., converting only shrublands and croplands to ",Target fractional increase in forest area,12,0.0,0.009302325581395349,0.018604651162790697,0.0558139534883721,2031
AFOLU,LNDU,TFR:LNDU:INC_REFORESTATION,LNDU: Increase Reforestation,"Increases probability of input land use classes being converted to secondary forests. This transformation can be defined for specific land use classes--e.g., converting only shrublands and croplands to ",Target fractional increase in forest area,12,0.0,0.011627906976744186,0.023255813953488372,0.06976744186046513,2032
AFOLU,LNDU,TFR:LNDU:INC_REFORESTATION,LNDU: Increase Reforestation,"Increases probability of input land use classes being converted to secondary forests. This transformation can be defined for specific land use classes--e.g., converting only shrublands and croplands to ",Target fractional increase in forest area,12,0.0,0.013953488372093023,0.027906976744186046,0.08372093023255815,2033
AFOLU,LNDU,TFR:LNDU:INC_REFORESTATION,LNDU: Increase Reforestation,"Increases probability of input land use classes being converted to secondary forests. This transformation can be defined for specific land use classes--e.g., converting only shrublands and croplands to ",Target fractional increase in forest area,12,0.0,0.016279069767441864,0.03255813953488373,0.09767441860465119,2034
AFOLU,LNDU,TFR:LNDU:INC_REFORESTATION,LNDU: Increase Reforestation,"Increases probability of input land use classes being converted to secondary forests. This transformation can be defined for specific land use classes--e.g., converting only shrublands and croplands to ",Target fractional increase in forest area,12,0.0,0.018604651162790697,0.037209302325581395,0.1116279069767442,2035
AFOLU,LNDU,TFR:LNDU:INC_REFORESTATION,LNDU: Increase Reforestation,"Increases probability of input land use classes being converted to secondary forests. This transformation can be defined for specific land use classes--e.g., converting only shrublands and croplands to ",Target fractional increase in forest area,12,0.0,0.020930232558139538,0.041860465116279076,0.12558139534883722,2036
AFOLU,LNDU,TFR:LNDU:INC_REFORESTATION,LNDU: Increase Reforestation,"Increases probability of input land use classes being converted to secondary forests. This transformation can be defined for specific land use classes--e.g., converting only shrublands and croplands to ",Target fractional increase in forest area,12,0.0,0.023255813953488372,0.046511627906976744,0.13953488372093026,2037
AFOLU,LNDU,TFR:LNDU:INC_REFORESTATION,LNDU: Increase Reforestation,"Increases probability of input land use classes being converted to secondary forests. This transformation can be defined for specific land use classes--e.g., converting only shrublands and croplands to ",Target fractional increase in forest area,12,0.0,0.025581395348837212,0.051162790697674425,0.1534883720930233,2038
AFOLU,LNDU,TFR:LNDU:INC_REFORESTATION,LNDU: Increase Reforestation,"Increases probability of input land use classes being converted to secondary forests. This transformation can be defined for specific land use classes--e.g., converting only shrublands and croplands to ",Target fractional increase in forest area,12,0.0,0.027906976744186046,0.05581395348837209,0.1674418604651163,2039
AFOLU,LNDU,TFR:LNDU:INC_REFORESTATION,LNDU: Increase Reforestation,"Increases probability of input land use classes being converted to secondary forests. This transformation can be defined for specific land use classes--e.g., converting only shrublands and croplands to ",Target fractional increase in forest area,12,0.0,0.030232558139534883,0.06046511627906977,0.1813953488372093,2040
AFOLU,LNDU,TFR:LNDU:INC_REFORESTATION,LNDU: Increase Reforestation,"Increases probability of input land use classes being converted to secondary forests. This transformation can be defined for specific land use classes--e.g., converting only shrublands and croplands to ",Target fractional increase in forest area,12,0.0,0.03255813953488373,0.06511627906976745,0.19534883720930238,2041
AFOLU,LNDU,TFR:LNDU:INC_REFORESTATION,LNDU: Increase Reforestation,"Increases probability of input land use classes being converted to secondary forests. This transformation can be defined for specific land use classes--e.g., converting only shrublands and croplands to ",Target fractional increase in forest area,12,0.0,0.03488372093023256,0.06976744186046512,0.2093023255813954,2042
AFOLU,LNDU,TFR:LNDU:INC_REFORESTATION,LNDU: Increase Reforestation,"Increases probability of input land use classes being converted to secondary forests. This transformation can be defined for specific land use classes--e.g., converting only shrublands and croplands to ",Target fractional increase in forest area,12,0.0,0.037209302325581395,0.07441860465116279,0.2232558139534884,2043
AFOLU,LNDU,TFR:LNDU:INC_REFORESTATION,LNDU: Increase Reforestation,"Increases probability of input land use classes being converted to secondary forests. This transformation can be defined for specific land use classes--e.g., converting only shrublands and croplands to ",Target fractional increase in forest area,12,0.0,0.03953488372093023,0.07906976744186046,0.2372093023255814,2044
AFOLU,LNDU,TFR:LNDU:INC_REFORESTATION,LNDU: Increase Reforestation,"Increases probability of input land use classes being converted to secondary forests. This transformation can be defined for specific land use classes--e.g., converting only shrublands and croplands to ",Target fractional increase in forest area,12,0.0,0.041860465116279076,0.08372093023255815,0.25116279069767444,2045
AFOLU,LNDU,TFR:LNDU:INC_REFORESTATION,LNDU: Increase Reforestation,"Increases probability of input land use classes being converted to secondary forests. This transformation can be defined for specific land use classes--e.g., converting only shrublands and croplands to ",Target fractional increase in forest area,12,0.0,0.04418604651162791,0.08837209302325583,0.2651162790697675,2046
AFOLU,LNDU,TFR:LNDU:INC_REFORESTATION,LNDU: Increase Reforestation,"Increases probability of input land use classes being converted to secondary forests. This transformation can be defined for specific land use classes--e.g., converting only shrublands and croplands to ",Target fractional increase in forest area,12,0.0,0.046511627906976744,0.09302325581395349,0.2790697674418605,2047
AFOLU,LNDU,TFR:LNDU:INC_REFORESTATION,LNDU: Increase Reforestation,"Increases probability of input land use classes being converted to secondary forests. This transformation can be defined for specific land use classes--e.g., converting only shrublands and croplands to ",Target fractional increase in forest area,12,0.0,0.04883720930232558,0.09767441860465116,0.2930232558139535,2048
AFOLU,LNDU,TFR:LNDU:INC_REFORESTATION,LNDU: Increase Reforestation,"Increases probability of input land use classes being converted to secondary forests. This transformation can be defined for specific land use classes--e.g., converting only shrublands and croplands to ",Target fractional increase in forest area,12,0.0,0.051162790697674425,0.10232558139534885,0.3069767441860466,2049
AFOLU,LNDU,TFR:LNDU:INC_REFORESTATION,LNDU: Increase Reforestation,"Increases probability of input land use classes being converted to secondary forests. This transformation can be defined for specific land use classes--e.g., converting only shrublands and croplands to ",Target fractional increase in forest area,12,0.0,0.053488372093023255,0.10697674418604651,0.32093023255813957,2050
AFOLU,LNDU,TFR:LNDU:INC_REFORESTATION,LNDU: Increase Reforestation,"Increases probability of input land use classes being converted to secondary forests. This transformation can be defined for specific land use classes--e.g., converting only shrublands and croplands to ",Target fractional increase in forest area,12,0.0,0.05581395348837209,0.11162790697674418,0.3348837209302326,2051
AFOLU,LNDU,TFR:LNDU:INC_REFORESTATION,LNDU: Increase Reforestation,"Increases probability of input land use classes being converted to secondary forests. This transformation can be defined for specific land use classes--e.g., converting only shrublands and croplands to ",Target fractional increase in forest area,12,0.0,0.058139534883720936,0.11627906976744187,0.34883720930232565,2052
AFOLU,LNDU,TFR:LNDU:INC_REFORESTATION,LNDU: Increase Reforestation,"Increases probability of input land use classes being converted to secondary forests. This transformation can be defined for specific land use classes--e.g., converting only shrublands and croplands to ",Target fractional increase in forest area,12,0.0,0.06046511627906977,0.12093023255813953,0.3627906976744186,2053
AFOLU,LNDU,TFR:LNDU:INC_REFORESTATION,LNDU: Increase Reforestation,"Increases probability of input land use classes being converted to secondary forests. This transformation can be defined for specific land use classes--e.g., converting only shrublands and croplands to ",Target fractional increase in forest area,12,0.0,0.06279069767441861,0.12558139534883722,0.37674418604651166,2054
AFOLU,LNDU,TFR:LNDU:INC_REFORESTATION,LNDU: Increase Reforestation,"Increases probability of input land use classes being converted to secondary forests. This transformation can be defined for specific land use classes--e.g., converting only shrublands and croplands to ",Target fractional increase in forest area,12,0.0,0.06511627906976745,0.1302325581395349,0.39069767441860476,2055
AFOLU,LNDU,TFR:LNDU:INC_REFORESTATION,LNDU: Increase Reforestation,"Increases probability of input land use classes being converted to secondary forests. This transformation can be defined for specific land use classes--e.g., converting only shrublands and croplands to ",Target fractional increase in forest area,12,0.0,0.06744186046511629,0.13488372093023257,0.40465116279069774,2056
AFOLU,LNDU,TFR:LNDU:INC_REFORESTATION,LNDU: Increase Reforestation,"Increases probability of input land use classes being converted to secondary forests. This transformation can be defined for specific land use classes--e.g., converting only shrublands and croplands to ",Target fractional increase in forest area,12,0.0,0.06976744186046512,0.13953488372093023,0.4186046511627908,2057
AFOLU,LNDU,TFR:LNDU:INC_REFORESTATION,LNDU: Increase Reforestation,"Increases probability of input land use classes being converted to secondary forests. This transformation can be defined for specific land use classes--e.g., converting only shrublands and croplands to ",Target fractional increase in forest area,12,0.0,0.07209302325581395,0.1441860465116279,0.43255813953488376,2058
AFOLU,LNDU,TFR:LNDU:INC_REFORESTATION,LNDU: Increase Reforestation,"Increases probability of input land use classes being converted to secondary forests. This transformation can be defined for specific land use classes--e.g., converting only shrublands and croplands to ",Target fractional increase in forest area,12,0.0,0.07441860465116279,0.14883720930232558,0.4465116279069768,2059
AFOLU,LNDU,TFR:LNDU:INC_REFORESTATION,LNDU: Increase Reforestation,"Increases probability of input land use classes being converted to secondary forests. This transformation can be defined for specific land use classes--e.g., converting only shrublands and croplands to ",Target fractional increase in forest area,12,0.0,0.07674418604651163,0.15348837209302327,0.46046511627906983,2060
AFOLU,LNDU,TFR:LNDU:INC_REFORESTATION,LNDU: Increase Reforestation,"Increases probability of input land use classes being converted to secondary forests. This transformation can be defined for specific land use classes--e.g., converting only shrublands and croplands to ",Target fractional increase in forest area,12,0.0,0.07906976744186046,0.15813953488372093,0.4744186046511628,2061
AFOLU,LNDU,TFR:LNDU:INC_REFORESTATION,LNDU: Increase Reforestation,"Increases probability of input land use classes being converted to secondary forests. This transformation can be defined for specific land use classes--e.g., converting only shrublands and croplands to ",Target fractional increase in forest area,12,0.0,0.08139534883720931,0.16279069767441862,0.4883720930232559,2062
AFOLU,LNDU,TFR:LNDU:INC_REFORESTATION,LNDU: Increase Reforestation,"Increases probability of input land use classes being converted to secondary forests. This transformation can be defined for specific land use classes--e.g., converting only shrublands and croplands to ",Target fractional increase in forest area,12,0.0,0.08372093023255815,0.1674418604651163,0.5023255813953489,2063
AFOLU,LNDU,TFR:LNDU:INC_REFORESTATION,LNDU: Increase Reforestation,"Increases probability of input land use classes being converted to secondary forests. This transformation can be defined for specific land use classes--e.g., converting only shrublands and croplands to ",Target fractional increase in forest area,12,0.0,0.08604651162790698,0.17209302325581396,0.5162790697674419,2064
AFOLU,LNDU,TFR:LNDU:INC_REFORESTATION,LNDU: Increase Reforestation,"Increases probability of input land use classes being converted to secondary forests. This transformation can be defined for specific land use classes--e.g., converting only shrublands and croplands to ",Target fractional increase in forest area,12,0.0,0.08837209302325583,0.17674418604651165,0.530232558139535,2065
AFOLU,LNDU,TFR:LNDU:INC_REFORESTATION,LNDU: Increase Reforestation,"Increases probability of input land use classes being converted to secondary forests. This transformation can be defined for specific land use classes--e.g., converting only shrublands and croplands to ",Target fractional increase in forest area,12,0.0,0.09069767441860466,0.1813953488372093,0.5441860465116279,2066
AFOLU,LNDU,TFR:LNDU:INC_REFORESTATION,LNDU: Increase Reforestation,"Increases probability of input land use classes being converted to secondary forests. This transformation can be defined for specific land use classes--e.g., converting only shrublands and croplands to ",Target fractional increase in forest area,12,0.0,0.09302325581395349,0.18604651162790697,0.558139534883721,2067
AFOLU,LNDU,TFR:LNDU:INC_REFORESTATION,LNDU: Increase Reforestation,"Increases probability of input land use classes being converted to secondary forests. This transformation can be defined for specific land use classes--e.g., converting only shrublands and croplands to ",Target fractional increase in forest area,12,0.0,0.09534883720930233,0.19069767441860466,0.572093023255814,2068
AFOLU,LNDU,TFR:LNDU:INC_REFORESTATION,LNDU: Increase Reforestation,"Increases probability of input land use classes being converted to secondary forests. This transformation can be defined for specific land use classes--e.g., converting only shrublands and croplands to ",Target fractional increase in forest area,12,0.0,0.09767441860465116,0.19534883720930232,0.586046511627907,2069
AFOLU,LNDU,TFR:LNDU:INC_REFORESTATION,LNDU: Increase Reforestation,"Increases probability of input land use classes being converted to secondary forests. This transformation can be defined for specific land use classes--e.g., converting only shrublands and croplands to ",Target fractional increase in forest area,12,0.0,0.1,0.2,0.6000000000000001,2070
AFOLU,LNDU,TFR:LNDU:INC_SILVOPASTURE,LNDU: Expand silvopasture,"Increase the use of silvopasture by increaasing the average sequestration factor associated with pastures. This transformer models silvopasture as a fraction of pastures with planted forests. Since the magnitude is a fraction of area, the average sequestration factor is estimated as m*f, where m is the magnitude (prevalence) and f is the secondary forest sequestration factor.",Fraction of pasture under silvopasture. Applies secondary forest carbon sequestration factors to silvopasture area.,12,0.0,0.0,0.0,0.0,2015
AFOLU,LNDU,TFR:LNDU:INC_SILVOPASTURE,LNDU: Expand silvopasture,"Increase the use of silvopasture by increaasing the average sequestration factor associated with pastures. This transformer models silvopasture as a fraction of pastures with planted forests. Since the magnitude is a fraction of area, the average sequestration factor is estimated as m*f, where m is the magnitude (prevalence) and f is the secondary forest sequestration factor.",Fraction of pasture under silvopasture. Applies secondary forest carbon sequestration factors to silvopasture area.,12,0.0,0.0,0.0,0.0,2016
AFOLU,LNDU,TFR:LNDU:INC_SILVOPASTURE,LNDU: Expand silvopasture,"Increase the use of silvopasture by increaasing the average sequestration factor associated with pastures. This transformer models silvopasture as a fraction of pastures with planted forests. Since the magnitude is a fraction of area, the average sequestration factor is estimated as m*f, where m is the magnitude (prevalence) and f is the secondary forest sequestration factor.",Fraction of pasture under silvopasture. Applies secondary forest carbon sequestration factors to silvopasture area.,12,0.0,0.0,0.0,0.0,2017
AFOLU,LNDU,TFR:LNDU:INC_SILVOPASTURE,LNDU: Expand silvopasture,"Increase the use of silvopasture by increaasing the average sequestration factor associated with pastures. This transformer models silvopasture as a fraction of pastures with planted forests. Since the magnitude is a fraction of area, the average sequestration factor is estimated as m*f, where m is the magnitude (prevalence) and f is the secondary forest sequestration factor.",Fraction of pasture under silvopasture. Applies secondary forest carbon sequestration factors to silvopasture area.,12,0.0,0.0,0.0,0.0,2018
AFOLU,LNDU,TFR:LNDU:INC_SILVOPASTURE,LNDU: Expand silvopasture,"Increase the use of silvopasture by increaasing the average sequestration factor associated with pastures. This transformer models silvopasture as a fraction of pastures with planted forests. Since the magnitude is a fraction of area, the average sequestration factor is estimated as m*f, where m is the magnitude (prevalence) and f is the secondary forest sequestration factor.",Fraction of pasture under silvopasture. Applies secondary forest carbon sequestration factors to silvopasture area.,12,0.0,0.0,0.0,0.0,2019
AFOLU,LNDU,TFR:LNDU:INC_SILVOPASTURE,LNDU: Expand silvopasture,"Increase the use of silvopasture by increaasing the average sequestration factor associated with pastures. This transformer models silvopasture as a fraction of pastures with planted forests. Since the magnitude is a fraction of area, the average sequestration factor is estimated as m*f, where m is the magnitude (prevalence) and f is the secondary forest sequestration factor.",Fraction of pasture under silvopasture. Applies secondary forest carbon sequestration factors to silvopasture area.,12,0.0,0.0,0.0,0.0,2020
AFOLU,LNDU,TFR:LNDU:INC_SILVOPASTURE,LNDU: Expand silvopasture,"Increase the use of silvopasture by increaasing the average sequestration factor associated with pastures. This transformer models silvopasture as a fraction of pastures with planted forests. Since the magnitude is a fraction of area, the average sequestration factor is estimated as m*f, where m is the magnitude (prevalence) and f is the secondary forest sequestration factor.",Fraction of pasture under silvopasture. Applies secondary forest carbon sequestration factors to silvopasture area.,12,0.0,0.0,0.0,0.0,2021
AFOLU,LNDU,TFR:LNDU:INC_SILVOPASTURE,LNDU: Expand silvopasture,"Increase the use of silvopasture by increaasing the average sequestration factor associated with pastures. This transformer models silvopasture as a fraction of pastures with planted forests. Since the magnitude is a fraction of area, the average sequestration factor is estimated as m*f, where m is the magnitude (prevalence) and f is the secondary forest sequestration factor.",Fraction of pasture under silvopasture. Applies secondary forest carbon sequestration factors to silvopasture area.,12,0.0,0.0,0.0,0.0,2022
AFOLU,LNDU,TFR:LNDU:INC_SILVOPASTURE,LNDU: Expand silvopasture,"Increase the use of silvopasture by increaasing the average sequestration factor associated with pastures. This transformer models silvopasture as a fraction of pastures with planted forests. Since the magnitude is a fraction of area, the average sequestration factor is estimated as m*f, where m is the magnitude (prevalence) and f is the secondary forest sequestration factor.",Fraction of pasture under silvopasture. Applies secondary forest carbon sequestration factors to silvopasture area.,12,0.0,0.0,0.0,0.0,2023
AFOLU,LNDU,TFR:LNDU:INC_SILVOPASTURE,LNDU: Expand silvopasture,"Increase the use of silvopasture by increaasing the average sequestration factor associated with pastures. This transformer models silvopasture as a fraction of pastures with planted forests. Since the magnitude is a fraction of area, the average sequestration factor is estimated as m*f, where m is the magnitude (prevalence) and f is the secondary forest sequestration factor.",Fraction of pasture under silvopasture. Applies secondary forest carbon sequestration factors to silvopasture area.,12,0.0,0.0,0.0,0.0,2024
AFOLU,LNDU,TFR:LNDU:INC_SILVOPASTURE,LNDU: Expand silvopasture,"Increase the use of silvopasture by increaasing the average sequestration factor associated with pastures. This transformer models silvopasture as a fraction of pastures with planted forests. Since the magnitude is a fraction of area, the average sequestration factor is estimated as m*f, where m is the magnitude (prevalence) and f is the secondary forest sequestration factor.",Fraction of pasture under silvopasture. Applies secondary forest carbon sequestration factors to silvopasture area.,12,0.0,0.0,0.0,0.0,2025
AFOLU,LNDU,TFR:LNDU:INC_SILVOPASTURE,LNDU: Expand silvopasture,"Increase the use of silvopasture by increaasing the average sequestration factor associated with pastures. This transformer models silvopasture as a fraction of pastures with planted forests. Since the magnitude is a fraction of area, the average sequestration factor is estimated as m*f, where m is the magnitude (prevalence) and f is the secondary forest sequestration factor.",Fraction of pasture under silvopasture. Applies secondary forest carbon sequestration factors to silvopasture area.,12,0.0,0.0,0.0,0.0,2026
AFOLU,LNDU,TFR:LNDU:INC_SILVOPASTURE,LNDU: Expand silvopasture,"Increase the use of silvopasture by increaasing the average sequestration factor associated with pastures. This transformer models silvopasture as a fraction of pastures with planted forests. Since the magnitude is a fraction of area, the average sequestration factor is estimated as m*f, where m is the magnitude (prevalence) and f is the secondary forest sequestration factor.",Fraction of pasture under silvopasture. Applies secondary forest carbon sequestration factors to silvopasture area.,12,0.0,0.0,0.0,0.0,2027
AFOLU,LNDU,TFR:LNDU:INC_SILVOPASTURE,LNDU: Expand silvopasture,"Increase the use of silvopasture by increaasing the average sequestration factor associated with pastures. This transformer models silvopasture as a fraction of pastures with planted forests. Since the magnitude is a fraction of area, the average sequestration factor is estimated as m*f, where m is the magnitude (prevalence) and f is the secondary forest sequestration factor.",Fraction of pasture under silvopasture. Applies secondary forest carbon sequestration factors to silvopasture area.,12,0.0,0.0,0.0,0.004651162790697674,2028
AFOLU,LNDU,TFR:LNDU:INC_SILVOPASTURE,LNDU: Expand silvopasture,"Increase the use of silvopasture by increaasing the average sequestration factor associated with pastures. This transformer models silvopasture as a fraction of pastures with planted forests. Since the magnitude is a fraction of area, the average sequestration factor is estimated as m*f, where m is the magnitude (prevalence) and f is the secondary forest sequestration factor.",Fraction of pasture under silvopasture. Applies secondary forest carbon sequestration factors to silvopasture area.,12,0.0,0.0,0.0,0.009302325581395349,2029
AFOLU,LNDU,TFR:LNDU:INC_SILVOPASTURE,LNDU: Expand silvopasture,"Increase the use of silvopasture by increaasing the average sequestration factor associated with pastures. This transformer models silvopasture as a fraction of pastures with planted forests. Since the magnitude is a fraction of area, the average sequestration factor is estimated as m*f, where m is the magnitude (prevalence) and f is the secondary forest sequestration factor.",Fraction of pasture under silvopasture. Applies secondary forest carbon sequestration factors to silvopasture area.,12,0.0,0.0,0.0,0.013953488372093023,2030
AFOLU,LNDU,TFR:LNDU:INC_SILVOPASTURE,LNDU: Expand silvopasture,"Increase the use of silvopasture by increaasing the average sequestration factor associated with pastures. This transformer models silvopasture as a fraction of pastures with planted forests. Since the magnitude is a fraction of area, the average sequestration factor is estimated as m*f, where m is the magnitude (prevalence) and f is the secondary forest sequestration factor.",Fraction of pasture under silvopasture. Applies secondary forest carbon sequestration factors to silvopasture area.,12,0.0,0.0,0.0,0.018604651162790697,2031
AFOLU,LNDU,TFR:LNDU:INC_SILVOPASTURE,LNDU: Expand silvopasture,"Increase the use of silvopasture by increaasing the average sequestration factor associated with pastures. This transformer models silvopasture as a fraction of pastures with planted forests. Since the magnitude is a fraction of area, the average sequestration factor is estimated as m*f, where m is the magnitude (prevalence) and f is the secondary forest sequestration factor.",Fraction of pasture under silvopasture. Applies secondary forest carbon sequestration factors to silvopasture area.,12,0.0,0.0,0.0,0.023255813953488372,2032
AFOLU,LNDU,TFR:LNDU:INC_SILVOPASTURE,LNDU: Expand silvopasture,"Increase the use of silvopasture by increaasing the average sequestration factor associated with pastures. This transformer models silvopasture as a fraction of pastures with planted forests. Since the magnitude is a fraction of area, the average sequestration factor is estimated as m*f, where m is the magnitude (prevalence) and f is the secondary forest sequestration factor.",Fraction of pasture under silvopasture. Applies secondary forest carbon sequestration factors to silvopasture area.,12,0.0,0.0,0.0,0.027906976744186046,2033
AFOLU,LNDU,TFR:LNDU:INC_SILVOPASTURE,LNDU: Expand silvopasture,"Increase the use of silvopasture by increaasing the average sequestration factor associated with pastures. This transformer models silvopasture as a fraction of pastures with planted forests. Since the magnitude is a fraction of area, the average sequestration factor is estimated as m*f, where m is the magnitude (prevalence) and f is the secondary forest sequestration factor.",Fraction of pasture under silvopasture. Applies secondary forest carbon sequestration factors to silvopasture area.,12,0.0,0.0,0.0,0.03255813953488373,2034
AFOLU,LNDU,TFR:LNDU:INC_SILVOPASTURE,LNDU: Expand silvopasture,"Increase the use of silvopasture by increaasing the average sequestration factor associated with pastures. This transformer models silvopasture as a fraction of pastures with planted forests. Since the magnitude is a fraction of area, the average sequestration factor is estimated as m*f, where m is the magnitude (prevalence) and f is the secondary forest sequestration factor.",Fraction of pasture under silvopasture. Applies secondary forest carbon sequestration factors to silvopasture area.,12,0.0,0.0,0.0,0.037209302325581395,2035
AFOLU,LNDU,TFR:LNDU:INC_SILVOPASTURE,LNDU: Expand silvopasture,"Increase the use of silvopasture by increaasing the average sequestration factor associated with pastures. This transformer models silvopasture as a fraction of pastures with planted forests. Since the magnitude is a fraction of area, the average sequestration factor is estimated as m*f, where m is the magnitude (prevalence) and f is the secondary forest sequestration factor.",Fraction of pasture under silvopasture. Applies secondary forest carbon sequestration factors to silvopasture area.,12,0.0,0.0,0.0,0.041860465116279076,2036
AFOLU,LNDU,TFR:LNDU:INC_SILVOPASTURE,LNDU: Expand silvopasture,"Increase the use of silvopasture by increaasing the average sequestration factor associated with pastures. This transformer models silvopasture as a fraction of pastures with planted forests. Since the magnitude is a fraction of area, the average sequestration factor is estimated as m*f, where m is the magnitude (prevalence) and f is the secondary forest sequestration factor.",Fraction of pasture under silvopasture. Applies secondary forest carbon sequestration factors to silvopasture area.,12,0.0,0.0,0.0,0.046511627906976744,2037
AFOLU,LNDU,TFR:LNDU:INC_SILVOPASTURE,LNDU: Expand silvopasture,"Increase the use of silvopasture by increaasing the average sequestration factor associated with pastures. This transformer models silvopasture as a fraction of pastures with planted forests. Since the magnitude is a fraction of area, the average sequestration factor is estimated as m*f, where m is the magnitude (prevalence) and f is the secondary forest sequestration factor.",Fraction of pasture under silvopasture. Applies secondary forest carbon sequestration factors to silvopasture area.,12,0.0,0.0,0.0,0.051162790697674425,2038
AFOLU,LNDU,TFR:LNDU:INC_SILVOPASTURE,LNDU: Expand silvopasture,"Increase the use of silvopasture by increaasing the average sequestration factor associated with pastures. This transformer models silvopasture as a fraction of pastures with planted forests. Since the magnitude is a fraction of area, the average sequestration factor is estimated as m*f, where m is the magnitude (prevalence) and f is the secondary forest sequestration factor.",Fraction of pasture under silvopasture. Applies secondary forest carbon sequestration factors to silvopasture area.,12,0.0,0.0,0.0,0.05581395348837209,2039
AFOLU,LNDU,TFR:LNDU:INC_SILVOPASTURE,LNDU: Expand silvopasture,"Increase the use of silvopasture by increaasing the average sequestration factor associated with pastures. This transformer models silvopasture as a fraction of pastures with planted forests. Since the magnitude is a fraction of area, the average sequestration factor is estimated as m*f, where m is the magnitude (prevalence) and f is the secondary forest sequestration factor.",Fraction of pasture under silvopasture. Applies secondary forest carbon sequestration factors to silvopasture area.,12,0.0,0.0,0.0,0.06046511627906977,2040
AFOLU,LNDU,TFR:LNDU:INC_SILVOPASTURE,LNDU: Expand silvopasture,"Increase the use of silvopasture by increaasing the average sequestration factor associated with pastures. This transformer models silvopasture as a fraction of pastures with planted forests. Since the magnitude is a fraction of area, the average sequestration factor is estimated as m*f, where m is the magnitude (prevalence) and f is the secondary forest sequestration factor.",Fraction of pasture under silvopasture. Applies secondary forest carbon sequestration factors to silvopasture area.,12,0.0,0.0,0.0,0.06511627906976745,2041
AFOLU,LNDU,TFR:LNDU:INC_SILVOPASTURE,LNDU: Expand silvopasture,"Increase the use of silvopasture by increaasing the average sequestration factor associated with pastures. This transformer models silvopasture as a fraction of pastures with planted forests. Since the magnitude is a fraction of area, the average sequestration factor is estimated as m*f, where m is the magnitude (prevalence) and f is the secondary forest sequestration factor.",Fraction of pasture under silvopasture. Applies secondary forest carbon sequestration factors to silvopasture area.,12,0.0,0.0,0.0,0.06976744186046512,2042
AFOLU,LNDU,TFR:LNDU:INC_SILVOPASTURE,LNDU: Expand silvopasture,"Increase the use of silvopasture by increaasing the average sequestration factor associated with pastures. This transformer models silvopasture as a fraction of pastures with planted forests. Since the magnitude is a fraction of area, the average sequestration factor is estimated as m*f, where m is the magnitude (prevalence) and f is the secondary forest sequestration factor.",Fraction of pasture under silvopasture. Applies secondary forest carbon sequestration factors to silvopasture area.,12,0.0,0.0,0.0,0.07441860465116279,2043
AFOLU,LNDU,TFR:LNDU:INC_SILVOPASTURE,LNDU: Expand silvopasture,"Increase the use of silvopasture by increaasing the average sequestration factor associated with pastures. This transformer models silvopasture as a fraction of pastures with planted forests. Since the magnitude is a fraction of area, the average sequestration factor is estimated as m*f, where m is the magnitude (prevalence) and f is the secondary forest sequestration factor.",Fraction of pasture under silvopasture. Applies secondary forest carbon sequestration factors to silvopasture area.,12,0.0,0.0,0.0,0.07906976744186046,2044
AFOLU,LNDU,TFR:LNDU:INC_SILVOPASTURE,LNDU: Expand silvopasture,"Increase the use of silvopasture by increaasing the average sequestration factor associated with pastures. This transformer models silvopasture as a fraction of pastures with planted forests. Since the magnitude is a fraction of area, the average sequestration factor is estimated as m*f, where m is the magnitude (prevalence) and f is the secondary forest sequestration factor.",Fraction of pasture under silvopasture. Applies secondary forest carbon sequestration factors to silvopasture area.,12,0.0,0.0,0.0,0.08372093023255815,2045
AFOLU,LNDU,TFR:LNDU:INC_SILVOPASTURE,LNDU: Expand silvopasture,"Increase the use of silvopasture by increaasing the average sequestration factor associated with pastures. This transformer models silvopasture as a fraction of pastures with planted forests. Since the magnitude is a fraction of area, the average sequestration factor is estimated as m*f, where m is the magnitude (prevalence) and f is the secondary forest sequestration factor.",Fraction of pasture under silvopasture. Applies secondary forest carbon sequestration factors to silvopasture area.,12,0.0,0.0,0.0,0.08837209302325583,2046
AFOLU,LNDU,TFR:LNDU:INC_SILVOPASTURE,LNDU: Expand silvopasture,"Increase the use of silvopasture by increaasing the average sequestration factor associated with pastures. This transformer models silvopasture as a fraction of pastures with planted forests. Since the magnitude is a fraction of area, the average sequestration factor is estimated as m*f, where m is the magnitude (prevalence) and f is the secondary forest sequestration factor.",Fraction of pasture under silvopasture. Applies secondary forest carbon sequestration factors to silvopasture area.,12,0.0,0.0,0.0,0.09302325581395349,2047
AFOLU,LNDU,TFR:LNDU:INC_SILVOPASTURE,LNDU: Expand silvopasture,"Increase the use of silvopasture by increaasing the average sequestration factor associated with pastures. This transformer models silvopasture as a fraction of pastures with planted forests. Since the magnitude is a fraction of area, the average sequestration factor is estimated as m*f, where m is the magnitude (prevalence) and f is the secondary forest sequestration factor.",Fraction of pasture under silvopasture. Applies secondary forest carbon sequestration factors to silvopasture area.,12,0.0,0.0,0.0,0.09767441860465116,2048
AFOLU,LNDU,TFR:LNDU:INC_SILVOPASTURE,LNDU: Expand silvopasture,"Increase the use of silvopasture by increaasing the average sequestration factor associated with pastures. This transformer models silvopasture as a fraction of pastures with planted forests. Since the magnitude is a fraction of area, the average sequestration factor is estimated as m*f, where m is the magnitude (prevalence) and f is the secondary forest sequestration factor.",Fraction of pasture under silvopasture. Applies secondary forest carbon sequestration factors to silvopasture area.,12,0.0,0.0,0.0,0.10232558139534885,2049
AFOLU,LNDU,TFR:LNDU:INC_SILVOPASTURE,LNDU: Expand silvopasture,"Increase the use of silvopasture by increaasing the average sequestration factor associated with pastures. This transformer models silvopasture as a fraction of pastures with planted forests. Since the magnitude is a fraction of area, the average sequestration factor is estimated as m*f, where m is the magnitude (prevalence) and f is the secondary forest sequestration factor.",Fraction of pasture under silvopasture. Applies secondary forest carbon sequestration factors to silvopasture area.,12,0.0,0.0,0.0,0.10697674418604651,2050
AFOLU,LNDU,TFR:LNDU:INC_SILVOPASTURE,LNDU: Expand silvopasture,"Increase the use of silvopasture by increaasing the average sequestration factor associated with pastures. This transformer models silvopasture as a fraction of pastures with planted forests. Since the magnitude is a fraction of area, the average sequestration factor is estimated as m*f, where m is the magnitude (prevalence) and f is the secondary forest sequestration factor.",Fraction of pasture under silvopasture. Applies secondary forest carbon sequestration factors to silvopasture area.,12,0.0,0.0,0.0,0.11162790697674418,2051
AFOLU,LNDU,TFR:LNDU:INC_SILVOPASTURE,LNDU: Expand silvopasture,"Increase the use of silvopasture by increaasing the average sequestration factor associated with pastures. This transformer models silvopasture as a fraction of pastures with planted forests. Since the magnitude is a fraction of area, the average sequestration factor is estimated as m*f, where m is the magnitude (prevalence) and f is the secondary forest sequestration factor.",Fraction of pasture under silvopasture. Applies secondary forest carbon sequestration factors to silvopasture area.,12,0.0,0.0,0.0,0.11627906976744187,2052
AFOLU,LNDU,TFR:LNDU:INC_SILVOPASTURE,LNDU: Expand silvopasture,"Increase the use of silvopasture by increaasing the average sequestration factor associated with pastures. This transformer models silvopasture as a fraction of pastures with planted forests. Since the magnitude is a fraction of area, the average sequestration factor is estimated as m*f, where m is the magnitude (prevalence) and f is the secondary forest sequestration factor.",Fraction of pasture under silvopasture. Applies secondary forest carbon sequestration factors to silvopasture area.,12,0.0,0.0,0.0,0.12093023255813953,2053
AFOLU,LNDU,TFR:LNDU:INC_SILVOPASTURE,LNDU: Expand silvopasture,"Increase the use of silvopasture by increaasing the average sequestration factor associated with pastures. This transformer models silvopasture as a fraction of pastures with planted forests. Since the magnitude is a fraction of area, the average sequestration factor is estimated as m*f, where m is the magnitude (prevalence) and f is the secondary forest sequestration factor.",Fraction of pasture under silvopasture. Applies secondary forest carbon sequestration factors to silvopasture area.,12,0.0,0.0,0.0,0.12558139534883722,2054
AFOLU,LNDU,TFR:LNDU:INC_SILVOPASTURE,LNDU: Expand silvopasture,"Increase the use of silvopasture by increaasing the average sequestration factor associated with pastures. This transformer models silvopasture as a fraction of pastures with planted forests. Since the magnitude is a fraction of area, the average sequestration factor is estimated as m*f, where m is the magnitude (prevalence) and f is the secondary forest sequestration factor.",Fraction of pasture under silvopasture. Applies secondary forest carbon sequestration factors to silvopasture area.,12,0.0,0.0,0.0,0.1302325581395349,2055
AFOLU,LNDU,TFR:LNDU:INC_SILVOPASTURE,LNDU: Expand silvopasture,"Increase the use of silvopasture by increaasing the average sequestration factor associated with pastures. This transformer models silvopasture as a fraction of pastures with planted forests. Since the magnitude is a fraction of area, the average sequestration factor is estimated as m*f, where m is the magnitude (prevalence) and f is the secondary forest sequestration factor.",Fraction of pasture under silvopasture. Applies secondary forest carbon sequestration factors to silvopasture area.,12,0.0,0.0,0.0,0.13488372093023257,2056
AFOLU,LNDU,TFR:LNDU:INC_SILVOPASTURE,LNDU: Expand silvopasture,"Increase the use of silvopasture by increaasing the average sequestration factor associated with pastures. This transformer models silvopasture as a fraction of pastures with planted forests. Since the magnitude is a fraction of area, the average sequestration factor is estimated as m*f, where m is the magnitude (prevalence) and f is the secondary forest sequestration factor.",Fraction of pasture under silvopasture. Applies secondary forest carbon sequestration factors to silvopasture area.,12,0.0,0.0,0.0,0.13953488372093023,2057
AFOLU,LNDU,TFR:LNDU:INC_SILVOPASTURE,LNDU: Expand silvopasture,"Increase the use of silvopasture by increaasing the average sequestration factor associated with pastures. This transformer models silvopasture as a fraction of pastures with planted forests. Since the magnitude is a fraction of area, the average sequestration factor is estimated as m*f, where m is the magnitude (prevalence) and f is the secondary forest sequestration factor.",Fraction of pasture under silvopasture. Applies secondary forest carbon sequestration factors to silvopasture area.,12,0.0,0.0,0.0,0.1441860465116279,2058
AFOLU,LNDU,TFR:LNDU:INC_SILVOPASTURE,LNDU: Expand silvopasture,"Increase the use of silvopasture by increaasing the average sequestration factor associated with pastures. This transformer models silvopasture as a fraction of pastures with planted forests. Since the magnitude is a fraction of area, the average sequestration factor is estimated as m*f, where m is the magnitude (prevalence) and f is the secondary forest sequestration factor.",Fraction of pasture under silvopasture. Applies secondary forest carbon sequestration factors to silvopasture area.,12,0.0,0.0,0.0,0.14883720930232558,2059
AFOLU,LNDU,TFR:LNDU:INC_SILVOPASTURE,LNDU: Expand silvopasture,"Increase the use of silvopasture by increaasing the average sequestration factor associated with pastures. This transformer models silvopasture as a fraction of pastures with planted forests. Since the magnitude is a fraction of area, the average sequestration factor is estimated as m*f, where m is the magnitude (prevalence) and f is the secondary forest sequestration factor.",Fraction of pasture under silvopasture. Applies secondary forest carbon sequestration factors to silvopasture area.,12,0.0,0.0,0.0,0.15348837209302327,2060
AFOLU,LNDU,TFR:LNDU:INC_SILVOPASTURE,LNDU: Expand silvopasture,"Increase the use of silvopasture by increaasing the average sequestration factor associated with pastures. This transformer models silvopasture as a fraction of pastures with planted forests. Since the magnitude is a fraction of area, the average sequestration factor is estimated as m*f, where m is the magnitude (prevalence) and f is the secondary forest sequestration factor.",Fraction of pasture under silvopasture. Applies secondary forest carbon sequestration factors to silvopasture area.,12,0.0,0.0,0.0,0.15813953488372093,2061
AFOLU,LNDU,TFR:LNDU:INC_SILVOPASTURE,LNDU: Expand silvopasture,"Increase the use of silvopasture by increaasing the average sequestration factor associated with pastures. This transformer models silvopasture as a fraction of pastures with planted forests. Since the magnitude is a fraction of area, the average sequestration factor is estimated as m*f, where m is the magnitude (prevalence) and f is the secondary forest sequestration factor.",Fraction of pasture under silvopasture. Applies secondary forest carbon sequestration factors to silvopasture area.,12,0.0,0.0,0.0,0.16279069767441862,2062
AFOLU,LNDU,TFR:LNDU:INC_SILVOPASTURE,LNDU: Expand silvopasture,"Increase the use of silvopasture by increaasing the average sequestration factor associated with pastures. This transformer models silvopasture as a fraction of pastures with planted forests. Since the magnitude is a fraction of area, the average sequestration factor is estimated as m*f, where m is the magnitude (prevalence) and f is the secondary forest sequestration factor.",Fraction of pasture under silvopasture. Applies secondary forest carbon sequestration factors to silvopasture area.,12,0.0,0.0,0.0,0.1674418604651163,2063
AFOLU,LNDU,TFR:LNDU:INC_SILVOPASTURE,LNDU: Expand silvopasture,"Increase the use of silvopasture by increaasing the average sequestration factor associated with pastures. This transformer models silvopasture as a fraction of pastures with planted forests. Since the magnitude is a fraction of area, the average sequestration factor is estimated as m*f, where m is the magnitude (prevalence) and f is the secondary forest sequestration factor.",Fraction of pasture under silvopasture. Applies secondary forest carbon sequestration factors to silvopasture area.,12,0.0,0.0,0.0,0.17209302325581396,2064
AFOLU,LNDU,TFR:LNDU:INC_SILVOPASTURE,LNDU: Expand silvopasture,"Increase the use of silvopasture by increaasing the average sequestration factor associated with pastures. This transformer models silvopasture as a fraction of pastures with planted forests. Since the magnitude is a fraction of area, the average sequestration factor is estimated as m*f, where m is the magnitude (prevalence) and f is the secondary forest sequestration factor.",Fraction of pasture under silvopasture. Applies secondary forest carbon sequestration factors to silvopasture area.,12,0.0,0.0,0.0,0.17674418604651165,2065
AFOLU,LNDU,TFR:LNDU:INC_SILVOPASTURE,LNDU: Expand silvopasture,"Increase the use of silvopasture by increaasing the average sequestration factor associated with pastures. This transformer models silvopasture as a fraction of pastures with planted forests. Since the magnitude is a fraction of area, the average sequestration factor is estimated as m*f, where m is the magnitude (prevalence) and f is the secondary forest sequestration factor.",Fraction of pasture under silvopasture. Applies secondary forest carbon sequestration factors to silvopasture area.,12,0.0,0.0,0.0,0.1813953488372093,2066
AFOLU,LNDU,TFR:LNDU:INC_SILVOPASTURE,LNDU: Expand silvopasture,"Increase the use of silvopasture by increaasing the average sequestration factor associated with pastures. This transformer models silvopasture as a fraction of pastures with planted forests. Since the magnitude is a fraction of area, the average sequestration factor is estimated as m*f, where m is the magnitude (prevalence) and f is the secondary forest sequestration factor.",Fraction of pasture under silvopasture. Applies secondary forest carbon sequestration factors to silvopasture area.,12,0.0,0.0,0.0,0.18604651162790697,2067
AFOLU,LNDU,TFR:LNDU:INC_SILVOPASTURE,LNDU: Expand silvopasture,"Increase the use of silvopasture by increaasing the average sequestration factor associated with pastures. This transformer models silvopasture as a fraction of pastures with planted forests. Since the magnitude is a fraction of area, the average sequestration factor is estimated as m*f, where m is the magnitude (prevalence) and f is the secondary forest sequestration factor.",Fraction of pasture under silvopasture. Applies secondary forest carbon sequestration factors to silvopasture area.,12,0.0,0.0,0.0,0.19069767441860466,2068
AFOLU,LNDU,TFR:LNDU:INC_SILVOPASTURE,LNDU: Expand silvopasture,"Increase the use of silvopasture by increaasing the average sequestration factor associated with pastures. This transformer models silvopasture as a fraction of pastures with planted forests. Since the magnitude is a fraction of area, the average sequestration factor is estimated as m*f, where m is the magnitude (prevalence) and f is the secondary forest sequestration factor.",Fraction of pasture under silvopasture. Applies secondary forest carbon sequestration factors to silvopasture area.,12,0.0,0.0,0.0,0.19534883720930232,2069
AFOLU,LNDU,TFR:LNDU:INC_SILVOPASTURE,LNDU: Expand silvopasture,"Increase the use of silvopasture by increaasing the average sequestration factor associated with pastures. This transformer models silvopasture as a fraction of pastures with planted forests. Since the magnitude is a fraction of area, the average sequestration factor is estimated as m*f, where m is the magnitude (prevalence) and f is the secondary forest sequestration factor.",Fraction of pasture under silvopasture. Applies secondary forest carbon sequestration factors to silvopasture area.,12,0.0,0.0,0.0,0.2,2070
AFOLU,LSMM,TFR:LSMM:INC_CAPTURE_BIOGAS,LSMM: Increase biogas capture at anaerobic decomposition facilities,Increase the fraction of biogas that is captured at manure treated at anaerobic livestock manure treatment facilities,Target minimum fraction of biogas that is captured from manure management facilities with anaerobic decomposition (including lagoons),12,0.0,0.0,0.0,0.0,2015
AFOLU,LSMM,TFR:LSMM:INC_CAPTURE_BIOGAS,LSMM: Increase biogas capture at anaerobic decomposition facilities,Increase the fraction of biogas that is captured at manure treated at anaerobic livestock manure treatment facilities,Target minimum fraction of biogas that is captured from manure management facilities with anaerobic decomposition (including lagoons),12,0.0,0.0,0.0,0.0,2016
AFOLU,LSMM,TFR:LSMM:INC_CAPTURE_BIOGAS,LSMM: Increase biogas capture at anaerobic decomposition facilities,Increase the fraction of biogas that is captured at manure treated at anaerobic livestock manure treatment facilities,Target minimum fraction of biogas that is captured from manure management facilities with anaerobic decomposition (including lagoons),12,0.0,0.0,0.0,0.0,2017
AFOLU,LSMM,TFR:LSMM:INC_CAPTURE_BIOGAS,LSMM: Increase biogas capture at anaerobic decomposition facilities,Increase the fraction of biogas that is captured at manure treated at anaerobic livestock manure treatment facilities,Target minimum fraction of biogas that is captured from manure management facilities with anaerobic decomposition (including lagoons),12,0.0,0.0,0.0,0.0,2018
AFOLU,LSMM,TFR:LSMM:INC_CAPTURE_BIOGAS,LSMM: Increase biogas capture at anaerobic decomposition facilities,Increase the fraction of biogas that is captured at manure treated at anaerobic livestock manure treatment facilities,Target minimum fraction of biogas that is captured from manure management facilities with anaerobic decomposition (including lagoons),12,0.0,0.0,0.0,0.0,2019
AFOLU,LSMM,TFR:LSMM:INC_CAPTURE_BIOGAS,LSMM: Increase biogas capture at anaerobic decomposition facilities,Increase the fraction of biogas that is captured at manure treated at anaerobic livestock manure treatment facilities,Target minimum fraction of biogas that is captured from manure management facilities with anaerobic decomposition (including lagoons),12,0.0,0.0,0.0,0.0,2020
AFOLU,LSMM,TFR:LSMM:INC_CAPTURE_BIOGAS,LSMM: Increase biogas capture at anaerobic decomposition facilities,Increase the fraction of biogas that is captured at manure treated at anaerobic livestock manure treatment facilities,Target minimum fraction of biogas that is captured from manure management facilities with anaerobic decomposition (including lagoons),12,0.0,0.0,0.0,0.0,2021
AFOLU,LSMM,TFR:LSMM:INC_CAPTURE_BIOGAS,LSMM: Increase biogas capture at anaerobic decomposition facilities,Increase the fraction of biogas that is captured at manure treated at anaerobic livestock manure treatment facilities,Target minimum fraction of biogas that is captured from manure management facilities with anaerobic decomposition (including lagoons),12,0.0,0.0,0.0,0.0,2022
AFOLU,LSMM,TFR:LSMM:INC_CAPTURE_BIOGAS,LSMM: Increase biogas capture at anaerobic decomposition facilities,Increase the fraction of biogas that is captured at manure treated at anaerobic livestock manure treatment facilities,Target minimum fraction of biogas that is captured from manure management facilities with anaerobic decomposition (including lagoons),12,0.0,0.0,0.0,0.0,2023
AFOLU,LSMM,TFR:LSMM:INC_CAPTURE_BIOGAS,LSMM: Increase biogas capture at anaerobic decomposition facilities,Increase the fraction of biogas that is captured at manure treated at anaerobic livestock manure treatment facilities,Target minimum fraction of biogas that is captured from manure management facilities with anaerobic decomposition (including lagoons),12,0.0,0.0,0.0,0.0,2024
AFOLU,LSMM,TFR:LSMM:INC_CAPTURE_BIOGAS,LSMM: Increase biogas capture at anaerobic decomposition facilities,Increase the fraction of biogas that is captured at manure treated at anaerobic livestock manure treatment facilities,Target minimum fraction of biogas that is captured from manure management facilities with anaerobic decomposition (including lagoons),12,0.0,0.0,0.0,0.0,2025
AFOLU,LSMM,TFR:LSMM:INC_CAPTURE_BIOGAS,LSMM: Increase biogas capture at anaerobic decomposition facilities,Increase the fraction of biogas that is captured at manure treated at anaerobic livestock manure treatment facilities,Target minimum fraction of biogas that is captured from manure management facilities with anaerobic decomposition (including lagoons),12,0.0,0.0,0.0,0.0,2026
AFOLU,LSMM,TFR:LSMM:INC_CAPTURE_BIOGAS,LSMM: Increase biogas capture at anaerobic decomposition facilities,Increase the fraction of biogas that is captured at manure treated at anaerobic livestock manure treatment facilities,Target minimum fraction of biogas that is captured from manure management facilities with anaerobic decomposition (including lagoons),12,0.0,0.0,0.0,0.0,2027
AFOLU,LSMM,TFR:LSMM:INC_CAPTURE_BIOGAS,LSMM: Increase biogas capture at anaerobic decomposition facilities,Increase the fraction of biogas that is captured at manure treated at anaerobic livestock manure treatment facilities,Target minimum fraction of biogas that is captured from manure management facilities with anaerobic decomposition (including lagoons),12,0.0,0.0,0.0,0.04186046511627907,2028
AFOLU,LSMM,TFR:LSMM:INC_CAPTURE_BIOGAS,LSMM: Increase biogas capture at anaerobic decomposition facilities,Increase the fraction of biogas that is captured at manure treated at anaerobic livestock manure treatment facilities,Target minimum fraction of biogas that is captured from manure management facilities with anaerobic decomposition (including lagoons),12,0.0,0.0,0.0,0.08372093023255814,2029
AFOLU,LSMM,TFR:LSMM:INC_CAPTURE_BIOGAS,LSMM: Increase biogas capture at anaerobic decomposition facilities,Increase the fraction of biogas that is captured at manure treated at anaerobic livestock manure treatment facilities,Target minimum fraction of biogas that is captured from manure management facilities with anaerobic decomposition (including lagoons),12,0.0,0.0,0.0,0.12558139534883722,2030
AFOLU,LSMM,TFR:LSMM:INC_CAPTURE_BIOGAS,LSMM: Increase biogas capture at anaerobic decomposition facilities,Increase the fraction of biogas that is captured at manure treated at anaerobic livestock manure treatment facilities,Target minimum fraction of biogas that is captured from manure management facilities with anaerobic decomposition (including lagoons),12,0.0,0.0,0.0,0.16744186046511628,2031
AFOLU,LSMM,TFR:LSMM:INC_CAPTURE_BIOGAS,LSMM: Increase biogas capture at anaerobic decomposition facilities,Increase the fraction of biogas that is captured at manure treated at anaerobic livestock manure treatment facilities,Target minimum fraction of biogas that is captured from manure management facilities with anaerobic decomposition (including lagoons),12,0.0,0.0,0.0,0.20930232558139536,2032
AFOLU,LSMM,TFR:LSMM:INC_CAPTURE_BIOGAS,LSMM: Increase biogas capture at anaerobic decomposition facilities,Increase the fraction of biogas that is captured at manure treated at anaerobic livestock manure treatment facilities,Target minimum fraction of biogas that is captured from manure management facilities with anaerobic decomposition (including lagoons),12,0.0,0.0,0.0,0.25116279069767444,2033
AFOLU,LSMM,TFR:LSMM:INC_CAPTURE_BIOGAS,LSMM: Increase biogas capture at anaerobic decomposition facilities,Increase the fraction of biogas that is captured at manure treated at anaerobic livestock manure treatment facilities,Target minimum fraction of biogas that is captured from manure management facilities with anaerobic decomposition (including lagoons),12,0.0,0.0,0.0,0.2930232558139535,2034
AFOLU,LSMM,TFR:LSMM:INC_CAPTURE_BIOGAS,LSMM: Increase biogas capture at anaerobic decomposition facilities,Increase the fraction of biogas that is captured at manure treated at anaerobic livestock manure treatment facilities,Target minimum fraction of biogas that is captured from manure management facilities with anaerobic decomposition (including lagoons),12,0.0,0.0,0.0,0.33488372093023255,2035
AFOLU,LSMM,TFR:LSMM:INC_CAPTURE_BIOGAS,LSMM: Increase biogas capture at anaerobic decomposition facilities,Increase the fraction of biogas that is captured at manure treated at anaerobic livestock manure treatment facilities,Target minimum fraction of biogas that is captured from manure management facilities with anaerobic decomposition (including lagoons),12,0.0,0.0,0.0,0.37674418604651166,2036
AFOLU,LSMM,TFR:LSMM:INC_CAPTURE_BIOGAS,LSMM: Increase biogas capture at anaerobic decomposition facilities,Increase the fraction of biogas that is captured at manure treated at anaerobic livestock manure treatment facilities,Target minimum fraction of biogas that is captured from manure management facilities with anaerobic decomposition (including lagoons),12,0.0,0.0,0.0,0.4186046511627907,2037
AFOLU,LSMM,TFR:LSMM:INC_CAPTURE_BIOGAS,LSMM: Increase biogas capture at anaerobic decomposition facilities,Increase the fraction of biogas that is captured at manure treated at anaerobic livestock manure treatment facilities,Target minimum fraction of biogas that is captured from manure management facilities with anaerobic decomposition (including lagoons),12,0.0,0.0,0.0,0.4604651162790698,2038
AFOLU,LSMM,TFR:LSMM:INC_CAPTURE_BIOGAS,LSMM: Increase biogas capture at anaerobic decomposition facilities,Increase the fraction of biogas that is captured at manure treated at anaerobic livestock manure treatment facilities,Target minimum fraction of biogas that is captured from manure management facilities with anaerobic decomposition (including lagoons),12,0.0,0.0,0.0,0.5023255813953489,2039
AFOLU,LSMM,TFR:LSMM:INC_CAPTURE_BIOGAS,LSMM: Increase biogas capture at anaerobic decomposition facilities,Increase the fraction of biogas that is captured at manure treated at anaerobic livestock manure treatment facilities,Target minimum fraction of biogas that is captured from manure management facilities with anaerobic decomposition (including lagoons),12,0.0,0.0,0.0,0.5441860465116279,2040
AFOLU,LSMM,TFR:LSMM:INC_CAPTURE_BIOGAS,LSMM: Increase biogas capture at anaerobic decomposition facilities,Increase the fraction of biogas that is captured at manure treated at anaerobic livestock manure treatment facilities,Target minimum fraction of biogas that is captured from manure management facilities with anaerobic decomposition (including lagoons),12,0.0,0.0,0.0,0.586046511627907,2041
AFOLU,LSMM,TFR:LSMM:INC_CAPTURE_BIOGAS,LSMM: Increase biogas capture at anaerobic decomposition facilities,Increase the fraction of biogas that is captured at manure treated at anaerobic livestock manure treatment facilities,Target minimum fraction of biogas that is captured from manure management facilities with anaerobic decomposition (including lagoons),12,0.0,0.0,0.0,0.627906976744186,2042
AFOLU,LSMM,TFR:LSMM:INC_CAPTURE_BIOGAS,LSMM: Increase biogas capture at anaerobic decomposition facilities,Increase the fraction of biogas that is captured at manure treated at anaerobic livestock manure treatment facilities,Target minimum fraction of biogas that is captured from manure management facilities with anaerobic decomposition (including lagoons),12,0.0,0.0,0.0,0.6697674418604651,2043
AFOLU,LSMM,TFR:LSMM:INC_CAPTURE_BIOGAS,LSMM: Increase biogas capture at anaerobic decomposition facilities,Increase the fraction of biogas that is captured at manure treated at anaerobic livestock manure treatment facilities,Target minimum fraction of biogas that is captured from manure management facilities with anaerobic decomposition (including lagoons),12,0.0,0.0,0.0,0.7116279069767442,2044
AFOLU,LSMM,TFR:LSMM:INC_CAPTURE_BIOGAS,LSMM: Increase biogas capture at anaerobic decomposition facilities,Increase the fraction of biogas that is captured at manure treated at anaerobic livestock manure treatment facilities,Target minimum fraction of biogas that is captured from manure management facilities with anaerobic decomposition (including lagoons),12,0.0,0.0,0.0,0.7534883720930233,2045
AFOLU,LSMM,TFR:LSMM:INC_CAPTURE_BIOGAS,LSMM: Increase biogas capture at anaerobic decomposition facilities,Increase the fraction of biogas that is captured at manure treated at anaerobic livestock manure treatment facilities,Target minimum fraction of biogas that is captured from manure management facilities with anaerobic decomposition (including lagoons),12,0.0,0.0,0.0,0.7953488372093024,2046
AFOLU,LSMM,TFR:LSMM:INC_CAPTURE_BIOGAS,LSMM: Increase biogas capture at anaerobic decomposition facilities,Increase the fraction of biogas that is captured at manure treated at anaerobic livestock manure treatment facilities,Target minimum fraction of biogas that is captured from manure management facilities with anaerobic decomposition (including lagoons),12,0.0,0.0,0.0,0.8372093023255814,2047
AFOLU,LSMM,TFR:LSMM:INC_CAPTURE_BIOGAS,LSMM: Increase biogas capture at anaerobic decomposition facilities,Increase the fraction of biogas that is captured at manure treated at anaerobic livestock manure treatment facilities,Target minimum fraction of biogas that is captured from manure management facilities with anaerobic decomposition (including lagoons),12,0.0,0.0,0.0,0.8790697674418605,2048
AFOLU,LSMM,TFR:LSMM:INC_CAPTURE_BIOGAS,LSMM: Increase biogas capture at anaerobic decomposition facilities,Increase the fraction of biogas that is captured at manure treated at anaerobic livestock manure treatment facilities,Target minimum fraction of biogas that is captured from manure management facilities with anaerobic decomposition (including lagoons),12,0.0,0.0,0.0,0.9209302325581395,2049
AFOLU,LSMM,TFR:LSMM:INC_CAPTURE_BIOGAS,LSMM: Increase biogas capture at anaerobic decomposition facilities,Increase the fraction of biogas that is captured at manure treated at anaerobic livestock manure treatment facilities,Target minimum fraction of biogas that is captured from manure management facilities with anaerobic decomposition (including lagoons),12,0.0,0.0,0.0,0.9627906976744185,2050
AFOLU,LSMM,TFR:LSMM:INC_CAPTURE_BIOGAS,LSMM: Increase biogas capture at anaerobic decomposition facilities,Increase the fraction of biogas that is captured at manure treated at anaerobic livestock manure treatment facilities,Target minimum fraction of biogas that is captured from manure management facilities with anaerobic decomposition (including lagoons),12,0.0,0.0,0.0,1.0046511627906978,2051
AFOLU,LSMM,TFR:LSMM:INC_CAPTURE_BIOGAS,LSMM: Increase biogas capture at anaerobic decomposition facilities,Increase the fraction of biogas that is captured at manure treated at anaerobic livestock manure treatment facilities,Target minimum fraction of biogas that is captured from manure management facilities with anaerobic decomposition (including lagoons),12,0.0,0.0,0.0,1.0465116279069768,2052
AFOLU,LSMM,TFR:LSMM:INC_CAPTURE_BIOGAS,LSMM: Increase biogas capture at anaerobic decomposition facilities,Increase the fraction of biogas that is captured at manure treated at anaerobic livestock manure treatment facilities,Target minimum fraction of biogas that is captured from manure management facilities with anaerobic decomposition (including lagoons),12,0.0,0.0,0.0,1.0883720930232559,2053
AFOLU,LSMM,TFR:LSMM:INC_CAPTURE_BIOGAS,LSMM: Increase biogas capture at anaerobic decomposition facilities,Increase the fraction of biogas that is captured at manure treated at anaerobic livestock manure treatment facilities,Target minimum fraction of biogas that is captured from manure management facilities with anaerobic decomposition (including lagoons),12,0.0,0.0,0.0,1.130232558139535,2054
AFOLU,LSMM,TFR:LSMM:INC_CAPTURE_BIOGAS,LSMM: Increase biogas capture at anaerobic decomposition facilities,Increase the fraction of biogas that is captured at manure treated at anaerobic livestock manure treatment facilities,Target minimum fraction of biogas that is captured from manure management facilities with anaerobic decomposition (including lagoons),12,0.0,0.0,0.0,1.172093023255814,2055
AFOLU,LSMM,TFR:LSMM:INC_CAPTURE_BIOGAS,LSMM: Increase biogas capture at anaerobic decomposition facilities,Increase the fraction of biogas that is captured at manure treated at anaerobic livestock manure treatment facilities,Target minimum fraction of biogas that is captured from manure management facilities with anaerobic decomposition (including lagoons),12,0.0,0.0,0.0,1.213953488372093,2056
AFOLU,LSMM,TFR:LSMM:INC_CAPTURE_BIOGAS,LSMM: Increase biogas capture at anaerobic decomposition facilities,Increase the fraction of biogas that is captured at manure treated at anaerobic livestock manure treatment facilities,Target minimum fraction of biogas that is captured from manure management facilities with anaerobic decomposition (including lagoons),12,0.0,0.0,0.0,1.255813953488372,2057
AFOLU,LSMM,TFR:LSMM:INC_CAPTURE_BIOGAS,LSMM: Increase biogas capture at anaerobic decomposition facilities,Increase the fraction of biogas that is captured at manure treated at anaerobic livestock manure treatment facilities,Target minimum fraction of biogas that is captured from manure management facilities with anaerobic decomposition (including lagoons),12,0.0,0.0,0.0,1.2976744186046512,2058
AFOLU,LSMM,TFR:LSMM:INC_CAPTURE_BIOGAS,LSMM: Increase biogas capture at anaerobic decomposition facilities,Increase the fraction of biogas that is captured at manure treated at anaerobic livestock manure treatment facilities,Target minimum fraction of biogas that is captured from manure management facilities with anaerobic decomposition (including lagoons),12,0.0,0.0,0.0,1.3395348837209302,2059
AFOLU,LSMM,TFR:LSMM:INC_CAPTURE_BIOGAS,LSMM: Increase biogas capture at anaerobic decomposition facilities,Increase the fraction of biogas that is captured at manure treated at anaerobic livestock manure treatment facilities,Target minimum fraction of biogas that is captured from manure management facilities with anaerobic decomposition (including lagoons),12,0.0,0.0,0.0,1.3813953488372095,2060
AFOLU,LSMM,TFR:LSMM:INC_CAPTURE_BIOGAS,LSMM: Increase biogas capture at anaerobic decomposition facilities,Increase the fraction of biogas that is captured at manure treated at anaerobic livestock manure treatment facilities,Target minimum fraction of biogas that is captured from manure management facilities with anaerobic decomposition (including lagoons),12,0.0,0.0,0.0,1.4232558139534883,2061
AFOLU,LSMM,TFR:LSMM:INC_CAPTURE_BIOGAS,LSMM: Increase biogas capture at anaerobic decomposition facilities,Increase the fraction of biogas that is captured at manure treated at anaerobic livestock manure treatment facilities,Target minimum fraction of biogas that is captured from manure management facilities with anaerobic decomposition (including lagoons),12,0.0,0.0,0.0,1.4651162790697674,2062
AFOLU,LSMM,TFR:LSMM:INC_CAPTURE_BIOGAS,LSMM: Increase biogas capture at anaerobic decomposition facilities,Increase the fraction of biogas that is captured at manure treated at anaerobic livestock manure treatment facilities,Target minimum fraction of biogas that is captured from manure management facilities with anaerobic decomposition (including lagoons),12,0.0,0.0,0.0,1.5069767441860467,2063
AFOLU,LSMM,TFR:LSMM:INC_CAPTURE_BIOGAS,LSMM: Increase biogas capture at anaerobic decomposition facilities,Increase the fraction of biogas that is captured at manure treated at anaerobic livestock manure treatment facilities,Target minimum fraction of biogas that is captured from manure management facilities with anaerobic decomposition (including lagoons),12,0.0,0.0,0.0,1.5488372093023255,2064
AFOLU,LSMM,TFR:LSMM:INC_CAPTURE_BIOGAS,LSMM: Increase biogas capture at anaerobic decomposition facilities,Increase the fraction of biogas that is captured at manure treated at anaerobic livestock manure treatment facilities,Target minimum fraction of biogas that is captured from manure management facilities with anaerobic decomposition (including lagoons),12,0.0,0.0,0.0,1.5906976744186048,2065
AFOLU,LSMM,TFR:LSMM:INC_CAPTURE_BIOGAS,LSMM: Increase biogas capture at anaerobic decomposition facilities,Increase the fraction of biogas that is captured at manure treated at anaerobic livestock manure treatment facilities,Target minimum fraction of biogas that is captured from manure management facilities with anaerobic decomposition (including lagoons),12,0.0,0.0,0.0,1.6325581395348836,2066
AFOLU,LSMM,TFR:LSMM:INC_CAPTURE_BIOGAS,LSMM: Increase biogas capture at anaerobic decomposition facilities,Increase the fraction of biogas that is captured at manure treated at anaerobic livestock manure treatment facilities,Target minimum fraction of biogas that is captured from manure management facilities with anaerobic decomposition (including lagoons),12,0.0,0.0,0.0,1.6744186046511629,2067
AFOLU,LSMM,TFR:LSMM:INC_CAPTURE_BIOGAS,LSMM: Increase biogas capture at anaerobic decomposition facilities,Increase the fraction of biogas that is captured at manure treated at anaerobic livestock manure treatment facilities,Target minimum fraction of biogas that is captured from manure management facilities with anaerobic decomposition (including lagoons),12,0.0,0.0,0.0,1.716279069767442,2068
AFOLU,LSMM,TFR:LSMM:INC_CAPTURE_BIOGAS,LSMM: Increase biogas capture at anaerobic decomposition facilities,Increase the fraction of biogas that is captured at manure treated at anaerobic livestock manure treatment facilities,Target minimum fraction of biogas that is captured from manure management facilities with anaerobic decomposition (including lagoons),12,0.0,0.0,0.0,1.758139534883721,2069
AFOLU,LSMM,TFR:LSMM:INC_CAPTURE_BIOGAS,LSMM: Increase biogas capture at anaerobic decomposition facilities,Increase the fraction of biogas that is captured at manure treated at anaerobic livestock manure treatment facilities,Target minimum fraction of biogas that is captured from manure management facilities with anaerobic decomposition (including lagoons),12,0.0,0.0,0.0,1.8,2070
AFOLU,LSMM,TFR:LSMM:INC_MANAGEMENT_CATTLE_PIGS,LSMM: Improve manure management for cattle and pigs," | 95% of manure from cattle (dairy and non-dairy) and pigs is treated. Under default conditions, the manure treated is sent to the following pathways:
 |    37.5% to Anaerobic Digestion
 |    12.5% to Composting
 |    25.0% to Daily Spread
 |    12.5% to Deep Bedding
 |    12.5% to Solid Storage",Fractions of cattle and pig manure managed by each LSMM management pathway. Can specify any target pathway.  ,12,0.0,0.0,0.0,0.0,2015
AFOLU,LSMM,TFR:LSMM:INC_MANAGEMENT_CATTLE_PIGS,LSMM: Improve manure management for cattle and pigs," | 95% of manure from cattle (dairy and non-dairy) and pigs is treated. Under default conditions, the manure treated is sent to the following pathways:
 |    37.5% to Anaerobic Digestion
 |    12.5% to Composting
 |    25.0% to Daily Spread
 |    12.5% to Deep Bedding
 |    12.5% to Solid Storage",Fractions of cattle and pig manure managed by each LSMM management pathway. Can specify any target pathway.  ,12,0.0,0.0,0.0,0.0,2016
AFOLU,LSMM,TFR:LSMM:INC_MANAGEMENT_CATTLE_PIGS,LSMM: Improve manure management for cattle and pigs," | 95% of manure from cattle (dairy and non-dairy) and pigs is treated. Under default conditions, the manure treated is sent to the following pathways:
 |    37.5% to Anaerobic Digestion
 |    12.5% to Composting
 |    25.0% to Daily Spread
 |    12.5% to Deep Bedding
 |    12.5% to Solid Storage",Fractions of cattle and pig manure managed by each LSMM management pathway. Can specify any target pathway.  ,12,0.0,0.0,0.0,0.0,2017
AFOLU,LSMM,TFR:LSMM:INC_MANAGEMENT_CATTLE_PIGS,LSMM: Improve manure management for cattle and pigs," | 95% of manure from cattle (dairy and non-dairy) and pigs is treated. Under default conditions, the manure treated is sent to the following pathways:
 |    37.5% to Anaerobic Digestion
 |    12.5% to Composting
 |    25.0% to Daily Spread
 |    12.5% to Deep Bedding
 |    12.5% to Solid Storage",Fractions of cattle and pig manure managed by each LSMM management pathway. Can specify any target pathway.  ,12,0.0,0.0,0.0,0.0,2018
AFOLU,LSMM,TFR:LSMM:INC_MANAGEMENT_CATTLE_PIGS,LSMM: Improve manure management for cattle and pigs," | 95% of manure from cattle (dairy and non-dairy) and pigs is treated. Under default conditions, the manure treated is sent to the following pathways:
 |    37.5% to Anaerobic Digestion
 |    12.5% to Composting
 |    25.0% to Daily Spread
 |    12.5% to Deep Bedding
 |    12.5% to Solid Storage",Fractions of cattle and pig manure managed by each LSMM management pathway. Can specify any target pathway.  ,12,0.0,0.0,0.0,0.0,2019
AFOLU,LSMM,TFR:LSMM:INC_MANAGEMENT_CATTLE_PIGS,LSMM: Improve manure management for cattle and pigs," | 95% of manure from cattle (dairy and non-dairy) and pigs is treated. Under default conditions, the manure treated is sent to the following pathways:
 |    37.5% to Anaerobic Digestion
 |    12.5% to Composting
 |    25.0% to Daily Spread
 |    12.5% to Deep Bedding
 |    12.5% to Solid Storage",Fractions of cattle and pig manure managed by each LSMM management pathway. Can specify any target pathway.  ,12,0.0,0.0,0.0,0.0,2020
AFOLU,LSMM,TFR:LSMM:INC_MANAGEMENT_CATTLE_PIGS,LSMM: Improve manure management for cattle and pigs," | 95% of manure from cattle (dairy and non-dairy) and pigs is treated. Under default conditions, the manure treated is sent to the following pathways:
 |    37.5% to Anaerobic Digestion
 |    12.5% to Composting
 |    25.0% to Daily Spread
 |    12.5% to Deep Bedding
 |    12.5% to Solid Storage",Fractions of cattle and pig manure managed by each LSMM management pathway. Can specify any target pathway.  ,12,0.0,0.0,0.0,0.0,2021
AFOLU,LSMM,TFR:LSMM:INC_MANAGEMENT_CATTLE_PIGS,LSMM: Improve manure management for cattle and pigs," | 95% of manure from cattle (dairy and non-dairy) and pigs is treated. Under default conditions, the manure treated is sent to the following pathways:
 |    37.5% to Anaerobic Digestion
 |    12.5% to Composting
 |    25.0% to Daily Spread
 |    12.5% to Deep Bedding
 |    12.5% to Solid Storage",Fractions of cattle and pig manure managed by each LSMM management pathway. Can specify any target pathway.  ,12,0.0,0.0,0.0,0.0,2022
AFOLU,LSMM,TFR:LSMM:INC_MANAGEMENT_CATTLE_PIGS,LSMM: Improve manure management for cattle and pigs," | 95% of manure from cattle (dairy and non-dairy) and pigs is treated. Under default conditions, the manure treated is sent to the following pathways:
 |    37.5% to Anaerobic Digestion
 |    12.5% to Composting
 |    25.0% to Daily Spread
 |    12.5% to Deep Bedding
 |    12.5% to Solid Storage",Fractions of cattle and pig manure managed by each LSMM management pathway. Can specify any target pathway.  ,12,0.0,0.0,0.0,0.0,2023
AFOLU,LSMM,TFR:LSMM:INC_MANAGEMENT_CATTLE_PIGS,LSMM: Improve manure management for cattle and pigs," | 95% of manure from cattle (dairy and non-dairy) and pigs is treated. Under default conditions, the manure treated is sent to the following pathways:
 |    37.5% to Anaerobic Digestion
 |    12.5% to Composting
 |    25.0% to Daily Spread
 |    12.5% to Deep Bedding
 |    12.5% to Solid Storage",Fractions of cattle and pig manure managed by each LSMM management pathway. Can specify any target pathway.  ,12,0.0,0.0,0.0,0.0,2024
AFOLU,LSMM,TFR:LSMM:INC_MANAGEMENT_CATTLE_PIGS,LSMM: Improve manure management for cattle and pigs," | 95% of manure from cattle (dairy and non-dairy) and pigs is treated. Under default conditions, the manure treated is sent to the following pathways:
 |    37.5% to Anaerobic Digestion
 |    12.5% to Composting
 |    25.0% to Daily Spread
 |    12.5% to Deep Bedding
 |    12.5% to Solid Storage",Fractions of cattle and pig manure managed by each LSMM management pathway. Can specify any target pathway.  ,12,0.0,0.0,0.0,0.0,2025
AFOLU,LSMM,TFR:LSMM:INC_MANAGEMENT_CATTLE_PIGS,LSMM: Improve manure management for cattle and pigs," | 95% of manure from cattle (dairy and non-dairy) and pigs is treated. Under default conditions, the manure treated is sent to the following pathways:
 |    37.5% to Anaerobic Digestion
 |    12.5% to Composting
 |    25.0% to Daily Spread
 |    12.5% to Deep Bedding
 |    12.5% to Solid Storage",Fractions of cattle and pig manure managed by each LSMM management pathway. Can specify any target pathway.  ,12,0.0,0.0,0.0,0.0,2026
AFOLU,LSMM,TFR:LSMM:INC_MANAGEMENT_CATTLE_PIGS,LSMM: Improve manure management for cattle and pigs," | 95% of manure from cattle (dairy and non-dairy) and pigs is treated. Under default conditions, the manure treated is sent to the following pathways:
 |    37.5% to Anaerobic Digestion
 |    12.5% to Composting
 |    25.0% to Daily Spread
 |    12.5% to Deep Bedding
 |    12.5% to Solid Storage",Fractions of cattle and pig manure managed by each LSMM management pathway. Can specify any target pathway.  ,12,0.0,0.0,0.0,0.0,2027
AFOLU,LSMM,TFR:LSMM:INC_MANAGEMENT_CATTLE_PIGS,LSMM: Improve manure management for cattle and pigs," | 95% of manure from cattle (dairy and non-dairy) and pigs is treated. Under default conditions, the manure treated is sent to the following pathways:
 |    37.5% to Anaerobic Digestion
 |    12.5% to Composting
 |    25.0% to Daily Spread
 |    12.5% to Deep Bedding
 |    12.5% to Solid Storage",Fractions of cattle and pig manure managed by each LSMM management pathway. Can specify any target pathway.  ,12,0.0,0.0,0.0,0.022093023255813953,2028
AFOLU,LSMM,TFR:LSMM:INC_MANAGEMENT_CATTLE_PIGS,LSMM: Improve manure management for cattle and pigs," | 95% of manure from cattle (dairy and non-dairy) and pigs is treated. Under default conditions, the manure treated is sent to the following pathways:
 |    37.5% to Anaerobic Digestion
 |    12.5% to Composting
 |    25.0% to Daily Spread
 |    12.5% to Deep Bedding
 |    12.5% to Solid Storage",Fractions of cattle and pig manure managed by each LSMM management pathway. Can specify any target pathway.  ,12,0.0,0.0,0.0,0.044186046511627906,2029
AFOLU,LSMM,TFR:LSMM:INC_MANAGEMENT_CATTLE_PIGS,LSMM: Improve manure management for cattle and pigs," | 95% of manure from cattle (dairy and non-dairy) and pigs is treated. Under default conditions, the manure treated is sent to the following pathways:
 |    37.5% to Anaerobic Digestion
 |    12.5% to Composting
 |    25.0% to Daily Spread
 |    12.5% to Deep Bedding
 |    12.5% to Solid Storage",Fractions of cattle and pig manure managed by each LSMM management pathway. Can specify any target pathway.  ,12,0.0,0.0,0.0,0.06627906976744186,2030
AFOLU,LSMM,TFR:LSMM:INC_MANAGEMENT_CATTLE_PIGS,LSMM: Improve manure management for cattle and pigs," | 95% of manure from cattle (dairy and non-dairy) and pigs is treated. Under default conditions, the manure treated is sent to the following pathways:
 |    37.5% to Anaerobic Digestion
 |    12.5% to Composting
 |    25.0% to Daily Spread
 |    12.5% to Deep Bedding
 |    12.5% to Solid Storage",Fractions of cattle and pig manure managed by each LSMM management pathway. Can specify any target pathway.  ,12,0.0,0.0,0.0,0.08837209302325581,2031
AFOLU,LSMM,TFR:LSMM:INC_MANAGEMENT_CATTLE_PIGS,LSMM: Improve manure management for cattle and pigs," | 95% of manure from cattle (dairy and non-dairy) and pigs is treated. Under default conditions, the manure treated is sent to the following pathways:
 |    37.5% to Anaerobic Digestion
 |    12.5% to Composting
 |    25.0% to Daily Spread
 |    12.5% to Deep Bedding
 |    12.5% to Solid Storage",Fractions of cattle and pig manure managed by each LSMM management pathway. Can specify any target pathway.  ,12,0.0,0.0,0.0,0.11046511627906976,2032
AFOLU,LSMM,TFR:LSMM:INC_MANAGEMENT_CATTLE_PIGS,LSMM: Improve manure management for cattle and pigs," | 95% of manure from cattle (dairy and non-dairy) and pigs is treated. Under default conditions, the manure treated is sent to the following pathways:
 |    37.5% to Anaerobic Digestion
 |    12.5% to Composting
 |    25.0% to Daily Spread
 |    12.5% to Deep Bedding
 |    12.5% to Solid Storage",Fractions of cattle and pig manure managed by each LSMM management pathway. Can specify any target pathway.  ,12,0.0,0.0,0.0,0.1325581395348837,2033
AFOLU,LSMM,TFR:LSMM:INC_MANAGEMENT_CATTLE_PIGS,LSMM: Improve manure management for cattle and pigs," | 95% of manure from cattle (dairy and non-dairy) and pigs is treated. Under default conditions, the manure treated is sent to the following pathways:
 |    37.5% to Anaerobic Digestion
 |    12.5% to Composting
 |    25.0% to Daily Spread
 |    12.5% to Deep Bedding
 |    12.5% to Solid Storage",Fractions of cattle and pig manure managed by each LSMM management pathway. Can specify any target pathway.  ,12,0.0,0.0,0.0,0.15465116279069768,2034
AFOLU,LSMM,TFR:LSMM:INC_MANAGEMENT_CATTLE_PIGS,LSMM: Improve manure management for cattle and pigs," | 95% of manure from cattle (dairy and non-dairy) and pigs is treated. Under default conditions, the manure treated is sent to the following pathways:
 |    37.5% to Anaerobic Digestion
 |    12.5% to Composting
 |    25.0% to Daily Spread
 |    12.5% to Deep Bedding
 |    12.5% to Solid Storage",Fractions of cattle and pig manure managed by each LSMM management pathway. Can specify any target pathway.  ,12,0.0,0.0,0.0,0.17674418604651163,2035
AFOLU,LSMM,TFR:LSMM:INC_MANAGEMENT_CATTLE_PIGS,LSMM: Improve manure management for cattle and pigs," | 95% of manure from cattle (dairy and non-dairy) and pigs is treated. Under default conditions, the manure treated is sent to the following pathways:
 |    37.5% to Anaerobic Digestion
 |    12.5% to Composting
 |    25.0% to Daily Spread
 |    12.5% to Deep Bedding
 |    12.5% to Solid Storage",Fractions of cattle and pig manure managed by each LSMM management pathway. Can specify any target pathway.  ,12,0.0,0.0,0.0,0.1988372093023256,2036
AFOLU,LSMM,TFR:LSMM:INC_MANAGEMENT_CATTLE_PIGS,LSMM: Improve manure management for cattle and pigs," | 95% of manure from cattle (dairy and non-dairy) and pigs is treated. Under default conditions, the manure treated is sent to the following pathways:
 |    37.5% to Anaerobic Digestion
 |    12.5% to Composting
 |    25.0% to Daily Spread
 |    12.5% to Deep Bedding
 |    12.5% to Solid Storage",Fractions of cattle and pig manure managed by each LSMM management pathway. Can specify any target pathway.  ,12,0.0,0.0,0.0,0.2209302325581395,2037
AFOLU,LSMM,TFR:LSMM:INC_MANAGEMENT_CATTLE_PIGS,LSMM: Improve manure management for cattle and pigs," | 95% of manure from cattle (dairy and non-dairy) and pigs is treated. Under default conditions, the manure treated is sent to the following pathways:
 |    37.5% to Anaerobic Digestion
 |    12.5% to Composting
 |    25.0% to Daily Spread
 |    12.5% to Deep Bedding
 |    12.5% to Solid Storage",Fractions of cattle and pig manure managed by each LSMM management pathway. Can specify any target pathway.  ,12,0.0,0.0,0.0,0.24302325581395348,2038
AFOLU,LSMM,TFR:LSMM:INC_MANAGEMENT_CATTLE_PIGS,LSMM: Improve manure management for cattle and pigs," | 95% of manure from cattle (dairy and non-dairy) and pigs is treated. Under default conditions, the manure treated is sent to the following pathways:
 |    37.5% to Anaerobic Digestion
 |    12.5% to Composting
 |    25.0% to Daily Spread
 |    12.5% to Deep Bedding
 |    12.5% to Solid Storage",Fractions of cattle and pig manure managed by each LSMM management pathway. Can specify any target pathway.  ,12,0.0,0.0,0.0,0.2651162790697674,2039
AFOLU,LSMM,TFR:LSMM:INC_MANAGEMENT_CATTLE_PIGS,LSMM: Improve manure management for cattle and pigs," | 95% of manure from cattle (dairy and non-dairy) and pigs is treated. Under default conditions, the manure treated is sent to the following pathways:
 |    37.5% to Anaerobic Digestion
 |    12.5% to Composting
 |    25.0% to Daily Spread
 |    12.5% to Deep Bedding
 |    12.5% to Solid Storage",Fractions of cattle and pig manure managed by each LSMM management pathway. Can specify any target pathway.  ,12,0.0,0.0,0.0,0.28720930232558134,2040
AFOLU,LSMM,TFR:LSMM:INC_MANAGEMENT_CATTLE_PIGS,LSMM: Improve manure management for cattle and pigs," | 95% of manure from cattle (dairy and non-dairy) and pigs is treated. Under default conditions, the manure treated is sent to the following pathways:
 |    37.5% to Anaerobic Digestion
 |    12.5% to Composting
 |    25.0% to Daily Spread
 |    12.5% to Deep Bedding
 |    12.5% to Solid Storage",Fractions of cattle and pig manure managed by each LSMM management pathway. Can specify any target pathway.  ,12,0.0,0.0,0.0,0.30930232558139537,2041
AFOLU,LSMM,TFR:LSMM:INC_MANAGEMENT_CATTLE_PIGS,LSMM: Improve manure management for cattle and pigs," | 95% of manure from cattle (dairy and non-dairy) and pigs is treated. Under default conditions, the manure treated is sent to the following pathways:
 |    37.5% to Anaerobic Digestion
 |    12.5% to Composting
 |    25.0% to Daily Spread
 |    12.5% to Deep Bedding
 |    12.5% to Solid Storage",Fractions of cattle and pig manure managed by each LSMM management pathway. Can specify any target pathway.  ,12,0.0,0.0,0.0,0.3313953488372093,2042
AFOLU,LSMM,TFR:LSMM:INC_MANAGEMENT_CATTLE_PIGS,LSMM: Improve manure management for cattle and pigs," | 95% of manure from cattle (dairy and non-dairy) and pigs is treated. Under default conditions, the manure treated is sent to the following pathways:
 |    37.5% to Anaerobic Digestion
 |    12.5% to Composting
 |    25.0% to Daily Spread
 |    12.5% to Deep Bedding
 |    12.5% to Solid Storage",Fractions of cattle and pig manure managed by each LSMM management pathway. Can specify any target pathway.  ,12,0.0,0.0,0.0,0.35348837209302325,2043
AFOLU,LSMM,TFR:LSMM:INC_MANAGEMENT_CATTLE_PIGS,LSMM: Improve manure management for cattle and pigs," | 95% of manure from cattle (dairy and non-dairy) and pigs is treated. Under default conditions, the manure treated is sent to the following pathways:
 |    37.5% to Anaerobic Digestion
 |    12.5% to Composting
 |    25.0% to Daily Spread
 |    12.5% to Deep Bedding
 |    12.5% to Solid Storage",Fractions of cattle and pig manure managed by each LSMM management pathway. Can specify any target pathway.  ,12,0.0,0.0,0.0,0.37558139534883717,2044
AFOLU,LSMM,TFR:LSMM:INC_MANAGEMENT_CATTLE_PIGS,LSMM: Improve manure management for cattle and pigs," | 95% of manure from cattle (dairy and non-dairy) and pigs is treated. Under default conditions, the manure treated is sent to the following pathways:
 |    37.5% to Anaerobic Digestion
 |    12.5% to Composting
 |    25.0% to Daily Spread
 |    12.5% to Deep Bedding
 |    12.5% to Solid Storage",Fractions of cattle and pig manure managed by each LSMM management pathway. Can specify any target pathway.  ,12,0.0,0.0,0.0,0.3976744186046512,2045
AFOLU,LSMM,TFR:LSMM:INC_MANAGEMENT_CATTLE_PIGS,LSMM: Improve manure management for cattle and pigs," | 95% of manure from cattle (dairy and non-dairy) and pigs is treated. Under default conditions, the manure treated is sent to the following pathways:
 |    37.5% to Anaerobic Digestion
 |    12.5% to Composting
 |    25.0% to Daily Spread
 |    12.5% to Deep Bedding
 |    12.5% to Solid Storage",Fractions of cattle and pig manure managed by each LSMM management pathway. Can specify any target pathway.  ,12,0.0,0.0,0.0,0.4197674418604651,2046
AFOLU,LSMM,TFR:LSMM:INC_MANAGEMENT_CATTLE_PIGS,LSMM: Improve manure management for cattle and pigs," | 95% of manure from cattle (dairy and non-dairy) and pigs is treated. Under default conditions, the manure treated is sent to the following pathways:
 |    37.5% to Anaerobic Digestion
 |    12.5% to Composting
 |    25.0% to Daily Spread
 |    12.5% to Deep Bedding
 |    12.5% to Solid Storage",Fractions of cattle and pig manure managed by each LSMM management pathway. Can specify any target pathway.  ,12,0.0,0.0,0.0,0.441860465116279,2047
AFOLU,LSMM,TFR:LSMM:INC_MANAGEMENT_CATTLE_PIGS,LSMM: Improve manure management for cattle and pigs," | 95% of manure from cattle (dairy and non-dairy) and pigs is treated. Under default conditions, the manure treated is sent to the following pathways:
 |    37.5% to Anaerobic Digestion
 |    12.5% to Composting
 |    25.0% to Daily Spread
 |    12.5% to Deep Bedding
 |    12.5% to Solid Storage",Fractions of cattle and pig manure managed by each LSMM management pathway. Can specify any target pathway.  ,12,0.0,0.0,0.0,0.463953488372093,2048
AFOLU,LSMM,TFR:LSMM:INC_MANAGEMENT_CATTLE_PIGS,LSMM: Improve manure management for cattle and pigs," | 95% of manure from cattle (dairy and non-dairy) and pigs is treated. Under default conditions, the manure treated is sent to the following pathways:
 |    37.5% to Anaerobic Digestion
 |    12.5% to Composting
 |    25.0% to Daily Spread
 |    12.5% to Deep Bedding
 |    12.5% to Solid Storage",Fractions of cattle and pig manure managed by each LSMM management pathway. Can specify any target pathway.  ,12,0.0,0.0,0.0,0.48604651162790696,2049
AFOLU,LSMM,TFR:LSMM:INC_MANAGEMENT_CATTLE_PIGS,LSMM: Improve manure management for cattle and pigs," | 95% of manure from cattle (dairy and non-dairy) and pigs is treated. Under default conditions, the manure treated is sent to the following pathways:
 |    37.5% to Anaerobic Digestion
 |    12.5% to Composting
 |    25.0% to Daily Spread
 |    12.5% to Deep Bedding
 |    12.5% to Solid Storage",Fractions of cattle and pig manure managed by each LSMM management pathway. Can specify any target pathway.  ,12,0.0,0.0,0.0,0.5081395348837209,2050
AFOLU,LSMM,TFR:LSMM:INC_MANAGEMENT_CATTLE_PIGS,LSMM: Improve manure management for cattle and pigs," | 95% of manure from cattle (dairy and non-dairy) and pigs is treated. Under default conditions, the manure treated is sent to the following pathways:
 |    37.5% to Anaerobic Digestion
 |    12.5% to Composting
 |    25.0% to Daily Spread
 |    12.5% to Deep Bedding
 |    12.5% to Solid Storage",Fractions of cattle and pig manure managed by each LSMM management pathway. Can specify any target pathway.  ,12,0.0,0.0,0.0,0.5302325581395348,2051
AFOLU,LSMM,TFR:LSMM:INC_MANAGEMENT_CATTLE_PIGS,LSMM: Improve manure management for cattle and pigs," | 95% of manure from cattle (dairy and non-dairy) and pigs is treated. Under default conditions, the manure treated is sent to the following pathways:
 |    37.5% to Anaerobic Digestion
 |    12.5% to Composting
 |    25.0% to Daily Spread
 |    12.5% to Deep Bedding
 |    12.5% to Solid Storage",Fractions of cattle and pig manure managed by each LSMM management pathway. Can specify any target pathway.  ,12,0.0,0.0,0.0,0.5523255813953488,2052
AFOLU,LSMM,TFR:LSMM:INC_MANAGEMENT_CATTLE_PIGS,LSMM: Improve manure management for cattle and pigs," | 95% of manure from cattle (dairy and non-dairy) and pigs is treated. Under default conditions, the manure treated is sent to the following pathways:
 |    37.5% to Anaerobic Digestion
 |    12.5% to Composting
 |    25.0% to Daily Spread
 |    12.5% to Deep Bedding
 |    12.5% to Solid Storage",Fractions of cattle and pig manure managed by each LSMM management pathway. Can specify any target pathway.  ,12,0.0,0.0,0.0,0.5744186046511627,2053
AFOLU,LSMM,TFR:LSMM:INC_MANAGEMENT_CATTLE_PIGS,LSMM: Improve manure management for cattle and pigs," | 95% of manure from cattle (dairy and non-dairy) and pigs is treated. Under default conditions, the manure treated is sent to the following pathways:
 |    37.5% to Anaerobic Digestion
 |    12.5% to Composting
 |    25.0% to Daily Spread
 |    12.5% to Deep Bedding
 |    12.5% to Solid Storage",Fractions of cattle and pig manure managed by each LSMM management pathway. Can specify any target pathway.  ,12,0.0,0.0,0.0,0.5965116279069768,2054
AFOLU,LSMM,TFR:LSMM:INC_MANAGEMENT_CATTLE_PIGS,LSMM: Improve manure management for cattle and pigs," | 95% of manure from cattle (dairy and non-dairy) and pigs is treated. Under default conditions, the manure treated is sent to the following pathways:
 |    37.5% to Anaerobic Digestion
 |    12.5% to Composting
 |    25.0% to Daily Spread
 |    12.5% to Deep Bedding
 |    12.5% to Solid Storage",Fractions of cattle and pig manure managed by each LSMM management pathway. Can specify any target pathway.  ,12,0.0,0.0,0.0,0.6186046511627907,2055
AFOLU,LSMM,TFR:LSMM:INC_MANAGEMENT_CATTLE_PIGS,LSMM: Improve manure management for cattle and pigs," | 95% of manure from cattle (dairy and non-dairy) and pigs is treated. Under default conditions, the manure treated is sent to the following pathways:
 |    37.5% to Anaerobic Digestion
 |    12.5% to Composting
 |    25.0% to Daily Spread
 |    12.5% to Deep Bedding
 |    12.5% to Solid Storage",Fractions of cattle and pig manure managed by each LSMM management pathway. Can specify any target pathway.  ,12,0.0,0.0,0.0,0.6406976744186046,2056
AFOLU,LSMM,TFR:LSMM:INC_MANAGEMENT_CATTLE_PIGS,LSMM: Improve manure management for cattle and pigs," | 95% of manure from cattle (dairy and non-dairy) and pigs is treated. Under default conditions, the manure treated is sent to the following pathways:
 |    37.5% to Anaerobic Digestion
 |    12.5% to Composting
 |    25.0% to Daily Spread
 |    12.5% to Deep Bedding
 |    12.5% to Solid Storage",Fractions of cattle and pig manure managed by each LSMM management pathway. Can specify any target pathway.  ,12,0.0,0.0,0.0,0.6627906976744186,2057
AFOLU,LSMM,TFR:LSMM:INC_MANAGEMENT_CATTLE_PIGS,LSMM: Improve manure management for cattle and pigs," | 95% of manure from cattle (dairy and non-dairy) and pigs is treated. Under default conditions, the manure treated is sent to the following pathways:
 |    37.5% to Anaerobic Digestion
 |    12.5% to Composting
 |    25.0% to Daily Spread
 |    12.5% to Deep Bedding
 |    12.5% to Solid Storage",Fractions of cattle and pig manure managed by each LSMM management pathway. Can specify any target pathway.  ,12,0.0,0.0,0.0,0.6848837209302325,2058
AFOLU,LSMM,TFR:LSMM:INC_MANAGEMENT_CATTLE_PIGS,LSMM: Improve manure management for cattle and pigs," | 95% of manure from cattle (dairy and non-dairy) and pigs is treated. Under default conditions, the manure treated is sent to the following pathways:
 |    37.5% to Anaerobic Digestion
 |    12.5% to Composting
 |    25.0% to Daily Spread
 |    12.5% to Deep Bedding
 |    12.5% to Solid Storage",Fractions of cattle and pig manure managed by each LSMM management pathway. Can specify any target pathway.  ,12,0.0,0.0,0.0,0.7069767441860465,2059
AFOLU,LSMM,TFR:LSMM:INC_MANAGEMENT_CATTLE_PIGS,LSMM: Improve manure management for cattle and pigs," | 95% of manure from cattle (dairy and non-dairy) and pigs is treated. Under default conditions, the manure treated is sent to the following pathways:
 |    37.5% to Anaerobic Digestion
 |    12.5% to Composting
 |    25.0% to Daily Spread
 |    12.5% to Deep Bedding
 |    12.5% to Solid Storage",Fractions of cattle and pig manure managed by each LSMM management pathway. Can specify any target pathway.  ,12,0.0,0.0,0.0,0.7290697674418605,2060
AFOLU,LSMM,TFR:LSMM:INC_MANAGEMENT_CATTLE_PIGS,LSMM: Improve manure management for cattle and pigs," | 95% of manure from cattle (dairy and non-dairy) and pigs is treated. Under default conditions, the manure treated is sent to the following pathways:
 |    37.5% to Anaerobic Digestion
 |    12.5% to Composting
 |    25.0% to Daily Spread
 |    12.5% to Deep Bedding
 |    12.5% to Solid Storage",Fractions of cattle and pig manure managed by each LSMM management pathway. Can specify any target pathway.  ,12,0.0,0.0,0.0,0.7511627906976743,2061
AFOLU,LSMM,TFR:LSMM:INC_MANAGEMENT_CATTLE_PIGS,LSMM: Improve manure management for cattle and pigs," | 95% of manure from cattle (dairy and non-dairy) and pigs is treated. Under default conditions, the manure treated is sent to the following pathways:
 |    37.5% to Anaerobic Digestion
 |    12.5% to Composting
 |    25.0% to Daily Spread
 |    12.5% to Deep Bedding
 |    12.5% to Solid Storage",Fractions of cattle and pig manure managed by each LSMM management pathway. Can specify any target pathway.  ,12,0.0,0.0,0.0,0.7732558139534883,2062
AFOLU,LSMM,TFR:LSMM:INC_MANAGEMENT_CATTLE_PIGS,LSMM: Improve manure management for cattle and pigs," | 95% of manure from cattle (dairy and non-dairy) and pigs is treated. Under default conditions, the manure treated is sent to the following pathways:
 |    37.5% to Anaerobic Digestion
 |    12.5% to Composting
 |    25.0% to Daily Spread
 |    12.5% to Deep Bedding
 |    12.5% to Solid Storage",Fractions of cattle and pig manure managed by each LSMM management pathway. Can specify any target pathway.  ,12,0.0,0.0,0.0,0.7953488372093024,2063
AFOLU,LSMM,TFR:LSMM:INC_MANAGEMENT_CATTLE_PIGS,LSMM: Improve manure management for cattle and pigs," | 95% of manure from cattle (dairy and non-dairy) and pigs is treated. Under default conditions, the manure treated is sent to the following pathways:
 |    37.5% to Anaerobic Digestion
 |    12.5% to Composting
 |    25.0% to Daily Spread
 |    12.5% to Deep Bedding
 |    12.5% to Solid Storage",Fractions of cattle and pig manure managed by each LSMM management pathway. Can specify any target pathway.  ,12,0.0,0.0,0.0,0.8174418604651162,2064
AFOLU,LSMM,TFR:LSMM:INC_MANAGEMENT_CATTLE_PIGS,LSMM: Improve manure management for cattle and pigs," | 95% of manure from cattle (dairy and non-dairy) and pigs is treated. Under default conditions, the manure treated is sent to the following pathways:
 |    37.5% to Anaerobic Digestion
 |    12.5% to Composting
 |    25.0% to Daily Spread
 |    12.5% to Deep Bedding
 |    12.5% to Solid Storage",Fractions of cattle and pig manure managed by each LSMM management pathway. Can specify any target pathway.  ,12,0.0,0.0,0.0,0.8395348837209302,2065
AFOLU,LSMM,TFR:LSMM:INC_MANAGEMENT_CATTLE_PIGS,LSMM: Improve manure management for cattle and pigs," | 95% of manure from cattle (dairy and non-dairy) and pigs is treated. Under default conditions, the manure treated is sent to the following pathways:
 |    37.5% to Anaerobic Digestion
 |    12.5% to Composting
 |    25.0% to Daily Spread
 |    12.5% to Deep Bedding
 |    12.5% to Solid Storage",Fractions of cattle and pig manure managed by each LSMM management pathway. Can specify any target pathway.  ,12,0.0,0.0,0.0,0.8616279069767441,2066
AFOLU,LSMM,TFR:LSMM:INC_MANAGEMENT_CATTLE_PIGS,LSMM: Improve manure management for cattle and pigs," | 95% of manure from cattle (dairy and non-dairy) and pigs is treated. Under default conditions, the manure treated is sent to the following pathways:
 |    37.5% to Anaerobic Digestion
 |    12.5% to Composting
 |    25.0% to Daily Spread
 |    12.5% to Deep Bedding
 |    12.5% to Solid Storage",Fractions of cattle and pig manure managed by each LSMM management pathway. Can specify any target pathway.  ,12,0.0,0.0,0.0,0.883720930232558,2067
AFOLU,LSMM,TFR:LSMM:INC_MANAGEMENT_CATTLE_PIGS,LSMM: Improve manure management for cattle and pigs," | 95% of manure from cattle (dairy and non-dairy) and pigs is treated. Under default conditions, the manure treated is sent to the following pathways:
 |    37.5% to Anaerobic Digestion
 |    12.5% to Composting
 |    25.0% to Daily Spread
 |    12.5% to Deep Bedding
 |    12.5% to Solid Storage",Fractions of cattle and pig manure managed by each LSMM management pathway. Can specify any target pathway.  ,12,0.0,0.0,0.0,0.9058139534883721,2068
AFOLU,LSMM,TFR:LSMM:INC_MANAGEMENT_CATTLE_PIGS,LSMM: Improve manure management for cattle and pigs," | 95% of manure from cattle (dairy and non-dairy) and pigs is treated. Under default conditions, the manure treated is sent to the following pathways:
 |    37.5% to Anaerobic Digestion
 |    12.5% to Composting
 |    25.0% to Daily Spread
 |    12.5% to Deep Bedding
 |    12.5% to Solid Storage",Fractions of cattle and pig manure managed by each LSMM management pathway. Can specify any target pathway.  ,12,0.0,0.0,0.0,0.927906976744186,2069
AFOLU,LSMM,TFR:LSMM:INC_MANAGEMENT_CATTLE_PIGS,LSMM: Improve manure management for cattle and pigs," | 95% of manure from cattle (dairy and non-dairy) and pigs is treated. Under default conditions, the manure treated is sent to the following pathways:
 |    37.5% to Anaerobic Digestion
 |    12.5% to Composting
 |    25.0% to Daily Spread
 |    12.5% to Deep Bedding
 |    12.5% to Solid Storage",Fractions of cattle and pig manure managed by each LSMM management pathway. Can specify any target pathway.  ,12,0.0,0.0,0.0,0.95,2070
AFOLU,LSMM,TFR:LSMM:INC_MANAGEMENT_OTHER,LSMM: Improve manure management for other animals," | 95% of manure from all other animals is treated. The manure treated is sent to the following pathways:
 |    37.5.% to Composting
 |    12.5% to Dry Lot
 |    25.0% to Daily Spread
 |    25.0% to Solid Storage","Fractions of non cattle, pig, or poultry manure managed by each LSMM management pathway. Can specify any target pathway.  ",12,0.0,0.0,0.0,0.0,2015
AFOLU,LSMM,TFR:LSMM:INC_MANAGEMENT_OTHER,LSMM: Improve manure management for other animals," | 95% of manure from all other animals is treated. The manure treated is sent to the following pathways:
 |    37.5.% to Composting
 |    12.5% to Dry Lot
 |    25.0% to Daily Spread
 |    25.0% to Solid Storage","Fractions of non cattle, pig, or poultry manure managed by each LSMM management pathway. Can specify any target pathway.  ",12,0.0,0.0,0.0,0.0,2016
AFOLU,LSMM,TFR:LSMM:INC_MANAGEMENT_OTHER,LSMM: Improve manure management for other animals," | 95% of manure from all other animals is treated. The manure treated is sent to the following pathways:
 |    37.5.% to Composting
 |    12.5% to Dry Lot
 |    25.0% to Daily Spread
 |    25.0% to Solid Storage","Fractions of non cattle, pig, or poultry manure managed by each LSMM management pathway. Can specify any target pathway.  ",12,0.0,0.0,0.0,0.0,2017
AFOLU,LSMM,TFR:LSMM:INC_MANAGEMENT_OTHER,LSMM: Improve manure management for other animals," | 95% of manure from all other animals is treated. The manure treated is sent to the following pathways:
 |    37.5.% to Composting
 |    12.5% to Dry Lot
 |    25.0% to Daily Spread
 |    25.0% to Solid Storage","Fractions of non cattle, pig, or poultry manure managed by each LSMM management pathway. Can specify any target pathway.  ",12,0.0,0.0,0.0,0.0,2018
AFOLU,LSMM,TFR:LSMM:INC_MANAGEMENT_OTHER,LSMM: Improve manure management for other animals," | 95% of manure from all other animals is treated. The manure treated is sent to the following pathways:
 |    37.5.% to Composting
 |    12.5% to Dry Lot
 |    25.0% to Daily Spread
 |    25.0% to Solid Storage","Fractions of non cattle, pig, or poultry manure managed by each LSMM management pathway. Can specify any target pathway.  ",12,0.0,0.0,0.0,0.0,2019
AFOLU,LSMM,TFR:LSMM:INC_MANAGEMENT_OTHER,LSMM: Improve manure management for other animals," | 95% of manure from all other animals is treated. The manure treated is sent to the following pathways:
 |    37.5.% to Composting
 |    12.5% to Dry Lot
 |    25.0% to Daily Spread
 |    25.0% to Solid Storage","Fractions of non cattle, pig, or poultry manure managed by each LSMM management pathway. Can specify any target pathway.  ",12,0.0,0.0,0.0,0.0,2020
AFOLU,LSMM,TFR:LSMM:INC_MANAGEMENT_OTHER,LSMM: Improve manure management for other animals," | 95% of manure from all other animals is treated. The manure treated is sent to the following pathways:
 |    37.5.% to Composting
 |    12.5% to Dry Lot
 |    25.0% to Daily Spread
 |    25.0% to Solid Storage","Fractions of non cattle, pig, or poultry manure managed by each LSMM management pathway. Can specify any target pathway.  ",12,0.0,0.0,0.0,0.0,2021
AFOLU,LSMM,TFR:LSMM:INC_MANAGEMENT_OTHER,LSMM: Improve manure management for other animals," | 95% of manure from all other animals is treated. The manure treated is sent to the following pathways:
 |    37.5.% to Composting
 |    12.5% to Dry Lot
 |    25.0% to Daily Spread
 |    25.0% to Solid Storage","Fractions of non cattle, pig, or poultry manure managed by each LSMM management pathway. Can specify any target pathway.  ",12,0.0,0.0,0.0,0.0,2022
AFOLU,LSMM,TFR:LSMM:INC_MANAGEMENT_OTHER,LSMM: Improve manure management for other animals," | 95% of manure from all other animals is treated. The manure treated is sent to the following pathways:
 |    37.5.% to Composting
 |    12.5% to Dry Lot
 |    25.0% to Daily Spread
 |    25.0% to Solid Storage","Fractions of non cattle, pig, or poultry manure managed by each LSMM management pathway. Can specify any target pathway.  ",12,0.0,0.0,0.0,0.0,2023
AFOLU,LSMM,TFR:LSMM:INC_MANAGEMENT_OTHER,LSMM: Improve manure management for other animals," | 95% of manure from all other animals is treated. The manure treated is sent to the following pathways:
 |    37.5.% to Composting
 |    12.5% to Dry Lot
 |    25.0% to Daily Spread
 |    25.0% to Solid Storage","Fractions of non cattle, pig, or poultry manure managed by each LSMM management pathway. Can specify any target pathway.  ",12,0.0,0.0,0.0,0.0,2024
AFOLU,LSMM,TFR:LSMM:INC_MANAGEMENT_OTHER,LSMM: Improve manure management for other animals," | 95% of manure from all other animals is treated. The manure treated is sent to the following pathways:
 |    37.5.% to Composting
 |    12.5% to Dry Lot
 |    25.0% to Daily Spread
 |    25.0% to Solid Storage","Fractions of non cattle, pig, or poultry manure managed by each LSMM management pathway. Can specify any target pathway.  ",12,0.0,0.0,0.0,0.0,2025
AFOLU,LSMM,TFR:LSMM:INC_MANAGEMENT_OTHER,LSMM: Improve manure management for other animals," | 95% of manure from all other animals is treated. The manure treated is sent to the following pathways:
 |    37.5.% to Composting
 |    12.5% to Dry Lot
 |    25.0% to Daily Spread
 |    25.0% to Solid Storage","Fractions of non cattle, pig, or poultry manure managed by each LSMM management pathway. Can specify any target pathway.  ",12,0.0,0.0,0.0,0.0,2026
AFOLU,LSMM,TFR:LSMM:INC_MANAGEMENT_OTHER,LSMM: Improve manure management for other animals," | 95% of manure from all other animals is treated. The manure treated is sent to the following pathways:
 |    37.5.% to Composting
 |    12.5% to Dry Lot
 |    25.0% to Daily Spread
 |    25.0% to Solid Storage","Fractions of non cattle, pig, or poultry manure managed by each LSMM management pathway. Can specify any target pathway.  ",12,0.0,0.0,0.0,0.0,2027
AFOLU,LSMM,TFR:LSMM:INC_MANAGEMENT_OTHER,LSMM: Improve manure management for other animals," | 95% of manure from all other animals is treated. The manure treated is sent to the following pathways:
 |    37.5.% to Composting
 |    12.5% to Dry Lot
 |    25.0% to Daily Spread
 |    25.0% to Solid Storage","Fractions of non cattle, pig, or poultry manure managed by each LSMM management pathway. Can specify any target pathway.  ",12,0.0,0.0,0.0,0.022093023255813953,2028
AFOLU,LSMM,TFR:LSMM:INC_MANAGEMENT_OTHER,LSMM: Improve manure management for other animals," | 95% of manure from all other animals is treated. The manure treated is sent to the following pathways:
 |    37.5.% to Composting
 |    12.5% to Dry Lot
 |    25.0% to Daily Spread
 |    25.0% to Solid Storage","Fractions of non cattle, pig, or poultry manure managed by each LSMM management pathway. Can specify any target pathway.  ",12,0.0,0.0,0.0,0.044186046511627906,2029
AFOLU,LSMM,TFR:LSMM:INC_MANAGEMENT_OTHER,LSMM: Improve manure management for other animals," | 95% of manure from all other animals is treated. The manure treated is sent to the following pathways:
 |    37.5.% to Composting
 |    12.5% to Dry Lot
 |    25.0% to Daily Spread
 |    25.0% to Solid Storage","Fractions of non cattle, pig, or poultry manure managed by each LSMM management pathway. Can specify any target pathway.  ",12,0.0,0.0,0.0,0.06627906976744186,2030
AFOLU,LSMM,TFR:LSMM:INC_MANAGEMENT_OTHER,LSMM: Improve manure management for other animals," | 95% of manure from all other animals is treated. The manure treated is sent to the following pathways:
 |    37.5.% to Composting
 |    12.5% to Dry Lot
 |    25.0% to Daily Spread
 |    25.0% to Solid Storage","Fractions of non cattle, pig, or poultry manure managed by each LSMM management pathway. Can specify any target pathway.  ",12,0.0,0.0,0.0,0.08837209302325581,2031
AFOLU,LSMM,TFR:LSMM:INC_MANAGEMENT_OTHER,LSMM: Improve manure management for other animals," | 95% of manure from all other animals is treated. The manure treated is sent to the following pathways:
 |    37.5.% to Composting
 |    12.5% to Dry Lot
 |    25.0% to Daily Spread
 |    25.0% to Solid Storage","Fractions of non cattle, pig, or poultry manure managed by each LSMM management pathway. Can specify any target pathway.  ",12,0.0,0.0,0.0,0.11046511627906976,2032
AFOLU,LSMM,TFR:LSMM:INC_MANAGEMENT_OTHER,LSMM: Improve manure management for other animals," | 95% of manure from all other animals is treated. The manure treated is sent to the following pathways:
 |    37.5.% to Composting
 |    12.5% to Dry Lot
 |    25.0% to Daily Spread
 |    25.0% to Solid Storage","Fractions of non cattle, pig, or poultry manure managed by each LSMM management pathway. Can specify any target pathway.  ",12,0.0,0.0,0.0,0.1325581395348837,2033
AFOLU,LSMM,TFR:LSMM:INC_MANAGEMENT_OTHER,LSMM: Improve manure management for other animals," | 95% of manure from all other animals is treated. The manure treated is sent to the following pathways:
 |    37.5.% to Composting
 |    12.5% to Dry Lot
 |    25.0% to Daily Spread
 |    25.0% to Solid Storage","Fractions of non cattle, pig, or poultry manure managed by each LSMM management pathway. Can specify any target pathway.  ",12,0.0,0.0,0.0,0.15465116279069768,2034
AFOLU,LSMM,TFR:LSMM:INC_MANAGEMENT_OTHER,LSMM: Improve manure management for other animals," | 95% of manure from all other animals is treated. The manure treated is sent to the following pathways:
 |    37.5.% to Composting
 |    12.5% to Dry Lot
 |    25.0% to Daily Spread
 |    25.0% to Solid Storage","Fractions of non cattle, pig, or poultry manure managed by each LSMM management pathway. Can specify any target pathway.  ",12,0.0,0.0,0.0,0.17674418604651163,2035
AFOLU,LSMM,TFR:LSMM:INC_MANAGEMENT_OTHER,LSMM: Improve manure management for other animals," | 95% of manure from all other animals is treated. The manure treated is sent to the following pathways:
 |    37.5.% to Composting
 |    12.5% to Dry Lot
 |    25.0% to Daily Spread
 |    25.0% to Solid Storage","Fractions of non cattle, pig, or poultry manure managed by each LSMM management pathway. Can specify any target pathway.  ",12,0.0,0.0,0.0,0.1988372093023256,2036
AFOLU,LSMM,TFR:LSMM:INC_MANAGEMENT_OTHER,LSMM: Improve manure management for other animals," | 95% of manure from all other animals is treated. The manure treated is sent to the following pathways:
 |    37.5.% to Composting
 |    12.5% to Dry Lot
 |    25.0% to Daily Spread
 |    25.0% to Solid Storage","Fractions of non cattle, pig, or poultry manure managed by each LSMM management pathway. Can specify any target pathway.  ",12,0.0,0.0,0.0,0.2209302325581395,2037
AFOLU,LSMM,TFR:LSMM:INC_MANAGEMENT_OTHER,LSMM: Improve manure management for other animals," | 95% of manure from all other animals is treated. The manure treated is sent to the following pathways:
 |    37.5.% to Composting
 |    12.5% to Dry Lot
 |    25.0% to Daily Spread
 |    25.0% to Solid Storage","Fractions of non cattle, pig, or poultry manure managed by each LSMM management pathway. Can specify any target pathway.  ",12,0.0,0.0,0.0,0.24302325581395348,2038
AFOLU,LSMM,TFR:LSMM:INC_MANAGEMENT_OTHER,LSMM: Improve manure management for other animals," | 95% of manure from all other animals is treated. The manure treated is sent to the following pathways:
 |    37.5.% to Composting
 |    12.5% to Dry Lot
 |    25.0% to Daily Spread
 |    25.0% to Solid Storage","Fractions of non cattle, pig, or poultry manure managed by each LSMM management pathway. Can specify any target pathway.  ",12,0.0,0.0,0.0,0.2651162790697674,2039
AFOLU,LSMM,TFR:LSMM:INC_MANAGEMENT_OTHER,LSMM: Improve manure management for other animals," | 95% of manure from all other animals is treated. The manure treated is sent to the following pathways:
 |    37.5.% to Composting
 |    12.5% to Dry Lot
 |    25.0% to Daily Spread
 |    25.0% to Solid Storage","Fractions of non cattle, pig, or poultry manure managed by each LSMM management pathway. Can specify any target pathway.  ",12,0.0,0.0,0.0,0.28720930232558134,2040
AFOLU,LSMM,TFR:LSMM:INC_MANAGEMENT_OTHER,LSMM: Improve manure management for other animals," | 95% of manure from all other animals is treated. The manure treated is sent to the following pathways:
 |    37.5.% to Composting
 |    12.5% to Dry Lot
 |    25.0% to Daily Spread
 |    25.0% to Solid Storage","Fractions of non cattle, pig, or poultry manure managed by each LSMM management pathway. Can specify any target pathway.  ",12,0.0,0.0,0.0,0.30930232558139537,2041
AFOLU,LSMM,TFR:LSMM:INC_MANAGEMENT_OTHER,LSMM: Improve manure management for other animals," | 95% of manure from all other animals is treated. The manure treated is sent to the following pathways:
 |    37.5.% to Composting
 |    12.5% to Dry Lot
 |    25.0% to Daily Spread
 |    25.0% to Solid Storage","Fractions of non cattle, pig, or poultry manure managed by each LSMM management pathway. Can specify any target pathway.  ",12,0.0,0.0,0.0,0.3313953488372093,2042
AFOLU,LSMM,TFR:LSMM:INC_MANAGEMENT_OTHER,LSMM: Improve manure management for other animals," | 95% of manure from all other animals is treated. The manure treated is sent to the following pathways:
 |    37.5.% to Composting
 |    12.5% to Dry Lot
 |    25.0% to Daily Spread
 |    25.0% to Solid Storage","Fractions of non cattle, pig, or poultry manure managed by each LSMM management pathway. Can specify any target pathway.  ",12,0.0,0.0,0.0,0.35348837209302325,2043
AFOLU,LSMM,TFR:LSMM:INC_MANAGEMENT_OTHER,LSMM: Improve manure management for other animals," | 95% of manure from all other animals is treated. The manure treated is sent to the following pathways:
 |    37.5.% to Composting
 |    12.5% to Dry Lot
 |    25.0% to Daily Spread
 |    25.0% to Solid Storage","Fractions of non cattle, pig, or poultry manure managed by each LSMM management pathway. Can specify any target pathway.  ",12,0.0,0.0,0.0,0.37558139534883717,2044
AFOLU,LSMM,TFR:LSMM:INC_MANAGEMENT_OTHER,LSMM: Improve manure management for other animals," | 95% of manure from all other animals is treated. The manure treated is sent to the following pathways:
 |    37.5.% to Composting
 |    12.5% to Dry Lot
 |    25.0% to Daily Spread
 |    25.0% to Solid Storage","Fractions of non cattle, pig, or poultry manure managed by each LSMM management pathway. Can specify any target pathway.  ",12,0.0,0.0,0.0,0.3976744186046512,2045
AFOLU,LSMM,TFR:LSMM:INC_MANAGEMENT_OTHER,LSMM: Improve manure management for other animals," | 95% of manure from all other animals is treated. The manure treated is sent to the following pathways:
 |    37.5.% to Composting
 |    12.5% to Dry Lot
 |    25.0% to Daily Spread
 |    25.0% to Solid Storage","Fractions of non cattle, pig, or poultry manure managed by each LSMM management pathway. Can specify any target pathway.  ",12,0.0,0.0,0.0,0.4197674418604651,2046
AFOLU,LSMM,TFR:LSMM:INC_MANAGEMENT_OTHER,LSMM: Improve manure management for other animals," | 95% of manure from all other animals is treated. The manure treated is sent to the following pathways:
 |    37.5.% to Composting
 |    12.5% to Dry Lot
 |    25.0% to Daily Spread
 |    25.0% to Solid Storage","Fractions of non cattle, pig, or poultry manure managed by each LSMM management pathway. Can specify any target pathway.  ",12,0.0,0.0,0.0,0.441860465116279,2047
AFOLU,LSMM,TFR:LSMM:INC_MANAGEMENT_OTHER,LSMM: Improve manure management for other animals," | 95% of manure from all other animals is treated. The manure treated is sent to the following pathways:
 |    37.5.% to Composting
 |    12.5% to Dry Lot
 |    25.0% to Daily Spread
 |    25.0% to Solid Storage","Fractions of non cattle, pig, or poultry manure managed by each LSMM management pathway. Can specify any target pathway.  ",12,0.0,0.0,0.0,0.463953488372093,2048
AFOLU,LSMM,TFR:LSMM:INC_MANAGEMENT_OTHER,LSMM: Improve manure management for other animals," | 95% of manure from all other animals is treated. The manure treated is sent to the following pathways:
 |    37.5.% to Composting
 |    12.5% to Dry Lot
 |    25.0% to Daily Spread
 |    25.0% to Solid Storage","Fractions of non cattle, pig, or poultry manure managed by each LSMM management pathway. Can specify any target pathway.  ",12,0.0,0.0,0.0,0.48604651162790696,2049
AFOLU,LSMM,TFR:LSMM:INC_MANAGEMENT_OTHER,LSMM: Improve manure management for other animals," | 95% of manure from all other animals is treated. The manure treated is sent to the following pathways:
 |    37.5.% to Composting
 |    12.5% to Dry Lot
 |    25.0% to Daily Spread
 |    25.0% to Solid Storage","Fractions of non cattle, pig, or poultry manure managed by each LSMM management pathway. Can specify any target pathway.  ",12,0.0,0.0,0.0,0.5081395348837209,2050
AFOLU,LSMM,TFR:LSMM:INC_MANAGEMENT_OTHER,LSMM: Improve manure management for other animals," | 95% of manure from all other animals is treated. The manure treated is sent to the following pathways:
 |    37.5.% to Composting
 |    12.5% to Dry Lot
 |    25.0% to Daily Spread
 |    25.0% to Solid Storage","Fractions of non cattle, pig, or poultry manure managed by each LSMM management pathway. Can specify any target pathway.  ",12,0.0,0.0,0.0,0.5302325581395348,2051
AFOLU,LSMM,TFR:LSMM:INC_MANAGEMENT_OTHER,LSMM: Improve manure management for other animals," | 95% of manure from all other animals is treated. The manure treated is sent to the following pathways:
 |    37.5.% to Composting
 |    12.5% to Dry Lot
 |    25.0% to Daily Spread
 |    25.0% to Solid Storage","Fractions of non cattle, pig, or poultry manure managed by each LSMM management pathway. Can specify any target pathway.  ",12,0.0,0.0,0.0,0.5523255813953488,2052
AFOLU,LSMM,TFR:LSMM:INC_MANAGEMENT_OTHER,LSMM: Improve manure management for other animals," | 95% of manure from all other animals is treated. The manure treated is sent to the following pathways:
 |    37.5.% to Composting
 |    12.5% to Dry Lot
 |    25.0% to Daily Spread
 |    25.0% to Solid Storage","Fractions of non cattle, pig, or poultry manure managed by each LSMM management pathway. Can specify any target pathway.  ",12,0.0,0.0,0.0,0.5744186046511627,2053
AFOLU,LSMM,TFR:LSMM:INC_MANAGEMENT_OTHER,LSMM: Improve manure management for other animals," | 95% of manure from all other animals is treated. The manure treated is sent to the following pathways:
 |    37.5.% to Composting
 |    12.5% to Dry Lot
 |    25.0% to Daily Spread
 |    25.0% to Solid Storage","Fractions of non cattle, pig, or poultry manure managed by each LSMM management pathway. Can specify any target pathway.  ",12,0.0,0.0,0.0,0.5965116279069768,2054
AFOLU,LSMM,TFR:LSMM:INC_MANAGEMENT_OTHER,LSMM: Improve manure management for other animals," | 95% of manure from all other animals is treated. The manure treated is sent to the following pathways:
 |    37.5.% to Composting
 |    12.5% to Dry Lot
 |    25.0% to Daily Spread
 |    25.0% to Solid Storage","Fractions of non cattle, pig, or poultry manure managed by each LSMM management pathway. Can specify any target pathway.  ",12,0.0,0.0,0.0,0.6186046511627907,2055
AFOLU,LSMM,TFR:LSMM:INC_MANAGEMENT_OTHER,LSMM: Improve manure management for other animals," | 95% of manure from all other animals is treated. The manure treated is sent to the following pathways:
 |    37.5.% to Composting
 |    12.5% to Dry Lot
 |    25.0% to Daily Spread
 |    25.0% to Solid Storage","Fractions of non cattle, pig, or poultry manure managed by each LSMM management pathway. Can specify any target pathway.  ",12,0.0,0.0,0.0,0.6406976744186046,2056
AFOLU,LSMM,TFR:LSMM:INC_MANAGEMENT_OTHER,LSMM: Improve manure management for other animals," | 95% of manure from all other animals is treated. The manure treated is sent to the following pathways:
 |    37.5.% to Composting
 |    12.5% to Dry Lot
 |    25.0% to Daily Spread
 |    25.0% to Solid Storage","Fractions of non cattle, pig, or poultry manure managed by each LSMM management pathway. Can specify any target pathway.  ",12,0.0,0.0,0.0,0.6627906976744186,2057
AFOLU,LSMM,TFR:LSMM:INC_MANAGEMENT_OTHER,LSMM: Improve manure management for other animals," | 95% of manure from all other animals is treated. The manure treated is sent to the following pathways:
 |    37.5.% to Composting
 |    12.5% to Dry Lot
 |    25.0% to Daily Spread
 |    25.0% to Solid Storage","Fractions of non cattle, pig, or poultry manure managed by each LSMM management pathway. Can specify any target pathway.  ",12,0.0,0.0,0.0,0.6848837209302325,2058
AFOLU,LSMM,TFR:LSMM:INC_MANAGEMENT_OTHER,LSMM: Improve manure management for other animals," | 95% of manure from all other animals is treated. The manure treated is sent to the following pathways:
 |    37.5.% to Composting
 |    12.5% to Dry Lot
 |    25.0% to Daily Spread
 |    25.0% to Solid Storage","Fractions of non cattle, pig, or poultry manure managed by each LSMM management pathway. Can specify any target pathway.  ",12,0.0,0.0,0.0,0.7069767441860465,2059
AFOLU,LSMM,TFR:LSMM:INC_MANAGEMENT_OTHER,LSMM: Improve manure management for other animals," | 95% of manure from all other animals is treated. The manure treated is sent to the following pathways:
 |    37.5.% to Composting
 |    12.5% to Dry Lot
 |    25.0% to Daily Spread
 |    25.0% to Solid Storage","Fractions of non cattle, pig, or poultry manure managed by each LSMM management pathway. Can specify any target pathway.  ",12,0.0,0.0,0.0,0.7290697674418605,2060
AFOLU,LSMM,TFR:LSMM:INC_MANAGEMENT_OTHER,LSMM: Improve manure management for other animals," | 95% of manure from all other animals is treated. The manure treated is sent to the following pathways:
 |    37.5.% to Composting
 |    12.5% to Dry Lot
 |    25.0% to Daily Spread
 |    25.0% to Solid Storage","Fractions of non cattle, pig, or poultry manure managed by each LSMM management pathway. Can specify any target pathway.  ",12,0.0,0.0,0.0,0.7511627906976743,2061
AFOLU,LSMM,TFR:LSMM:INC_MANAGEMENT_OTHER,LSMM: Improve manure management for other animals," | 95% of manure from all other animals is treated. The manure treated is sent to the following pathways:
 |    37.5.% to Composting
 |    12.5% to Dry Lot
 |    25.0% to Daily Spread
 |    25.0% to Solid Storage","Fractions of non cattle, pig, or poultry manure managed by each LSMM management pathway. Can specify any target pathway.  ",12,0.0,0.0,0.0,0.7732558139534883,2062
AFOLU,LSMM,TFR:LSMM:INC_MANAGEMENT_OTHER,LSMM: Improve manure management for other animals," | 95% of manure from all other animals is treated. The manure treated is sent to the following pathways:
 |    37.5.% to Composting
 |    12.5% to Dry Lot
 |    25.0% to Daily Spread
 |    25.0% to Solid Storage","Fractions of non cattle, pig, or poultry manure managed by each LSMM management pathway. Can specify any target pathway.  ",12,0.0,0.0,0.0,0.7953488372093024,2063
AFOLU,LSMM,TFR:LSMM:INC_MANAGEMENT_OTHER,LSMM: Improve manure management for other animals," | 95% of manure from all other animals is treated. The manure treated is sent to the following pathways:
 |    37.5.% to Composting
 |    12.5% to Dry Lot
 |    25.0% to Daily Spread
 |    25.0% to Solid Storage","Fractions of non cattle, pig, or poultry manure managed by each LSMM management pathway. Can specify any target pathway.  ",12,0.0,0.0,0.0,0.8174418604651162,2064
AFOLU,LSMM,TFR:LSMM:INC_MANAGEMENT_OTHER,LSMM: Improve manure management for other animals," | 95% of manure from all other animals is treated. The manure treated is sent to the following pathways:
 |    37.5.% to Composting
 |    12.5% to Dry Lot
 |    25.0% to Daily Spread
 |    25.0% to Solid Storage","Fractions of non cattle, pig, or poultry manure managed by each LSMM management pathway. Can specify any target pathway.  ",12,0.0,0.0,0.0,0.8395348837209302,2065
AFOLU,LSMM,TFR:LSMM:INC_MANAGEMENT_OTHER,LSMM: Improve manure management for other animals," | 95% of manure from all other animals is treated. The manure treated is sent to the following pathways:
 |    37.5.% to Composting
 |    12.5% to Dry Lot
 |    25.0% to Daily Spread
 |    25.0% to Solid Storage","Fractions of non cattle, pig, or poultry manure managed by each LSMM management pathway. Can specify any target pathway.  ",12,0.0,0.0,0.0,0.8616279069767441,2066
AFOLU,LSMM,TFR:LSMM:INC_MANAGEMENT_OTHER,LSMM: Improve manure management for other animals," | 95% of manure from all other animals is treated. The manure treated is sent to the following pathways:
 |    37.5.% to Composting
 |    12.5% to Dry Lot
 |    25.0% to Daily Spread
 |    25.0% to Solid Storage","Fractions of non cattle, pig, or poultry manure managed by each LSMM management pathway. Can specify any target pathway.  ",12,0.0,0.0,0.0,0.883720930232558,2067
AFOLU,LSMM,TFR:LSMM:INC_MANAGEMENT_OTHER,LSMM: Improve manure management for other animals," | 95% of manure from all other animals is treated. The manure treated is sent to the following pathways:
 |    37.5.% to Composting
 |    12.5% to Dry Lot
 |    25.0% to Daily Spread
 |    25.0% to Solid Storage","Fractions of non cattle, pig, or poultry manure managed by each LSMM management pathway. Can specify any target pathway.  ",12,0.0,0.0,0.0,0.9058139534883721,2068
AFOLU,LSMM,TFR:LSMM:INC_MANAGEMENT_OTHER,LSMM: Improve manure management for other animals," | 95% of manure from all other animals is treated. The manure treated is sent to the following pathways:
 |    37.5.% to Composting
 |    12.5% to Dry Lot
 |    25.0% to Daily Spread
 |    25.0% to Solid Storage","Fractions of non cattle, pig, or poultry manure managed by each LSMM management pathway. Can specify any target pathway.  ",12,0.0,0.0,0.0,0.927906976744186,2069
AFOLU,LSMM,TFR:LSMM:INC_MANAGEMENT_OTHER,LSMM: Improve manure management for other animals," | 95% of manure from all other animals is treated. The manure treated is sent to the following pathways:
 |    37.5.% to Composting
 |    12.5% to Dry Lot
 |    25.0% to Daily Spread
 |    25.0% to Solid Storage","Fractions of non cattle, pig, or poultry manure managed by each LSMM management pathway. Can specify any target pathway.  ",12,0.0,0.0,0.0,0.95,2070
AFOLU,LSMM,TFR:LSMM:INC_MANAGEMENT_POULTRY,LSMM: Improve manure management for poultry," | 95% of manure from poultry (chickens) and pigs is treated. The manure treated is sent to the following pathways:
 |    100% to Poultry Management",Fractions of poultry manure managed by each LSMM management pathway. Can specify any target pathway.  ,12,0.0,0.0,0.0,0.0,2015
AFOLU,LSMM,TFR:LSMM:INC_MANAGEMENT_POULTRY,LSMM: Improve manure management for poultry," | 95% of manure from poultry (chickens) and pigs is treated. The manure treated is sent to the following pathways:
 |    100% to Poultry Management",Fractions of poultry manure managed by each LSMM management pathway. Can specify any target pathway.  ,12,0.0,0.0,0.0,0.0,2016
AFOLU,LSMM,TFR:LSMM:INC_MANAGEMENT_POULTRY,LSMM: Improve manure management for poultry," | 95% of manure from poultry (chickens) and pigs is treated. The manure treated is sent to the following pathways:
 |    100% to Poultry Management",Fractions of poultry manure managed by each LSMM management pathway. Can specify any target pathway.  ,12,0.0,0.0,0.0,0.0,2017
AFOLU,LSMM,TFR:LSMM:INC_MANAGEMENT_POULTRY,LSMM: Improve manure management for poultry," | 95% of manure from poultry (chickens) and pigs is treated. The manure treated is sent to the following pathways:
 |    100% to Poultry Management",Fractions of poultry manure managed by each LSMM management pathway. Can specify any target pathway.  ,12,0.0,0.0,0.0,0.0,2018
AFOLU,LSMM,TFR:LSMM:INC_MANAGEMENT_POULTRY,LSMM: Improve manure management for poultry," | 95% of manure from poultry (chickens) and pigs is treated. The manure treated is sent to the following pathways:
 |    100% to Poultry Management",Fractions of poultry manure managed by each LSMM management pathway. Can specify any target pathway.  ,12,0.0,0.0,0.0,0.0,2019
AFOLU,LSMM,TFR:LSMM:INC_MANAGEMENT_POULTRY,LSMM: Improve manure management for poultry," | 95% of manure from poultry (chickens) and pigs is treated. The manure treated is sent to the following pathways:
 |    100% to Poultry Management",Fractions of poultry manure managed by each LSMM management pathway. Can specify any target pathway.  ,12,0.0,0.0,0.0,0.0,2020
AFOLU,LSMM,TFR:LSMM:INC_MANAGEMENT_POULTRY,LSMM: Improve manure management for poultry," | 95% of manure from poultry (chickens) and pigs is treated. The manure treated is sent to the following pathways:
 |    100% to Poultry Management",Fractions of poultry manure managed by each LSMM management pathway. Can specify any target pathway.  ,12,0.0,0.0,0.0,0.0,2021
AFOLU,LSMM,TFR:LSMM:INC_MANAGEMENT_POULTRY,LSMM: Improve manure management for poultry," | 95% of manure from poultry (chickens) and pigs is treated. The manure treated is sent to the following pathways:
 |    100% to Poultry Management",Fractions of poultry manure managed by each LSMM management pathway. Can specify any target pathway.  ,12,0.0,0.0,0.0,0.0,2022
AFOLU,LSMM,TFR:LSMM:INC_MANAGEMENT_POULTRY,LSMM: Improve manure management for poultry," | 95% of manure from poultry (chickens) and pigs is treated. The manure treated is sent to the following pathways:
 |    100% to Poultry Management",Fractions of poultry manure managed by each LSMM management pathway. Can specify any target pathway.  ,12,0.0,0.0,0.0,0.0,2023
AFOLU,LSMM,TFR:LSMM:INC_MANAGEMENT_POULTRY,LSMM: Improve manure management for poultry," | 95% of manure from poultry (chickens) and pigs is treated. The manure treated is sent to the following pathways:
 |    100% to Poultry Management",Fractions of poultry manure managed by each LSMM management pathway. Can specify any target pathway.  ,12,0.0,0.0,0.0,0.0,2024
AFOLU,LSMM,TFR:LSMM:INC_MANAGEMENT_POULTRY,LSMM: Improve manure management for poultry," | 95% of manure from poultry (chickens) and pigs is treated. The manure treated is sent to the following pathways:
 |    100% to Poultry Management",Fractions of poultry manure managed by each LSMM management pathway. Can specify any target pathway.  ,12,0.0,0.0,0.0,0.0,2025
AFOLU,LSMM,TFR:LSMM:INC_MANAGEMENT_POULTRY,LSMM: Improve manure management for poultry," | 95% of manure from poultry (chickens) and pigs is treated. The manure treated is sent to the following pathways:
 |    100% to Poultry Management",Fractions of poultry manure managed by each LSMM management pathway. Can specify any target pathway.  ,12,0.0,0.0,0.0,0.0,2026
AFOLU,LSMM,TFR:LSMM:INC_MANAGEMENT_POULTRY,LSMM: Improve manure management for poultry," | 95% of manure from poultry (chickens) and pigs is treated. The manure treated is sent to the following pathways:
 |    100% to Poultry Management",Fractions of poultry manure managed by each LSMM management pathway. Can specify any target pathway.  ,12,0.0,0.0,0.0,0.0,2027
AFOLU,LSMM,TFR:LSMM:INC_MANAGEMENT_POULTRY,LSMM: Improve manure management for poultry," | 95% of manure from poultry (chickens) and pigs is treated. The manure treated is sent to the following pathways:
 |    100% to Poultry Management",Fractions of poultry manure managed by each LSMM management pathway. Can specify any target pathway.  ,12,0.0,0.0,0.0,0.022093023255813953,2028
AFOLU,LSMM,TFR:LSMM:INC_MANAGEMENT_POULTRY,LSMM: Improve manure management for poultry," | 95% of manure from poultry (chickens) and pigs is treated. The manure treated is sent to the following pathways:
 |    100% to Poultry Management",Fractions of poultry manure managed by each LSMM management pathway. Can specify any target pathway.  ,12,0.0,0.0,0.0,0.044186046511627906,2029
AFOLU,LSMM,TFR:LSMM:INC_MANAGEMENT_POULTRY,LSMM: Improve manure management for poultry," | 95% of manure from poultry (chickens) and pigs is treated. The manure treated is sent to the following pathways:
 |    100% to Poultry Management",Fractions of poultry manure managed by each LSMM management pathway. Can specify any target pathway.  ,12,0.0,0.0,0.0,0.06627906976744186,2030
AFOLU,LSMM,TFR:LSMM:INC_MANAGEMENT_POULTRY,LSMM: Improve manure management for poultry," | 95% of manure from poultry (chickens) and pigs is treated. The manure treated is sent to the following pathways:
 |    100% to Poultry Management",Fractions of poultry manure managed by each LSMM management pathway. Can specify any target pathway.  ,12,0.0,0.0,0.0,0.08837209302325581,2031
AFOLU,LSMM,TFR:LSMM:INC_MANAGEMENT_POULTRY,LSMM: Improve manure management for poultry," | 95% of manure from poultry (chickens) and pigs is treated. The manure treated is sent to the following pathways:
 |    100% to Poultry Management",Fractions of poultry manure managed by each LSMM management pathway. Can specify any target pathway.  ,12,0.0,0.0,0.0,0.11046511627906976,2032
AFOLU,LSMM,TFR:LSMM:INC_MANAGEMENT_POULTRY,LSMM: Improve manure management for poultry," | 95% of manure from poultry (chickens) and pigs is treated. The manure treated is sent to the following pathways:
 |    100% to Poultry Management",Fractions of poultry manure managed by each LSMM management pathway. Can specify any target pathway.  ,12,0.0,0.0,0.0,0.1325581395348837,2033
AFOLU,LSMM,TFR:LSMM:INC_MANAGEMENT_POULTRY,LSMM: Improve manure management for poultry," | 95% of manure from poultry (chickens) and pigs is treated. The manure treated is sent to the following pathways:
 |    100% to Poultry Management",Fractions of poultry manure managed by each LSMM management pathway. Can specify any target pathway.  ,12,0.0,0.0,0.0,0.15465116279069768,2034
AFOLU,LSMM,TFR:LSMM:INC_MANAGEMENT_POULTRY,LSMM: Improve manure management for poultry," | 95% of manure from poultry (chickens) and pigs is treated. The manure treated is sent to the following pathways:
 |    100% to Poultry Management",Fractions of poultry manure managed by each LSMM management pathway. Can specify any target pathway.  ,12,0.0,0.0,0.0,0.17674418604651163,2035
AFOLU,LSMM,TFR:LSMM:INC_MANAGEMENT_POULTRY,LSMM: Improve manure management for poultry," | 95% of manure from poultry (chickens) and pigs is treated. The manure treated is sent to the following pathways:
 |    100% to Poultry Management",Fractions of poultry manure managed by each LSMM management pathway. Can specify any target pathway.  ,12,0.0,0.0,0.0,0.1988372093023256,2036
AFOLU,LSMM,TFR:LSMM:INC_MANAGEMENT_POULTRY,LSMM: Improve manure management for poultry," | 95% of manure from poultry (chickens) and pigs is treated. The manure treated is sent to the following pathways:
 |    100% to Poultry Management",Fractions of poultry manure managed by each LSMM management pathway. Can specify any target pathway.  ,12,0.0,0.0,0.0,0.2209302325581395,2037
AFOLU,LSMM,TFR:LSMM:INC_MANAGEMENT_POULTRY,LSMM: Improve manure management for poultry," | 95% of manure from poultry (chickens) and pigs is treated. The manure treated is sent to the following pathways:
 |    100% to Poultry Management",Fractions of poultry manure managed by each LSMM management pathway. Can specify any target pathway.  ,12,0.0,0.0,0.0,0.24302325581395348,2038
AFOLU,LSMM,TFR:LSMM:INC_MANAGEMENT_POULTRY,LSMM: Improve manure management for poultry," | 95% of manure from poultry (chickens) and pigs is treated. The manure treated is sent to the following pathways:
 |    100% to Poultry Management",Fractions of poultry manure managed by each LSMM management pathway. Can specify any target pathway.  ,12,0.0,0.0,0.0,0.2651162790697674,2039
AFOLU,LSMM,TFR:LSMM:INC_MANAGEMENT_POULTRY,LSMM: Improve manure management for poultry," | 95% of manure from poultry (chickens) and pigs is treated. The manure treated is sent to the following pathways:
 |    100% to Poultry Management",Fractions of poultry manure managed by each LSMM management pathway. Can specify any target pathway.  ,12,0.0,0.0,0.0,0.28720930232558134,2040
AFOLU,LSMM,TFR:LSMM:INC_MANAGEMENT_POULTRY,LSMM: Improve manure management for poultry," | 95% of manure from poultry (chickens) and pigs is treated. The manure treated is sent to the following pathways:
 |    100% to Poultry Management",Fractions of poultry manure managed by each LSMM management pathway. Can specify any target pathway.  ,12,0.0,0.0,0.0,0.30930232558139537,2041
AFOLU,LSMM,TFR:LSMM:INC_MANAGEMENT_POULTRY,LSMM: Improve manure management for poultry," | 95% of manure from poultry (chickens) and pigs is treated. The manure treated is sent to the following pathways:
 |    100% to Poultry Management",Fractions of poultry manure managed by each LSMM management pathway. Can specify any target pathway.  ,12,0.0,0.0,0.0,0.3313953488372093,2042
AFOLU,LSMM,TFR:LSMM:INC_MANAGEMENT_POULTRY,LSMM: Improve manure management for poultry," | 95% of manure from poultry (chickens) and pigs is treated. The manure treated is sent to the following pathways:
 |    100% to Poultry Management",Fractions of poultry manure managed by each LSMM management pathway. Can specify any target pathway.  ,12,0.0,0.0,0.0,0.35348837209302325,2043
AFOLU,LSMM,TFR:LSMM:INC_MANAGEMENT_POULTRY,LSMM: Improve manure management for poultry," | 95% of manure from poultry (chickens) and pigs is treated. The manure treated is sent to the following pathways:
 |    100% to Poultry Management",Fractions of poultry manure managed by each LSMM management pathway. Can specify any target pathway.  ,12,0.0,0.0,0.0,0.37558139534883717,2044
AFOLU,LSMM,TFR:LSMM:INC_MANAGEMENT_POULTRY,LSMM: Improve manure management for poultry," | 95% of manure from poultry (chickens) and pigs is treated. The manure treated is sent to the following pathways:
 |    100% to Poultry Management",Fractions of poultry manure managed by each LSMM management pathway. Can specify any target pathway.  ,12,0.0,0.0,0.0,0.3976744186046512,2045
AFOLU,LSMM,TFR:LSMM:INC_MANAGEMENT_POULTRY,LSMM: Improve manure management for poultry," | 95% of manure from poultry (chickens) and pigs is treated. The manure treated is sent to the following pathways:
 |    100% to Poultry Management",Fractions of poultry manure managed by each LSMM management pathway. Can specify any target pathway.  ,12,0.0,0.0,0.0,0.4197674418604651,2046
AFOLU,LSMM,TFR:LSMM:INC_MANAGEMENT_POULTRY,LSMM: Improve manure management for poultry," | 95% of manure from poultry (chickens) and pigs is treated. The manure treated is sent to the following pathways:
 |    100% to Poultry Management",Fractions of poultry manure managed by each LSMM management pathway. Can specify any target pathway.  ,12,0.0,0.0,0.0,0.441860465116279,2047
AFOLU,LSMM,TFR:LSMM:INC_MANAGEMENT_POULTRY,LSMM: Improve manure management for poultry," | 95% of manure from poultry (chickens) and pigs is treated. The manure treated is sent to the following pathways:
 |    100% to Poultry Management",Fractions of poultry manure managed by each LSMM management pathway. Can specify any target pathway.  ,12,0.0,0.0,0.0,0.463953488372093,2048
AFOLU,LSMM,TFR:LSMM:INC_MANAGEMENT_POULTRY,LSMM: Improve manure management for poultry," | 95% of manure from poultry (chickens) and pigs is treated. The manure treated is sent to the following pathways:
 |    100% to Poultry Management",Fractions of poultry manure managed by each LSMM management pathway. Can specify any target pathway.  ,12,0.0,0.0,0.0,0.48604651162790696,2049
AFOLU,LSMM,TFR:LSMM:INC_MANAGEMENT_POULTRY,LSMM: Improve manure management for poultry," | 95% of manure from poultry (chickens) and pigs is treated. The manure treated is sent to the following pathways:
 |    100% to Poultry Management",Fractions of poultry manure managed by each LSMM management pathway. Can specify any target pathway.  ,12,0.0,0.0,0.0,0.5081395348837209,2050
AFOLU,LSMM,TFR:LSMM:INC_MANAGEMENT_POULTRY,LSMM: Improve manure management for poultry," | 95% of manure from poultry (chickens) and pigs is treated. The manure treated is sent to the following pathways:
 |    100% to Poultry Management",Fractions of poultry manure managed by each LSMM management pathway. Can specify any target pathway.  ,12,0.0,0.0,0.0,0.5302325581395348,2051
AFOLU,LSMM,TFR:LSMM:INC_MANAGEMENT_POULTRY,LSMM: Improve manure management for poultry," | 95% of manure from poultry (chickens) and pigs is treated. The manure treated is sent to the following pathways:
 |    100% to Poultry Management",Fractions of poultry manure managed by each LSMM management pathway. Can specify any target pathway.  ,12,0.0,0.0,0.0,0.5523255813953488,2052
AFOLU,LSMM,TFR:LSMM:INC_MANAGEMENT_POULTRY,LSMM: Improve manure management for poultry," | 95% of manure from poultry (chickens) and pigs is treated. The manure treated is sent to the following pathways:
 |    100% to Poultry Management",Fractions of poultry manure managed by each LSMM management pathway. Can specify any target pathway.  ,12,0.0,0.0,0.0,0.5744186046511627,2053
AFOLU,LSMM,TFR:LSMM:INC_MANAGEMENT_POULTRY,LSMM: Improve manure management for poultry," | 95% of manure from poultry (chickens) and pigs is treated. The manure treated is sent to the following pathways:
 |    100% to Poultry Management",Fractions of poultry manure managed by each LSMM management pathway. Can specify any target pathway.  ,12,0.0,0.0,0.0,0.5965116279069768,2054
AFOLU,LSMM,TFR:LSMM:INC_MANAGEMENT_POULTRY,LSMM: Improve manure management for poultry," | 95% of manure from poultry (chickens) and pigs is treated. The manure treated is sent to the following pathways:
 |    100% to Poultry Management",Fractions of poultry manure managed by each LSMM management pathway. Can specify any target pathway.  ,12,0.0,0.0,0.0,0.6186046511627907,2055
AFOLU,LSMM,TFR:LSMM:INC_MANAGEMENT_POULTRY,LSMM: Improve manure management for poultry," | 95% of manure from poultry (chickens) and pigs is treated. The manure treated is sent to the following pathways:
 |    100% to Poultry Management",Fractions of poultry manure managed by each LSMM management pathway. Can specify any target pathway.  ,12,0.0,0.0,0.0,0.6406976744186046,2056
AFOLU,LSMM,TFR:LSMM:INC_MANAGEMENT_POULTRY,LSMM: Improve manure management for poultry," | 95% of manure from poultry (chickens) and pigs is treated. The manure treated is sent to the following pathways:
 |    100% to Poultry Management",Fractions of poultry manure managed by each LSMM management pathway. Can specify any target pathway.  ,12,0.0,0.0,0.0,0.6627906976744186,2057
AFOLU,LSMM,TFR:LSMM:INC_MANAGEMENT_POULTRY,LSMM: Improve manure management for poultry," | 95% of manure from poultry (chickens) and pigs is treated. The manure treated is sent to the following pathways:
 |    100% to Poultry Management",Fractions of poultry manure managed by each LSMM management pathway. Can specify any target pathway.  ,12,0.0,0.0,0.0,0.6848837209302325,2058
AFOLU,LSMM,TFR:LSMM:INC_MANAGEMENT_POULTRY,LSMM: Improve manure management for poultry," | 95% of manure from poultry (chickens) and pigs is treated. The manure treated is sent to the following pathways:
 |    100% to Poultry Management",Fractions of poultry manure managed by each LSMM management pathway. Can specify any target pathway.  ,12,0.0,0.0,0.0,0.7069767441860465,2059
AFOLU,LSMM,TFR:LSMM:INC_MANAGEMENT_POULTRY,LSMM: Improve manure management for poultry," | 95% of manure from poultry (chickens) and pigs is treated. The manure treated is sent to the following pathways:
 |    100% to Poultry Management",Fractions of poultry manure managed by each LSMM management pathway. Can specify any target pathway.  ,12,0.0,0.0,0.0,0.7290697674418605,2060
AFOLU,LSMM,TFR:LSMM:INC_MANAGEMENT_POULTRY,LSMM: Improve manure management for poultry," | 95% of manure from poultry (chickens) and pigs is treated. The manure treated is sent to the following pathways:
 |    100% to Poultry Management",Fractions of poultry manure managed by each LSMM management pathway. Can specify any target pathway.  ,12,0.0,0.0,0.0,0.7511627906976743,2061
AFOLU,LSMM,TFR:LSMM:INC_MANAGEMENT_POULTRY,LSMM: Improve manure management for poultry," | 95% of manure from poultry (chickens) and pigs is treated. The manure treated is sent to the following pathways:
 |    100% to Poultry Management",Fractions of poultry manure managed by each LSMM management pathway. Can specify any target pathway.  ,12,0.0,0.0,0.0,0.7732558139534883,2062
AFOLU,LSMM,TFR:LSMM:INC_MANAGEMENT_POULTRY,LSMM: Improve manure management for poultry," | 95% of manure from poultry (chickens) and pigs is treated. The manure treated is sent to the following pathways:
 |    100% to Poultry Management",Fractions of poultry manure managed by each LSMM management pathway. Can specify any target pathway.  ,12,0.0,0.0,0.0,0.7953488372093024,2063
AFOLU,LSMM,TFR:LSMM:INC_MANAGEMENT_POULTRY,LSMM: Improve manure management for poultry," | 95% of manure from poultry (chickens) and pigs is treated. The manure treated is sent to the following pathways:
 |    100% to Poultry Management",Fractions of poultry manure managed by each LSMM management pathway. Can specify any target pathway.  ,12,0.0,0.0,0.0,0.8174418604651162,2064
AFOLU,LSMM,TFR:LSMM:INC_MANAGEMENT_POULTRY,LSMM: Improve manure management for poultry," | 95% of manure from poultry (chickens) and pigs is treated. The manure treated is sent to the following pathways:
 |    100% to Poultry Management",Fractions of poultry manure managed by each LSMM management pathway. Can specify any target pathway.  ,12,0.0,0.0,0.0,0.8395348837209302,2065
AFOLU,LSMM,TFR:LSMM:INC_MANAGEMENT_POULTRY,LSMM: Improve manure management for poultry," | 95% of manure from poultry (chickens) and pigs is treated. The manure treated is sent to the following pathways:
 |    100% to Poultry Management",Fractions of poultry manure managed by each LSMM management pathway. Can specify any target pathway.  ,12,0.0,0.0,0.0,0.8616279069767441,2066
AFOLU,LSMM,TFR:LSMM:INC_MANAGEMENT_POULTRY,LSMM: Improve manure management for poultry," | 95% of manure from poultry (chickens) and pigs is treated. The manure treated is sent to the following pathways:
 |    100% to Poultry Management",Fractions of poultry manure managed by each LSMM management pathway. Can specify any target pathway.  ,12,0.0,0.0,0.0,0.883720930232558,2067
AFOLU,LSMM,TFR:LSMM:INC_MANAGEMENT_POULTRY,LSMM: Improve manure management for poultry," | 95% of manure from poultry (chickens) and pigs is treated. The manure treated is sent to the following pathways:
 |    100% to Poultry Management",Fractions of poultry manure managed by each LSMM management pathway. Can specify any target pathway.  ,12,0.0,0.0,0.0,0.9058139534883721,2068
AFOLU,LSMM,TFR:LSMM:INC_MANAGEMENT_POULTRY,LSMM: Improve manure management for poultry," | 95% of manure from poultry (chickens) and pigs is treated. The manure treated is sent to the following pathways:
 |    100% to Poultry Management",Fractions of poultry manure managed by each LSMM management pathway. Can specify any target pathway.  ,12,0.0,0.0,0.0,0.927906976744186,2069
AFOLU,LSMM,TFR:LSMM:INC_MANAGEMENT_POULTRY,LSMM: Improve manure management for poultry," | 95% of manure from poultry (chickens) and pigs is treated. The manure treated is sent to the following pathways:
 |    100% to Poultry Management",Fractions of poultry manure managed by each LSMM management pathway. Can specify any target pathway.  ,12,0.0,0.0,0.0,0.95,2070
AFOLU,LVST,TFR:LVST:DEC_ENTERIC_FERMENTATION,LVST: Reduce enteric fermentation,Reduce enteric fermentation,Fractional reduction in enteric fermentation across all classes,12,0.0,0.0,0.0,0.0,2015
AFOLU,LVST,TFR:LVST:DEC_ENTERIC_FERMENTATION,LVST: Reduce enteric fermentation,Reduce enteric fermentation,Fractional reduction in enteric fermentation across all classes,12,0.0,0.0,0.0,0.0,2016
AFOLU,LVST,TFR:LVST:DEC_ENTERIC_FERMENTATION,LVST: Reduce enteric fermentation,Reduce enteric fermentation,Fractional reduction in enteric fermentation across all classes,12,0.0,0.0,0.0,0.0,2017
AFOLU,LVST,TFR:LVST:DEC_ENTERIC_FERMENTATION,LVST: Reduce enteric fermentation,Reduce enteric fermentation,Fractional reduction in enteric fermentation across all classes,12,0.0,0.0,0.0,0.0,2018
AFOLU,LVST,TFR:LVST:DEC_ENTERIC_FERMENTATION,LVST: Reduce enteric fermentation,Reduce enteric fermentation,Fractional reduction in enteric fermentation across all classes,12,0.0,0.0,0.0,0.0,2019
AFOLU,LVST,TFR:LVST:DEC_ENTERIC_FERMENTATION,LVST: Reduce enteric fermentation,Reduce enteric fermentation,Fractional reduction in enteric fermentation across all classes,12,0.0,0.0,0.0,0.0,2020
AFOLU,LVST,TFR:LVST:DEC_ENTERIC_FERMENTATION,LVST: Reduce enteric fermentation,Reduce enteric fermentation,Fractional reduction in enteric fermentation across all classes,12,0.0,0.0,0.0,0.0,2021
AFOLU,LVST,TFR:LVST:DEC_ENTERIC_FERMENTATION,LVST: Reduce enteric fermentation,Reduce enteric fermentation,Fractional reduction in enteric fermentation across all classes,12,0.0,0.0,0.0,0.0,2022
AFOLU,LVST,TFR:LVST:DEC_ENTERIC_FERMENTATION,LVST: Reduce enteric fermentation,Reduce enteric fermentation,Fractional reduction in enteric fermentation across all classes,12,0.0,0.0,0.0,0.0,2023
AFOLU,LVST,TFR:LVST:DEC_ENTERIC_FERMENTATION,LVST: Reduce enteric fermentation,Reduce enteric fermentation,Fractional reduction in enteric fermentation across all classes,12,0.0,0.0,0.0,0.0,2024
AFOLU,LVST,TFR:LVST:DEC_ENTERIC_FERMENTATION,LVST: Reduce enteric fermentation,Reduce enteric fermentation,Fractional reduction in enteric fermentation across all classes,12,0.0,0.0,0.0,0.0,2025
AFOLU,LVST,TFR:LVST:DEC_ENTERIC_FERMENTATION,LVST: Reduce enteric fermentation,Reduce enteric fermentation,Fractional reduction in enteric fermentation across all classes,12,0.0,0.0,0.0,0.0,2026
AFOLU,LVST,TFR:LVST:DEC_ENTERIC_FERMENTATION,LVST: Reduce enteric fermentation,Reduce enteric fermentation,Fractional reduction in enteric fermentation across all classes,12,0.0,0.0,0.0,0.0,2027
AFOLU,LVST,TFR:LVST:DEC_ENTERIC_FERMENTATION,LVST: Reduce enteric fermentation,Reduce enteric fermentation,Fractional reduction in enteric fermentation across all classes,12,0.0,0.0,0.0,0.010790697674418606,2028
AFOLU,LVST,TFR:LVST:DEC_ENTERIC_FERMENTATION,LVST: Reduce enteric fermentation,Reduce enteric fermentation,Fractional reduction in enteric fermentation across all classes,12,0.0,0.0,0.0,0.021581395348837212,2029
AFOLU,LVST,TFR:LVST:DEC_ENTERIC_FERMENTATION,LVST: Reduce enteric fermentation,Reduce enteric fermentation,Fractional reduction in enteric fermentation across all classes,12,0.0,0.0,0.0,0.03237209302325582,2030
AFOLU,LVST,TFR:LVST:DEC_ENTERIC_FERMENTATION,LVST: Reduce enteric fermentation,Reduce enteric fermentation,Fractional reduction in enteric fermentation across all classes,12,0.0,0.0,0.0,0.043162790697674425,2031
AFOLU,LVST,TFR:LVST:DEC_ENTERIC_FERMENTATION,LVST: Reduce enteric fermentation,Reduce enteric fermentation,Fractional reduction in enteric fermentation across all classes,12,0.0,0.0,0.0,0.05395348837209303,2032
AFOLU,LVST,TFR:LVST:DEC_ENTERIC_FERMENTATION,LVST: Reduce enteric fermentation,Reduce enteric fermentation,Fractional reduction in enteric fermentation across all classes,12,0.0,0.0,0.0,0.06474418604651164,2033
AFOLU,LVST,TFR:LVST:DEC_ENTERIC_FERMENTATION,LVST: Reduce enteric fermentation,Reduce enteric fermentation,Fractional reduction in enteric fermentation across all classes,12,0.0,0.0,0.0,0.07553488372093026,2034
AFOLU,LVST,TFR:LVST:DEC_ENTERIC_FERMENTATION,LVST: Reduce enteric fermentation,Reduce enteric fermentation,Fractional reduction in enteric fermentation across all classes,12,0.0,0.0,0.0,0.08632558139534885,2035
AFOLU,LVST,TFR:LVST:DEC_ENTERIC_FERMENTATION,LVST: Reduce enteric fermentation,Reduce enteric fermentation,Fractional reduction in enteric fermentation across all classes,12,0.0,0.0,0.0,0.09711627906976747,2036
AFOLU,LVST,TFR:LVST:DEC_ENTERIC_FERMENTATION,LVST: Reduce enteric fermentation,Reduce enteric fermentation,Fractional reduction in enteric fermentation across all classes,12,0.0,0.0,0.0,0.10790697674418606,2037
AFOLU,LVST,TFR:LVST:DEC_ENTERIC_FERMENTATION,LVST: Reduce enteric fermentation,Reduce enteric fermentation,Fractional reduction in enteric fermentation across all classes,12,0.0,0.0,0.0,0.11869767441860468,2038
AFOLU,LVST,TFR:LVST:DEC_ENTERIC_FERMENTATION,LVST: Reduce enteric fermentation,Reduce enteric fermentation,Fractional reduction in enteric fermentation across all classes,12,0.0,0.0,0.0,0.12948837209302327,2039
AFOLU,LVST,TFR:LVST:DEC_ENTERIC_FERMENTATION,LVST: Reduce enteric fermentation,Reduce enteric fermentation,Fractional reduction in enteric fermentation across all classes,12,0.0,0.0,0.0,0.14027906976744187,2040
AFOLU,LVST,TFR:LVST:DEC_ENTERIC_FERMENTATION,LVST: Reduce enteric fermentation,Reduce enteric fermentation,Fractional reduction in enteric fermentation across all classes,12,0.0,0.0,0.0,0.15106976744186051,2041
AFOLU,LVST,TFR:LVST:DEC_ENTERIC_FERMENTATION,LVST: Reduce enteric fermentation,Reduce enteric fermentation,Fractional reduction in enteric fermentation across all classes,12,0.0,0.0,0.0,0.1618604651162791,2042
AFOLU,LVST,TFR:LVST:DEC_ENTERIC_FERMENTATION,LVST: Reduce enteric fermentation,Reduce enteric fermentation,Fractional reduction in enteric fermentation across all classes,12,0.0,0.0,0.0,0.1726511627906977,2043
AFOLU,LVST,TFR:LVST:DEC_ENTERIC_FERMENTATION,LVST: Reduce enteric fermentation,Reduce enteric fermentation,Fractional reduction in enteric fermentation across all classes,12,0.0,0.0,0.0,0.1834418604651163,2044
AFOLU,LVST,TFR:LVST:DEC_ENTERIC_FERMENTATION,LVST: Reduce enteric fermentation,Reduce enteric fermentation,Fractional reduction in enteric fermentation across all classes,12,0.0,0.0,0.0,0.19423255813953494,2045
AFOLU,LVST,TFR:LVST:DEC_ENTERIC_FERMENTATION,LVST: Reduce enteric fermentation,Reduce enteric fermentation,Fractional reduction in enteric fermentation across all classes,12,0.0,0.0,0.0,0.20502325581395353,2046
AFOLU,LVST,TFR:LVST:DEC_ENTERIC_FERMENTATION,LVST: Reduce enteric fermentation,Reduce enteric fermentation,Fractional reduction in enteric fermentation across all classes,12,0.0,0.0,0.0,0.21581395348837212,2047
AFOLU,LVST,TFR:LVST:DEC_ENTERIC_FERMENTATION,LVST: Reduce enteric fermentation,Reduce enteric fermentation,Fractional reduction in enteric fermentation across all classes,12,0.0,0.0,0.0,0.22660465116279072,2048
AFOLU,LVST,TFR:LVST:DEC_ENTERIC_FERMENTATION,LVST: Reduce enteric fermentation,Reduce enteric fermentation,Fractional reduction in enteric fermentation across all classes,12,0.0,0.0,0.0,0.23739534883720936,2049
AFOLU,LVST,TFR:LVST:DEC_ENTERIC_FERMENTATION,LVST: Reduce enteric fermentation,Reduce enteric fermentation,Fractional reduction in enteric fermentation across all classes,12,0.0,0.0,0.0,0.24818604651162793,2050
AFOLU,LVST,TFR:LVST:DEC_ENTERIC_FERMENTATION,LVST: Reduce enteric fermentation,Reduce enteric fermentation,Fractional reduction in enteric fermentation across all classes,12,0.0,0.0,0.0,0.25897674418604655,2051
AFOLU,LVST,TFR:LVST:DEC_ENTERIC_FERMENTATION,LVST: Reduce enteric fermentation,Reduce enteric fermentation,Fractional reduction in enteric fermentation across all classes,12,0.0,0.0,0.0,0.2697674418604652,2052
AFOLU,LVST,TFR:LVST:DEC_ENTERIC_FERMENTATION,LVST: Reduce enteric fermentation,Reduce enteric fermentation,Fractional reduction in enteric fermentation across all classes,12,0.0,0.0,0.0,0.28055813953488373,2053
AFOLU,LVST,TFR:LVST:DEC_ENTERIC_FERMENTATION,LVST: Reduce enteric fermentation,Reduce enteric fermentation,Fractional reduction in enteric fermentation across all classes,12,0.0,0.0,0.0,0.2913488372093024,2054
AFOLU,LVST,TFR:LVST:DEC_ENTERIC_FERMENTATION,LVST: Reduce enteric fermentation,Reduce enteric fermentation,Fractional reduction in enteric fermentation across all classes,12,0.0,0.0,0.0,0.30213953488372103,2055
AFOLU,LVST,TFR:LVST:DEC_ENTERIC_FERMENTATION,LVST: Reduce enteric fermentation,Reduce enteric fermentation,Fractional reduction in enteric fermentation across all classes,12,0.0,0.0,0.0,0.31293023255813956,2056
AFOLU,LVST,TFR:LVST:DEC_ENTERIC_FERMENTATION,LVST: Reduce enteric fermentation,Reduce enteric fermentation,Fractional reduction in enteric fermentation across all classes,12,0.0,0.0,0.0,0.3237209302325582,2057
AFOLU,LVST,TFR:LVST:DEC_ENTERIC_FERMENTATION,LVST: Reduce enteric fermentation,Reduce enteric fermentation,Fractional reduction in enteric fermentation across all classes,12,0.0,0.0,0.0,0.33451162790697675,2058
AFOLU,LVST,TFR:LVST:DEC_ENTERIC_FERMENTATION,LVST: Reduce enteric fermentation,Reduce enteric fermentation,Fractional reduction in enteric fermentation across all classes,12,0.0,0.0,0.0,0.3453023255813954,2059
AFOLU,LVST,TFR:LVST:DEC_ENTERIC_FERMENTATION,LVST: Reduce enteric fermentation,Reduce enteric fermentation,Fractional reduction in enteric fermentation across all classes,12,0.0,0.0,0.0,0.35609302325581405,2060
AFOLU,LVST,TFR:LVST:DEC_ENTERIC_FERMENTATION,LVST: Reduce enteric fermentation,Reduce enteric fermentation,Fractional reduction in enteric fermentation across all classes,12,0.0,0.0,0.0,0.3668837209302326,2061
AFOLU,LVST,TFR:LVST:DEC_ENTERIC_FERMENTATION,LVST: Reduce enteric fermentation,Reduce enteric fermentation,Fractional reduction in enteric fermentation across all classes,12,0.0,0.0,0.0,0.37767441860465123,2062
AFOLU,LVST,TFR:LVST:DEC_ENTERIC_FERMENTATION,LVST: Reduce enteric fermentation,Reduce enteric fermentation,Fractional reduction in enteric fermentation across all classes,12,0.0,0.0,0.0,0.3884651162790699,2063
AFOLU,LVST,TFR:LVST:DEC_ENTERIC_FERMENTATION,LVST: Reduce enteric fermentation,Reduce enteric fermentation,Fractional reduction in enteric fermentation across all classes,12,0.0,0.0,0.0,0.3992558139534884,2064
AFOLU,LVST,TFR:LVST:DEC_ENTERIC_FERMENTATION,LVST: Reduce enteric fermentation,Reduce enteric fermentation,Fractional reduction in enteric fermentation across all classes,12,0.0,0.0,0.0,0.41004651162790706,2065
AFOLU,LVST,TFR:LVST:DEC_ENTERIC_FERMENTATION,LVST: Reduce enteric fermentation,Reduce enteric fermentation,Fractional reduction in enteric fermentation across all classes,12,0.0,0.0,0.0,0.42083720930232565,2066
AFOLU,LVST,TFR:LVST:DEC_ENTERIC_FERMENTATION,LVST: Reduce enteric fermentation,Reduce enteric fermentation,Fractional reduction in enteric fermentation across all classes,12,0.0,0.0,0.0,0.43162790697674425,2067
AFOLU,LVST,TFR:LVST:DEC_ENTERIC_FERMENTATION,LVST: Reduce enteric fermentation,Reduce enteric fermentation,Fractional reduction in enteric fermentation across all classes,12,0.0,0.0,0.0,0.4424186046511629,2068
AFOLU,LVST,TFR:LVST:DEC_ENTERIC_FERMENTATION,LVST: Reduce enteric fermentation,Reduce enteric fermentation,Fractional reduction in enteric fermentation across all classes,12,0.0,0.0,0.0,0.45320930232558143,2069
AFOLU,LVST,TFR:LVST:DEC_ENTERIC_FERMENTATION,LVST: Reduce enteric fermentation,Reduce enteric fermentation,Fractional reduction in enteric fermentation across all classes,12,0.0,0.0,0.0,0.4640000000000001,2070
AFOLU,LVST,TFR:LVST:DEC_EXPORTS,LVST: Decrease exports,Decrease exports of livestock and livestock products by 50% (relative to final time period),Fractional reduction in livestock exports,12,0.0,0.0,0.0,0.0,2015
AFOLU,LVST,TFR:LVST:DEC_EXPORTS,LVST: Decrease exports,Decrease exports of livestock and livestock products by 50% (relative to final time period),Fractional reduction in livestock exports,12,0.0,0.0,0.0,0.0,2016
AFOLU,LVST,TFR:LVST:DEC_EXPORTS,LVST: Decrease exports,Decrease exports of livestock and livestock products by 50% (relative to final time period),Fractional reduction in livestock exports,12,0.0,0.0,0.0,0.0,2017
AFOLU,LVST,TFR:LVST:DEC_EXPORTS,LVST: Decrease exports,Decrease exports of livestock and livestock products by 50% (relative to final time period),Fractional reduction in livestock exports,12,0.0,0.0,0.0,0.0,2018
AFOLU,LVST,TFR:LVST:DEC_EXPORTS,LVST: Decrease exports,Decrease exports of livestock and livestock products by 50% (relative to final time period),Fractional reduction in livestock exports,12,0.0,0.0,0.0,0.0,2019
AFOLU,LVST,TFR:LVST:DEC_EXPORTS,LVST: Decrease exports,Decrease exports of livestock and livestock products by 50% (relative to final time period),Fractional reduction in livestock exports,12,0.0,0.0,0.0,0.0,2020
AFOLU,LVST,TFR:LVST:DEC_EXPORTS,LVST: Decrease exports,Decrease exports of livestock and livestock products by 50% (relative to final time period),Fractional reduction in livestock exports,12,0.0,0.0,0.0,0.0,2021
AFOLU,LVST,TFR:LVST:DEC_EXPORTS,LVST: Decrease exports,Decrease exports of livestock and livestock products by 50% (relative to final time period),Fractional reduction in livestock exports,12,0.0,0.0,0.0,0.0,2022
AFOLU,LVST,TFR:LVST:DEC_EXPORTS,LVST: Decrease exports,Decrease exports of livestock and livestock products by 50% (relative to final time period),Fractional reduction in livestock exports,12,0.0,0.0,0.0,0.0,2023
AFOLU,LVST,TFR:LVST:DEC_EXPORTS,LVST: Decrease exports,Decrease exports of livestock and livestock products by 50% (relative to final time period),Fractional reduction in livestock exports,12,0.0,0.0,0.0,0.0,2024
AFOLU,LVST,TFR:LVST:DEC_EXPORTS,LVST: Decrease exports,Decrease exports of livestock and livestock products by 50% (relative to final time period),Fractional reduction in livestock exports,12,0.0,0.0,0.0,0.0,2025
AFOLU,LVST,TFR:LVST:DEC_EXPORTS,LVST: Decrease exports,Decrease exports of livestock and livestock products by 50% (relative to final time period),Fractional reduction in livestock exports,12,0.0,0.0,0.0,0.0,2026
AFOLU,LVST,TFR:LVST:DEC_EXPORTS,LVST: Decrease exports,Decrease exports of livestock and livestock products by 50% (relative to final time period),Fractional reduction in livestock exports,12,0.0,0.0,0.0,0.0,2027
AFOLU,LVST,TFR:LVST:DEC_EXPORTS,LVST: Decrease exports,Decrease exports of livestock and livestock products by 50% (relative to final time period),Fractional reduction in livestock exports,12,0.0,0.0,0.0,0.023255813953488372,2028
AFOLU,LVST,TFR:LVST:DEC_EXPORTS,LVST: Decrease exports,Decrease exports of livestock and livestock products by 50% (relative to final time period),Fractional reduction in livestock exports,12,0.0,0.0,0.0,0.046511627906976744,2029
AFOLU,LVST,TFR:LVST:DEC_EXPORTS,LVST: Decrease exports,Decrease exports of livestock and livestock products by 50% (relative to final time period),Fractional reduction in livestock exports,12,0.0,0.0,0.0,0.06976744186046512,2030
AFOLU,LVST,TFR:LVST:DEC_EXPORTS,LVST: Decrease exports,Decrease exports of livestock and livestock products by 50% (relative to final time period),Fractional reduction in livestock exports,12,0.0,0.0,0.0,0.09302325581395349,2031
AFOLU,LVST,TFR:LVST:DEC_EXPORTS,LVST: Decrease exports,Decrease exports of livestock and livestock products by 50% (relative to final time period),Fractional reduction in livestock exports,12,0.0,0.0,0.0,0.11627906976744186,2032
AFOLU,LVST,TFR:LVST:DEC_EXPORTS,LVST: Decrease exports,Decrease exports of livestock and livestock products by 50% (relative to final time period),Fractional reduction in livestock exports,12,0.0,0.0,0.0,0.13953488372093023,2033
AFOLU,LVST,TFR:LVST:DEC_EXPORTS,LVST: Decrease exports,Decrease exports of livestock and livestock products by 50% (relative to final time period),Fractional reduction in livestock exports,12,0.0,0.0,0.0,0.16279069767441862,2034
AFOLU,LVST,TFR:LVST:DEC_EXPORTS,LVST: Decrease exports,Decrease exports of livestock and livestock products by 50% (relative to final time period),Fractional reduction in livestock exports,12,0.0,0.0,0.0,0.18604651162790697,2035
AFOLU,LVST,TFR:LVST:DEC_EXPORTS,LVST: Decrease exports,Decrease exports of livestock and livestock products by 50% (relative to final time period),Fractional reduction in livestock exports,12,0.0,0.0,0.0,0.20930232558139536,2036
AFOLU,LVST,TFR:LVST:DEC_EXPORTS,LVST: Decrease exports,Decrease exports of livestock and livestock products by 50% (relative to final time period),Fractional reduction in livestock exports,12,0.0,0.0,0.0,0.23255813953488372,2037
AFOLU,LVST,TFR:LVST:DEC_EXPORTS,LVST: Decrease exports,Decrease exports of livestock and livestock products by 50% (relative to final time period),Fractional reduction in livestock exports,12,0.0,0.0,0.0,0.2558139534883721,2038
AFOLU,LVST,TFR:LVST:DEC_EXPORTS,LVST: Decrease exports,Decrease exports of livestock and livestock products by 50% (relative to final time period),Fractional reduction in livestock exports,12,0.0,0.0,0.0,0.27906976744186046,2039
AFOLU,LVST,TFR:LVST:DEC_EXPORTS,LVST: Decrease exports,Decrease exports of livestock and livestock products by 50% (relative to final time period),Fractional reduction in livestock exports,12,0.0,0.0,0.0,0.3023255813953488,2040
AFOLU,LVST,TFR:LVST:DEC_EXPORTS,LVST: Decrease exports,Decrease exports of livestock and livestock products by 50% (relative to final time period),Fractional reduction in livestock exports,12,0.0,0.0,0.0,0.32558139534883723,2041
AFOLU,LVST,TFR:LVST:DEC_EXPORTS,LVST: Decrease exports,Decrease exports of livestock and livestock products by 50% (relative to final time period),Fractional reduction in livestock exports,12,0.0,0.0,0.0,0.3488372093023256,2042
AFOLU,LVST,TFR:LVST:DEC_EXPORTS,LVST: Decrease exports,Decrease exports of livestock and livestock products by 50% (relative to final time period),Fractional reduction in livestock exports,12,0.0,0.0,0.0,0.37209302325581395,2043
AFOLU,LVST,TFR:LVST:DEC_EXPORTS,LVST: Decrease exports,Decrease exports of livestock and livestock products by 50% (relative to final time period),Fractional reduction in livestock exports,12,0.0,0.0,0.0,0.3953488372093023,2044
AFOLU,LVST,TFR:LVST:DEC_EXPORTS,LVST: Decrease exports,Decrease exports of livestock and livestock products by 50% (relative to final time period),Fractional reduction in livestock exports,12,0.0,0.0,0.0,0.4186046511627907,2045
AFOLU,LVST,TFR:LVST:DEC_EXPORTS,LVST: Decrease exports,Decrease exports of livestock and livestock products by 50% (relative to final time period),Fractional reduction in livestock exports,12,0.0,0.0,0.0,0.4418604651162791,2046
AFOLU,LVST,TFR:LVST:DEC_EXPORTS,LVST: Decrease exports,Decrease exports of livestock and livestock products by 50% (relative to final time period),Fractional reduction in livestock exports,12,0.0,0.0,0.0,0.46511627906976744,2047
AFOLU,LVST,TFR:LVST:DEC_EXPORTS,LVST: Decrease exports,Decrease exports of livestock and livestock products by 50% (relative to final time period),Fractional reduction in livestock exports,12,0.0,0.0,0.0,0.4883720930232558,2048
AFOLU,LVST,TFR:LVST:DEC_EXPORTS,LVST: Decrease exports,Decrease exports of livestock and livestock products by 50% (relative to final time period),Fractional reduction in livestock exports,12,0.0,0.0,0.0,0.5116279069767442,2049
AFOLU,LVST,TFR:LVST:DEC_EXPORTS,LVST: Decrease exports,Decrease exports of livestock and livestock products by 50% (relative to final time period),Fractional reduction in livestock exports,12,0.0,0.0,0.0,0.5348837209302325,2050
AFOLU,LVST,TFR:LVST:DEC_EXPORTS,LVST: Decrease exports,Decrease exports of livestock and livestock products by 50% (relative to final time period),Fractional reduction in livestock exports,12,0.0,0.0,0.0,0.5581395348837209,2051
AFOLU,LVST,TFR:LVST:DEC_EXPORTS,LVST: Decrease exports,Decrease exports of livestock and livestock products by 50% (relative to final time period),Fractional reduction in livestock exports,12,0.0,0.0,0.0,0.5813953488372093,2052
AFOLU,LVST,TFR:LVST:DEC_EXPORTS,LVST: Decrease exports,Decrease exports of livestock and livestock products by 50% (relative to final time period),Fractional reduction in livestock exports,12,0.0,0.0,0.0,0.6046511627906976,2053
AFOLU,LVST,TFR:LVST:DEC_EXPORTS,LVST: Decrease exports,Decrease exports of livestock and livestock products by 50% (relative to final time period),Fractional reduction in livestock exports,12,0.0,0.0,0.0,0.627906976744186,2054
AFOLU,LVST,TFR:LVST:DEC_EXPORTS,LVST: Decrease exports,Decrease exports of livestock and livestock products by 50% (relative to final time period),Fractional reduction in livestock exports,12,0.0,0.0,0.0,0.6511627906976745,2055
AFOLU,LVST,TFR:LVST:DEC_EXPORTS,LVST: Decrease exports,Decrease exports of livestock and livestock products by 50% (relative to final time period),Fractional reduction in livestock exports,12,0.0,0.0,0.0,0.6744186046511628,2056
AFOLU,LVST,TFR:LVST:DEC_EXPORTS,LVST: Decrease exports,Decrease exports of livestock and livestock products by 50% (relative to final time period),Fractional reduction in livestock exports,12,0.0,0.0,0.0,0.6976744186046512,2057
AFOLU,LVST,TFR:LVST:DEC_EXPORTS,LVST: Decrease exports,Decrease exports of livestock and livestock products by 50% (relative to final time period),Fractional reduction in livestock exports,12,0.0,0.0,0.0,0.7209302325581395,2058
AFOLU,LVST,TFR:LVST:DEC_EXPORTS,LVST: Decrease exports,Decrease exports of livestock and livestock products by 50% (relative to final time period),Fractional reduction in livestock exports,12,0.0,0.0,0.0,0.7441860465116279,2059
AFOLU,LVST,TFR:LVST:DEC_EXPORTS,LVST: Decrease exports,Decrease exports of livestock and livestock products by 50% (relative to final time period),Fractional reduction in livestock exports,12,0.0,0.0,0.0,0.7674418604651163,2060
AFOLU,LVST,TFR:LVST:DEC_EXPORTS,LVST: Decrease exports,Decrease exports of livestock and livestock products by 50% (relative to final time period),Fractional reduction in livestock exports,12,0.0,0.0,0.0,0.7906976744186046,2061
AFOLU,LVST,TFR:LVST:DEC_EXPORTS,LVST: Decrease exports,Decrease exports of livestock and livestock products by 50% (relative to final time period),Fractional reduction in livestock exports,12,0.0,0.0,0.0,0.813953488372093,2062
AFOLU,LVST,TFR:LVST:DEC_EXPORTS,LVST: Decrease exports,Decrease exports of livestock and livestock products by 50% (relative to final time period),Fractional reduction in livestock exports,12,0.0,0.0,0.0,0.8372093023255814,2063
AFOLU,LVST,TFR:LVST:DEC_EXPORTS,LVST: Decrease exports,Decrease exports of livestock and livestock products by 50% (relative to final time period),Fractional reduction in livestock exports,12,0.0,0.0,0.0,0.8604651162790697,2064
AFOLU,LVST,TFR:LVST:DEC_EXPORTS,LVST: Decrease exports,Decrease exports of livestock and livestock products by 50% (relative to final time period),Fractional reduction in livestock exports,12,0.0,0.0,0.0,0.8837209302325582,2065
AFOLU,LVST,TFR:LVST:DEC_EXPORTS,LVST: Decrease exports,Decrease exports of livestock and livestock products by 50% (relative to final time period),Fractional reduction in livestock exports,12,0.0,0.0,0.0,0.9069767441860465,2066
AFOLU,LVST,TFR:LVST:DEC_EXPORTS,LVST: Decrease exports,Decrease exports of livestock and livestock products by 50% (relative to final time period),Fractional reduction in livestock exports,12,0.0,0.0,0.0,0.9302325581395349,2067
AFOLU,LVST,TFR:LVST:DEC_EXPORTS,LVST: Decrease exports,Decrease exports of livestock and livestock products by 50% (relative to final time period),Fractional reduction in livestock exports,12,0.0,0.0,0.0,0.9534883720930233,2068
AFOLU,LVST,TFR:LVST:DEC_EXPORTS,LVST: Decrease exports,Decrease exports of livestock and livestock products by 50% (relative to final time period),Fractional reduction in livestock exports,12,0.0,0.0,0.0,0.9767441860465116,2069
AFOLU,LVST,TFR:LVST:DEC_EXPORTS,LVST: Decrease exports,Decrease exports of livestock and livestock products by 50% (relative to final time period),Fractional reduction in livestock exports,12,0.0,0.0,0.0,1.0,2070
AFOLU,LVST,TFR:LVST:INC_PRODUCTIVITY,LVST: Increase livestock productivity,Increase inferred livestock carrying capacity by 20%,Fractional increase in livestock productivity,12,0.0,0.0,0.0,0.0,2015
AFOLU,LVST,TFR:LVST:INC_PRODUCTIVITY,LVST: Increase livestock productivity,Increase inferred livestock carrying capacity by 20%,Fractional increase in livestock productivity,12,0.0,0.0,0.0,0.0,2016
AFOLU,LVST,TFR:LVST:INC_PRODUCTIVITY,LVST: Increase livestock productivity,Increase inferred livestock carrying capacity by 20%,Fractional increase in livestock productivity,12,0.0,0.0,0.0,0.0,2017
AFOLU,LVST,TFR:LVST:INC_PRODUCTIVITY,LVST: Increase livestock productivity,Increase inferred livestock carrying capacity by 20%,Fractional increase in livestock productivity,12,0.0,0.0,0.0,0.0,2018
AFOLU,LVST,TFR:LVST:INC_PRODUCTIVITY,LVST: Increase livestock productivity,Increase inferred livestock carrying capacity by 20%,Fractional increase in livestock productivity,12,0.0,0.0,0.0,0.0,2019
AFOLU,LVST,TFR:LVST:INC_PRODUCTIVITY,LVST: Increase livestock productivity,Increase inferred livestock carrying capacity by 20%,Fractional increase in livestock productivity,12,0.0,0.0,0.0,0.0,2020
AFOLU,LVST,TFR:LVST:INC_PRODUCTIVITY,LVST: Increase livestock productivity,Increase inferred livestock carrying capacity by 20%,Fractional increase in livestock productivity,12,0.0,0.0,0.0,0.0,2021
AFOLU,LVST,TFR:LVST:INC_PRODUCTIVITY,LVST: Increase livestock productivity,Increase inferred livestock carrying capacity by 20%,Fractional increase in livestock productivity,12,0.0,0.0,0.0,0.0,2022
AFOLU,LVST,TFR:LVST:INC_PRODUCTIVITY,LVST: Increase livestock productivity,Increase inferred livestock carrying capacity by 20%,Fractional increase in livestock productivity,12,0.0,0.0,0.0,0.0,2023
AFOLU,LVST,TFR:LVST:INC_PRODUCTIVITY,LVST: Increase livestock productivity,Increase inferred livestock carrying capacity by 20%,Fractional increase in livestock productivity,12,0.0,0.0,0.0,0.0,2024
AFOLU,LVST,TFR:LVST:INC_PRODUCTIVITY,LVST: Increase livestock productivity,Increase inferred livestock carrying capacity by 20%,Fractional increase in livestock productivity,12,0.0,0.0,0.0,0.0,2025
AFOLU,LVST,TFR:LVST:INC_PRODUCTIVITY,LVST: Increase livestock productivity,Increase inferred livestock carrying capacity by 20%,Fractional increase in livestock productivity,12,0.0,0.0,0.0,0.0,2026
AFOLU,LVST,TFR:LVST:INC_PRODUCTIVITY,LVST: Increase livestock productivity,Increase inferred livestock carrying capacity by 20%,Fractional increase in livestock productivity,12,0.0,0.0,0.0,0.0,2027
AFOLU,LVST,TFR:LVST:INC_PRODUCTIVITY,LVST: Increase livestock productivity,Increase inferred livestock carrying capacity by 20%,Fractional increase in livestock productivity,12,0.0,0.0,0.0,0.013953488372093023,2028
AFOLU,LVST,TFR:LVST:INC_PRODUCTIVITY,LVST: Increase livestock productivity,Increase inferred livestock carrying capacity by 20%,Fractional increase in livestock productivity,12,0.0,0.0,0.0,0.027906976744186046,2029
AFOLU,LVST,TFR:LVST:INC_PRODUCTIVITY,LVST: Increase livestock productivity,Increase inferred livestock carrying capacity by 20%,Fractional increase in livestock productivity,12,0.0,0.0,0.0,0.04186046511627907,2030
AFOLU,LVST,TFR:LVST:INC_PRODUCTIVITY,LVST: Increase livestock productivity,Increase inferred livestock carrying capacity by 20%,Fractional increase in livestock productivity,12,0.0,0.0,0.0,0.05581395348837209,2031
AFOLU,LVST,TFR:LVST:INC_PRODUCTIVITY,LVST: Increase livestock productivity,Increase inferred livestock carrying capacity by 20%,Fractional increase in livestock productivity,12,0.0,0.0,0.0,0.06976744186046512,2032
AFOLU,LVST,TFR:LVST:INC_PRODUCTIVITY,LVST: Increase livestock productivity,Increase inferred livestock carrying capacity by 20%,Fractional increase in livestock productivity,12,0.0,0.0,0.0,0.08372093023255814,2033
AFOLU,LVST,TFR:LVST:INC_PRODUCTIVITY,LVST: Increase livestock productivity,Increase inferred livestock carrying capacity by 20%,Fractional increase in livestock productivity,12,0.0,0.0,0.0,0.09767441860465116,2034
AFOLU,LVST,TFR:LVST:INC_PRODUCTIVITY,LVST: Increase livestock productivity,Increase inferred livestock carrying capacity by 20%,Fractional increase in livestock productivity,12,0.0,0.0,0.0,0.11162790697674418,2035
AFOLU,LVST,TFR:LVST:INC_PRODUCTIVITY,LVST: Increase livestock productivity,Increase inferred livestock carrying capacity by 20%,Fractional increase in livestock productivity,12,0.0,0.0,0.0,0.12558139534883722,2036
AFOLU,LVST,TFR:LVST:INC_PRODUCTIVITY,LVST: Increase livestock productivity,Increase inferred livestock carrying capacity by 20%,Fractional increase in livestock productivity,12,0.0,0.0,0.0,0.13953488372093023,2037
AFOLU,LVST,TFR:LVST:INC_PRODUCTIVITY,LVST: Increase livestock productivity,Increase inferred livestock carrying capacity by 20%,Fractional increase in livestock productivity,12,0.0,0.0,0.0,0.15348837209302327,2038
AFOLU,LVST,TFR:LVST:INC_PRODUCTIVITY,LVST: Increase livestock productivity,Increase inferred livestock carrying capacity by 20%,Fractional increase in livestock productivity,12,0.0,0.0,0.0,0.16744186046511628,2039
AFOLU,LVST,TFR:LVST:INC_PRODUCTIVITY,LVST: Increase livestock productivity,Increase inferred livestock carrying capacity by 20%,Fractional increase in livestock productivity,12,0.0,0.0,0.0,0.18139534883720929,2040
AFOLU,LVST,TFR:LVST:INC_PRODUCTIVITY,LVST: Increase livestock productivity,Increase inferred livestock carrying capacity by 20%,Fractional increase in livestock productivity,12,0.0,0.0,0.0,0.19534883720930232,2041
AFOLU,LVST,TFR:LVST:INC_PRODUCTIVITY,LVST: Increase livestock productivity,Increase inferred livestock carrying capacity by 20%,Fractional increase in livestock productivity,12,0.0,0.0,0.0,0.20930232558139536,2042
AFOLU,LVST,TFR:LVST:INC_PRODUCTIVITY,LVST: Increase livestock productivity,Increase inferred livestock carrying capacity by 20%,Fractional increase in livestock productivity,12,0.0,0.0,0.0,0.22325581395348837,2043
AFOLU,LVST,TFR:LVST:INC_PRODUCTIVITY,LVST: Increase livestock productivity,Increase inferred livestock carrying capacity by 20%,Fractional increase in livestock productivity,12,0.0,0.0,0.0,0.23720930232558138,2044
AFOLU,LVST,TFR:LVST:INC_PRODUCTIVITY,LVST: Increase livestock productivity,Increase inferred livestock carrying capacity by 20%,Fractional increase in livestock productivity,12,0.0,0.0,0.0,0.25116279069767444,2045
AFOLU,LVST,TFR:LVST:INC_PRODUCTIVITY,LVST: Increase livestock productivity,Increase inferred livestock carrying capacity by 20%,Fractional increase in livestock productivity,12,0.0,0.0,0.0,0.2651162790697674,2046
AFOLU,LVST,TFR:LVST:INC_PRODUCTIVITY,LVST: Increase livestock productivity,Increase inferred livestock carrying capacity by 20%,Fractional increase in livestock productivity,12,0.0,0.0,0.0,0.27906976744186046,2047
AFOLU,LVST,TFR:LVST:INC_PRODUCTIVITY,LVST: Increase livestock productivity,Increase inferred livestock carrying capacity by 20%,Fractional increase in livestock productivity,12,0.0,0.0,0.0,0.29302325581395344,2048
AFOLU,LVST,TFR:LVST:INC_PRODUCTIVITY,LVST: Increase livestock productivity,Increase inferred livestock carrying capacity by 20%,Fractional increase in livestock productivity,12,0.0,0.0,0.0,0.30697674418604654,2049
AFOLU,LVST,TFR:LVST:INC_PRODUCTIVITY,LVST: Increase livestock productivity,Increase inferred livestock carrying capacity by 20%,Fractional increase in livestock productivity,12,0.0,0.0,0.0,0.3209302325581395,2050
AFOLU,LVST,TFR:LVST:INC_PRODUCTIVITY,LVST: Increase livestock productivity,Increase inferred livestock carrying capacity by 20%,Fractional increase in livestock productivity,12,0.0,0.0,0.0,0.33488372093023255,2051
AFOLU,LVST,TFR:LVST:INC_PRODUCTIVITY,LVST: Increase livestock productivity,Increase inferred livestock carrying capacity by 20%,Fractional increase in livestock productivity,12,0.0,0.0,0.0,0.3488372093023256,2052
AFOLU,LVST,TFR:LVST:INC_PRODUCTIVITY,LVST: Increase livestock productivity,Increase inferred livestock carrying capacity by 20%,Fractional increase in livestock productivity,12,0.0,0.0,0.0,0.36279069767441857,2053
AFOLU,LVST,TFR:LVST:INC_PRODUCTIVITY,LVST: Increase livestock productivity,Increase inferred livestock carrying capacity by 20%,Fractional increase in livestock productivity,12,0.0,0.0,0.0,0.3767441860465116,2054
AFOLU,LVST,TFR:LVST:INC_PRODUCTIVITY,LVST: Increase livestock productivity,Increase inferred livestock carrying capacity by 20%,Fractional increase in livestock productivity,12,0.0,0.0,0.0,0.39069767441860465,2055
AFOLU,LVST,TFR:LVST:INC_PRODUCTIVITY,LVST: Increase livestock productivity,Increase inferred livestock carrying capacity by 20%,Fractional increase in livestock productivity,12,0.0,0.0,0.0,0.4046511627906976,2056
AFOLU,LVST,TFR:LVST:INC_PRODUCTIVITY,LVST: Increase livestock productivity,Increase inferred livestock carrying capacity by 20%,Fractional increase in livestock productivity,12,0.0,0.0,0.0,0.4186046511627907,2057
AFOLU,LVST,TFR:LVST:INC_PRODUCTIVITY,LVST: Increase livestock productivity,Increase inferred livestock carrying capacity by 20%,Fractional increase in livestock productivity,12,0.0,0.0,0.0,0.4325581395348837,2058
AFOLU,LVST,TFR:LVST:INC_PRODUCTIVITY,LVST: Increase livestock productivity,Increase inferred livestock carrying capacity by 20%,Fractional increase in livestock productivity,12,0.0,0.0,0.0,0.44651162790697674,2059
AFOLU,LVST,TFR:LVST:INC_PRODUCTIVITY,LVST: Increase livestock productivity,Increase inferred livestock carrying capacity by 20%,Fractional increase in livestock productivity,12,0.0,0.0,0.0,0.4604651162790698,2060
AFOLU,LVST,TFR:LVST:INC_PRODUCTIVITY,LVST: Increase livestock productivity,Increase inferred livestock carrying capacity by 20%,Fractional increase in livestock productivity,12,0.0,0.0,0.0,0.47441860465116276,2061
AFOLU,LVST,TFR:LVST:INC_PRODUCTIVITY,LVST: Increase livestock productivity,Increase inferred livestock carrying capacity by 20%,Fractional increase in livestock productivity,12,0.0,0.0,0.0,0.4883720930232558,2062
AFOLU,LVST,TFR:LVST:INC_PRODUCTIVITY,LVST: Increase livestock productivity,Increase inferred livestock carrying capacity by 20%,Fractional increase in livestock productivity,12,0.0,0.0,0.0,0.5023255813953489,2063
AFOLU,LVST,TFR:LVST:INC_PRODUCTIVITY,LVST: Increase livestock productivity,Increase inferred livestock carrying capacity by 20%,Fractional increase in livestock productivity,12,0.0,0.0,0.0,0.5162790697674419,2064
AFOLU,LVST,TFR:LVST:INC_PRODUCTIVITY,LVST: Increase livestock productivity,Increase inferred livestock carrying capacity by 20%,Fractional increase in livestock productivity,12,0.0,0.0,0.0,0.5302325581395348,2065
AFOLU,LVST,TFR:LVST:INC_PRODUCTIVITY,LVST: Increase livestock productivity,Increase inferred livestock carrying capacity by 20%,Fractional increase in livestock productivity,12,0.0,0.0,0.0,0.5441860465116278,2066
AFOLU,LVST,TFR:LVST:INC_PRODUCTIVITY,LVST: Increase livestock productivity,Increase inferred livestock carrying capacity by 20%,Fractional increase in livestock productivity,12,0.0,0.0,0.0,0.5581395348837209,2067
AFOLU,LVST,TFR:LVST:INC_PRODUCTIVITY,LVST: Increase livestock productivity,Increase inferred livestock carrying capacity by 20%,Fractional increase in livestock productivity,12,0.0,0.0,0.0,0.5720930232558139,2068
AFOLU,LVST,TFR:LVST:INC_PRODUCTIVITY,LVST: Increase livestock productivity,Increase inferred livestock carrying capacity by 20%,Fractional increase in livestock productivity,12,0.0,0.0,0.0,0.5860465116279069,2069
AFOLU,LVST,TFR:LVST:INC_PRODUCTIVITY,LVST: Increase livestock productivity,Increase inferred livestock carrying capacity by 20%,Fractional increase in livestock productivity,12,0.0,0.0,0.0,0.6,2070
Circular Economy,TRWW,TFR:TRWW:INC_CAPTURE_BIOGAS,TRWW: Increase biogas capture,Missing,Minimum target fraction of anaerobic wastewater treatment facilties with biogas capture.,12,0.0,0.0,0.0,0.0,2015
Circular Economy,TRWW,TFR:TRWW:INC_CAPTURE_BIOGAS,TRWW: Increase biogas capture,Missing,Minimum target fraction of anaerobic wastewater treatment facilties with biogas capture.,12,0.0,0.0,0.0,0.0,2016
Circular Economy,TRWW,TFR:TRWW:INC_CAPTURE_BIOGAS,TRWW: Increase biogas capture,Missing,Minimum target fraction of anaerobic wastewater treatment facilties with biogas capture.,12,0.0,0.0,0.0,0.0,2017
Circular Economy,TRWW,TFR:TRWW:INC_CAPTURE_BIOGAS,TRWW: Increase biogas capture,Missing,Minimum target fraction of anaerobic wastewater treatment facilties with biogas capture.,12,0.0,0.0,0.0,0.0,2018
Circular Economy,TRWW,TFR:TRWW:INC_CAPTURE_BIOGAS,TRWW: Increase biogas capture,Missing,Minimum target fraction of anaerobic wastewater treatment facilties with biogas capture.,12,0.0,0.0,0.0,0.0,2019
Circular Economy,TRWW,TFR:TRWW:INC_CAPTURE_BIOGAS,TRWW: Increase biogas capture,Missing,Minimum target fraction of anaerobic wastewater treatment facilties with biogas capture.,12,0.0,0.0,0.0,0.0,2020
Circular Economy,TRWW,TFR:TRWW:INC_CAPTURE_BIOGAS,TRWW: Increase biogas capture,Missing,Minimum target fraction of anaerobic wastewater treatment facilties with biogas capture.,12,0.0,0.0,0.0,0.0,2021
Circular Economy,TRWW,TFR:TRWW:INC_CAPTURE_BIOGAS,TRWW: Increase biogas capture,Missing,Minimum target fraction of anaerobic wastewater treatment facilties with biogas capture.,12,0.0,0.0,0.0,0.0,2022
Circular Economy,TRWW,TFR:TRWW:INC_CAPTURE_BIOGAS,TRWW: Increase biogas capture,Missing,Minimum target fraction of anaerobic wastewater treatment facilties with biogas capture.,12,0.0,0.0,0.0,0.0,2023
Circular Economy,TRWW,TFR:TRWW:INC_CAPTURE_BIOGAS,TRWW: Increase biogas capture,Missing,Minimum target fraction of anaerobic wastewater treatment facilties with biogas capture.,12,0.0,0.0,0.0,0.0,2024
Circular Economy,TRWW,TFR:TRWW:INC_CAPTURE_BIOGAS,TRWW: Increase biogas capture,Missing,Minimum target fraction of anaerobic wastewater treatment facilties with biogas capture.,12,0.0,0.0,0.0,0.0,2025
Circular Economy,TRWW,TFR:TRWW:INC_CAPTURE_BIOGAS,TRWW: Increase biogas capture,Missing,Minimum target fraction of anaerobic wastewater treatment facilties with biogas capture.,12,0.0,0.0,0.0,0.0,2026
Circular Economy,TRWW,TFR:TRWW:INC_CAPTURE_BIOGAS,TRWW: Increase biogas capture,Missing,Minimum target fraction of anaerobic wastewater treatment facilties with biogas capture.,12,0.0,0.0,0.0,0.0,2027
Circular Economy,TRWW,TFR:TRWW:INC_CAPTURE_BIOGAS,TRWW: Increase biogas capture,Missing,Minimum target fraction of anaerobic wastewater treatment facilties with biogas capture.,12,0.0,0.019767441860465116,0.019767441860465116,0.019767441860465116,2028
Circular Economy,TRWW,TFR:TRWW:INC_CAPTURE_BIOGAS,TRWW: Increase biogas capture,Missing,Minimum target fraction of anaerobic wastewater treatment facilties with biogas capture.,12,0.0,0.03953488372093023,0.03953488372093023,0.03953488372093023,2029
Circular Economy,TRWW,TFR:TRWW:INC_CAPTURE_BIOGAS,TRWW: Increase biogas capture,Missing,Minimum target fraction of anaerobic wastewater treatment facilties with biogas capture.,12,0.0,0.059302325581395345,0.059302325581395345,0.059302325581395345,2030
Circular Economy,TRWW,TFR:TRWW:INC_CAPTURE_BIOGAS,TRWW: Increase biogas capture,Missing,Minimum target fraction of anaerobic wastewater treatment facilties with biogas capture.,12,0.0,0.07906976744186046,0.07906976744186046,0.07906976744186046,2031
Circular Economy,TRWW,TFR:TRWW:INC_CAPTURE_BIOGAS,TRWW: Increase biogas capture,Missing,Minimum target fraction of anaerobic wastewater treatment facilties with biogas capture.,12,0.0,0.09883720930232558,0.09883720930232558,0.09883720930232558,2032
Circular Economy,TRWW,TFR:TRWW:INC_CAPTURE_BIOGAS,TRWW: Increase biogas capture,Missing,Minimum target fraction of anaerobic wastewater treatment facilties with biogas capture.,12,0.0,0.11860465116279069,0.11860465116279069,0.11860465116279069,2033
Circular Economy,TRWW,TFR:TRWW:INC_CAPTURE_BIOGAS,TRWW: Increase biogas capture,Missing,Minimum target fraction of anaerobic wastewater treatment facilties with biogas capture.,12,0.0,0.13837209302325582,0.13837209302325582,0.13837209302325582,2034
Circular Economy,TRWW,TFR:TRWW:INC_CAPTURE_BIOGAS,TRWW: Increase biogas capture,Missing,Minimum target fraction of anaerobic wastewater treatment facilties with biogas capture.,12,0.0,0.15813953488372093,0.15813953488372093,0.15813953488372093,2035
Circular Economy,TRWW,TFR:TRWW:INC_CAPTURE_BIOGAS,TRWW: Increase biogas capture,Missing,Minimum target fraction of anaerobic wastewater treatment facilties with biogas capture.,12,0.0,0.17790697674418604,0.17790697674418604,0.17790697674418604,2036
Circular Economy,TRWW,TFR:TRWW:INC_CAPTURE_BIOGAS,TRWW: Increase biogas capture,Missing,Minimum target fraction of anaerobic wastewater treatment facilties with biogas capture.,12,0.0,0.19767441860465115,0.19767441860465115,0.19767441860465115,2037
Circular Economy,TRWW,TFR:TRWW:INC_CAPTURE_BIOGAS,TRWW: Increase biogas capture,Missing,Minimum target fraction of anaerobic wastewater treatment facilties with biogas capture.,12,0.0,0.2174418604651163,0.2174418604651163,0.2174418604651163,2038
Circular Economy,TRWW,TFR:TRWW:INC_CAPTURE_BIOGAS,TRWW: Increase biogas capture,Missing,Minimum target fraction of anaerobic wastewater treatment facilties with biogas capture.,12,0.0,0.23720930232558138,0.23720930232558138,0.23720930232558138,2039
Circular Economy,TRWW,TFR:TRWW:INC_CAPTURE_BIOGAS,TRWW: Increase biogas capture,Missing,Minimum target fraction of anaerobic wastewater treatment facilties with biogas capture.,12,0.0,0.2569767441860465,0.2569767441860465,0.2569767441860465,2040
Circular Economy,TRWW,TFR:TRWW:INC_CAPTURE_BIOGAS,TRWW: Increase biogas capture,Missing,Minimum target fraction of anaerobic wastewater treatment facilties with biogas capture.,12,0.0,0.27674418604651163,0.27674418604651163,0.27674418604651163,2041
Circular Economy,TRWW,TFR:TRWW:INC_CAPTURE_BIOGAS,TRWW: Increase biogas capture,Missing,Minimum target fraction of anaerobic wastewater treatment facilties with biogas capture.,12,0.0,0.29651162790697677,0.29651162790697677,0.29651162790697677,2042
Circular Economy,TRWW,TFR:TRWW:INC_CAPTURE_BIOGAS,TRWW: Increase biogas capture,Missing,Minimum target fraction of anaerobic wastewater treatment facilties with biogas capture.,12,0.0,0.31627906976744186,0.31627906976744186,0.31627906976744186,2043
Circular Economy,TRWW,TFR:TRWW:INC_CAPTURE_BIOGAS,TRWW: Increase biogas capture,Missing,Minimum target fraction of anaerobic wastewater treatment facilties with biogas capture.,12,0.0,0.33604651162790694,0.33604651162790694,0.33604651162790694,2044
Circular Economy,TRWW,TFR:TRWW:INC_CAPTURE_BIOGAS,TRWW: Increase biogas capture,Missing,Minimum target fraction of anaerobic wastewater treatment facilties with biogas capture.,12,0.0,0.3558139534883721,0.3558139534883721,0.3558139534883721,2045
Circular Economy,TRWW,TFR:TRWW:INC_CAPTURE_BIOGAS,TRWW: Increase biogas capture,Missing,Minimum target fraction of anaerobic wastewater treatment facilties with biogas capture.,12,0.0,0.3755813953488372,0.3755813953488372,0.3755813953488372,2046
Circular Economy,TRWW,TFR:TRWW:INC_CAPTURE_BIOGAS,TRWW: Increase biogas capture,Missing,Minimum target fraction of anaerobic wastewater treatment facilties with biogas capture.,12,0.0,0.3953488372093023,0.3953488372093023,0.3953488372093023,2047
Circular Economy,TRWW,TFR:TRWW:INC_CAPTURE_BIOGAS,TRWW: Increase biogas capture,Missing,Minimum target fraction of anaerobic wastewater treatment facilties with biogas capture.,12,0.0,0.4151162790697674,0.4151162790697674,0.4151162790697674,2048
Circular Economy,TRWW,TFR:TRWW:INC_CAPTURE_BIOGAS,TRWW: Increase biogas capture,Missing,Minimum target fraction of anaerobic wastewater treatment facilties with biogas capture.,12,0.0,0.4348837209302326,0.4348837209302326,0.4348837209302326,2049
Circular Economy,TRWW,TFR:TRWW:INC_CAPTURE_BIOGAS,TRWW: Increase biogas capture,Missing,Minimum target fraction of anaerobic wastewater treatment facilties with biogas capture.,12,0.0,0.4546511627906976,0.4546511627906976,0.4546511627906976,2050
Circular Economy,TRWW,TFR:TRWW:INC_CAPTURE_BIOGAS,TRWW: Increase biogas capture,Missing,Minimum target fraction of anaerobic wastewater treatment facilties with biogas capture.,12,0.0,0.47441860465116276,0.47441860465116276,0.47441860465116276,2051
Circular Economy,TRWW,TFR:TRWW:INC_CAPTURE_BIOGAS,TRWW: Increase biogas capture,Missing,Minimum target fraction of anaerobic wastewater treatment facilties with biogas capture.,12,0.0,0.4941860465116279,0.4941860465116279,0.4941860465116279,2052
Circular Economy,TRWW,TFR:TRWW:INC_CAPTURE_BIOGAS,TRWW: Increase biogas capture,Missing,Minimum target fraction of anaerobic wastewater treatment facilties with biogas capture.,12,0.0,0.513953488372093,0.513953488372093,0.513953488372093,2053
Circular Economy,TRWW,TFR:TRWW:INC_CAPTURE_BIOGAS,TRWW: Increase biogas capture,Missing,Minimum target fraction of anaerobic wastewater treatment facilties with biogas capture.,12,0.0,0.5337209302325582,0.5337209302325582,0.5337209302325582,2054
Circular Economy,TRWW,TFR:TRWW:INC_CAPTURE_BIOGAS,TRWW: Increase biogas capture,Missing,Minimum target fraction of anaerobic wastewater treatment facilties with biogas capture.,12,0.0,0.5534883720930233,0.5534883720930233,0.5534883720930233,2055
Circular Economy,TRWW,TFR:TRWW:INC_CAPTURE_BIOGAS,TRWW: Increase biogas capture,Missing,Minimum target fraction of anaerobic wastewater treatment facilties with biogas capture.,12,0.0,0.5732558139534883,0.5732558139534883,0.5732558139534883,2056
Circular Economy,TRWW,TFR:TRWW:INC_CAPTURE_BIOGAS,TRWW: Increase biogas capture,Missing,Minimum target fraction of anaerobic wastewater treatment facilties with biogas capture.,12,0.0,0.5930232558139535,0.5930232558139535,0.5930232558139535,2057
Circular Economy,TRWW,TFR:TRWW:INC_CAPTURE_BIOGAS,TRWW: Increase biogas capture,Missing,Minimum target fraction of anaerobic wastewater treatment facilties with biogas capture.,12,0.0,0.6127906976744185,0.6127906976744185,0.6127906976744185,2058
Circular Economy,TRWW,TFR:TRWW:INC_CAPTURE_BIOGAS,TRWW: Increase biogas capture,Missing,Minimum target fraction of anaerobic wastewater treatment facilties with biogas capture.,12,0.0,0.6325581395348837,0.6325581395348837,0.6325581395348837,2059
Circular Economy,TRWW,TFR:TRWW:INC_CAPTURE_BIOGAS,TRWW: Increase biogas capture,Missing,Minimum target fraction of anaerobic wastewater treatment facilties with biogas capture.,12,0.0,0.6523255813953488,0.6523255813953488,0.6523255813953488,2060
Circular Economy,TRWW,TFR:TRWW:INC_CAPTURE_BIOGAS,TRWW: Increase biogas capture,Missing,Minimum target fraction of anaerobic wastewater treatment facilties with biogas capture.,12,0.0,0.6720930232558139,0.6720930232558139,0.6720930232558139,2061
Circular Economy,TRWW,TFR:TRWW:INC_CAPTURE_BIOGAS,TRWW: Increase biogas capture,Missing,Minimum target fraction of anaerobic wastewater treatment facilties with biogas capture.,12,0.0,0.6918604651162791,0.6918604651162791,0.6918604651162791,2062
Circular Economy,TRWW,TFR:TRWW:INC_CAPTURE_BIOGAS,TRWW: Increase biogas capture,Missing,Minimum target fraction of anaerobic wastewater treatment facilties with biogas capture.,12,0.0,0.7116279069767442,0.7116279069767442,0.7116279069767442,2063
Circular Economy,TRWW,TFR:TRWW:INC_CAPTURE_BIOGAS,TRWW: Increase biogas capture,Missing,Minimum target fraction of anaerobic wastewater treatment facilties with biogas capture.,12,0.0,0.7313953488372092,0.7313953488372092,0.7313953488372092,2064
Circular Economy,TRWW,TFR:TRWW:INC_CAPTURE_BIOGAS,TRWW: Increase biogas capture,Missing,Minimum target fraction of anaerobic wastewater treatment facilties with biogas capture.,12,0.0,0.7511627906976744,0.7511627906976744,0.7511627906976744,2065
Circular Economy,TRWW,TFR:TRWW:INC_CAPTURE_BIOGAS,TRWW: Increase biogas capture,Missing,Minimum target fraction of anaerobic wastewater treatment facilties with biogas capture.,12,0.0,0.7709302325581394,0.7709302325581394,0.7709302325581394,2066
Circular Economy,TRWW,TFR:TRWW:INC_CAPTURE_BIOGAS,TRWW: Increase biogas capture,Missing,Minimum target fraction of anaerobic wastewater treatment facilties with biogas capture.,12,0.0,0.7906976744186046,0.7906976744186046,0.7906976744186046,2067
Circular Economy,TRWW,TFR:TRWW:INC_CAPTURE_BIOGAS,TRWW: Increase biogas capture,Missing,Minimum target fraction of anaerobic wastewater treatment facilties with biogas capture.,12,0.0,0.8104651162790698,0.8104651162790698,0.8104651162790698,2068
Circular Economy,TRWW,TFR:TRWW:INC_CAPTURE_BIOGAS,TRWW: Increase biogas capture,Missing,Minimum target fraction of anaerobic wastewater treatment facilties with biogas capture.,12,0.0,0.8302325581395348,0.8302325581395348,0.8302325581395348,2069
Circular Economy,TRWW,TFR:TRWW:INC_CAPTURE_BIOGAS,TRWW: Increase biogas capture,Missing,Minimum target fraction of anaerobic wastewater treatment facilties with biogas capture.,12,0.0,0.85,0.85,0.85,2070
Circular Economy,WALI,TFR:WALI:INC_TREATMENT_INDUSTRIAL,WALI: Improved industrial wastewater treatment,Missing,Target minimal fractional mix of wastewater treatment pathways at industrial facilities. Can specify any target pathway.,12,0.0,0.0,0.0,0.0,2015
Circular Economy,WALI,TFR:WALI:INC_TREATMENT_INDUSTRIAL,WALI: Improved industrial wastewater treatment,Missing,Target minimal fractional mix of wastewater treatment pathways at industrial facilities. Can specify any target pathway.,12,0.0,0.0,0.0,0.0,2016
Circular Economy,WALI,TFR:WALI:INC_TREATMENT_INDUSTRIAL,WALI: Improved industrial wastewater treatment,Missing,Target minimal fractional mix of wastewater treatment pathways at industrial facilities. Can specify any target pathway.,12,0.0,0.0,0.0,0.0,2017
Circular Economy,WALI,TFR:WALI:INC_TREATMENT_INDUSTRIAL,WALI: Improved industrial wastewater treatment,Missing,Target minimal fractional mix of wastewater treatment pathways at industrial facilities. Can specify any target pathway.,12,0.0,0.0,0.0,0.0,2018
Circular Economy,WALI,TFR:WALI:INC_TREATMENT_INDUSTRIAL,WALI: Improved industrial wastewater treatment,Missing,Target minimal fractional mix of wastewater treatment pathways at industrial facilities. Can specify any target pathway.,12,0.0,0.0,0.0,0.0,2019
Circular Economy,WALI,TFR:WALI:INC_TREATMENT_INDUSTRIAL,WALI: Improved industrial wastewater treatment,Missing,Target minimal fractional mix of wastewater treatment pathways at industrial facilities. Can specify any target pathway.,12,0.0,0.0,0.0,0.0,2020
Circular Economy,WALI,TFR:WALI:INC_TREATMENT_INDUSTRIAL,WALI: Improved industrial wastewater treatment,Missing,Target minimal fractional mix of wastewater treatment pathways at industrial facilities. Can specify any target pathway.,12,0.0,0.0,0.0,0.0,2021
Circular Economy,WALI,TFR:WALI:INC_TREATMENT_INDUSTRIAL,WALI: Improved industrial wastewater treatment,Missing,Target minimal fractional mix of wastewater treatment pathways at industrial facilities. Can specify any target pathway.,12,0.0,0.0,0.0,0.0,2022
Circular Economy,WALI,TFR:WALI:INC_TREATMENT_INDUSTRIAL,WALI: Improved industrial wastewater treatment,Missing,Target minimal fractional mix of wastewater treatment pathways at industrial facilities. Can specify any target pathway.,12,0.0,0.0,0.0,0.0,2023
Circular Economy,WALI,TFR:WALI:INC_TREATMENT_INDUSTRIAL,WALI: Improved industrial wastewater treatment,Missing,Target minimal fractional mix of wastewater treatment pathways at industrial facilities. Can specify any target pathway.,12,0.0,0.0,0.0,0.0,2024
Circular Economy,WALI,TFR:WALI:INC_TREATMENT_INDUSTRIAL,WALI: Improved industrial wastewater treatment,Missing,Target minimal fractional mix of wastewater treatment pathways at industrial facilities. Can specify any target pathway.,12,0.0,0.0,0.0,0.0,2025
Circular Economy,WALI,TFR:WALI:INC_TREATMENT_INDUSTRIAL,WALI: Improved industrial wastewater treatment,Missing,Target minimal fractional mix of wastewater treatment pathways at industrial facilities. Can specify any target pathway.,12,0.0,0.0,0.0,0.0,2026
Circular Economy,WALI,TFR:WALI:INC_TREATMENT_INDUSTRIAL,WALI: Improved industrial wastewater treatment,Missing,Target minimal fractional mix of wastewater treatment pathways at industrial facilities. Can specify any target pathway.,12,0.0,0.0,0.0,0.0,2027
Circular Economy,WALI,TFR:WALI:INC_TREATMENT_INDUSTRIAL,WALI: Improved industrial wastewater treatment,Missing,Target minimal fractional mix of wastewater treatment pathways at industrial facilities. Can specify any target pathway.,12,0.0,0.023255813953488372,0.023255813953488372,0.023255813953488372,2028
Circular Economy,WALI,TFR:WALI:INC_TREATMENT_INDUSTRIAL,WALI: Improved industrial wastewater treatment,Missing,Target minimal fractional mix of wastewater treatment pathways at industrial facilities. Can specify any target pathway.,12,0.0,0.046511627906976744,0.046511627906976744,0.046511627906976744,2029
Circular Economy,WALI,TFR:WALI:INC_TREATMENT_INDUSTRIAL,WALI: Improved industrial wastewater treatment,Missing,Target minimal fractional mix of wastewater treatment pathways at industrial facilities. Can specify any target pathway.,12,0.0,0.06976744186046512,0.06976744186046512,0.06976744186046512,2030
Circular Economy,WALI,TFR:WALI:INC_TREATMENT_INDUSTRIAL,WALI: Improved industrial wastewater treatment,Missing,Target minimal fractional mix of wastewater treatment pathways at industrial facilities. Can specify any target pathway.,12,0.0,0.09302325581395349,0.09302325581395349,0.09302325581395349,2031
Circular Economy,WALI,TFR:WALI:INC_TREATMENT_INDUSTRIAL,WALI: Improved industrial wastewater treatment,Missing,Target minimal fractional mix of wastewater treatment pathways at industrial facilities. Can specify any target pathway.,12,0.0,0.11627906976744186,0.11627906976744186,0.11627906976744186,2032
Circular Economy,WALI,TFR:WALI:INC_TREATMENT_INDUSTRIAL,WALI: Improved industrial wastewater treatment,Missing,Target minimal fractional mix of wastewater treatment pathways at industrial facilities. Can specify any target pathway.,12,0.0,0.13953488372093023,0.13953488372093023,0.13953488372093023,2033
Circular Economy,WALI,TFR:WALI:INC_TREATMENT_INDUSTRIAL,WALI: Improved industrial wastewater treatment,Missing,Target minimal fractional mix of wastewater treatment pathways at industrial facilities. Can specify any target pathway.,12,0.0,0.16279069767441862,0.16279069767441862,0.16279069767441862,2034
Circular Economy,WALI,TFR:WALI:INC_TREATMENT_INDUSTRIAL,WALI: Improved industrial wastewater treatment,Missing,Target minimal fractional mix of wastewater treatment pathways at industrial facilities. Can specify any target pathway.,12,0.0,0.18604651162790697,0.18604651162790697,0.18604651162790697,2035
Circular Economy,WALI,TFR:WALI:INC_TREATMENT_INDUSTRIAL,WALI: Improved industrial wastewater treatment,Missing,Target minimal fractional mix of wastewater treatment pathways at industrial facilities. Can specify any target pathway.,12,0.0,0.20930232558139536,0.20930232558139536,0.20930232558139536,2036
Circular Economy,WALI,TFR:WALI:INC_TREATMENT_INDUSTRIAL,WALI: Improved industrial wastewater treatment,Missing,Target minimal fractional mix of wastewater treatment pathways at industrial facilities. Can specify any target pathway.,12,0.0,0.23255813953488372,0.23255813953488372,0.23255813953488372,2037
Circular Economy,WALI,TFR:WALI:INC_TREATMENT_INDUSTRIAL,WALI: Improved industrial wastewater treatment,Missing,Target minimal fractional mix of wastewater treatment pathways at industrial facilities. Can specify any target pathway.,12,0.0,0.2558139534883721,0.2558139534883721,0.2558139534883721,2038
Circular Economy,WALI,TFR:WALI:INC_TREATMENT_INDUSTRIAL,WALI: Improved industrial wastewater treatment,Missing,Target minimal fractional mix of wastewater treatment pathways at industrial facilities. Can specify any target pathway.,12,0.0,0.27906976744186046,0.27906976744186046,0.27906976744186046,2039
Circular Economy,WALI,TFR:WALI:INC_TREATMENT_INDUSTRIAL,WALI: Improved industrial wastewater treatment,Missing,Target minimal fractional mix of wastewater treatment pathways at industrial facilities. Can specify any target pathway.,12,0.0,0.3023255813953488,0.3023255813953488,0.3023255813953488,2040
Circular Economy,WALI,TFR:WALI:INC_TREATMENT_INDUSTRIAL,WALI: Improved industrial wastewater treatment,Missing,Target minimal fractional mix of wastewater treatment pathways at industrial facilities. Can specify any target pathway.,12,0.0,0.32558139534883723,0.32558139534883723,0.32558139534883723,2041
Circular Economy,WALI,TFR:WALI:INC_TREATMENT_INDUSTRIAL,WALI: Improved industrial wastewater treatment,Missing,Target minimal fractional mix of wastewater treatment pathways at industrial facilities. Can specify any target pathway.,12,0.0,0.3488372093023256,0.3488372093023256,0.3488372093023256,2042
Circular Economy,WALI,TFR:WALI:INC_TREATMENT_INDUSTRIAL,WALI: Improved industrial wastewater treatment,Missing,Target minimal fractional mix of wastewater treatment pathways at industrial facilities. Can specify any target pathway.,12,0.0,0.37209302325581395,0.37209302325581395,0.37209302325581395,2043
Circular Economy,WALI,TFR:WALI:INC_TREATMENT_INDUSTRIAL,WALI: Improved industrial wastewater treatment,Missing,Target minimal fractional mix of wastewater treatment pathways at industrial facilities. Can specify any target pathway.,12,0.0,0.3953488372093023,0.3953488372093023,0.3953488372093023,2044
Circular Economy,WALI,TFR:WALI:INC_TREATMENT_INDUSTRIAL,WALI: Improved industrial wastewater treatment,Missing,Target minimal fractional mix of wastewater treatment pathways at industrial facilities. Can specify any target pathway.,12,0.0,0.4186046511627907,0.4186046511627907,0.4186046511627907,2045
Circular Economy,WALI,TFR:WALI:INC_TREATMENT_INDUSTRIAL,WALI: Improved industrial wastewater treatment,Missing,Target minimal fractional mix of wastewater treatment pathways at industrial facilities. Can specify any target pathway.,12,0.0,0.4418604651162791,0.4418604651162791,0.4418604651162791,2046
Circular Economy,WALI,TFR:WALI:INC_TREATMENT_INDUSTRIAL,WALI: Improved industrial wastewater treatment,Missing,Target minimal fractional mix of wastewater treatment pathways at industrial facilities. Can specify any target pathway.,12,0.0,0.46511627906976744,0.46511627906976744,0.46511627906976744,2047
Circular Economy,WALI,TFR:WALI:INC_TREATMENT_INDUSTRIAL,WALI: Improved industrial wastewater treatment,Missing,Target minimal fractional mix of wastewater treatment pathways at industrial facilities. Can specify any target pathway.,12,0.0,0.4883720930232558,0.4883720930232558,0.4883720930232558,2048
Circular Economy,WALI,TFR:WALI:INC_TREATMENT_INDUSTRIAL,WALI: Improved industrial wastewater treatment,Missing,Target minimal fractional mix of wastewater treatment pathways at industrial facilities. Can specify any target pathway.,12,0.0,0.5116279069767442,0.5116279069767442,0.5116279069767442,2049
Circular Economy,WALI,TFR:WALI:INC_TREATMENT_INDUSTRIAL,WALI: Improved industrial wastewater treatment,Missing,Target minimal fractional mix of wastewater treatment pathways at industrial facilities. Can specify any target pathway.,12,0.0,0.5348837209302325,0.5348837209302325,0.5348837209302325,2050
Circular Economy,WALI,TFR:WALI:INC_TREATMENT_INDUSTRIAL,WALI: Improved industrial wastewater treatment,Missing,Target minimal fractional mix of wastewater treatment pathways at industrial facilities. Can specify any target pathway.,12,0.0,0.5581395348837209,0.5581395348837209,0.5581395348837209,2051
Circular Economy,WALI,TFR:WALI:INC_TREATMENT_INDUSTRIAL,WALI: Improved industrial wastewater treatment,Missing,Target minimal fractional mix of wastewater treatment pathways at industrial facilities. Can specify any target pathway.,12,0.0,0.5813953488372093,0.5813953488372093,0.5813953488372093,2052
Circular Economy,WALI,TFR:WALI:INC_TREATMENT_INDUSTRIAL,WALI: Improved industrial wastewater treatment,Missing,Target minimal fractional mix of wastewater treatment pathways at industrial facilities. Can specify any target pathway.,12,0.0,0.6046511627906976,0.6046511627906976,0.6046511627906976,2053
Circular Economy,WALI,TFR:WALI:INC_TREATMENT_INDUSTRIAL,WALI: Improved industrial wastewater treatment,Missing,Target minimal fractional mix of wastewater treatment pathways at industrial facilities. Can specify any target pathway.,12,0.0,0.627906976744186,0.627906976744186,0.627906976744186,2054
Circular Economy,WALI,TFR:WALI:INC_TREATMENT_INDUSTRIAL,WALI: Improved industrial wastewater treatment,Missing,Target minimal fractional mix of wastewater treatment pathways at industrial facilities. Can specify any target pathway.,12,0.0,0.6511627906976745,0.6511627906976745,0.6511627906976745,2055
Circular Economy,WALI,TFR:WALI:INC_TREATMENT_INDUSTRIAL,WALI: Improved industrial wastewater treatment,Missing,Target minimal fractional mix of wastewater treatment pathways at industrial facilities. Can specify any target pathway.,12,0.0,0.6744186046511628,0.6744186046511628,0.6744186046511628,2056
Circular Economy,WALI,TFR:WALI:INC_TREATMENT_INDUSTRIAL,WALI: Improved industrial wastewater treatment,Missing,Target minimal fractional mix of wastewater treatment pathways at industrial facilities. Can specify any target pathway.,12,0.0,0.6976744186046512,0.6976744186046512,0.6976744186046512,2057
Circular Economy,WALI,TFR:WALI:INC_TREATMENT_INDUSTRIAL,WALI: Improved industrial wastewater treatment,Missing,Target minimal fractional mix of wastewater treatment pathways at industrial facilities. Can specify any target pathway.,12,0.0,0.7209302325581395,0.7209302325581395,0.7209302325581395,2058
Circular Economy,WALI,TFR:WALI:INC_TREATMENT_INDUSTRIAL,WALI: Improved industrial wastewater treatment,Missing,Target minimal fractional mix of wastewater treatment pathways at industrial facilities. Can specify any target pathway.,12,0.0,0.7441860465116279,0.7441860465116279,0.7441860465116279,2059
Circular Economy,WALI,TFR:WALI:INC_TREATMENT_INDUSTRIAL,WALI: Improved industrial wastewater treatment,Missing,Target minimal fractional mix of wastewater treatment pathways at industrial facilities. Can specify any target pathway.,12,0.0,0.7674418604651163,0.7674418604651163,0.7674418604651163,2060
Circular Economy,WALI,TFR:WALI:INC_TREATMENT_INDUSTRIAL,WALI: Improved industrial wastewater treatment,Missing,Target minimal fractional mix of wastewater treatment pathways at industrial facilities. Can specify any target pathway.,12,0.0,0.7906976744186046,0.7906976744186046,0.7906976744186046,2061
Circular Economy,WALI,TFR:WALI:INC_TREATMENT_INDUSTRIAL,WALI: Improved industrial wastewater treatment,Missing,Target minimal fractional mix of wastewater treatment pathways at industrial facilities. Can specify any target pathway.,12,0.0,0.813953488372093,0.813953488372093,0.813953488372093,2062
Circular Economy,WALI,TFR:WALI:INC_TREATMENT_INDUSTRIAL,WALI: Improved industrial wastewater treatment,Missing,Target minimal fractional mix of wastewater treatment pathways at industrial facilities. Can specify any target pathway.,12,0.0,0.8372093023255814,0.8372093023255814,0.8372093023255814,2063
Circular Economy,WALI,TFR:WALI:INC_TREATMENT_INDUSTRIAL,WALI: Improved industrial wastewater treatment,Missing,Target minimal fractional mix of wastewater treatment pathways at industrial facilities. Can specify any target pathway.,12,0.0,0.8604651162790697,0.8604651162790697,0.8604651162790697,2064
Circular Economy,WALI,TFR:WALI:INC_TREATMENT_INDUSTRIAL,WALI: Improved industrial wastewater treatment,Missing,Target minimal fractional mix of wastewater treatment pathways at industrial facilities. Can specify any target pathway.,12,0.0,0.8837209302325582,0.8837209302325582,0.8837209302325582,2065
Circular Economy,WALI,TFR:WALI:INC_TREATMENT_INDUSTRIAL,WALI: Improved industrial wastewater treatment,Missing,Target minimal fractional mix of wastewater treatment pathways at industrial facilities. Can specify any target pathway.,12,0.0,0.9069767441860465,0.9069767441860465,0.9069767441860465,2066
Circular Economy,WALI,TFR:WALI:INC_TREATMENT_INDUSTRIAL,WALI: Improved industrial wastewater treatment,Missing,Target minimal fractional mix of wastewater treatment pathways at industrial facilities. Can specify any target pathway.,12,0.0,0.9302325581395349,0.9302325581395349,0.9302325581395349,2067
Circular Economy,WALI,TFR:WALI:INC_TREATMENT_INDUSTRIAL,WALI: Improved industrial wastewater treatment,Missing,Target minimal fractional mix of wastewater treatment pathways at industrial facilities. Can specify any target pathway.,12,0.0,0.9534883720930233,0.9534883720930233,0.9534883720930233,2068
Circular Economy,WALI,TFR:WALI:INC_TREATMENT_INDUSTRIAL,WALI: Improved industrial wastewater treatment,Missing,Target minimal fractional mix of wastewater treatment pathways at industrial facilities. Can specify any target pathway.,12,0.0,0.9767441860465116,0.9767441860465116,0.9767441860465116,2069
Circular Economy,WALI,TFR:WALI:INC_TREATMENT_INDUSTRIAL,WALI: Improved industrial wastewater treatment,Missing,Target minimal fractional mix of wastewater treatment pathways at industrial facilities. Can specify any target pathway.,12,0.0,1.0,1.0,1.0,2070
Circular Economy,WALI,TFR:WALI:INC_TREATMENT_RURAL,WALI: Improved rural wastewater treatment,Missing,Target minimal fractional mix of wastewater treatment pathways in rural areas. Can specify any target pathway.,12,0.0,0.0,0.0,0.0,2015
Circular Economy,WALI,TFR:WALI:INC_TREATMENT_RURAL,WALI: Improved rural wastewater treatment,Missing,Target minimal fractional mix of wastewater treatment pathways in rural areas. Can specify any target pathway.,12,0.0,0.0,0.0,0.0,2016
Circular Economy,WALI,TFR:WALI:INC_TREATMENT_RURAL,WALI: Improved rural wastewater treatment,Missing,Target minimal fractional mix of wastewater treatment pathways in rural areas. Can specify any target pathway.,12,0.0,0.0,0.0,0.0,2017
Circular Economy,WALI,TFR:WALI:INC_TREATMENT_RURAL,WALI: Improved rural wastewater treatment,Missing,Target minimal fractional mix of wastewater treatment pathways in rural areas. Can specify any target pathway.,12,0.0,0.0,0.0,0.0,2018
Circular Economy,WALI,TFR:WALI:INC_TREATMENT_RURAL,WALI: Improved rural wastewater treatment,Missing,Target minimal fractional mix of wastewater treatment pathways in rural areas. Can specify any target pathway.,12,0.0,0.0,0.0,0.0,2019
Circular Economy,WALI,TFR:WALI:INC_TREATMENT_RURAL,WALI: Improved rural wastewater treatment,Missing,Target minimal fractional mix of wastewater treatment pathways in rural areas. Can specify any target pathway.,12,0.0,0.0,0.0,0.0,2020
Circular Economy,WALI,TFR:WALI:INC_TREATMENT_RURAL,WALI: Improved rural wastewater treatment,Missing,Target minimal fractional mix of wastewater treatment pathways in rural areas. Can specify any target pathway.,12,0.0,0.0,0.0,0.0,2021
Circular Economy,WALI,TFR:WALI:INC_TREATMENT_RURAL,WALI: Improved rural wastewater treatment,Missing,Target minimal fractional mix of wastewater treatment pathways in rural areas. Can specify any target pathway.,12,0.0,0.0,0.0,0.0,2022
Circular Economy,WALI,TFR:WALI:INC_TREATMENT_RURAL,WALI: Improved rural wastewater treatment,Missing,Target minimal fractional mix of wastewater treatment pathways in rural areas. Can specify any target pathway.,12,0.0,0.0,0.0,0.0,2023
Circular Economy,WALI,TFR:WALI:INC_TREATMENT_RURAL,WALI: Improved rural wastewater treatment,Missing,Target minimal fractional mix of wastewater treatment pathways in rural areas. Can specify any target pathway.,12,0.0,0.0,0.0,0.0,2024
Circular Economy,WALI,TFR:WALI:INC_TREATMENT_RURAL,WALI: Improved rural wastewater treatment,Missing,Target minimal fractional mix of wastewater treatment pathways in rural areas. Can specify any target pathway.,12,0.0,0.0,0.0,0.0,2025
Circular Economy,WALI,TFR:WALI:INC_TREATMENT_RURAL,WALI: Improved rural wastewater treatment,Missing,Target minimal fractional mix of wastewater treatment pathways in rural areas. Can specify any target pathway.,12,0.0,0.0,0.0,0.0,2026
Circular Economy,WALI,TFR:WALI:INC_TREATMENT_RURAL,WALI: Improved rural wastewater treatment,Missing,Target minimal fractional mix of wastewater treatment pathways in rural areas. Can specify any target pathway.,12,0.0,0.0,0.0,0.0,2027
Circular Economy,WALI,TFR:WALI:INC_TREATMENT_RURAL,WALI: Improved rural wastewater treatment,Missing,Target minimal fractional mix of wastewater treatment pathways in rural areas. Can specify any target pathway.,12,0.0,0.023255813953488372,0.023255813953488372,0.023255813953488372,2028
Circular Economy,WALI,TFR:WALI:INC_TREATMENT_RURAL,WALI: Improved rural wastewater treatment,Missing,Target minimal fractional mix of wastewater treatment pathways in rural areas. Can specify any target pathway.,12,0.0,0.046511627906976744,0.046511627906976744,0.046511627906976744,2029
Circular Economy,WALI,TFR:WALI:INC_TREATMENT_RURAL,WALI: Improved rural wastewater treatment,Missing,Target minimal fractional mix of wastewater treatment pathways in rural areas. Can specify any target pathway.,12,0.0,0.06976744186046512,0.06976744186046512,0.06976744186046512,2030
Circular Economy,WALI,TFR:WALI:INC_TREATMENT_RURAL,WALI: Improved rural wastewater treatment,Missing,Target minimal fractional mix of wastewater treatment pathways in rural areas. Can specify any target pathway.,12,0.0,0.09302325581395349,0.09302325581395349,0.09302325581395349,2031
Circular Economy,WALI,TFR:WALI:INC_TREATMENT_RURAL,WALI: Improved rural wastewater treatment,Missing,Target minimal fractional mix of wastewater treatment pathways in rural areas. Can specify any target pathway.,12,0.0,0.11627906976744186,0.11627906976744186,0.11627906976744186,2032
Circular Economy,WALI,TFR:WALI:INC_TREATMENT_RURAL,WALI: Improved rural wastewater treatment,Missing,Target minimal fractional mix of wastewater treatment pathways in rural areas. Can specify any target pathway.,12,0.0,0.13953488372093023,0.13953488372093023,0.13953488372093023,2033
Circular Economy,WALI,TFR:WALI:INC_TREATMENT_RURAL,WALI: Improved rural wastewater treatment,Missing,Target minimal fractional mix of wastewater treatment pathways in rural areas. Can specify any target pathway.,12,0.0,0.16279069767441862,0.16279069767441862,0.16279069767441862,2034
Circular Economy,WALI,TFR:WALI:INC_TREATMENT_RURAL,WALI: Improved rural wastewater treatment,Missing,Target minimal fractional mix of wastewater treatment pathways in rural areas. Can specify any target pathway.,12,0.0,0.18604651162790697,0.18604651162790697,0.18604651162790697,2035
Circular Economy,WALI,TFR:WALI:INC_TREATMENT_RURAL,WALI: Improved rural wastewater treatment,Missing,Target minimal fractional mix of wastewater treatment pathways in rural areas. Can specify any target pathway.,12,0.0,0.20930232558139536,0.20930232558139536,0.20930232558139536,2036
Circular Economy,WALI,TFR:WALI:INC_TREATMENT_RURAL,WALI: Improved rural wastewater treatment,Missing,Target minimal fractional mix of wastewater treatment pathways in rural areas. Can specify any target pathway.,12,0.0,0.23255813953488372,0.23255813953488372,0.23255813953488372,2037
Circular Economy,WALI,TFR:WALI:INC_TREATMENT_RURAL,WALI: Improved rural wastewater treatment,Missing,Target minimal fractional mix of wastewater treatment pathways in rural areas. Can specify any target pathway.,12,0.0,0.2558139534883721,0.2558139534883721,0.2558139534883721,2038
Circular Economy,WALI,TFR:WALI:INC_TREATMENT_RURAL,WALI: Improved rural wastewater treatment,Missing,Target minimal fractional mix of wastewater treatment pathways in rural areas. Can specify any target pathway.,12,0.0,0.27906976744186046,0.27906976744186046,0.27906976744186046,2039
Circular Economy,WALI,TFR:WALI:INC_TREATMENT_RURAL,WALI: Improved rural wastewater treatment,Missing,Target minimal fractional mix of wastewater treatment pathways in rural areas. Can specify any target pathway.,12,0.0,0.3023255813953488,0.3023255813953488,0.3023255813953488,2040
Circular Economy,WALI,TFR:WALI:INC_TREATMENT_RURAL,WALI: Improved rural wastewater treatment,Missing,Target minimal fractional mix of wastewater treatment pathways in rural areas. Can specify any target pathway.,12,0.0,0.32558139534883723,0.32558139534883723,0.32558139534883723,2041
Circular Economy,WALI,TFR:WALI:INC_TREATMENT_RURAL,WALI: Improved rural wastewater treatment,Missing,Target minimal fractional mix of wastewater treatment pathways in rural areas. Can specify any target pathway.,12,0.0,0.3488372093023256,0.3488372093023256,0.3488372093023256,2042
Circular Economy,WALI,TFR:WALI:INC_TREATMENT_RURAL,WALI: Improved rural wastewater treatment,Missing,Target minimal fractional mix of wastewater treatment pathways in rural areas. Can specify any target pathway.,12,0.0,0.37209302325581395,0.37209302325581395,0.37209302325581395,2043
Circular Economy,WALI,TFR:WALI:INC_TREATMENT_RURAL,WALI: Improved rural wastewater treatment,Missing,Target minimal fractional mix of wastewater treatment pathways in rural areas. Can specify any target pathway.,12,0.0,0.3953488372093023,0.3953488372093023,0.3953488372093023,2044
Circular Economy,WALI,TFR:WALI:INC_TREATMENT_RURAL,WALI: Improved rural wastewater treatment,Missing,Target minimal fractional mix of wastewater treatment pathways in rural areas. Can specify any target pathway.,12,0.0,0.4186046511627907,0.4186046511627907,0.4186046511627907,2045
Circular Economy,WALI,TFR:WALI:INC_TREATMENT_RURAL,WALI: Improved rural wastewater treatment,Missing,Target minimal fractional mix of wastewater treatment pathways in rural areas. Can specify any target pathway.,12,0.0,0.4418604651162791,0.4418604651162791,0.4418604651162791,2046
Circular Economy,WALI,TFR:WALI:INC_TREATMENT_RURAL,WALI: Improved rural wastewater treatment,Missing,Target minimal fractional mix of wastewater treatment pathways in rural areas. Can specify any target pathway.,12,0.0,0.46511627906976744,0.46511627906976744,0.46511627906976744,2047
Circular Economy,WALI,TFR:WALI:INC_TREATMENT_RURAL,WALI: Improved rural wastewater treatment,Missing,Target minimal fractional mix of wastewater treatment pathways in rural areas. Can specify any target pathway.,12,0.0,0.4883720930232558,0.4883720930232558,0.4883720930232558,2048
Circular Economy,WALI,TFR:WALI:INC_TREATMENT_RURAL,WALI: Improved rural wastewater treatment,Missing,Target minimal fractional mix of wastewater treatment pathways in rural areas. Can specify any target pathway.,12,0.0,0.5116279069767442,0.5116279069767442,0.5116279069767442,2049
Circular Economy,WALI,TFR:WALI:INC_TREATMENT_RURAL,WALI: Improved rural wastewater treatment,Missing,Target minimal fractional mix of wastewater treatment pathways in rural areas. Can specify any target pathway.,12,0.0,0.5348837209302325,0.5348837209302325,0.5348837209302325,2050
Circular Economy,WALI,TFR:WALI:INC_TREATMENT_RURAL,WALI: Improved rural wastewater treatment,Missing,Target minimal fractional mix of wastewater treatment pathways in rural areas. Can specify any target pathway.,12,0.0,0.5581395348837209,0.5581395348837209,0.5581395348837209,2051
Circular Economy,WALI,TFR:WALI:INC_TREATMENT_RURAL,WALI: Improved rural wastewater treatment,Missing,Target minimal fractional mix of wastewater treatment pathways in rural areas. Can specify any target pathway.,12,0.0,0.5813953488372093,0.5813953488372093,0.5813953488372093,2052
Circular Economy,WALI,TFR:WALI:INC_TREATMENT_RURAL,WALI: Improved rural wastewater treatment,Missing,Target minimal fractional mix of wastewater treatment pathways in rural areas. Can specify any target pathway.,12,0.0,0.6046511627906976,0.6046511627906976,0.6046511627906976,2053
Circular Economy,WALI,TFR:WALI:INC_TREATMENT_RURAL,WALI: Improved rural wastewater treatment,Missing,Target minimal fractional mix of wastewater treatment pathways in rural areas. Can specify any target pathway.,12,0.0,0.627906976744186,0.627906976744186,0.627906976744186,2054
Circular Economy,WALI,TFR:WALI:INC_TREATMENT_RURAL,WALI: Improved rural wastewater treatment,Missing,Target minimal fractional mix of wastewater treatment pathways in rural areas. Can specify any target pathway.,12,0.0,0.6511627906976745,0.6511627906976745,0.6511627906976745,2055
Circular Economy,WALI,TFR:WALI:INC_TREATMENT_RURAL,WALI: Improved rural wastewater treatment,Missing,Target minimal fractional mix of wastewater treatment pathways in rural areas. Can specify any target pathway.,12,0.0,0.6744186046511628,0.6744186046511628,0.6744186046511628,2056
Circular Economy,WALI,TFR:WALI:INC_TREATMENT_RURAL,WALI: Improved rural wastewater treatment,Missing,Target minimal fractional mix of wastewater treatment pathways in rural areas. Can specify any target pathway.,12,0.0,0.6976744186046512,0.6976744186046512,0.6976744186046512,2057
Circular Economy,WALI,TFR:WALI:INC_TREATMENT_RURAL,WALI: Improved rural wastewater treatment,Missing,Target minimal fractional mix of wastewater treatment pathways in rural areas. Can specify any target pathway.,12,0.0,0.7209302325581395,0.7209302325581395,0.7209302325581395,2058
Circular Economy,WALI,TFR:WALI:INC_TREATMENT_RURAL,WALI: Improved rural wastewater treatment,Missing,Target minimal fractional mix of wastewater treatment pathways in rural areas. Can specify any target pathway.,12,0.0,0.7441860465116279,0.7441860465116279,0.7441860465116279,2059
Circular Economy,WALI,TFR:WALI:INC_TREATMENT_RURAL,WALI: Improved rural wastewater treatment,Missing,Target minimal fractional mix of wastewater treatment pathways in rural areas. Can specify any target pathway.,12,0.0,0.7674418604651163,0.7674418604651163,0.7674418604651163,2060
Circular Economy,WALI,TFR:WALI:INC_TREATMENT_RURAL,WALI: Improved rural wastewater treatment,Missing,Target minimal fractional mix of wastewater treatment pathways in rural areas. Can specify any target pathway.,12,0.0,0.7906976744186046,0.7906976744186046,0.7906976744186046,2061
Circular Economy,WALI,TFR:WALI:INC_TREATMENT_RURAL,WALI: Improved rural wastewater treatment,Missing,Target minimal fractional mix of wastewater treatment pathways in rural areas. Can specify any target pathway.,12,0.0,0.813953488372093,0.813953488372093,0.813953488372093,2062
Circular Economy,WALI,TFR:WALI:INC_TREATMENT_RURAL,WALI: Improved rural wastewater treatment,Missing,Target minimal fractional mix of wastewater treatment pathways in rural areas. Can specify any target pathway.,12,0.0,0.8372093023255814,0.8372093023255814,0.8372093023255814,2063
Circular Economy,WALI,TFR:WALI:INC_TREATMENT_RURAL,WALI: Improved rural wastewater treatment,Missing,Target minimal fractional mix of wastewater treatment pathways in rural areas. Can specify any target pathway.,12,0.0,0.8604651162790697,0.8604651162790697,0.8604651162790697,2064
Circular Economy,WALI,TFR:WALI:INC_TREATMENT_RURAL,WALI: Improved rural wastewater treatment,Missing,Target minimal fractional mix of wastewater treatment pathways in rural areas. Can specify any target pathway.,12,0.0,0.8837209302325582,0.8837209302325582,0.8837209302325582,2065
Circular Economy,WALI,TFR:WALI:INC_TREATMENT_RURAL,WALI: Improved rural wastewater treatment,Missing,Target minimal fractional mix of wastewater treatment pathways in rural areas. Can specify any target pathway.,12,0.0,0.9069767441860465,0.9069767441860465,0.9069767441860465,2066
Circular Economy,WALI,TFR:WALI:INC_TREATMENT_RURAL,WALI: Improved rural wastewater treatment,Missing,Target minimal fractional mix of wastewater treatment pathways in rural areas. Can specify any target pathway.,12,0.0,0.9302325581395349,0.9302325581395349,0.9302325581395349,2067
Circular Economy,WALI,TFR:WALI:INC_TREATMENT_RURAL,WALI: Improved rural wastewater treatment,Missing,Target minimal fractional mix of wastewater treatment pathways in rural areas. Can specify any target pathway.,12,0.0,0.9534883720930233,0.9534883720930233,0.9534883720930233,2068
Circular Economy,WALI,TFR:WALI:INC_TREATMENT_RURAL,WALI: Improved rural wastewater treatment,Missing,Target minimal fractional mix of wastewater treatment pathways in rural areas. Can specify any target pathway.,12,0.0,0.9767441860465116,0.9767441860465116,0.9767441860465116,2069
Circular Economy,WALI,TFR:WALI:INC_TREATMENT_RURAL,WALI: Improved rural wastewater treatment,Missing,Target minimal fractional mix of wastewater treatment pathways in rural areas. Can specify any target pathway.,12,0.0,1.0,1.0,1.0,2070
Circular Economy,WALI,TFR:WALI:INC_TREATMENT_URBAN,WALI: Improved urban wastewater treatment,Missing,Target minimal fractional mix of wastewater treatment pathways in urban areas. Can specify any target pathway.,12,0.0,0.0,0.0,0.0,2015
Circular Economy,WALI,TFR:WALI:INC_TREATMENT_URBAN,WALI: Improved urban wastewater treatment,Missing,Target minimal fractional mix of wastewater treatment pathways in urban areas. Can specify any target pathway.,12,0.0,0.0,0.0,0.0,2016
Circular Economy,WALI,TFR:WALI:INC_TREATMENT_URBAN,WALI: Improved urban wastewater treatment,Missing,Target minimal fractional mix of wastewater treatment pathways in urban areas. Can specify any target pathway.,12,0.0,0.0,0.0,0.0,2017
Circular Economy,WALI,TFR:WALI:INC_TREATMENT_URBAN,WALI: Improved urban wastewater treatment,Missing,Target minimal fractional mix of wastewater treatment pathways in urban areas. Can specify any target pathway.,12,0.0,0.0,0.0,0.0,2018
Circular Economy,WALI,TFR:WALI:INC_TREATMENT_URBAN,WALI: Improved urban wastewater treatment,Missing,Target minimal fractional mix of wastewater treatment pathways in urban areas. Can specify any target pathway.,12,0.0,0.0,0.0,0.0,2019
Circular Economy,WALI,TFR:WALI:INC_TREATMENT_URBAN,WALI: Improved urban wastewater treatment,Missing,Target minimal fractional mix of wastewater treatment pathways in urban areas. Can specify any target pathway.,12,0.0,0.0,0.0,0.0,2020
Circular Economy,WALI,TFR:WALI:INC_TREATMENT_URBAN,WALI: Improved urban wastewater treatment,Missing,Target minimal fractional mix of wastewater treatment pathways in urban areas. Can specify any target pathway.,12,0.0,0.0,0.0,0.0,2021
Circular Economy,WALI,TFR:WALI:INC_TREATMENT_URBAN,WALI: Improved urban wastewater treatment,Missing,Target minimal fractional mix of wastewater treatment pathways in urban areas. Can specify any target pathway.,12,0.0,0.0,0.0,0.0,2022
Circular Economy,WALI,TFR:WALI:INC_TREATMENT_URBAN,WALI: Improved urban wastewater treatment,Missing,Target minimal fractional mix of wastewater treatment pathways in urban areas. Can specify any target pathway.,12,0.0,0.0,0.0,0.0,2023
Circular Economy,WALI,TFR:WALI:INC_TREATMENT_URBAN,WALI: Improved urban wastewater treatment,Missing,Target minimal fractional mix of wastewater treatment pathways in urban areas. Can specify any target pathway.,12,0.0,0.0,0.0,0.0,2024
Circular Economy,WALI,TFR:WALI:INC_TREATMENT_URBAN,WALI: Improved urban wastewater treatment,Missing,Target minimal fractional mix of wastewater treatment pathways in urban areas. Can specify any target pathway.,12,0.0,0.0,0.0,0.0,2025
Circular Economy,WALI,TFR:WALI:INC_TREATMENT_URBAN,WALI: Improved urban wastewater treatment,Missing,Target minimal fractional mix of wastewater treatment pathways in urban areas. Can specify any target pathway.,12,0.0,0.0,0.0,0.0,2026
Circular Economy,WALI,TFR:WALI:INC_TREATMENT_URBAN,WALI: Improved urban wastewater treatment,Missing,Target minimal fractional mix of wastewater treatment pathways in urban areas. Can specify any target pathway.,12,0.0,0.0,0.0,0.0,2027
Circular Economy,WALI,TFR:WALI:INC_TREATMENT_URBAN,WALI: Improved urban wastewater treatment,Missing,Target minimal fractional mix of wastewater treatment pathways in urban areas. Can specify any target pathway.,12,0.0,0.023255813953488372,0.023255813953488372,0.023255813953488372,2028
Circular Economy,WALI,TFR:WALI:INC_TREATMENT_URBAN,WALI: Improved urban wastewater treatment,Missing,Target minimal fractional mix of wastewater treatment pathways in urban areas. Can specify any target pathway.,12,0.0,0.046511627906976744,0.046511627906976744,0.046511627906976744,2029
Circular Economy,WALI,TFR:WALI:INC_TREATMENT_URBAN,WALI: Improved urban wastewater treatment,Missing,Target minimal fractional mix of wastewater treatment pathways in urban areas. Can specify any target pathway.,12,0.0,0.06976744186046512,0.06976744186046512,0.06976744186046512,2030
Circular Economy,WALI,TFR:WALI:INC_TREATMENT_URBAN,WALI: Improved urban wastewater treatment,Missing,Target minimal fractional mix of wastewater treatment pathways in urban areas. Can specify any target pathway.,12,0.0,0.09302325581395349,0.09302325581395349,0.09302325581395349,2031
Circular Economy,WALI,TFR:WALI:INC_TREATMENT_URBAN,WALI: Improved urban wastewater treatment,Missing,Target minimal fractional mix of wastewater treatment pathways in urban areas. Can specify any target pathway.,12,0.0,0.11627906976744186,0.11627906976744186,0.11627906976744186,2032
Circular Economy,WALI,TFR:WALI:INC_TREATMENT_URBAN,WALI: Improved urban wastewater treatment,Missing,Target minimal fractional mix of wastewater treatment pathways in urban areas. Can specify any target pathway.,12,0.0,0.13953488372093023,0.13953488372093023,0.13953488372093023,2033
Circular Economy,WALI,TFR:WALI:INC_TREATMENT_URBAN,WALI: Improved urban wastewater treatment,Missing,Target minimal fractional mix of wastewater treatment pathways in urban areas. Can specify any target pathway.,12,0.0,0.16279069767441862,0.16279069767441862,0.16279069767441862,2034
Circular Economy,WALI,TFR:WALI:INC_TREATMENT_URBAN,WALI: Improved urban wastewater treatment,Missing,Target minimal fractional mix of wastewater treatment pathways in urban areas. Can specify any target pathway.,12,0.0,0.18604651162790697,0.18604651162790697,0.18604651162790697,2035
Circular Economy,WALI,TFR:WALI:INC_TREATMENT_URBAN,WALI: Improved urban wastewater treatment,Missing,Target minimal fractional mix of wastewater treatment pathways in urban areas. Can specify any target pathway.,12,0.0,0.20930232558139536,0.20930232558139536,0.20930232558139536,2036
Circular Economy,WALI,TFR:WALI:INC_TREATMENT_URBAN,WALI: Improved urban wastewater treatment,Missing,Target minimal fractional mix of wastewater treatment pathways in urban areas. Can specify any target pathway.,12,0.0,0.23255813953488372,0.23255813953488372,0.23255813953488372,2037
Circular Economy,WALI,TFR:WALI:INC_TREATMENT_URBAN,WALI: Improved urban wastewater treatment,Missing,Target minimal fractional mix of wastewater treatment pathways in urban areas. Can specify any target pathway.,12,0.0,0.2558139534883721,0.2558139534883721,0.2558139534883721,2038
Circular Economy,WALI,TFR:WALI:INC_TREATMENT_URBAN,WALI: Improved urban wastewater treatment,Missing,Target minimal fractional mix of wastewater treatment pathways in urban areas. Can specify any target pathway.,12,0.0,0.27906976744186046,0.27906976744186046,0.27906976744186046,2039
Circular Economy,WALI,TFR:WALI:INC_TREATMENT_URBAN,WALI: Improved urban wastewater treatment,Missing,Target minimal fractional mix of wastewater treatment pathways in urban areas. Can specify any target pathway.,12,0.0,0.3023255813953488,0.3023255813953488,0.3023255813953488,2040
Circular Economy,WALI,TFR:WALI:INC_TREATMENT_URBAN,WALI: Improved urban wastewater treatment,Missing,Target minimal fractional mix of wastewater treatment pathways in urban areas. Can specify any target pathway.,12,0.0,0.32558139534883723,0.32558139534883723,0.32558139534883723,2041
Circular Economy,WALI,TFR:WALI:INC_TREATMENT_URBAN,WALI: Improved urban wastewater treatment,Missing,Target minimal fractional mix of wastewater treatment pathways in urban areas. Can specify any target pathway.,12,0.0,0.3488372093023256,0.3488372093023256,0.3488372093023256,2042
Circular Economy,WALI,TFR:WALI:INC_TREATMENT_URBAN,WALI: Improved urban wastewater treatment,Missing,Target minimal fractional mix of wastewater treatment pathways in urban areas. Can specify any target pathway.,12,0.0,0.37209302325581395,0.37209302325581395,0.37209302325581395,2043
Circular Economy,WALI,TFR:WALI:INC_TREATMENT_URBAN,WALI: Improved urban wastewater treatment,Missing,Target minimal fractional mix of wastewater treatment pathways in urban areas. Can specify any target pathway.,12,0.0,0.3953488372093023,0.3953488372093023,0.3953488372093023,2044
Circular Economy,WALI,TFR:WALI:INC_TREATMENT_URBAN,WALI: Improved urban wastewater treatment,Missing,Target minimal fractional mix of wastewater treatment pathways in urban areas. Can specify any target pathway.,12,0.0,0.4186046511627907,0.4186046511627907,0.4186046511627907,2045
Circular Economy,WALI,TFR:WALI:INC_TREATMENT_URBAN,WALI: Improved urban wastewater treatment,Missing,Target minimal fractional mix of wastewater treatment pathways in urban areas. Can specify any target pathway.,12,0.0,0.4418604651162791,0.4418604651162791,0.4418604651162791,2046
Circular Economy,WALI,TFR:WALI:INC_TREATMENT_URBAN,WALI: Improved urban wastewater treatment,Missing,Target minimal fractional mix of wastewater treatment pathways in urban areas. Can specify any target pathway.,12,0.0,0.46511627906976744,0.46511627906976744,0.46511627906976744,2047
Circular Economy,WALI,TFR:WALI:INC_TREATMENT_URBAN,WALI: Improved urban wastewater treatment,Missing,Target minimal fractional mix of wastewater treatment pathways in urban areas. Can specify any target pathway.,12,0.0,0.4883720930232558,0.4883720930232558,0.4883720930232558,2048
Circular Economy,WALI,TFR:WALI:INC_TREATMENT_URBAN,WALI: Improved urban wastewater treatment,Missing,Target minimal fractional mix of wastewater treatment pathways in urban areas. Can specify any target pathway.,12,0.0,0.5116279069767442,0.5116279069767442,0.5116279069767442,2049
Circular Economy,WALI,TFR:WALI:INC_TREATMENT_URBAN,WALI: Improved urban wastewater treatment,Missing,Target minimal fractional mix of wastewater treatment pathways in urban areas. Can specify any target pathway.,12,0.0,0.5348837209302325,0.5348837209302325,0.5348837209302325,2050
Circular Economy,WALI,TFR:WALI:INC_TREATMENT_URBAN,WALI: Improved urban wastewater treatment,Missing,Target minimal fractional mix of wastewater treatment pathways in urban areas. Can specify any target pathway.,12,0.0,0.5581395348837209,0.5581395348837209,0.5581395348837209,2051
Circular Economy,WALI,TFR:WALI:INC_TREATMENT_URBAN,WALI: Improved urban wastewater treatment,Missing,Target minimal fractional mix of wastewater treatment pathways in urban areas. Can specify any target pathway.,12,0.0,0.5813953488372093,0.5813953488372093,0.5813953488372093,2052
Circular Economy,WALI,TFR:WALI:INC_TREATMENT_URBAN,WALI: Improved urban wastewater treatment,Missing,Target minimal fractional mix of wastewater treatment pathways in urban areas. Can specify any target pathway.,12,0.0,0.6046511627906976,0.6046511627906976,0.6046511627906976,2053
Circular Economy,WALI,TFR:WALI:INC_TREATMENT_URBAN,WALI: Improved urban wastewater treatment,Missing,Target minimal fractional mix of wastewater treatment pathways in urban areas. Can specify any target pathway.,12,0.0,0.627906976744186,0.627906976744186,0.627906976744186,2054
Circular Economy,WALI,TFR:WALI:INC_TREATMENT_URBAN,WALI: Improved urban wastewater treatment,Missing,Target minimal fractional mix of wastewater treatment pathways in urban areas. Can specify any target pathway.,12,0.0,0.6511627906976745,0.6511627906976745,0.6511627906976745,2055
Circular Economy,WALI,TFR:WALI:INC_TREATMENT_URBAN,WALI: Improved urban wastewater treatment,Missing,Target minimal fractional mix of wastewater treatment pathways in urban areas. Can specify any target pathway.,12,0.0,0.6744186046511628,0.6744186046511628,0.6744186046511628,2056
Circular Economy,WALI,TFR:WALI:INC_TREATMENT_URBAN,WALI: Improved urban wastewater treatment,Missing,Target minimal fractional mix of wastewater treatment pathways in urban areas. Can specify any target pathway.,12,0.0,0.6976744186046512,0.6976744186046512,0.6976744186046512,2057
Circular Economy,WALI,TFR:WALI:INC_TREATMENT_URBAN,WALI: Improved urban wastewater treatment,Missing,Target minimal fractional mix of wastewater treatment pathways in urban areas. Can specify any target pathway.,12,0.0,0.7209302325581395,0.7209302325581395,0.7209302325581395,2058
Circular Economy,WALI,TFR:WALI:INC_TREATMENT_URBAN,WALI: Improved urban wastewater treatment,Missing,Target minimal fractional mix of wastewater treatment pathways in urban areas. Can specify any target pathway.,12,0.0,0.7441860465116279,0.7441860465116279,0.7441860465116279,2059
Circular Economy,WALI,TFR:WALI:INC_TREATMENT_URBAN,WALI: Improved urban wastewater treatment,Missing,Target minimal fractional mix of wastewater treatment pathways in urban areas. Can specify any target pathway.,12,0.0,0.7674418604651163,0.7674418604651163,0.7674418604651163,2060
Circular Economy,WALI,TFR:WALI:INC_TREATMENT_URBAN,WALI: Improved urban wastewater treatment,Missing,Target minimal fractional mix of wastewater treatment pathways in urban areas. Can specify any target pathway.,12,0.0,0.7906976744186046,0.7906976744186046,0.7906976744186046,2061
Circular Economy,WALI,TFR:WALI:INC_TREATMENT_URBAN,WALI: Improved urban wastewater treatment,Missing,Target minimal fractional mix of wastewater treatment pathways in urban areas. Can specify any target pathway.,12,0.0,0.813953488372093,0.813953488372093,0.813953488372093,2062
Circular Economy,WALI,TFR:WALI:INC_TREATMENT_URBAN,WALI: Improved urban wastewater treatment,Missing,Target minimal fractional mix of wastewater treatment pathways in urban areas. Can specify any target pathway.,12,0.0,0.8372093023255814,0.8372093023255814,0.8372093023255814,2063
Circular Economy,WALI,TFR:WALI:INC_TREATMENT_URBAN,WALI: Improved urban wastewater treatment,Missing,Target minimal fractional mix of wastewater treatment pathways in urban areas. Can specify any target pathway.,12,0.0,0.8604651162790697,0.8604651162790697,0.8604651162790697,2064
Circular Economy,WALI,TFR:WALI:INC_TREATMENT_URBAN,WALI: Improved urban wastewater treatment,Missing,Target minimal fractional mix of wastewater treatment pathways in urban areas. Can specify any target pathway.,12,0.0,0.8837209302325582,0.8837209302325582,0.8837209302325582,2065
Circular Economy,WALI,TFR:WALI:INC_TREATMENT_URBAN,WALI: Improved urban wastewater treatment,Missing,Target minimal fractional mix of wastewater treatment pathways in urban areas. Can specify any target pathway.,12,0.0,0.9069767441860465,0.9069767441860465,0.9069767441860465,2066
Circular Economy,WALI,TFR:WALI:INC_TREATMENT_URBAN,WALI: Improved urban wastewater treatment,Missing,Target minimal fractional mix of wastewater treatment pathways in urban areas. Can specify any target pathway.,12,0.0,0.9302325581395349,0.9302325581395349,0.9302325581395349,2067
Circular Economy,WALI,TFR:WALI:INC_TREATMENT_URBAN,WALI: Improved urban wastewater treatment,Missing,Target minimal fractional mix of wastewater treatment pathways in urban areas. Can specify any target pathway.,12,0.0,0.9534883720930233,0.9534883720930233,0.9534883720930233,2068
Circular Economy,WALI,TFR:WALI:INC_TREATMENT_URBAN,WALI: Improved urban wastewater treatment,Missing,Target minimal fractional mix of wastewater treatment pathways in urban areas. Can specify any target pathway.,12,0.0,0.9767441860465116,0.9767441860465116,0.9767441860465116,2069
Circular Economy,WALI,TFR:WALI:INC_TREATMENT_URBAN,WALI: Improved urban wastewater treatment,Missing,Target minimal fractional mix of wastewater treatment pathways in urban areas. Can specify any target pathway.,12,0.0,1.0,1.0,1.0,2070
Circular Economy,WASO,TFR:WASO:DEC_CONSUMER_FOOD_WASTE,WASO: Consumer food waste reduction,Reduce the amount of food waste generated per capita,Fractional reduction in per capita food waste generated relative to final time period,12,0.0,0.0,0.0,0.0,2015
Circular Economy,WASO,TFR:WASO:DEC_CONSUMER_FOOD_WASTE,WASO: Consumer food waste reduction,Reduce the amount of food waste generated per capita,Fractional reduction in per capita food waste generated relative to final time period,12,0.0,0.0,0.0,0.0,2016
Circular Economy,WASO,TFR:WASO:DEC_CONSUMER_FOOD_WASTE,WASO: Consumer food waste reduction,Reduce the amount of food waste generated per capita,Fractional reduction in per capita food waste generated relative to final time period,12,0.0,0.0,0.0,0.0,2017
Circular Economy,WASO,TFR:WASO:DEC_CONSUMER_FOOD_WASTE,WASO: Consumer food waste reduction,Reduce the amount of food waste generated per capita,Fractional reduction in per capita food waste generated relative to final time period,12,0.0,0.0,0.0,0.0,2018
Circular Economy,WASO,TFR:WASO:DEC_CONSUMER_FOOD_WASTE,WASO: Consumer food waste reduction,Reduce the amount of food waste generated per capita,Fractional reduction in per capita food waste generated relative to final time period,12,0.0,0.0,0.0,0.0,2019
Circular Economy,WASO,TFR:WASO:DEC_CONSUMER_FOOD_WASTE,WASO: Consumer food waste reduction,Reduce the amount of food waste generated per capita,Fractional reduction in per capita food waste generated relative to final time period,12,0.0,0.0,0.0,0.0,2020
Circular Economy,WASO,TFR:WASO:DEC_CONSUMER_FOOD_WASTE,WASO: Consumer food waste reduction,Reduce the amount of food waste generated per capita,Fractional reduction in per capita food waste generated relative to final time period,12,0.0,0.0,0.0,0.0,2021
Circular Economy,WASO,TFR:WASO:DEC_CONSUMER_FOOD_WASTE,WASO: Consumer food waste reduction,Reduce the amount of food waste generated per capita,Fractional reduction in per capita food waste generated relative to final time period,12,0.0,0.0,0.0,0.0,2022
Circular Economy,WASO,TFR:WASO:DEC_CONSUMER_FOOD_WASTE,WASO: Consumer food waste reduction,Reduce the amount of food waste generated per capita,Fractional reduction in per capita food waste generated relative to final time period,12,0.0,0.0,0.0,0.0,2023
Circular Economy,WASO,TFR:WASO:DEC_CONSUMER_FOOD_WASTE,WASO: Consumer food waste reduction,Reduce the amount of food waste generated per capita,Fractional reduction in per capita food waste generated relative to final time period,12,0.0,0.0,0.0,0.0,2024
Circular Economy,WASO,TFR:WASO:DEC_CONSUMER_FOOD_WASTE,WASO: Consumer food waste reduction,Reduce the amount of food waste generated per capita,Fractional reduction in per capita food waste generated relative to final time period,12,0.0,0.0,0.0,0.0,2025
Circular Economy,WASO,TFR:WASO:DEC_CONSUMER_FOOD_WASTE,WASO: Consumer food waste reduction,Reduce the amount of food waste generated per capita,Fractional reduction in per capita food waste generated relative to final time period,12,0.0,0.0,0.0,0.0,2026
Circular Economy,WASO,TFR:WASO:DEC_CONSUMER_FOOD_WASTE,WASO: Consumer food waste reduction,Reduce the amount of food waste generated per capita,Fractional reduction in per capita food waste generated relative to final time period,12,0.0,0.0,0.0,0.0,2027
Circular Economy,WASO,TFR:WASO:DEC_CONSUMER_FOOD_WASTE,WASO: Consumer food waste reduction,Reduce the amount of food waste generated per capita,Fractional reduction in per capita food waste generated relative to final time period,12,0.0,0.0,0.0,0.013953488372093023,2028
Circular Economy,WASO,TFR:WASO:DEC_CONSUMER_FOOD_WASTE,WASO: Consumer food waste reduction,Reduce the amount of food waste generated per capita,Fractional reduction in per capita food waste generated relative to final time period,12,0.0,0.0,0.0,0.027906976744186046,2029
Circular Economy,WASO,TFR:WASO:DEC_CONSUMER_FOOD_WASTE,WASO: Consumer food waste reduction,Reduce the amount of food waste generated per capita,Fractional reduction in per capita food waste generated relative to final time period,12,0.0,0.0,0.0,0.04186046511627907,2030
Circular Economy,WASO,TFR:WASO:DEC_CONSUMER_FOOD_WASTE,WASO: Consumer food waste reduction,Reduce the amount of food waste generated per capita,Fractional reduction in per capita food waste generated relative to final time period,12,0.0,0.0,0.0,0.05581395348837209,2031
Circular Economy,WASO,TFR:WASO:DEC_CONSUMER_FOOD_WASTE,WASO: Consumer food waste reduction,Reduce the amount of food waste generated per capita,Fractional reduction in per capita food waste generated relative to final time period,12,0.0,0.0,0.0,0.06976744186046512,2032
Circular Economy,WASO,TFR:WASO:DEC_CONSUMER_FOOD_WASTE,WASO: Consumer food waste reduction,Reduce the amount of food waste generated per capita,Fractional reduction in per capita food waste generated relative to final time period,12,0.0,0.0,0.0,0.08372093023255814,2033
Circular Economy,WASO,TFR:WASO:DEC_CONSUMER_FOOD_WASTE,WASO: Consumer food waste reduction,Reduce the amount of food waste generated per capita,Fractional reduction in per capita food waste generated relative to final time period,12,0.0,0.0,0.0,0.09767441860465116,2034
Circular Economy,WASO,TFR:WASO:DEC_CONSUMER_FOOD_WASTE,WASO: Consumer food waste reduction,Reduce the amount of food waste generated per capita,Fractional reduction in per capita food waste generated relative to final time period,12,0.0,0.0,0.0,0.11162790697674418,2035
Circular Economy,WASO,TFR:WASO:DEC_CONSUMER_FOOD_WASTE,WASO: Consumer food waste reduction,Reduce the amount of food waste generated per capita,Fractional reduction in per capita food waste generated relative to final time period,12,0.0,0.0,0.0,0.12558139534883722,2036
Circular Economy,WASO,TFR:WASO:DEC_CONSUMER_FOOD_WASTE,WASO: Consumer food waste reduction,Reduce the amount of food waste generated per capita,Fractional reduction in per capita food waste generated relative to final time period,12,0.0,0.0,0.0,0.13953488372093023,2037
Circular Economy,WASO,TFR:WASO:DEC_CONSUMER_FOOD_WASTE,WASO: Consumer food waste reduction,Reduce the amount of food waste generated per capita,Fractional reduction in per capita food waste generated relative to final time period,12,0.0,0.0,0.0,0.15348837209302327,2038
Circular Economy,WASO,TFR:WASO:DEC_CONSUMER_FOOD_WASTE,WASO: Consumer food waste reduction,Reduce the amount of food waste generated per capita,Fractional reduction in per capita food waste generated relative to final time period,12,0.0,0.0,0.0,0.16744186046511628,2039
Circular Economy,WASO,TFR:WASO:DEC_CONSUMER_FOOD_WASTE,WASO: Consumer food waste reduction,Reduce the amount of food waste generated per capita,Fractional reduction in per capita food waste generated relative to final time period,12,0.0,0.0,0.0,0.18139534883720929,2040
Circular Economy,WASO,TFR:WASO:DEC_CONSUMER_FOOD_WASTE,WASO: Consumer food waste reduction,Reduce the amount of food waste generated per capita,Fractional reduction in per capita food waste generated relative to final time period,12,0.0,0.0,0.0,0.19534883720930232,2041
Circular Economy,WASO,TFR:WASO:DEC_CONSUMER_FOOD_WASTE,WASO: Consumer food waste reduction,Reduce the amount of food waste generated per capita,Fractional reduction in per capita food waste generated relative to final time period,12,0.0,0.0,0.0,0.20930232558139536,2042
Circular Economy,WASO,TFR:WASO:DEC_CONSUMER_FOOD_WASTE,WASO: Consumer food waste reduction,Reduce the amount of food waste generated per capita,Fractional reduction in per capita food waste generated relative to final time period,12,0.0,0.0,0.0,0.22325581395348837,2043
Circular Economy,WASO,TFR:WASO:DEC_CONSUMER_FOOD_WASTE,WASO: Consumer food waste reduction,Reduce the amount of food waste generated per capita,Fractional reduction in per capita food waste generated relative to final time period,12,0.0,0.0,0.0,0.23720930232558138,2044
Circular Economy,WASO,TFR:WASO:DEC_CONSUMER_FOOD_WASTE,WASO: Consumer food waste reduction,Reduce the amount of food waste generated per capita,Fractional reduction in per capita food waste generated relative to final time period,12,0.0,0.0,0.0,0.25116279069767444,2045
Circular Economy,WASO,TFR:WASO:DEC_CONSUMER_FOOD_WASTE,WASO: Consumer food waste reduction,Reduce the amount of food waste generated per capita,Fractional reduction in per capita food waste generated relative to final time period,12,0.0,0.0,0.0,0.2651162790697674,2046
Circular Economy,WASO,TFR:WASO:DEC_CONSUMER_FOOD_WASTE,WASO: Consumer food waste reduction,Reduce the amount of food waste generated per capita,Fractional reduction in per capita food waste generated relative to final time period,12,0.0,0.0,0.0,0.27906976744186046,2047
Circular Economy,WASO,TFR:WASO:DEC_CONSUMER_FOOD_WASTE,WASO: Consumer food waste reduction,Reduce the amount of food waste generated per capita,Fractional reduction in per capita food waste generated relative to final time period,12,0.0,0.0,0.0,0.29302325581395344,2048
Circular Economy,WASO,TFR:WASO:DEC_CONSUMER_FOOD_WASTE,WASO: Consumer food waste reduction,Reduce the amount of food waste generated per capita,Fractional reduction in per capita food waste generated relative to final time period,12,0.0,0.0,0.0,0.30697674418604654,2049
Circular Economy,WASO,TFR:WASO:DEC_CONSUMER_FOOD_WASTE,WASO: Consumer food waste reduction,Reduce the amount of food waste generated per capita,Fractional reduction in per capita food waste generated relative to final time period,12,0.0,0.0,0.0,0.3209302325581395,2050
Circular Economy,WASO,TFR:WASO:DEC_CONSUMER_FOOD_WASTE,WASO: Consumer food waste reduction,Reduce the amount of food waste generated per capita,Fractional reduction in per capita food waste generated relative to final time period,12,0.0,0.0,0.0,0.33488372093023255,2051
Circular Economy,WASO,TFR:WASO:DEC_CONSUMER_FOOD_WASTE,WASO: Consumer food waste reduction,Reduce the amount of food waste generated per capita,Fractional reduction in per capita food waste generated relative to final time period,12,0.0,0.0,0.0,0.3488372093023256,2052
Circular Economy,WASO,TFR:WASO:DEC_CONSUMER_FOOD_WASTE,WASO: Consumer food waste reduction,Reduce the amount of food waste generated per capita,Fractional reduction in per capita food waste generated relative to final time period,12,0.0,0.0,0.0,0.36279069767441857,2053
Circular Economy,WASO,TFR:WASO:DEC_CONSUMER_FOOD_WASTE,WASO: Consumer food waste reduction,Reduce the amount of food waste generated per capita,Fractional reduction in per capita food waste generated relative to final time period,12,0.0,0.0,0.0,0.3767441860465116,2054
Circular Economy,WASO,TFR:WASO:DEC_CONSUMER_FOOD_WASTE,WASO: Consumer food waste reduction,Reduce the amount of food waste generated per capita,Fractional reduction in per capita food waste generated relative to final time period,12,0.0,0.0,0.0,0.39069767441860465,2055
Circular Economy,WASO,TFR:WASO:DEC_CONSUMER_FOOD_WASTE,WASO: Consumer food waste reduction,Reduce the amount of food waste generated per capita,Fractional reduction in per capita food waste generated relative to final time period,12,0.0,0.0,0.0,0.4046511627906976,2056
Circular Economy,WASO,TFR:WASO:DEC_CONSUMER_FOOD_WASTE,WASO: Consumer food waste reduction,Reduce the amount of food waste generated per capita,Fractional reduction in per capita food waste generated relative to final time period,12,0.0,0.0,0.0,0.4186046511627907,2057
Circular Economy,WASO,TFR:WASO:DEC_CONSUMER_FOOD_WASTE,WASO: Consumer food waste reduction,Reduce the amount of food waste generated per capita,Fractional reduction in per capita food waste generated relative to final time period,12,0.0,0.0,0.0,0.4325581395348837,2058
Circular Economy,WASO,TFR:WASO:DEC_CONSUMER_FOOD_WASTE,WASO: Consumer food waste reduction,Reduce the amount of food waste generated per capita,Fractional reduction in per capita food waste generated relative to final time period,12,0.0,0.0,0.0,0.44651162790697674,2059
Circular Economy,WASO,TFR:WASO:DEC_CONSUMER_FOOD_WASTE,WASO: Consumer food waste reduction,Reduce the amount of food waste generated per capita,Fractional reduction in per capita food waste generated relative to final time period,12,0.0,0.0,0.0,0.4604651162790698,2060
Circular Economy,WASO,TFR:WASO:DEC_CONSUMER_FOOD_WASTE,WASO: Consumer food waste reduction,Reduce the amount of food waste generated per capita,Fractional reduction in per capita food waste generated relative to final time period,12,0.0,0.0,0.0,0.47441860465116276,2061
Circular Economy,WASO,TFR:WASO:DEC_CONSUMER_FOOD_WASTE,WASO: Consumer food waste reduction,Reduce the amount of food waste generated per capita,Fractional reduction in per capita food waste generated relative to final time period,12,0.0,0.0,0.0,0.4883720930232558,2062
Circular Economy,WASO,TFR:WASO:DEC_CONSUMER_FOOD_WASTE,WASO: Consumer food waste reduction,Reduce the amount of food waste generated per capita,Fractional reduction in per capita food waste generated relative to final time period,12,0.0,0.0,0.0,0.5023255813953489,2063
Circular Economy,WASO,TFR:WASO:DEC_CONSUMER_FOOD_WASTE,WASO: Consumer food waste reduction,Reduce the amount of food waste generated per capita,Fractional reduction in per capita food waste generated relative to final time period,12,0.0,0.0,0.0,0.5162790697674419,2064
Circular Economy,WASO,TFR:WASO:DEC_CONSUMER_FOOD_WASTE,WASO: Consumer food waste reduction,Reduce the amount of food waste generated per capita,Fractional reduction in per capita food waste generated relative to final time period,12,0.0,0.0,0.0,0.5302325581395348,2065
Circular Economy,WASO,TFR:WASO:DEC_CONSUMER_FOOD_WASTE,WASO: Consumer food waste reduction,Reduce the amount of food waste generated per capita,Fractional reduction in per capita food waste generated relative to final time period,12,0.0,0.0,0.0,0.5441860465116278,2066
Circular Economy,WASO,TFR:WASO:DEC_CONSUMER_FOOD_WASTE,WASO: Consumer food waste reduction,Reduce the amount of food waste generated per capita,Fractional reduction in per capita food waste generated relative to final time period,12,0.0,0.0,0.0,0.5581395348837209,2067
Circular Economy,WASO,TFR:WASO:DEC_CONSUMER_FOOD_WASTE,WASO: Consumer food waste reduction,Reduce the amount of food waste generated per capita,Fractional reduction in per capita food waste generated relative to final time period,12,0.0,0.0,0.0,0.5720930232558139,2068
Circular Economy,WASO,TFR:WASO:DEC_CONSUMER_FOOD_WASTE,WASO: Consumer food waste reduction,Reduce the amount of food waste generated per capita,Fractional reduction in per capita food waste generated relative to final time period,12,0.0,0.0,0.0,0.5860465116279069,2069
Circular Economy,WASO,TFR:WASO:DEC_CONSUMER_FOOD_WASTE,WASO: Consumer food waste reduction,Reduce the amount of food waste generated per capita,Fractional reduction in per capita food waste generated relative to final time period,12,0.0,0.0,0.0,0.6,2070
Circular Economy,WASO,TFR:WASO:INC_ANAEROBIC_AND_COMPOST,WASO: Increase composting and biogas,"Increase the fraction of yard, food, and sludge waste that is treated by anaerobic digesters or compost",Fractional targets of organic waste treated via composting and anaerobic digesters. Can specify different fractions.,12,0.0,0.0,0.0,0.0,2015
Circular Economy,WASO,TFR:WASO:INC_ANAEROBIC_AND_COMPOST,WASO: Increase composting and biogas,"Increase the fraction of yard, food, and sludge waste that is treated by anaerobic digesters or compost",Fractional targets of organic waste treated via composting and anaerobic digesters. Can specify different fractions.,12,0.0,0.0,0.0,0.0,2016
Circular Economy,WASO,TFR:WASO:INC_ANAEROBIC_AND_COMPOST,WASO: Increase composting and biogas,"Increase the fraction of yard, food, and sludge waste that is treated by anaerobic digesters or compost",Fractional targets of organic waste treated via composting and anaerobic digesters. Can specify different fractions.,12,0.0,0.0,0.0,0.0,2017
Circular Economy,WASO,TFR:WASO:INC_ANAEROBIC_AND_COMPOST,WASO: Increase composting and biogas,"Increase the fraction of yard, food, and sludge waste that is treated by anaerobic digesters or compost",Fractional targets of organic waste treated via composting and anaerobic digesters. Can specify different fractions.,12,0.0,0.0,0.0,0.0,2018
Circular Economy,WASO,TFR:WASO:INC_ANAEROBIC_AND_COMPOST,WASO: Increase composting and biogas,"Increase the fraction of yard, food, and sludge waste that is treated by anaerobic digesters or compost",Fractional targets of organic waste treated via composting and anaerobic digesters. Can specify different fractions.,12,0.0,0.0,0.0,0.0,2019
Circular Economy,WASO,TFR:WASO:INC_ANAEROBIC_AND_COMPOST,WASO: Increase composting and biogas,"Increase the fraction of yard, food, and sludge waste that is treated by anaerobic digesters or compost",Fractional targets of organic waste treated via composting and anaerobic digesters. Can specify different fractions.,12,0.0,0.0,0.0,0.0,2020
Circular Economy,WASO,TFR:WASO:INC_ANAEROBIC_AND_COMPOST,WASO: Increase composting and biogas,"Increase the fraction of yard, food, and sludge waste that is treated by anaerobic digesters or compost",Fractional targets of organic waste treated via composting and anaerobic digesters. Can specify different fractions.,12,0.0,0.0,0.0,0.0,2021
Circular Economy,WASO,TFR:WASO:INC_ANAEROBIC_AND_COMPOST,WASO: Increase composting and biogas,"Increase the fraction of yard, food, and sludge waste that is treated by anaerobic digesters or compost",Fractional targets of organic waste treated via composting and anaerobic digesters. Can specify different fractions.,12,0.0,0.0,0.0,0.0,2022
Circular Economy,WASO,TFR:WASO:INC_ANAEROBIC_AND_COMPOST,WASO: Increase composting and biogas,"Increase the fraction of yard, food, and sludge waste that is treated by anaerobic digesters or compost",Fractional targets of organic waste treated via composting and anaerobic digesters. Can specify different fractions.,12,0.0,0.0,0.0,0.0,2023
Circular Economy,WASO,TFR:WASO:INC_ANAEROBIC_AND_COMPOST,WASO: Increase composting and biogas,"Increase the fraction of yard, food, and sludge waste that is treated by anaerobic digesters or compost",Fractional targets of organic waste treated via composting and anaerobic digesters. Can specify different fractions.,12,0.0,0.0,0.0,0.0,2024
Circular Economy,WASO,TFR:WASO:INC_ANAEROBIC_AND_COMPOST,WASO: Increase composting and biogas,"Increase the fraction of yard, food, and sludge waste that is treated by anaerobic digesters or compost",Fractional targets of organic waste treated via composting and anaerobic digesters. Can specify different fractions.,12,0.0,0.0,0.0,0.0,2025
Circular Economy,WASO,TFR:WASO:INC_ANAEROBIC_AND_COMPOST,WASO: Increase composting and biogas,"Increase the fraction of yard, food, and sludge waste that is treated by anaerobic digesters or compost",Fractional targets of organic waste treated via composting and anaerobic digesters. Can specify different fractions.,12,0.0,0.0,0.0,0.0,2026
Circular Economy,WASO,TFR:WASO:INC_ANAEROBIC_AND_COMPOST,WASO: Increase composting and biogas,"Increase the fraction of yard, food, and sludge waste that is treated by anaerobic digesters or compost",Fractional targets of organic waste treated via composting and anaerobic digesters. Can specify different fractions.,12,0.0,0.0,0.0,0.0,2027
Circular Economy,WASO,TFR:WASO:INC_ANAEROBIC_AND_COMPOST,WASO: Increase composting and biogas,"Increase the fraction of yard, food, and sludge waste that is treated by anaerobic digesters or compost",Fractional targets of organic waste treated via composting and anaerobic digesters. Can specify different fractions.,12,0.0,0.0,0.0,0.022093023255813953,2028
Circular Economy,WASO,TFR:WASO:INC_ANAEROBIC_AND_COMPOST,WASO: Increase composting and biogas,"Increase the fraction of yard, food, and sludge waste that is treated by anaerobic digesters or compost",Fractional targets of organic waste treated via composting and anaerobic digesters. Can specify different fractions.,12,0.0,0.0,0.0,0.044186046511627906,2029
Circular Economy,WASO,TFR:WASO:INC_ANAEROBIC_AND_COMPOST,WASO: Increase composting and biogas,"Increase the fraction of yard, food, and sludge waste that is treated by anaerobic digesters or compost",Fractional targets of organic waste treated via composting and anaerobic digesters. Can specify different fractions.,12,0.0,0.0,0.0,0.06627906976744186,2030
Circular Economy,WASO,TFR:WASO:INC_ANAEROBIC_AND_COMPOST,WASO: Increase composting and biogas,"Increase the fraction of yard, food, and sludge waste that is treated by anaerobic digesters or compost",Fractional targets of organic waste treated via composting and anaerobic digesters. Can specify different fractions.,12,0.0,0.0,0.0,0.08837209302325581,2031
Circular Economy,WASO,TFR:WASO:INC_ANAEROBIC_AND_COMPOST,WASO: Increase composting and biogas,"Increase the fraction of yard, food, and sludge waste that is treated by anaerobic digesters or compost",Fractional targets of organic waste treated via composting and anaerobic digesters. Can specify different fractions.,12,0.0,0.0,0.0,0.11046511627906976,2032
Circular Economy,WASO,TFR:WASO:INC_ANAEROBIC_AND_COMPOST,WASO: Increase composting and biogas,"Increase the fraction of yard, food, and sludge waste that is treated by anaerobic digesters or compost",Fractional targets of organic waste treated via composting and anaerobic digesters. Can specify different fractions.,12,0.0,0.0,0.0,0.1325581395348837,2033
Circular Economy,WASO,TFR:WASO:INC_ANAEROBIC_AND_COMPOST,WASO: Increase composting and biogas,"Increase the fraction of yard, food, and sludge waste that is treated by anaerobic digesters or compost",Fractional targets of organic waste treated via composting and anaerobic digesters. Can specify different fractions.,12,0.0,0.0,0.0,0.15465116279069768,2034
Circular Economy,WASO,TFR:WASO:INC_ANAEROBIC_AND_COMPOST,WASO: Increase composting and biogas,"Increase the fraction of yard, food, and sludge waste that is treated by anaerobic digesters or compost",Fractional targets of organic waste treated via composting and anaerobic digesters. Can specify different fractions.,12,0.0,0.0,0.0,0.17674418604651163,2035
Circular Economy,WASO,TFR:WASO:INC_ANAEROBIC_AND_COMPOST,WASO: Increase composting and biogas,"Increase the fraction of yard, food, and sludge waste that is treated by anaerobic digesters or compost",Fractional targets of organic waste treated via composting and anaerobic digesters. Can specify different fractions.,12,0.0,0.0,0.0,0.1988372093023256,2036
Circular Economy,WASO,TFR:WASO:INC_ANAEROBIC_AND_COMPOST,WASO: Increase composting and biogas,"Increase the fraction of yard, food, and sludge waste that is treated by anaerobic digesters or compost",Fractional targets of organic waste treated via composting and anaerobic digesters. Can specify different fractions.,12,0.0,0.0,0.0,0.2209302325581395,2037
Circular Economy,WASO,TFR:WASO:INC_ANAEROBIC_AND_COMPOST,WASO: Increase composting and biogas,"Increase the fraction of yard, food, and sludge waste that is treated by anaerobic digesters or compost",Fractional targets of organic waste treated via composting and anaerobic digesters. Can specify different fractions.,12,0.0,0.0,0.0,0.24302325581395348,2038
Circular Economy,WASO,TFR:WASO:INC_ANAEROBIC_AND_COMPOST,WASO: Increase composting and biogas,"Increase the fraction of yard, food, and sludge waste that is treated by anaerobic digesters or compost",Fractional targets of organic waste treated via composting and anaerobic digesters. Can specify different fractions.,12,0.0,0.0,0.0,0.2651162790697674,2039
Circular Economy,WASO,TFR:WASO:INC_ANAEROBIC_AND_COMPOST,WASO: Increase composting and biogas,"Increase the fraction of yard, food, and sludge waste that is treated by anaerobic digesters or compost",Fractional targets of organic waste treated via composting and anaerobic digesters. Can specify different fractions.,12,0.0,0.0,0.0,0.28720930232558134,2040
Circular Economy,WASO,TFR:WASO:INC_ANAEROBIC_AND_COMPOST,WASO: Increase composting and biogas,"Increase the fraction of yard, food, and sludge waste that is treated by anaerobic digesters or compost",Fractional targets of organic waste treated via composting and anaerobic digesters. Can specify different fractions.,12,0.0,0.0,0.0,0.30930232558139537,2041
Circular Economy,WASO,TFR:WASO:INC_ANAEROBIC_AND_COMPOST,WASO: Increase composting and biogas,"Increase the fraction of yard, food, and sludge waste that is treated by anaerobic digesters or compost",Fractional targets of organic waste treated via composting and anaerobic digesters. Can specify different fractions.,12,0.0,0.0,0.0,0.3313953488372093,2042
Circular Economy,WASO,TFR:WASO:INC_ANAEROBIC_AND_COMPOST,WASO: Increase composting and biogas,"Increase the fraction of yard, food, and sludge waste that is treated by anaerobic digesters or compost",Fractional targets of organic waste treated via composting and anaerobic digesters. Can specify different fractions.,12,0.0,0.0,0.0,0.35348837209302325,2043
Circular Economy,WASO,TFR:WASO:INC_ANAEROBIC_AND_COMPOST,WASO: Increase composting and biogas,"Increase the fraction of yard, food, and sludge waste that is treated by anaerobic digesters or compost",Fractional targets of organic waste treated via composting and anaerobic digesters. Can specify different fractions.,12,0.0,0.0,0.0,0.37558139534883717,2044
Circular Economy,WASO,TFR:WASO:INC_ANAEROBIC_AND_COMPOST,WASO: Increase composting and biogas,"Increase the fraction of yard, food, and sludge waste that is treated by anaerobic digesters or compost",Fractional targets of organic waste treated via composting and anaerobic digesters. Can specify different fractions.,12,0.0,0.0,0.0,0.3976744186046512,2045
Circular Economy,WASO,TFR:WASO:INC_ANAEROBIC_AND_COMPOST,WASO: Increase composting and biogas,"Increase the fraction of yard, food, and sludge waste that is treated by anaerobic digesters or compost",Fractional targets of organic waste treated via composting and anaerobic digesters. Can specify different fractions.,12,0.0,0.0,0.0,0.4197674418604651,2046
Circular Economy,WASO,TFR:WASO:INC_ANAEROBIC_AND_COMPOST,WASO: Increase composting and biogas,"Increase the fraction of yard, food, and sludge waste that is treated by anaerobic digesters or compost",Fractional targets of organic waste treated via composting and anaerobic digesters. Can specify different fractions.,12,0.0,0.0,0.0,0.441860465116279,2047
Circular Economy,WASO,TFR:WASO:INC_ANAEROBIC_AND_COMPOST,WASO: Increase composting and biogas,"Increase the fraction of yard, food, and sludge waste that is treated by anaerobic digesters or compost",Fractional targets of organic waste treated via composting and anaerobic digesters. Can specify different fractions.,12,0.0,0.0,0.0,0.463953488372093,2048
Circular Economy,WASO,TFR:WASO:INC_ANAEROBIC_AND_COMPOST,WASO: Increase composting and biogas,"Increase the fraction of yard, food, and sludge waste that is treated by anaerobic digesters or compost",Fractional targets of organic waste treated via composting and anaerobic digesters. Can specify different fractions.,12,0.0,0.0,0.0,0.48604651162790696,2049
Circular Economy,WASO,TFR:WASO:INC_ANAEROBIC_AND_COMPOST,WASO: Increase composting and biogas,"Increase the fraction of yard, food, and sludge waste that is treated by anaerobic digesters or compost",Fractional targets of organic waste treated via composting and anaerobic digesters. Can specify different fractions.,12,0.0,0.0,0.0,0.5081395348837209,2050
Circular Economy,WASO,TFR:WASO:INC_ANAEROBIC_AND_COMPOST,WASO: Increase composting and biogas,"Increase the fraction of yard, food, and sludge waste that is treated by anaerobic digesters or compost",Fractional targets of organic waste treated via composting and anaerobic digesters. Can specify different fractions.,12,0.0,0.0,0.0,0.5302325581395348,2051
Circular Economy,WASO,TFR:WASO:INC_ANAEROBIC_AND_COMPOST,WASO: Increase composting and biogas,"Increase the fraction of yard, food, and sludge waste that is treated by anaerobic digesters or compost",Fractional targets of organic waste treated via composting and anaerobic digesters. Can specify different fractions.,12,0.0,0.0,0.0,0.5523255813953488,2052
Circular Economy,WASO,TFR:WASO:INC_ANAEROBIC_AND_COMPOST,WASO: Increase composting and biogas,"Increase the fraction of yard, food, and sludge waste that is treated by anaerobic digesters or compost",Fractional targets of organic waste treated via composting and anaerobic digesters. Can specify different fractions.,12,0.0,0.0,0.0,0.5744186046511627,2053
Circular Economy,WASO,TFR:WASO:INC_ANAEROBIC_AND_COMPOST,WASO: Increase composting and biogas,"Increase the fraction of yard, food, and sludge waste that is treated by anaerobic digesters or compost",Fractional targets of organic waste treated via composting and anaerobic digesters. Can specify different fractions.,12,0.0,0.0,0.0,0.5965116279069768,2054
Circular Economy,WASO,TFR:WASO:INC_ANAEROBIC_AND_COMPOST,WASO: Increase composting and biogas,"Increase the fraction of yard, food, and sludge waste that is treated by anaerobic digesters or compost",Fractional targets of organic waste treated via composting and anaerobic digesters. Can specify different fractions.,12,0.0,0.0,0.0,0.6186046511627907,2055
Circular Economy,WASO,TFR:WASO:INC_ANAEROBIC_AND_COMPOST,WASO: Increase composting and biogas,"Increase the fraction of yard, food, and sludge waste that is treated by anaerobic digesters or compost",Fractional targets of organic waste treated via composting and anaerobic digesters. Can specify different fractions.,12,0.0,0.0,0.0,0.6406976744186046,2056
Circular Economy,WASO,TFR:WASO:INC_ANAEROBIC_AND_COMPOST,WASO: Increase composting and biogas,"Increase the fraction of yard, food, and sludge waste that is treated by anaerobic digesters or compost",Fractional targets of organic waste treated via composting and anaerobic digesters. Can specify different fractions.,12,0.0,0.0,0.0,0.6627906976744186,2057
Circular Economy,WASO,TFR:WASO:INC_ANAEROBIC_AND_COMPOST,WASO: Increase composting and biogas,"Increase the fraction of yard, food, and sludge waste that is treated by anaerobic digesters or compost",Fractional targets of organic waste treated via composting and anaerobic digesters. Can specify different fractions.,12,0.0,0.0,0.0,0.6848837209302325,2058
Circular Economy,WASO,TFR:WASO:INC_ANAEROBIC_AND_COMPOST,WASO: Increase composting and biogas,"Increase the fraction of yard, food, and sludge waste that is treated by anaerobic digesters or compost",Fractional targets of organic waste treated via composting and anaerobic digesters. Can specify different fractions.,12,0.0,0.0,0.0,0.7069767441860465,2059
Circular Economy,WASO,TFR:WASO:INC_ANAEROBIC_AND_COMPOST,WASO: Increase composting and biogas,"Increase the fraction of yard, food, and sludge waste that is treated by anaerobic digesters or compost",Fractional targets of organic waste treated via composting and anaerobic digesters. Can specify different fractions.,12,0.0,0.0,0.0,0.7290697674418605,2060
Circular Economy,WASO,TFR:WASO:INC_ANAEROBIC_AND_COMPOST,WASO: Increase composting and biogas,"Increase the fraction of yard, food, and sludge waste that is treated by anaerobic digesters or compost",Fractional targets of organic waste treated via composting and anaerobic digesters. Can specify different fractions.,12,0.0,0.0,0.0,0.7511627906976743,2061
Circular Economy,WASO,TFR:WASO:INC_ANAEROBIC_AND_COMPOST,WASO: Increase composting and biogas,"Increase the fraction of yard, food, and sludge waste that is treated by anaerobic digesters or compost",Fractional targets of organic waste treated via composting and anaerobic digesters. Can specify different fractions.,12,0.0,0.0,0.0,0.7732558139534883,2062
Circular Economy,WASO,TFR:WASO:INC_ANAEROBIC_AND_COMPOST,WASO: Increase composting and biogas,"Increase the fraction of yard, food, and sludge waste that is treated by anaerobic digesters or compost",Fractional targets of organic waste treated via composting and anaerobic digesters. Can specify different fractions.,12,0.0,0.0,0.0,0.7953488372093024,2063
Circular Economy,WASO,TFR:WASO:INC_ANAEROBIC_AND_COMPOST,WASO: Increase composting and biogas,"Increase the fraction of yard, food, and sludge waste that is treated by anaerobic digesters or compost",Fractional targets of organic waste treated via composting and anaerobic digesters. Can specify different fractions.,12,0.0,0.0,0.0,0.8174418604651162,2064
Circular Economy,WASO,TFR:WASO:INC_ANAEROBIC_AND_COMPOST,WASO: Increase composting and biogas,"Increase the fraction of yard, food, and sludge waste that is treated by anaerobic digesters or compost",Fractional targets of organic waste treated via composting and anaerobic digesters. Can specify different fractions.,12,0.0,0.0,0.0,0.8395348837209302,2065
Circular Economy,WASO,TFR:WASO:INC_ANAEROBIC_AND_COMPOST,WASO: Increase composting and biogas,"Increase the fraction of yard, food, and sludge waste that is treated by anaerobic digesters or compost",Fractional targets of organic waste treated via composting and anaerobic digesters. Can specify different fractions.,12,0.0,0.0,0.0,0.8616279069767441,2066
Circular Economy,WASO,TFR:WASO:INC_ANAEROBIC_AND_COMPOST,WASO: Increase composting and biogas,"Increase the fraction of yard, food, and sludge waste that is treated by anaerobic digesters or compost",Fractional targets of organic waste treated via composting and anaerobic digesters. Can specify different fractions.,12,0.0,0.0,0.0,0.883720930232558,2067
Circular Economy,WASO,TFR:WASO:INC_ANAEROBIC_AND_COMPOST,WASO: Increase composting and biogas,"Increase the fraction of yard, food, and sludge waste that is treated by anaerobic digesters or compost",Fractional targets of organic waste treated via composting and anaerobic digesters. Can specify different fractions.,12,0.0,0.0,0.0,0.9058139534883721,2068
Circular Economy,WASO,TFR:WASO:INC_ANAEROBIC_AND_COMPOST,WASO: Increase composting and biogas,"Increase the fraction of yard, food, and sludge waste that is treated by anaerobic digesters or compost",Fractional targets of organic waste treated via composting and anaerobic digesters. Can specify different fractions.,12,0.0,0.0,0.0,0.927906976744186,2069
Circular Economy,WASO,TFR:WASO:INC_ANAEROBIC_AND_COMPOST,WASO: Increase composting and biogas,"Increase the fraction of yard, food, and sludge waste that is treated by anaerobic digesters or compost",Fractional targets of organic waste treated via composting and anaerobic digesters. Can specify different fractions.,12,0.0,0.0,0.0,0.95,2070
Circular Economy,WASO,TFR:WASO:INC_CAPTURE_BIOGAS,WASO: Increase biogas capture,Increase fraction of biogas captured from landfills and anaerobic digesters,Minimum target fraction of anaerobic solid waste disposal facilties (landfills and digesters) with biogas capture.,12,0.0,0.0,0.0,0.0,2015
Circular Economy,WASO,TFR:WASO:INC_CAPTURE_BIOGAS,WASO: Increase biogas capture,Increase fraction of biogas captured from landfills and anaerobic digesters,Minimum target fraction of anaerobic solid waste disposal facilties (landfills and digesters) with biogas capture.,12,0.0,0.0,0.0,0.0,2016
Circular Economy,WASO,TFR:WASO:INC_CAPTURE_BIOGAS,WASO: Increase biogas capture,Increase fraction of biogas captured from landfills and anaerobic digesters,Minimum target fraction of anaerobic solid waste disposal facilties (landfills and digesters) with biogas capture.,12,0.0,0.0,0.0,0.0,2017
Circular Economy,WASO,TFR:WASO:INC_CAPTURE_BIOGAS,WASO: Increase biogas capture,Increase fraction of biogas captured from landfills and anaerobic digesters,Minimum target fraction of anaerobic solid waste disposal facilties (landfills and digesters) with biogas capture.,12,0.0,0.0,0.0,0.0,2018
Circular Economy,WASO,TFR:WASO:INC_CAPTURE_BIOGAS,WASO: Increase biogas capture,Increase fraction of biogas captured from landfills and anaerobic digesters,Minimum target fraction of anaerobic solid waste disposal facilties (landfills and digesters) with biogas capture.,12,0.0,0.0,0.0,0.0,2019
Circular Economy,WASO,TFR:WASO:INC_CAPTURE_BIOGAS,WASO: Increase biogas capture,Increase fraction of biogas captured from landfills and anaerobic digesters,Minimum target fraction of anaerobic solid waste disposal facilties (landfills and digesters) with biogas capture.,12,0.0,0.0,0.0,0.0,2020
Circular Economy,WASO,TFR:WASO:INC_CAPTURE_BIOGAS,WASO: Increase biogas capture,Increase fraction of biogas captured from landfills and anaerobic digesters,Minimum target fraction of anaerobic solid waste disposal facilties (landfills and digesters) with biogas capture.,12,0.0,0.0,0.0,0.0,2021
Circular Economy,WASO,TFR:WASO:INC_CAPTURE_BIOGAS,WASO: Increase biogas capture,Increase fraction of biogas captured from landfills and anaerobic digesters,Minimum target fraction of anaerobic solid waste disposal facilties (landfills and digesters) with biogas capture.,12,0.0,0.0,0.0,0.0,2022
Circular Economy,WASO,TFR:WASO:INC_CAPTURE_BIOGAS,WASO: Increase biogas capture,Increase fraction of biogas captured from landfills and anaerobic digesters,Minimum target fraction of anaerobic solid waste disposal facilties (landfills and digesters) with biogas capture.,12,0.0,0.0,0.0,0.0,2023
Circular Economy,WASO,TFR:WASO:INC_CAPTURE_BIOGAS,WASO: Increase biogas capture,Increase fraction of biogas captured from landfills and anaerobic digesters,Minimum target fraction of anaerobic solid waste disposal facilties (landfills and digesters) with biogas capture.,12,0.0,0.0,0.0,0.0,2024
Circular Economy,WASO,TFR:WASO:INC_CAPTURE_BIOGAS,WASO: Increase biogas capture,Increase fraction of biogas captured from landfills and anaerobic digesters,Minimum target fraction of anaerobic solid waste disposal facilties (landfills and digesters) with biogas capture.,12,0.0,0.0,0.0,0.0,2025
Circular Economy,WASO,TFR:WASO:INC_CAPTURE_BIOGAS,WASO: Increase biogas capture,Increase fraction of biogas captured from landfills and anaerobic digesters,Minimum target fraction of anaerobic solid waste disposal facilties (landfills and digesters) with biogas capture.,12,0.0,0.0,0.0,0.0,2026
Circular Economy,WASO,TFR:WASO:INC_CAPTURE_BIOGAS,WASO: Increase biogas capture,Increase fraction of biogas captured from landfills and anaerobic digesters,Minimum target fraction of anaerobic solid waste disposal facilties (landfills and digesters) with biogas capture.,12,0.0,0.0,0.0,0.0,2027
Circular Economy,WASO,TFR:WASO:INC_CAPTURE_BIOGAS,WASO: Increase biogas capture,Increase fraction of biogas captured from landfills and anaerobic digesters,Minimum target fraction of anaerobic solid waste disposal facilties (landfills and digesters) with biogas capture.,12,0.0,0.0,0.0,0.03953488372093023,2028
Circular Economy,WASO,TFR:WASO:INC_CAPTURE_BIOGAS,WASO: Increase biogas capture,Increase fraction of biogas captured from landfills and anaerobic digesters,Minimum target fraction of anaerobic solid waste disposal facilties (landfills and digesters) with biogas capture.,12,0.0,0.0,0.0,0.07906976744186046,2029
Circular Economy,WASO,TFR:WASO:INC_CAPTURE_BIOGAS,WASO: Increase biogas capture,Increase fraction of biogas captured from landfills and anaerobic digesters,Minimum target fraction of anaerobic solid waste disposal facilties (landfills and digesters) with biogas capture.,12,0.0,0.0,0.0,0.11860465116279069,2030
Circular Economy,WASO,TFR:WASO:INC_CAPTURE_BIOGAS,WASO: Increase biogas capture,Increase fraction of biogas captured from landfills and anaerobic digesters,Minimum target fraction of anaerobic solid waste disposal facilties (landfills and digesters) with biogas capture.,12,0.0,0.0,0.0,0.15813953488372093,2031
Circular Economy,WASO,TFR:WASO:INC_CAPTURE_BIOGAS,WASO: Increase biogas capture,Increase fraction of biogas captured from landfills and anaerobic digesters,Minimum target fraction of anaerobic solid waste disposal facilties (landfills and digesters) with biogas capture.,12,0.0,0.0,0.0,0.19767441860465115,2032
Circular Economy,WASO,TFR:WASO:INC_CAPTURE_BIOGAS,WASO: Increase biogas capture,Increase fraction of biogas captured from landfills and anaerobic digesters,Minimum target fraction of anaerobic solid waste disposal facilties (landfills and digesters) with biogas capture.,12,0.0,0.0,0.0,0.23720930232558138,2033
Circular Economy,WASO,TFR:WASO:INC_CAPTURE_BIOGAS,WASO: Increase biogas capture,Increase fraction of biogas captured from landfills and anaerobic digesters,Minimum target fraction of anaerobic solid waste disposal facilties (landfills and digesters) with biogas capture.,12,0.0,0.0,0.0,0.27674418604651163,2034
Circular Economy,WASO,TFR:WASO:INC_CAPTURE_BIOGAS,WASO: Increase biogas capture,Increase fraction of biogas captured from landfills and anaerobic digesters,Minimum target fraction of anaerobic solid waste disposal facilties (landfills and digesters) with biogas capture.,12,0.0,0.0,0.0,0.31627906976744186,2035
Circular Economy,WASO,TFR:WASO:INC_CAPTURE_BIOGAS,WASO: Increase biogas capture,Increase fraction of biogas captured from landfills and anaerobic digesters,Minimum target fraction of anaerobic solid waste disposal facilties (landfills and digesters) with biogas capture.,12,0.0,0.0,0.0,0.3558139534883721,2036
Circular Economy,WASO,TFR:WASO:INC_CAPTURE_BIOGAS,WASO: Increase biogas capture,Increase fraction of biogas captured from landfills and anaerobic digesters,Minimum target fraction of anaerobic solid waste disposal facilties (landfills and digesters) with biogas capture.,12,0.0,0.0,0.0,0.3953488372093023,2037
Circular Economy,WASO,TFR:WASO:INC_CAPTURE_BIOGAS,WASO: Increase biogas capture,Increase fraction of biogas captured from landfills and anaerobic digesters,Minimum target fraction of anaerobic solid waste disposal facilties (landfills and digesters) with biogas capture.,12,0.0,0.0,0.0,0.4348837209302326,2038
Circular Economy,WASO,TFR:WASO:INC_CAPTURE_BIOGAS,WASO: Increase biogas capture,Increase fraction of biogas captured from landfills and anaerobic digesters,Minimum target fraction of anaerobic solid waste disposal facilties (landfills and digesters) with biogas capture.,12,0.0,0.0,0.0,0.47441860465116276,2039
Circular Economy,WASO,TFR:WASO:INC_CAPTURE_BIOGAS,WASO: Increase biogas capture,Increase fraction of biogas captured from landfills and anaerobic digesters,Minimum target fraction of anaerobic solid waste disposal facilties (landfills and digesters) with biogas capture.,12,0.0,0.0,0.0,0.513953488372093,2040
Circular Economy,WASO,TFR:WASO:INC_CAPTURE_BIOGAS,WASO: Increase biogas capture,Increase fraction of biogas captured from landfills and anaerobic digesters,Minimum target fraction of anaerobic solid waste disposal facilties (landfills and digesters) with biogas capture.,12,0.0,0.0,0.0,0.5534883720930233,2041
Circular Economy,WASO,TFR:WASO:INC_CAPTURE_BIOGAS,WASO: Increase biogas capture,Increase fraction of biogas captured from landfills and anaerobic digesters,Minimum target fraction of anaerobic solid waste disposal facilties (landfills and digesters) with biogas capture.,12,0.0,0.0,0.0,0.5930232558139535,2042
Circular Economy,WASO,TFR:WASO:INC_CAPTURE_BIOGAS,WASO: Increase biogas capture,Increase fraction of biogas captured from landfills and anaerobic digesters,Minimum target fraction of anaerobic solid waste disposal facilties (landfills and digesters) with biogas capture.,12,0.0,0.0,0.0,0.6325581395348837,2043
Circular Economy,WASO,TFR:WASO:INC_CAPTURE_BIOGAS,WASO: Increase biogas capture,Increase fraction of biogas captured from landfills and anaerobic digesters,Minimum target fraction of anaerobic solid waste disposal facilties (landfills and digesters) with biogas capture.,12,0.0,0.0,0.0,0.6720930232558139,2044
Circular Economy,WASO,TFR:WASO:INC_CAPTURE_BIOGAS,WASO: Increase biogas capture,Increase fraction of biogas captured from landfills and anaerobic digesters,Minimum target fraction of anaerobic solid waste disposal facilties (landfills and digesters) with biogas capture.,12,0.0,0.0,0.0,0.7116279069767442,2045
Circular Economy,WASO,TFR:WASO:INC_CAPTURE_BIOGAS,WASO: Increase biogas capture,Increase fraction of biogas captured from landfills and anaerobic digesters,Minimum target fraction of anaerobic solid waste disposal facilties (landfills and digesters) with biogas capture.,12,0.0,0.0,0.0,0.7511627906976744,2046
Circular Economy,WASO,TFR:WASO:INC_CAPTURE_BIOGAS,WASO: Increase biogas capture,Increase fraction of biogas captured from landfills and anaerobic digesters,Minimum target fraction of anaerobic solid waste disposal facilties (landfills and digesters) with biogas capture.,12,0.0,0.0,0.0,0.7906976744186046,2047
Circular Economy,WASO,TFR:WASO:INC_CAPTURE_BIOGAS,WASO: Increase biogas capture,Increase fraction of biogas captured from landfills and anaerobic digesters,Minimum target fraction of anaerobic solid waste disposal facilties (landfills and digesters) with biogas capture.,12,0.0,0.0,0.0,0.8302325581395348,2048
Circular Economy,WASO,TFR:WASO:INC_CAPTURE_BIOGAS,WASO: Increase biogas capture,Increase fraction of biogas captured from landfills and anaerobic digesters,Minimum target fraction of anaerobic solid waste disposal facilties (landfills and digesters) with biogas capture.,12,0.0,0.0,0.0,0.8697674418604652,2049
Circular Economy,WASO,TFR:WASO:INC_CAPTURE_BIOGAS,WASO: Increase biogas capture,Increase fraction of biogas captured from landfills and anaerobic digesters,Minimum target fraction of anaerobic solid waste disposal facilties (landfills and digesters) with biogas capture.,12,0.0,0.0,0.0,0.9093023255813952,2050
Circular Economy,WASO,TFR:WASO:INC_CAPTURE_BIOGAS,WASO: Increase biogas capture,Increase fraction of biogas captured from landfills and anaerobic digesters,Minimum target fraction of anaerobic solid waste disposal facilties (landfills and digesters) with biogas capture.,12,0.0,0.0,0.0,0.9488372093023255,2051
Circular Economy,WASO,TFR:WASO:INC_CAPTURE_BIOGAS,WASO: Increase biogas capture,Increase fraction of biogas captured from landfills and anaerobic digesters,Minimum target fraction of anaerobic solid waste disposal facilties (landfills and digesters) with biogas capture.,12,0.0,0.0,0.0,0.9883720930232558,2052
Circular Economy,WASO,TFR:WASO:INC_CAPTURE_BIOGAS,WASO: Increase biogas capture,Increase fraction of biogas captured from landfills and anaerobic digesters,Minimum target fraction of anaerobic solid waste disposal facilties (landfills and digesters) with biogas capture.,12,0.0,0.0,0.0,1.027906976744186,2053
Circular Economy,WASO,TFR:WASO:INC_CAPTURE_BIOGAS,WASO: Increase biogas capture,Increase fraction of biogas captured from landfills and anaerobic digesters,Minimum target fraction of anaerobic solid waste disposal facilties (landfills and digesters) with biogas capture.,12,0.0,0.0,0.0,1.0674418604651164,2054
Circular Economy,WASO,TFR:WASO:INC_CAPTURE_BIOGAS,WASO: Increase biogas capture,Increase fraction of biogas captured from landfills and anaerobic digesters,Minimum target fraction of anaerobic solid waste disposal facilties (landfills and digesters) with biogas capture.,12,0.0,0.0,0.0,1.1069767441860465,2055
Circular Economy,WASO,TFR:WASO:INC_CAPTURE_BIOGAS,WASO: Increase biogas capture,Increase fraction of biogas captured from landfills and anaerobic digesters,Minimum target fraction of anaerobic solid waste disposal facilties (landfills and digesters) with biogas capture.,12,0.0,0.0,0.0,1.1465116279069767,2056
Circular Economy,WASO,TFR:WASO:INC_CAPTURE_BIOGAS,WASO: Increase biogas capture,Increase fraction of biogas captured from landfills and anaerobic digesters,Minimum target fraction of anaerobic solid waste disposal facilties (landfills and digesters) with biogas capture.,12,0.0,0.0,0.0,1.186046511627907,2057
Circular Economy,WASO,TFR:WASO:INC_CAPTURE_BIOGAS,WASO: Increase biogas capture,Increase fraction of biogas captured from landfills and anaerobic digesters,Minimum target fraction of anaerobic solid waste disposal facilties (landfills and digesters) with biogas capture.,12,0.0,0.0,0.0,1.225581395348837,2058
Circular Economy,WASO,TFR:WASO:INC_CAPTURE_BIOGAS,WASO: Increase biogas capture,Increase fraction of biogas captured from landfills and anaerobic digesters,Minimum target fraction of anaerobic solid waste disposal facilties (landfills and digesters) with biogas capture.,12,0.0,0.0,0.0,1.2651162790697674,2059
Circular Economy,WASO,TFR:WASO:INC_CAPTURE_BIOGAS,WASO: Increase biogas capture,Increase fraction of biogas captured from landfills and anaerobic digesters,Minimum target fraction of anaerobic solid waste disposal facilties (landfills and digesters) with biogas capture.,12,0.0,0.0,0.0,1.3046511627906976,2060
Circular Economy,WASO,TFR:WASO:INC_CAPTURE_BIOGAS,WASO: Increase biogas capture,Increase fraction of biogas captured from landfills and anaerobic digesters,Minimum target fraction of anaerobic solid waste disposal facilties (landfills and digesters) with biogas capture.,12,0.0,0.0,0.0,1.3441860465116278,2061
Circular Economy,WASO,TFR:WASO:INC_CAPTURE_BIOGAS,WASO: Increase biogas capture,Increase fraction of biogas captured from landfills and anaerobic digesters,Minimum target fraction of anaerobic solid waste disposal facilties (landfills and digesters) with biogas capture.,12,0.0,0.0,0.0,1.3837209302325582,2062
Circular Economy,WASO,TFR:WASO:INC_CAPTURE_BIOGAS,WASO: Increase biogas capture,Increase fraction of biogas captured from landfills and anaerobic digesters,Minimum target fraction of anaerobic solid waste disposal facilties (landfills and digesters) with biogas capture.,12,0.0,0.0,0.0,1.4232558139534883,2063
Circular Economy,WASO,TFR:WASO:INC_CAPTURE_BIOGAS,WASO: Increase biogas capture,Increase fraction of biogas captured from landfills and anaerobic digesters,Minimum target fraction of anaerobic solid waste disposal facilties (landfills and digesters) with biogas capture.,12,0.0,0.0,0.0,1.4627906976744185,2064
Circular Economy,WASO,TFR:WASO:INC_CAPTURE_BIOGAS,WASO: Increase biogas capture,Increase fraction of biogas captured from landfills and anaerobic digesters,Minimum target fraction of anaerobic solid waste disposal facilties (landfills and digesters) with biogas capture.,12,0.0,0.0,0.0,1.5023255813953489,2065
Circular Economy,WASO,TFR:WASO:INC_CAPTURE_BIOGAS,WASO: Increase biogas capture,Increase fraction of biogas captured from landfills and anaerobic digesters,Minimum target fraction of anaerobic solid waste disposal facilties (landfills and digesters) with biogas capture.,12,0.0,0.0,0.0,1.5418604651162788,2066
Circular Economy,WASO,TFR:WASO:INC_CAPTURE_BIOGAS,WASO: Increase biogas capture,Increase fraction of biogas captured from landfills and anaerobic digesters,Minimum target fraction of anaerobic solid waste disposal facilties (landfills and digesters) with biogas capture.,12,0.0,0.0,0.0,1.5813953488372092,2067
Circular Economy,WASO,TFR:WASO:INC_CAPTURE_BIOGAS,WASO: Increase biogas capture,Increase fraction of biogas captured from landfills and anaerobic digesters,Minimum target fraction of anaerobic solid waste disposal facilties (landfills and digesters) with biogas capture.,12,0.0,0.0,0.0,1.6209302325581396,2068
Circular Economy,WASO,TFR:WASO:INC_CAPTURE_BIOGAS,WASO: Increase biogas capture,Increase fraction of biogas captured from landfills and anaerobic digesters,Minimum target fraction of anaerobic solid waste disposal facilties (landfills and digesters) with biogas capture.,12,0.0,0.0,0.0,1.6604651162790696,2069
Circular Economy,WASO,TFR:WASO:INC_CAPTURE_BIOGAS,WASO: Increase biogas capture,Increase fraction of biogas captured from landfills and anaerobic digesters,Minimum target fraction of anaerobic solid waste disposal facilties (landfills and digesters) with biogas capture.,12,0.0,0.0,0.0,1.7,2070
Circular Economy,WASO,TFR:WASO:INC_ENERGY_FROM_BIOGAS,WASO: Biogas for energy production,Increase the fraction of biogas that is collected that is used for energy,Target minmum fraction of captured biogas that is used for energy production.,12,0.0,0.0,0.0,0.0,2015
Circular Economy,WASO,TFR:WASO:INC_ENERGY_FROM_BIOGAS,WASO: Biogas for energy production,Increase the fraction of biogas that is collected that is used for energy,Target minmum fraction of captured biogas that is used for energy production.,12,0.0,0.0,0.0,0.0,2016
Circular Economy,WASO,TFR:WASO:INC_ENERGY_FROM_BIOGAS,WASO: Biogas for energy production,Increase the fraction of biogas that is collected that is used for energy,Target minmum fraction of captured biogas that is used for energy production.,12,0.0,0.0,0.0,0.0,2017
Circular Economy,WASO,TFR:WASO:INC_ENERGY_FROM_BIOGAS,WASO: Biogas for energy production,Increase the fraction of biogas that is collected that is used for energy,Target minmum fraction of captured biogas that is used for energy production.,12,0.0,0.0,0.0,0.0,2018
Circular Economy,WASO,TFR:WASO:INC_ENERGY_FROM_BIOGAS,WASO: Biogas for energy production,Increase the fraction of biogas that is collected that is used for energy,Target minmum fraction of captured biogas that is used for energy production.,12,0.0,0.0,0.0,0.0,2019
Circular Economy,WASO,TFR:WASO:INC_ENERGY_FROM_BIOGAS,WASO: Biogas for energy production,Increase the fraction of biogas that is collected that is used for energy,Target minmum fraction of captured biogas that is used for energy production.,12,0.0,0.0,0.0,0.0,2020
Circular Economy,WASO,TFR:WASO:INC_ENERGY_FROM_BIOGAS,WASO: Biogas for energy production,Increase the fraction of biogas that is collected that is used for energy,Target minmum fraction of captured biogas that is used for energy production.,12,0.0,0.0,0.0,0.0,2021
Circular Economy,WASO,TFR:WASO:INC_ENERGY_FROM_BIOGAS,WASO: Biogas for energy production,Increase the fraction of biogas that is collected that is used for energy,Target minmum fraction of captured biogas that is used for energy production.,12,0.0,0.0,0.0,0.0,2022
Circular Economy,WASO,TFR:WASO:INC_ENERGY_FROM_BIOGAS,WASO: Biogas for energy production,Increase the fraction of biogas that is collected that is used for energy,Target minmum fraction of captured biogas that is used for energy production.,12,0.0,0.0,0.0,0.0,2023
Circular Economy,WASO,TFR:WASO:INC_ENERGY_FROM_BIOGAS,WASO: Biogas for energy production,Increase the fraction of biogas that is collected that is used for energy,Target minmum fraction of captured biogas that is used for energy production.,12,0.0,0.0,0.0,0.0,2024
Circular Economy,WASO,TFR:WASO:INC_ENERGY_FROM_BIOGAS,WASO: Biogas for energy production,Increase the fraction of biogas that is collected that is used for energy,Target minmum fraction of captured biogas that is used for energy production.,12,0.0,0.0,0.0,0.0,2025
Circular Economy,WASO,TFR:WASO:INC_ENERGY_FROM_BIOGAS,WASO: Biogas for energy production,Increase the fraction of biogas that is collected that is used for energy,Target minmum fraction of captured biogas that is used for energy production.,12,0.0,0.0,0.0,0.0,2026
Circular Economy,WASO,TFR:WASO:INC_ENERGY_FROM_BIOGAS,WASO: Biogas for energy production,Increase the fraction of biogas that is collected that is used for energy,Target minmum fraction of captured biogas that is used for energy production.,12,0.0,0.0,0.0,0.0,2027
Circular Economy,WASO,TFR:WASO:INC_ENERGY_FROM_BIOGAS,WASO: Biogas for energy production,Increase the fraction of biogas that is collected that is used for energy,Target minmum fraction of captured biogas that is used for energy production.,12,0.0,0.0,0.0,0.03953488372093023,2028
Circular Economy,WASO,TFR:WASO:INC_ENERGY_FROM_BIOGAS,WASO: Biogas for energy production,Increase the fraction of biogas that is collected that is used for energy,Target minmum fraction of captured biogas that is used for energy production.,12,0.0,0.0,0.0,0.07906976744186046,2029
Circular Economy,WASO,TFR:WASO:INC_ENERGY_FROM_BIOGAS,WASO: Biogas for energy production,Increase the fraction of biogas that is collected that is used for energy,Target minmum fraction of captured biogas that is used for energy production.,12,0.0,0.0,0.0,0.11860465116279069,2030
Circular Economy,WASO,TFR:WASO:INC_ENERGY_FROM_BIOGAS,WASO: Biogas for energy production,Increase the fraction of biogas that is collected that is used for energy,Target minmum fraction of captured biogas that is used for energy production.,12,0.0,0.0,0.0,0.15813953488372093,2031
Circular Economy,WASO,TFR:WASO:INC_ENERGY_FROM_BIOGAS,WASO: Biogas for energy production,Increase the fraction of biogas that is collected that is used for energy,Target minmum fraction of captured biogas that is used for energy production.,12,0.0,0.0,0.0,0.19767441860465115,2032
Circular Economy,WASO,TFR:WASO:INC_ENERGY_FROM_BIOGAS,WASO: Biogas for energy production,Increase the fraction of biogas that is collected that is used for energy,Target minmum fraction of captured biogas that is used for energy production.,12,0.0,0.0,0.0,0.23720930232558138,2033
Circular Economy,WASO,TFR:WASO:INC_ENERGY_FROM_BIOGAS,WASO: Biogas for energy production,Increase the fraction of biogas that is collected that is used for energy,Target minmum fraction of captured biogas that is used for energy production.,12,0.0,0.0,0.0,0.27674418604651163,2034
Circular Economy,WASO,TFR:WASO:INC_ENERGY_FROM_BIOGAS,WASO: Biogas for energy production,Increase the fraction of biogas that is collected that is used for energy,Target minmum fraction of captured biogas that is used for energy production.,12,0.0,0.0,0.0,0.31627906976744186,2035
Circular Economy,WASO,TFR:WASO:INC_ENERGY_FROM_BIOGAS,WASO: Biogas for energy production,Increase the fraction of biogas that is collected that is used for energy,Target minmum fraction of captured biogas that is used for energy production.,12,0.0,0.0,0.0,0.3558139534883721,2036
Circular Economy,WASO,TFR:WASO:INC_ENERGY_FROM_BIOGAS,WASO: Biogas for energy production,Increase the fraction of biogas that is collected that is used for energy,Target minmum fraction of captured biogas that is used for energy production.,12,0.0,0.0,0.0,0.3953488372093023,2037
Circular Economy,WASO,TFR:WASO:INC_ENERGY_FROM_BIOGAS,WASO: Biogas for energy production,Increase the fraction of biogas that is collected that is used for energy,Target minmum fraction of captured biogas that is used for energy production.,12,0.0,0.0,0.0,0.4348837209302326,2038
Circular Economy,WASO,TFR:WASO:INC_ENERGY_FROM_BIOGAS,WASO: Biogas for energy production,Increase the fraction of biogas that is collected that is used for energy,Target minmum fraction of captured biogas that is used for energy production.,12,0.0,0.0,0.0,0.47441860465116276,2039
Circular Economy,WASO,TFR:WASO:INC_ENERGY_FROM_BIOGAS,WASO: Biogas for energy production,Increase the fraction of biogas that is collected that is used for energy,Target minmum fraction of captured biogas that is used for energy production.,12,0.0,0.0,0.0,0.513953488372093,2040
Circular Economy,WASO,TFR:WASO:INC_ENERGY_FROM_BIOGAS,WASO: Biogas for energy production,Increase the fraction of biogas that is collected that is used for energy,Target minmum fraction of captured biogas that is used for energy production.,12,0.0,0.0,0.0,0.5534883720930233,2041
Circular Economy,WASO,TFR:WASO:INC_ENERGY_FROM_BIOGAS,WASO: Biogas for energy production,Increase the fraction of biogas that is collected that is used for energy,Target minmum fraction of captured biogas that is used for energy production.,12,0.0,0.0,0.0,0.5930232558139535,2042
Circular Economy,WASO,TFR:WASO:INC_ENERGY_FROM_BIOGAS,WASO: Biogas for energy production,Increase the fraction of biogas that is collected that is used for energy,Target minmum fraction of captured biogas that is used for energy production.,12,0.0,0.0,0.0,0.6325581395348837,2043
Circular Economy,WASO,TFR:WASO:INC_ENERGY_FROM_BIOGAS,WASO: Biogas for energy production,Increase the fraction of biogas that is collected that is used for energy,Target minmum fraction of captured biogas that is used for energy production.,12,0.0,0.0,0.0,0.6720930232558139,2044
Circular Economy,WASO,TFR:WASO:INC_ENERGY_FROM_BIOGAS,WASO: Biogas for energy production,Increase the fraction of biogas that is collected that is used for energy,Target minmum fraction of captured biogas that is used for energy production.,12,0.0,0.0,0.0,0.7116279069767442,2045
Circular Economy,WASO,TFR:WASO:INC_ENERGY_FROM_BIOGAS,WASO: Biogas for energy production,Increase the fraction of biogas that is collected that is used for energy,Target minmum fraction of captured biogas that is used for energy production.,12,0.0,0.0,0.0,0.7511627906976744,2046
Circular Economy,WASO,TFR:WASO:INC_ENERGY_FROM_BIOGAS,WASO: Biogas for energy production,Increase the fraction of biogas that is collected that is used for energy,Target minmum fraction of captured biogas that is used for energy production.,12,0.0,0.0,0.0,0.7906976744186046,2047
Circular Economy,WASO,TFR:WASO:INC_ENERGY_FROM_BIOGAS,WASO: Biogas for energy production,Increase the fraction of biogas that is collected that is used for energy,Target minmum fraction of captured biogas that is used for energy production.,12,0.0,0.0,0.0,0.8302325581395348,2048
Circular Economy,WASO,TFR:WASO:INC_ENERGY_FROM_BIOGAS,WASO: Biogas for energy production,Increase the fraction of biogas that is collected that is used for energy,Target minmum fraction of captured biogas that is used for energy production.,12,0.0,0.0,0.0,0.8697674418604652,2049
Circular Economy,WASO,TFR:WASO:INC_ENERGY_FROM_BIOGAS,WASO: Biogas for energy production,Increase the fraction of biogas that is collected that is used for energy,Target minmum fraction of captured biogas that is used for energy production.,12,0.0,0.0,0.0,0.9093023255813952,2050
Circular Economy,WASO,TFR:WASO:INC_ENERGY_FROM_BIOGAS,WASO: Biogas for energy production,Increase the fraction of biogas that is collected that is used for energy,Target minmum fraction of captured biogas that is used for energy production.,12,0.0,0.0,0.0,0.9488372093023255,2051
Circular Economy,WASO,TFR:WASO:INC_ENERGY_FROM_BIOGAS,WASO: Biogas for energy production,Increase the fraction of biogas that is collected that is used for energy,Target minmum fraction of captured biogas that is used for energy production.,12,0.0,0.0,0.0,0.9883720930232558,2052
Circular Economy,WASO,TFR:WASO:INC_ENERGY_FROM_BIOGAS,WASO: Biogas for energy production,Increase the fraction of biogas that is collected that is used for energy,Target minmum fraction of captured biogas that is used for energy production.,12,0.0,0.0,0.0,1.027906976744186,2053
Circular Economy,WASO,TFR:WASO:INC_ENERGY_FROM_BIOGAS,WASO: Biogas for energy production,Increase the fraction of biogas that is collected that is used for energy,Target minmum fraction of captured biogas that is used for energy production.,12,0.0,0.0,0.0,1.0674418604651164,2054
Circular Economy,WASO,TFR:WASO:INC_ENERGY_FROM_BIOGAS,WASO: Biogas for energy production,Increase the fraction of biogas that is collected that is used for energy,Target minmum fraction of captured biogas that is used for energy production.,12,0.0,0.0,0.0,1.1069767441860465,2055
Circular Economy,WASO,TFR:WASO:INC_ENERGY_FROM_BIOGAS,WASO: Biogas for energy production,Increase the fraction of biogas that is collected that is used for energy,Target minmum fraction of captured biogas that is used for energy production.,12,0.0,0.0,0.0,1.1465116279069767,2056
Circular Economy,WASO,TFR:WASO:INC_ENERGY_FROM_BIOGAS,WASO: Biogas for energy production,Increase the fraction of biogas that is collected that is used for energy,Target minmum fraction of captured biogas that is used for energy production.,12,0.0,0.0,0.0,1.186046511627907,2057
Circular Economy,WASO,TFR:WASO:INC_ENERGY_FROM_BIOGAS,WASO: Biogas for energy production,Increase the fraction of biogas that is collected that is used for energy,Target minmum fraction of captured biogas that is used for energy production.,12,0.0,0.0,0.0,1.225581395348837,2058
Circular Economy,WASO,TFR:WASO:INC_ENERGY_FROM_BIOGAS,WASO: Biogas for energy production,Increase the fraction of biogas that is collected that is used for energy,Target minmum fraction of captured biogas that is used for energy production.,12,0.0,0.0,0.0,1.2651162790697674,2059
Circular Economy,WASO,TFR:WASO:INC_ENERGY_FROM_BIOGAS,WASO: Biogas for energy production,Increase the fraction of biogas that is collected that is used for energy,Target minmum fraction of captured biogas that is used for energy production.,12,0.0,0.0,0.0,1.3046511627906976,2060
Circular Economy,WASO,TFR:WASO:INC_ENERGY_FROM_BIOGAS,WASO: Biogas for energy production,Increase the fraction of biogas that is collected that is used for energy,Target minmum fraction of captured biogas that is used for energy production.,12,0.0,0.0,0.0,1.3441860465116278,2061
Circular Economy,WASO,TFR:WASO:INC_ENERGY_FROM_BIOGAS,WASO: Biogas for energy production,Increase the fraction of biogas that is collected that is used for energy,Target minmum fraction of captured biogas that is used for energy production.,12,0.0,0.0,0.0,1.3837209302325582,2062
Circular Economy,WASO,TFR:WASO:INC_ENERGY_FROM_BIOGAS,WASO: Biogas for energy production,Increase the fraction of biogas that is collected that is used for energy,Target minmum fraction of captured biogas that is used for energy production.,12,0.0,0.0,0.0,1.4232558139534883,2063
Circular Economy,WASO,TFR:WASO:INC_ENERGY_FROM_BIOGAS,WASO: Biogas for energy production,Increase the fraction of biogas that is collected that is used for energy,Target minmum fraction of captured biogas that is used for energy production.,12,0.0,0.0,0.0,1.4627906976744185,2064
Circular Economy,WASO,TFR:WASO:INC_ENERGY_FROM_BIOGAS,WASO: Biogas for energy production,Increase the fraction of biogas that is collected that is used for energy,Target minmum fraction of captured biogas that is used for energy production.,12,0.0,0.0,0.0,1.5023255813953489,2065
Circular Economy,WASO,TFR:WASO:INC_ENERGY_FROM_BIOGAS,WASO: Biogas for energy production,Increase the fraction of biogas that is collected that is used for energy,Target minmum fraction of captured biogas that is used for energy production.,12,0.0,0.0,0.0,1.5418604651162788,2066
Circular Economy,WASO,TFR:WASO:INC_ENERGY_FROM_BIOGAS,WASO: Biogas for energy production,Increase the fraction of biogas that is collected that is used for energy,Target minmum fraction of captured biogas that is used for energy production.,12,0.0,0.0,0.0,1.5813953488372092,2067
Circular Economy,WASO,TFR:WASO:INC_ENERGY_FROM_BIOGAS,WASO: Biogas for energy production,Increase the fraction of biogas that is collected that is used for energy,Target minmum fraction of captured biogas that is used for energy production.,12,0.0,0.0,0.0,1.6209302325581396,2068
Circular Economy,WASO,TFR:WASO:INC_ENERGY_FROM_BIOGAS,WASO: Biogas for energy production,Increase the fraction of biogas that is collected that is used for energy,Target minmum fraction of captured biogas that is used for energy production.,12,0.0,0.0,0.0,1.6604651162790696,2069
Circular Economy,WASO,TFR:WASO:INC_ENERGY_FROM_BIOGAS,WASO: Biogas for energy production,Increase the fraction of biogas that is collected that is used for energy,Target minmum fraction of captured biogas that is used for energy production.,12,0.0,0.0,0.0,1.7,2070
Circular Economy,WASO,TFR:WASO:INC_ENERGY_FROM_INCINERATION,WASO: Incineration for energy production,Missing,Target minmum fraction of waste that is incinerated for energy.,12,0.0,0.0,0.0,0.0,2015
Circular Economy,WASO,TFR:WASO:INC_ENERGY_FROM_INCINERATION,WASO: Incineration for energy production,Missing,Target minmum fraction of waste that is incinerated for energy.,12,0.0,0.0,0.0,0.0,2016
Circular Economy,WASO,TFR:WASO:INC_ENERGY_FROM_INCINERATION,WASO: Incineration for energy production,Missing,Target minmum fraction of waste that is incinerated for energy.,12,0.0,0.0,0.0,0.0,2017
Circular Economy,WASO,TFR:WASO:INC_ENERGY_FROM_INCINERATION,WASO: Incineration for energy production,Missing,Target minmum fraction of waste that is incinerated for energy.,12,0.0,0.0,0.0,0.0,2018
Circular Economy,WASO,TFR:WASO:INC_ENERGY_FROM_INCINERATION,WASO: Incineration for energy production,Missing,Target minmum fraction of waste that is incinerated for energy.,12,0.0,0.0,0.0,0.0,2019
Circular Economy,WASO,TFR:WASO:INC_ENERGY_FROM_INCINERATION,WASO: Incineration for energy production,Missing,Target minmum fraction of waste that is incinerated for energy.,12,0.0,0.0,0.0,0.0,2020
Circular Economy,WASO,TFR:WASO:INC_ENERGY_FROM_INCINERATION,WASO: Incineration for energy production,Missing,Target minmum fraction of waste that is incinerated for energy.,12,0.0,0.0,0.0,0.0,2021
Circular Economy,WASO,TFR:WASO:INC_ENERGY_FROM_INCINERATION,WASO: Incineration for energy production,Missing,Target minmum fraction of waste that is incinerated for energy.,12,0.0,0.0,0.0,0.0,2022
Circular Economy,WASO,TFR:WASO:INC_ENERGY_FROM_INCINERATION,WASO: Incineration for energy production,Missing,Target minmum fraction of waste that is incinerated for energy.,12,0.0,0.0,0.0,0.0,2023
Circular Economy,WASO,TFR:WASO:INC_ENERGY_FROM_INCINERATION,WASO: Incineration for energy production,Missing,Target minmum fraction of waste that is incinerated for energy.,12,0.0,0.0,0.0,0.0,2024
Circular Economy,WASO,TFR:WASO:INC_ENERGY_FROM_INCINERATION,WASO: Incineration for energy production,Missing,Target minmum fraction of waste that is incinerated for energy.,12,0.0,0.0,0.0,0.0,2025
Circular Economy,WASO,TFR:WASO:INC_ENERGY_FROM_INCINERATION,WASO: Incineration for energy production,Missing,Target minmum fraction of waste that is incinerated for energy.,12,0.0,0.0,0.0,0.0,2026
Circular Economy,WASO,TFR:WASO:INC_ENERGY_FROM_INCINERATION,WASO: Incineration for energy production,Missing,Target minmum fraction of waste that is incinerated for energy.,12,0.0,0.0,0.0,0.0,2027
Circular Economy,WASO,TFR:WASO:INC_ENERGY_FROM_INCINERATION,WASO: Incineration for energy production,Missing,Target minmum fraction of waste that is incinerated for energy.,12,0.0,0.0,0.0,0.03953488372093023,2028
Circular Economy,WASO,TFR:WASO:INC_ENERGY_FROM_INCINERATION,WASO: Incineration for energy production,Missing,Target minmum fraction of waste that is incinerated for energy.,12,0.0,0.0,0.0,0.07906976744186046,2029
Circular Economy,WASO,TFR:WASO:INC_ENERGY_FROM_INCINERATION,WASO: Incineration for energy production,Missing,Target minmum fraction of waste that is incinerated for energy.,12,0.0,0.0,0.0,0.11860465116279069,2030
Circular Economy,WASO,TFR:WASO:INC_ENERGY_FROM_INCINERATION,WASO: Incineration for energy production,Missing,Target minmum fraction of waste that is incinerated for energy.,12,0.0,0.0,0.0,0.15813953488372093,2031
Circular Economy,WASO,TFR:WASO:INC_ENERGY_FROM_INCINERATION,WASO: Incineration for energy production,Missing,Target minmum fraction of waste that is incinerated for energy.,12,0.0,0.0,0.0,0.19767441860465115,2032
Circular Economy,WASO,TFR:WASO:INC_ENERGY_FROM_INCINERATION,WASO: Incineration for energy production,Missing,Target minmum fraction of waste that is incinerated for energy.,12,0.0,0.0,0.0,0.23720930232558138,2033
Circular Economy,WASO,TFR:WASO:INC_ENERGY_FROM_INCINERATION,WASO: Incineration for energy production,Missing,Target minmum fraction of waste that is incinerated for energy.,12,0.0,0.0,0.0,0.27674418604651163,2034
Circular Economy,WASO,TFR:WASO:INC_ENERGY_FROM_INCINERATION,WASO: Incineration for energy production,Missing,Target minmum fraction of waste that is incinerated for energy.,12,0.0,0.0,0.0,0.31627906976744186,2035
Circular Economy,WASO,TFR:WASO:INC_ENERGY_FROM_INCINERATION,WASO: Incineration for energy production,Missing,Target minmum fraction of waste that is incinerated for energy.,12,0.0,0.0,0.0,0.3558139534883721,2036
Circular Economy,WASO,TFR:WASO:INC_ENERGY_FROM_INCINERATION,WASO: Incineration for energy production,Missing,Target minmum fraction of waste that is incinerated for energy.,12,0.0,0.0,0.0,0.3953488372093023,2037
Circular Economy,WASO,TFR:WASO:INC_ENERGY_FROM_INCINERATION,WASO: Incineration for energy production,Missing,Target minmum fraction of waste that is incinerated for energy.,12,0.0,0.0,0.0,0.4348837209302326,2038
Circular Economy,WASO,TFR:WASO:INC_ENERGY_FROM_INCINERATION,WASO: Incineration for energy production,Missing,Target minmum fraction of waste that is incinerated for energy.,12,0.0,0.0,0.0,0.47441860465116276,2039
Circular Economy,WASO,TFR:WASO:INC_ENERGY_FROM_INCINERATION,WASO: Incineration for energy production,Missing,Target minmum fraction of waste that is incinerated for energy.,12,0.0,0.0,0.0,0.513953488372093,2040
Circular Economy,WASO,TFR:WASO:INC_ENERGY_FROM_INCINERATION,WASO: Incineration for energy production,Missing,Target minmum fraction of waste that is incinerated for energy.,12,0.0,0.0,0.0,0.5534883720930233,2041
Circular Economy,WASO,TFR:WASO:INC_ENERGY_FROM_INCINERATION,WASO: Incineration for energy production,Missing,Target minmum fraction of waste that is incinerated for energy.,12,0.0,0.0,0.0,0.5930232558139535,2042
Circular Economy,WASO,TFR:WASO:INC_ENERGY_FROM_INCINERATION,WASO: Incineration for energy production,Missing,Target minmum fraction of waste that is incinerated for energy.,12,0.0,0.0,0.0,0.6325581395348837,2043
Circular Economy,WASO,TFR:WASO:INC_ENERGY_FROM_INCINERATION,WASO: Incineration for energy production,Missing,Target minmum fraction of waste that is incinerated for energy.,12,0.0,0.0,0.0,0.6720930232558139,2044
Circular Economy,WASO,TFR:WASO:INC_ENERGY_FROM_INCINERATION,WASO: Incineration for energy production,Missing,Target minmum fraction of waste that is incinerated for energy.,12,0.0,0.0,0.0,0.7116279069767442,2045
Circular Economy,WASO,TFR:WASO:INC_ENERGY_FROM_INCINERATION,WASO: Incineration for energy production,Missing,Target minmum fraction of waste that is incinerated for energy.,12,0.0,0.0,0.0,0.7511627906976744,2046
Circular Economy,WASO,TFR:WASO:INC_ENERGY_FROM_INCINERATION,WASO: Incineration for energy production,Missing,Target minmum fraction of waste that is incinerated for energy.,12,0.0,0.0,0.0,0.7906976744186046,2047
Circular Economy,WASO,TFR:WASO:INC_ENERGY_FROM_INCINERATION,WASO: Incineration for energy production,Missing,Target minmum fraction of waste that is incinerated for energy.,12,0.0,0.0,0.0,0.8302325581395348,2048
Circular Economy,WASO,TFR:WASO:INC_ENERGY_FROM_INCINERATION,WASO: Incineration for energy production,Missing,Target minmum fraction of waste that is incinerated for energy.,12,0.0,0.0,0.0,0.8697674418604652,2049
Circular Economy,WASO,TFR:WASO:INC_ENERGY_FROM_INCINERATION,WASO: Incineration for energy production,Missing,Target minmum fraction of waste that is incinerated for energy.,12,0.0,0.0,0.0,0.9093023255813952,2050
Circular Economy,WASO,TFR:WASO:INC_ENERGY_FROM_INCINERATION,WASO: Incineration for energy production,Missing,Target minmum fraction of waste that is incinerated for energy.,12,0.0,0.0,0.0,0.9488372093023255,2051
Circular Economy,WASO,TFR:WASO:INC_ENERGY_FROM_INCINERATION,WASO: Incineration for energy production,Missing,Target minmum fraction of waste that is incinerated for energy.,12,0.0,0.0,0.0,0.9883720930232558,2052
Circular Economy,WASO,TFR:WASO:INC_ENERGY_FROM_INCINERATION,WASO: Incineration for energy production,Missing,Target minmum fraction of waste that is incinerated for energy.,12,0.0,0.0,0.0,1.027906976744186,2053
Circular Economy,WASO,TFR:WASO:INC_ENERGY_FROM_INCINERATION,WASO: Incineration for energy production,Missing,Target minmum fraction of waste that is incinerated for energy.,12,0.0,0.0,0.0,1.0674418604651164,2054
Circular Economy,WASO,TFR:WASO:INC_ENERGY_FROM_INCINERATION,WASO: Incineration for energy production,Missing,Target minmum fraction of waste that is incinerated for energy.,12,0.0,0.0,0.0,1.1069767441860465,2055
Circular Economy,WASO,TFR:WASO:INC_ENERGY_FROM_INCINERATION,WASO: Incineration for energy production,Missing,Target minmum fraction of waste that is incinerated for energy.,12,0.0,0.0,0.0,1.1465116279069767,2056
Circular Economy,WASO,TFR:WASO:INC_ENERGY_FROM_INCINERATION,WASO: Incineration for energy production,Missing,Target minmum fraction of waste that is incinerated for energy.,12,0.0,0.0,0.0,1.186046511627907,2057
Circular Economy,WASO,TFR:WASO:INC_ENERGY_FROM_INCINERATION,WASO: Incineration for energy production,Missing,Target minmum fraction of waste that is incinerated for energy.,12,0.0,0.0,0.0,1.225581395348837,2058
Circular Economy,WASO,TFR:WASO:INC_ENERGY_FROM_INCINERATION,WASO: Incineration for energy production,Missing,Target minmum fraction of waste that is incinerated for energy.,12,0.0,0.0,0.0,1.2651162790697674,2059
Circular Economy,WASO,TFR:WASO:INC_ENERGY_FROM_INCINERATION,WASO: Incineration for energy production,Missing,Target minmum fraction of waste that is incinerated for energy.,12,0.0,0.0,0.0,1.3046511627906976,2060
Circular Economy,WASO,TFR:WASO:INC_ENERGY_FROM_INCINERATION,WASO: Incineration for energy production,Missing,Target minmum fraction of waste that is incinerated for energy.,12,0.0,0.0,0.0,1.3441860465116278,2061
Circular Economy,WASO,TFR:WASO:INC_ENERGY_FROM_INCINERATION,WASO: Incineration for energy production,Missing,Target minmum fraction of waste that is incinerated for energy.,12,0.0,0.0,0.0,1.3837209302325582,2062
Circular Economy,WASO,TFR:WASO:INC_ENERGY_FROM_INCINERATION,WASO: Incineration for energy production,Missing,Target minmum fraction of waste that is incinerated for energy.,12,0.0,0.0,0.0,1.4232558139534883,2063
Circular Economy,WASO,TFR:WASO:INC_ENERGY_FROM_INCINERATION,WASO: Incineration for energy production,Missing,Target minmum fraction of waste that is incinerated for energy.,12,0.0,0.0,0.0,1.4627906976744185,2064
Circular Economy,WASO,TFR:WASO:INC_ENERGY_FROM_INCINERATION,WASO: Incineration for energy production,Missing,Target minmum fraction of waste that is incinerated for energy.,12,0.0,0.0,0.0,1.5023255813953489,2065
Circular Economy,WASO,TFR:WASO:INC_ENERGY_FROM_INCINERATION,WASO: Incineration for energy production,Missing,Target minmum fraction of waste that is incinerated for energy.,12,0.0,0.0,0.0,1.5418604651162788,2066
Circular Economy,WASO,TFR:WASO:INC_ENERGY_FROM_INCINERATION,WASO: Incineration for energy production,Missing,Target minmum fraction of waste that is incinerated for energy.,12,0.0,0.0,0.0,1.5813953488372092,2067
Circular Economy,WASO,TFR:WASO:INC_ENERGY_FROM_INCINERATION,WASO: Incineration for energy production,Missing,Target minmum fraction of waste that is incinerated for energy.,12,0.0,0.0,0.0,1.6209302325581396,2068
Circular Economy,WASO,TFR:WASO:INC_ENERGY_FROM_INCINERATION,WASO: Incineration for energy production,Missing,Target minmum fraction of waste that is incinerated for energy.,12,0.0,0.0,0.0,1.6604651162790696,2069
Circular Economy,WASO,TFR:WASO:INC_ENERGY_FROM_INCINERATION,WASO: Incineration for energy production,Missing,Target minmum fraction of waste that is incinerated for energy.,12,0.0,0.0,0.0,1.7,2070
Circular Economy,WASO,TFR:WASO:INC_LANDFILLING,WASO: Increase landfilling,"Increase fraction of waste that is otherwise untreated (i.e., post recycling, composting, etc.) that is sent to landfills",Target fraction of waste **that is not otherwise recycled (including composting for organics)** that is sent to landfills.,12,0.0,0.0,0.0,0.0,2015
Circular Economy,WASO,TFR:WASO:INC_LANDFILLING,WASO: Increase landfilling,"Increase fraction of waste that is otherwise untreated (i.e., post recycling, composting, etc.) that is sent to landfills",Target fraction of waste **that is not otherwise recycled (including composting for organics)** that is sent to landfills.,12,0.0,0.0,0.0,0.0,2016
Circular Economy,WASO,TFR:WASO:INC_LANDFILLING,WASO: Increase landfilling,"Increase fraction of waste that is otherwise untreated (i.e., post recycling, composting, etc.) that is sent to landfills",Target fraction of waste **that is not otherwise recycled (including composting for organics)** that is sent to landfills.,12,0.0,0.0,0.0,0.0,2017
Circular Economy,WASO,TFR:WASO:INC_LANDFILLING,WASO: Increase landfilling,"Increase fraction of waste that is otherwise untreated (i.e., post recycling, composting, etc.) that is sent to landfills",Target fraction of waste **that is not otherwise recycled (including composting for organics)** that is sent to landfills.,12,0.0,0.0,0.0,0.0,2018
Circular Economy,WASO,TFR:WASO:INC_LANDFILLING,WASO: Increase landfilling,"Increase fraction of waste that is otherwise untreated (i.e., post recycling, composting, etc.) that is sent to landfills",Target fraction of waste **that is not otherwise recycled (including composting for organics)** that is sent to landfills.,12,0.0,0.0,0.0,0.0,2019
Circular Economy,WASO,TFR:WASO:INC_LANDFILLING,WASO: Increase landfilling,"Increase fraction of waste that is otherwise untreated (i.e., post recycling, composting, etc.) that is sent to landfills",Target fraction of waste **that is not otherwise recycled (including composting for organics)** that is sent to landfills.,12,0.0,0.0,0.0,0.0,2020
Circular Economy,WASO,TFR:WASO:INC_LANDFILLING,WASO: Increase landfilling,"Increase fraction of waste that is otherwise untreated (i.e., post recycling, composting, etc.) that is sent to landfills",Target fraction of waste **that is not otherwise recycled (including composting for organics)** that is sent to landfills.,12,0.0,0.0,0.0,0.0,2021
Circular Economy,WASO,TFR:WASO:INC_LANDFILLING,WASO: Increase landfilling,"Increase fraction of waste that is otherwise untreated (i.e., post recycling, composting, etc.) that is sent to landfills",Target fraction of waste **that is not otherwise recycled (including composting for organics)** that is sent to landfills.,12,0.0,0.0,0.0,0.0,2022
Circular Economy,WASO,TFR:WASO:INC_LANDFILLING,WASO: Increase landfilling,"Increase fraction of waste that is otherwise untreated (i.e., post recycling, composting, etc.) that is sent to landfills",Target fraction of waste **that is not otherwise recycled (including composting for organics)** that is sent to landfills.,12,0.0,0.0,0.0,0.0,2023
Circular Economy,WASO,TFR:WASO:INC_LANDFILLING,WASO: Increase landfilling,"Increase fraction of waste that is otherwise untreated (i.e., post recycling, composting, etc.) that is sent to landfills",Target fraction of waste **that is not otherwise recycled (including composting for organics)** that is sent to landfills.,12,0.0,0.0,0.0,0.0,2024
Circular Economy,WASO,TFR:WASO:INC_LANDFILLING,WASO: Increase landfilling,"Increase fraction of waste that is otherwise untreated (i.e., post recycling, composting, etc.) that is sent to landfills",Target fraction of waste **that is not otherwise recycled (including composting for organics)** that is sent to landfills.,12,0.0,0.0,0.0,0.0,2025
Circular Economy,WASO,TFR:WASO:INC_LANDFILLING,WASO: Increase landfilling,"Increase fraction of waste that is otherwise untreated (i.e., post recycling, composting, etc.) that is sent to landfills",Target fraction of waste **that is not otherwise recycled (including composting for organics)** that is sent to landfills.,12,0.0,0.0,0.0,0.0,2026
Circular Economy,WASO,TFR:WASO:INC_LANDFILLING,WASO: Increase landfilling,"Increase fraction of waste that is otherwise untreated (i.e., post recycling, composting, etc.) that is sent to landfills",Target fraction of waste **that is not otherwise recycled (including composting for organics)** that is sent to landfills.,12,0.0,0.0,0.0,0.0,2027
Circular Economy,WASO,TFR:WASO:INC_LANDFILLING,WASO: Increase landfilling,"Increase fraction of waste that is otherwise untreated (i.e., post recycling, composting, etc.) that is sent to landfills",Target fraction of waste **that is not otherwise recycled (including composting for organics)** that is sent to landfills.,12,0.0,0.0,0.0,0.046511627906976744,2028
Circular Economy,WASO,TFR:WASO:INC_LANDFILLING,WASO: Increase landfilling,"Increase fraction of waste that is otherwise untreated (i.e., post recycling, composting, etc.) that is sent to landfills",Target fraction of waste **that is not otherwise recycled (including composting for organics)** that is sent to landfills.,12,0.0,0.0,0.0,0.09302325581395349,2029
Circular Economy,WASO,TFR:WASO:INC_LANDFILLING,WASO: Increase landfilling,"Increase fraction of waste that is otherwise untreated (i.e., post recycling, composting, etc.) that is sent to landfills",Target fraction of waste **that is not otherwise recycled (including composting for organics)** that is sent to landfills.,12,0.0,0.0,0.0,0.13953488372093023,2030
Circular Economy,WASO,TFR:WASO:INC_LANDFILLING,WASO: Increase landfilling,"Increase fraction of waste that is otherwise untreated (i.e., post recycling, composting, etc.) that is sent to landfills",Target fraction of waste **that is not otherwise recycled (including composting for organics)** that is sent to landfills.,12,0.0,0.0,0.0,0.18604651162790697,2031
Circular Economy,WASO,TFR:WASO:INC_LANDFILLING,WASO: Increase landfilling,"Increase fraction of waste that is otherwise untreated (i.e., post recycling, composting, etc.) that is sent to landfills",Target fraction of waste **that is not otherwise recycled (including composting for organics)** that is sent to landfills.,12,0.0,0.0,0.0,0.23255813953488372,2032
Circular Economy,WASO,TFR:WASO:INC_LANDFILLING,WASO: Increase landfilling,"Increase fraction of waste that is otherwise untreated (i.e., post recycling, composting, etc.) that is sent to landfills",Target fraction of waste **that is not otherwise recycled (including composting for organics)** that is sent to landfills.,12,0.0,0.0,0.0,0.27906976744186046,2033
Circular Economy,WASO,TFR:WASO:INC_LANDFILLING,WASO: Increase landfilling,"Increase fraction of waste that is otherwise untreated (i.e., post recycling, composting, etc.) that is sent to landfills",Target fraction of waste **that is not otherwise recycled (including composting for organics)** that is sent to landfills.,12,0.0,0.0,0.0,0.32558139534883723,2034
Circular Economy,WASO,TFR:WASO:INC_LANDFILLING,WASO: Increase landfilling,"Increase fraction of waste that is otherwise untreated (i.e., post recycling, composting, etc.) that is sent to landfills",Target fraction of waste **that is not otherwise recycled (including composting for organics)** that is sent to landfills.,12,0.0,0.0,0.0,0.37209302325581395,2035
Circular Economy,WASO,TFR:WASO:INC_LANDFILLING,WASO: Increase landfilling,"Increase fraction of waste that is otherwise untreated (i.e., post recycling, composting, etc.) that is sent to landfills",Target fraction of waste **that is not otherwise recycled (including composting for organics)** that is sent to landfills.,12,0.0,0.0,0.0,0.4186046511627907,2036
Circular Economy,WASO,TFR:WASO:INC_LANDFILLING,WASO: Increase landfilling,"Increase fraction of waste that is otherwise untreated (i.e., post recycling, composting, etc.) that is sent to landfills",Target fraction of waste **that is not otherwise recycled (including composting for organics)** that is sent to landfills.,12,0.0,0.0,0.0,0.46511627906976744,2037
Circular Economy,WASO,TFR:WASO:INC_LANDFILLING,WASO: Increase landfilling,"Increase fraction of waste that is otherwise untreated (i.e., post recycling, composting, etc.) that is sent to landfills",Target fraction of waste **that is not otherwise recycled (including composting for organics)** that is sent to landfills.,12,0.0,0.0,0.0,0.5116279069767442,2038
Circular Economy,WASO,TFR:WASO:INC_LANDFILLING,WASO: Increase landfilling,"Increase fraction of waste that is otherwise untreated (i.e., post recycling, composting, etc.) that is sent to landfills",Target fraction of waste **that is not otherwise recycled (including composting for organics)** that is sent to landfills.,12,0.0,0.0,0.0,0.5581395348837209,2039
Circular Economy,WASO,TFR:WASO:INC_LANDFILLING,WASO: Increase landfilling,"Increase fraction of waste that is otherwise untreated (i.e., post recycling, composting, etc.) that is sent to landfills",Target fraction of waste **that is not otherwise recycled (including composting for organics)** that is sent to landfills.,12,0.0,0.0,0.0,0.6046511627906976,2040
Circular Economy,WASO,TFR:WASO:INC_LANDFILLING,WASO: Increase landfilling,"Increase fraction of waste that is otherwise untreated (i.e., post recycling, composting, etc.) that is sent to landfills",Target fraction of waste **that is not otherwise recycled (including composting for organics)** that is sent to landfills.,12,0.0,0.0,0.0,0.6511627906976745,2041
Circular Economy,WASO,TFR:WASO:INC_LANDFILLING,WASO: Increase landfilling,"Increase fraction of waste that is otherwise untreated (i.e., post recycling, composting, etc.) that is sent to landfills",Target fraction of waste **that is not otherwise recycled (including composting for organics)** that is sent to landfills.,12,0.0,0.0,0.0,0.6976744186046512,2042
Circular Economy,WASO,TFR:WASO:INC_LANDFILLING,WASO: Increase landfilling,"Increase fraction of waste that is otherwise untreated (i.e., post recycling, composting, etc.) that is sent to landfills",Target fraction of waste **that is not otherwise recycled (including composting for organics)** that is sent to landfills.,12,0.0,0.0,0.0,0.7441860465116279,2043
Circular Economy,WASO,TFR:WASO:INC_LANDFILLING,WASO: Increase landfilling,"Increase fraction of waste that is otherwise untreated (i.e., post recycling, composting, etc.) that is sent to landfills",Target fraction of waste **that is not otherwise recycled (including composting for organics)** that is sent to landfills.,12,0.0,0.0,0.0,0.7906976744186046,2044
Circular Economy,WASO,TFR:WASO:INC_LANDFILLING,WASO: Increase landfilling,"Increase fraction of waste that is otherwise untreated (i.e., post recycling, composting, etc.) that is sent to landfills",Target fraction of waste **that is not otherwise recycled (including composting for organics)** that is sent to landfills.,12,0.0,0.0,0.0,0.8372093023255814,2045
Circular Economy,WASO,TFR:WASO:INC_LANDFILLING,WASO: Increase landfilling,"Increase fraction of waste that is otherwise untreated (i.e., post recycling, composting, etc.) that is sent to landfills",Target fraction of waste **that is not otherwise recycled (including composting for organics)** that is sent to landfills.,12,0.0,0.0,0.0,0.8837209302325582,2046
Circular Economy,WASO,TFR:WASO:INC_LANDFILLING,WASO: Increase landfilling,"Increase fraction of waste that is otherwise untreated (i.e., post recycling, composting, etc.) that is sent to landfills",Target fraction of waste **that is not otherwise recycled (including composting for organics)** that is sent to landfills.,12,0.0,0.0,0.0,0.9302325581395349,2047
Circular Economy,WASO,TFR:WASO:INC_LANDFILLING,WASO: Increase landfilling,"Increase fraction of waste that is otherwise untreated (i.e., post recycling, composting, etc.) that is sent to landfills",Target fraction of waste **that is not otherwise recycled (including composting for organics)** that is sent to landfills.,12,0.0,0.0,0.0,0.9767441860465116,2048
Circular Economy,WASO,TFR:WASO:INC_LANDFILLING,WASO: Increase landfilling,"Increase fraction of waste that is otherwise untreated (i.e., post recycling, composting, etc.) that is sent to landfills",Target fraction of waste **that is not otherwise recycled (including composting for organics)** that is sent to landfills.,12,0.0,0.0,0.0,1.0232558139534884,2049
Circular Economy,WASO,TFR:WASO:INC_LANDFILLING,WASO: Increase landfilling,"Increase fraction of waste that is otherwise untreated (i.e., post recycling, composting, etc.) that is sent to landfills",Target fraction of waste **that is not otherwise recycled (including composting for organics)** that is sent to landfills.,12,0.0,0.0,0.0,1.069767441860465,2050
Circular Economy,WASO,TFR:WASO:INC_LANDFILLING,WASO: Increase landfilling,"Increase fraction of waste that is otherwise untreated (i.e., post recycling, composting, etc.) that is sent to landfills",Target fraction of waste **that is not otherwise recycled (including composting for organics)** that is sent to landfills.,12,0.0,0.0,0.0,1.1162790697674418,2051
Circular Economy,WASO,TFR:WASO:INC_LANDFILLING,WASO: Increase landfilling,"Increase fraction of waste that is otherwise untreated (i.e., post recycling, composting, etc.) that is sent to landfills",Target fraction of waste **that is not otherwise recycled (including composting for organics)** that is sent to landfills.,12,0.0,0.0,0.0,1.1627906976744187,2052
Circular Economy,WASO,TFR:WASO:INC_LANDFILLING,WASO: Increase landfilling,"Increase fraction of waste that is otherwise untreated (i.e., post recycling, composting, etc.) that is sent to landfills",Target fraction of waste **that is not otherwise recycled (including composting for organics)** that is sent to landfills.,12,0.0,0.0,0.0,1.2093023255813953,2053
Circular Economy,WASO,TFR:WASO:INC_LANDFILLING,WASO: Increase landfilling,"Increase fraction of waste that is otherwise untreated (i.e., post recycling, composting, etc.) that is sent to landfills",Target fraction of waste **that is not otherwise recycled (including composting for organics)** that is sent to landfills.,12,0.0,0.0,0.0,1.255813953488372,2054
Circular Economy,WASO,TFR:WASO:INC_LANDFILLING,WASO: Increase landfilling,"Increase fraction of waste that is otherwise untreated (i.e., post recycling, composting, etc.) that is sent to landfills",Target fraction of waste **that is not otherwise recycled (including composting for organics)** that is sent to landfills.,12,0.0,0.0,0.0,1.302325581395349,2055
Circular Economy,WASO,TFR:WASO:INC_LANDFILLING,WASO: Increase landfilling,"Increase fraction of waste that is otherwise untreated (i.e., post recycling, composting, etc.) that is sent to landfills",Target fraction of waste **that is not otherwise recycled (including composting for organics)** that is sent to landfills.,12,0.0,0.0,0.0,1.3488372093023255,2056
Circular Economy,WASO,TFR:WASO:INC_LANDFILLING,WASO: Increase landfilling,"Increase fraction of waste that is otherwise untreated (i.e., post recycling, composting, etc.) that is sent to landfills",Target fraction of waste **that is not otherwise recycled (including composting for organics)** that is sent to landfills.,12,0.0,0.0,0.0,1.3953488372093024,2057
Circular Economy,WASO,TFR:WASO:INC_LANDFILLING,WASO: Increase landfilling,"Increase fraction of waste that is otherwise untreated (i.e., post recycling, composting, etc.) that is sent to landfills",Target fraction of waste **that is not otherwise recycled (including composting for organics)** that is sent to landfills.,12,0.0,0.0,0.0,1.441860465116279,2058
Circular Economy,WASO,TFR:WASO:INC_LANDFILLING,WASO: Increase landfilling,"Increase fraction of waste that is otherwise untreated (i.e., post recycling, composting, etc.) that is sent to landfills",Target fraction of waste **that is not otherwise recycled (including composting for organics)** that is sent to landfills.,12,0.0,0.0,0.0,1.4883720930232558,2059
Circular Economy,WASO,TFR:WASO:INC_LANDFILLING,WASO: Increase landfilling,"Increase fraction of waste that is otherwise untreated (i.e., post recycling, composting, etc.) that is sent to landfills",Target fraction of waste **that is not otherwise recycled (including composting for organics)** that is sent to landfills.,12,0.0,0.0,0.0,1.5348837209302326,2060
Circular Economy,WASO,TFR:WASO:INC_LANDFILLING,WASO: Increase landfilling,"Increase fraction of waste that is otherwise untreated (i.e., post recycling, composting, etc.) that is sent to landfills",Target fraction of waste **that is not otherwise recycled (including composting for organics)** that is sent to landfills.,12,0.0,0.0,0.0,1.5813953488372092,2061
Circular Economy,WASO,TFR:WASO:INC_LANDFILLING,WASO: Increase landfilling,"Increase fraction of waste that is otherwise untreated (i.e., post recycling, composting, etc.) that is sent to landfills",Target fraction of waste **that is not otherwise recycled (including composting for organics)** that is sent to landfills.,12,0.0,0.0,0.0,1.627906976744186,2062
Circular Economy,WASO,TFR:WASO:INC_LANDFILLING,WASO: Increase landfilling,"Increase fraction of waste that is otherwise untreated (i.e., post recycling, composting, etc.) that is sent to landfills",Target fraction of waste **that is not otherwise recycled (including composting for organics)** that is sent to landfills.,12,0.0,0.0,0.0,1.6744186046511629,2063
Circular Economy,WASO,TFR:WASO:INC_LANDFILLING,WASO: Increase landfilling,"Increase fraction of waste that is otherwise untreated (i.e., post recycling, composting, etc.) that is sent to landfills",Target fraction of waste **that is not otherwise recycled (including composting for organics)** that is sent to landfills.,12,0.0,0.0,0.0,1.7209302325581395,2064
Circular Economy,WASO,TFR:WASO:INC_LANDFILLING,WASO: Increase landfilling,"Increase fraction of waste that is otherwise untreated (i.e., post recycling, composting, etc.) that is sent to landfills",Target fraction of waste **that is not otherwise recycled (including composting for organics)** that is sent to landfills.,12,0.0,0.0,0.0,1.7674418604651163,2065
Circular Economy,WASO,TFR:WASO:INC_LANDFILLING,WASO: Increase landfilling,"Increase fraction of waste that is otherwise untreated (i.e., post recycling, composting, etc.) that is sent to landfills",Target fraction of waste **that is not otherwise recycled (including composting for organics)** that is sent to landfills.,12,0.0,0.0,0.0,1.813953488372093,2066
Circular Economy,WASO,TFR:WASO:INC_LANDFILLING,WASO: Increase landfilling,"Increase fraction of waste that is otherwise untreated (i.e., post recycling, composting, etc.) that is sent to landfills",Target fraction of waste **that is not otherwise recycled (including composting for organics)** that is sent to landfills.,12,0.0,0.0,0.0,1.8604651162790697,2067
Circular Economy,WASO,TFR:WASO:INC_LANDFILLING,WASO: Increase landfilling,"Increase fraction of waste that is otherwise untreated (i.e., post recycling, composting, etc.) that is sent to landfills",Target fraction of waste **that is not otherwise recycled (including composting for organics)** that is sent to landfills.,12,0.0,0.0,0.0,1.9069767441860466,2068
Circular Economy,WASO,TFR:WASO:INC_LANDFILLING,WASO: Increase landfilling,"Increase fraction of waste that is otherwise untreated (i.e., post recycling, composting, etc.) that is sent to landfills",Target fraction of waste **that is not otherwise recycled (including composting for organics)** that is sent to landfills.,12,0.0,0.0,0.0,1.9534883720930232,2069
Circular Economy,WASO,TFR:WASO:INC_LANDFILLING,WASO: Increase landfilling,"Increase fraction of waste that is otherwise untreated (i.e., post recycling, composting, etc.) that is sent to landfills",Target fraction of waste **that is not otherwise recycled (including composting for organics)** that is sent to landfills.,12,0.0,0.0,0.0,2.0,2070
Circular Economy,WASO,TFR:WASO:INC_RECYCLING,WASO: Increase recycling,Missing,Target fraction of waste that is recycled (organic and yard waste are composted).,12,0.0,0.0,0.0,0.0,2015
Circular Economy,WASO,TFR:WASO:INC_RECYCLING,WASO: Increase recycling,Missing,Target fraction of waste that is recycled (organic and yard waste are composted).,12,0.0,0.0,0.0,0.0,2016
Circular Economy,WASO,TFR:WASO:INC_RECYCLING,WASO: Increase recycling,Missing,Target fraction of waste that is recycled (organic and yard waste are composted).,12,0.0,0.0,0.0,0.0,2017
Circular Economy,WASO,TFR:WASO:INC_RECYCLING,WASO: Increase recycling,Missing,Target fraction of waste that is recycled (organic and yard waste are composted).,12,0.0,0.0,0.0,0.0,2018
Circular Economy,WASO,TFR:WASO:INC_RECYCLING,WASO: Increase recycling,Missing,Target fraction of waste that is recycled (organic and yard waste are composted).,12,0.0,0.0,0.0,0.0,2019
Circular Economy,WASO,TFR:WASO:INC_RECYCLING,WASO: Increase recycling,Missing,Target fraction of waste that is recycled (organic and yard waste are composted).,12,0.0,0.0,0.0,0.0,2020
Circular Economy,WASO,TFR:WASO:INC_RECYCLING,WASO: Increase recycling,Missing,Target fraction of waste that is recycled (organic and yard waste are composted).,12,0.0,0.0,0.0,0.0,2021
Circular Economy,WASO,TFR:WASO:INC_RECYCLING,WASO: Increase recycling,Missing,Target fraction of waste that is recycled (organic and yard waste are composted).,12,0.0,0.0,0.0,0.0,2022
Circular Economy,WASO,TFR:WASO:INC_RECYCLING,WASO: Increase recycling,Missing,Target fraction of waste that is recycled (organic and yard waste are composted).,12,0.0,0.0,0.0,0.0,2023
Circular Economy,WASO,TFR:WASO:INC_RECYCLING,WASO: Increase recycling,Missing,Target fraction of waste that is recycled (organic and yard waste are composted).,12,0.0,0.0,0.0,0.0,2024
Circular Economy,WASO,TFR:WASO:INC_RECYCLING,WASO: Increase recycling,Missing,Target fraction of waste that is recycled (organic and yard waste are composted).,12,0.0,0.0,0.0,0.0,2025
Circular Economy,WASO,TFR:WASO:INC_RECYCLING,WASO: Increase recycling,Missing,Target fraction of waste that is recycled (organic and yard waste are composted).,12,0.0,0.0,0.0,0.0,2026
Circular Economy,WASO,TFR:WASO:INC_RECYCLING,WASO: Increase recycling,Missing,Target fraction of waste that is recycled (organic and yard waste are composted).,12,0.0,0.0,0.0,0.0,2027
Circular Economy,WASO,TFR:WASO:INC_RECYCLING,WASO: Increase recycling,Missing,Target fraction of waste that is recycled (organic and yard waste are composted).,12,0.0,0.005523255813953488,0.011046511627906977,0.044186046511627906,2028
Circular Economy,WASO,TFR:WASO:INC_RECYCLING,WASO: Increase recycling,Missing,Target fraction of waste that is recycled (organic and yard waste are composted).,12,0.0,0.011046511627906977,0.022093023255813953,0.08837209302325581,2029
Circular Economy,WASO,TFR:WASO:INC_RECYCLING,WASO: Increase recycling,Missing,Target fraction of waste that is recycled (organic and yard waste are composted).,12,0.0,0.016569767441860464,0.03313953488372093,0.1325581395348837,2030
Circular Economy,WASO,TFR:WASO:INC_RECYCLING,WASO: Increase recycling,Missing,Target fraction of waste that is recycled (organic and yard waste are composted).,12,0.0,0.022093023255813953,0.044186046511627906,0.17674418604651163,2031
Circular Economy,WASO,TFR:WASO:INC_RECYCLING,WASO: Increase recycling,Missing,Target fraction of waste that is recycled (organic and yard waste are composted).,12,0.0,0.02761627906976744,0.05523255813953488,0.2209302325581395,2032
Circular Economy,WASO,TFR:WASO:INC_RECYCLING,WASO: Increase recycling,Missing,Target fraction of waste that is recycled (organic and yard waste are composted).,12,0.0,0.03313953488372093,0.06627906976744186,0.2651162790697674,2033
Circular Economy,WASO,TFR:WASO:INC_RECYCLING,WASO: Increase recycling,Missing,Target fraction of waste that is recycled (organic and yard waste are composted).,12,0.0,0.03866279069767442,0.07732558139534884,0.30930232558139537,2034
Circular Economy,WASO,TFR:WASO:INC_RECYCLING,WASO: Increase recycling,Missing,Target fraction of waste that is recycled (organic and yard waste are composted).,12,0.0,0.044186046511627906,0.08837209302325581,0.35348837209302325,2035
Circular Economy,WASO,TFR:WASO:INC_RECYCLING,WASO: Increase recycling,Missing,Target fraction of waste that is recycled (organic and yard waste are composted).,12,0.0,0.0497093023255814,0.0994186046511628,0.3976744186046512,2036
Circular Economy,WASO,TFR:WASO:INC_RECYCLING,WASO: Increase recycling,Missing,Target fraction of waste that is recycled (organic and yard waste are composted).,12,0.0,0.05523255813953488,0.11046511627906976,0.441860465116279,2037
Circular Economy,WASO,TFR:WASO:INC_RECYCLING,WASO: Increase recycling,Missing,Target fraction of waste that is recycled (organic and yard waste are composted).,12,0.0,0.06075581395348837,0.12151162790697674,0.48604651162790696,2038
Circular Economy,WASO,TFR:WASO:INC_RECYCLING,WASO: Increase recycling,Missing,Target fraction of waste that is recycled (organic and yard waste are composted).,12,0.0,0.06627906976744186,0.1325581395348837,0.5302325581395348,2039
Circular Economy,WASO,TFR:WASO:INC_RECYCLING,WASO: Increase recycling,Missing,Target fraction of waste that is recycled (organic and yard waste are composted).,12,0.0,0.07180232558139533,0.14360465116279067,0.5744186046511627,2040
Circular Economy,WASO,TFR:WASO:INC_RECYCLING,WASO: Increase recycling,Missing,Target fraction of waste that is recycled (organic and yard waste are composted).,12,0.0,0.07732558139534884,0.15465116279069768,0.6186046511627907,2041
Circular Economy,WASO,TFR:WASO:INC_RECYCLING,WASO: Increase recycling,Missing,Target fraction of waste that is recycled (organic and yard waste are composted).,12,0.0,0.08284883720930232,0.16569767441860464,0.6627906976744186,2042
Circular Economy,WASO,TFR:WASO:INC_RECYCLING,WASO: Increase recycling,Missing,Target fraction of waste that is recycled (organic and yard waste are composted).,12,0.0,0.08837209302325581,0.17674418604651163,0.7069767441860465,2043
Circular Economy,WASO,TFR:WASO:INC_RECYCLING,WASO: Increase recycling,Missing,Target fraction of waste that is recycled (organic and yard waste are composted).,12,0.0,0.09389534883720929,0.18779069767441858,0.7511627906976743,2044
Circular Economy,WASO,TFR:WASO:INC_RECYCLING,WASO: Increase recycling,Missing,Target fraction of waste that is recycled (organic and yard waste are composted).,12,0.0,0.0994186046511628,0.1988372093023256,0.7953488372093024,2045
Circular Economy,WASO,TFR:WASO:INC_RECYCLING,WASO: Increase recycling,Missing,Target fraction of waste that is recycled (organic and yard waste are composted).,12,0.0,0.10494186046511628,0.20988372093023255,0.8395348837209302,2046
Circular Economy,WASO,TFR:WASO:INC_RECYCLING,WASO: Increase recycling,Missing,Target fraction of waste that is recycled (organic and yard waste are composted).,12,0.0,0.11046511627906976,0.2209302325581395,0.883720930232558,2047
Circular Economy,WASO,TFR:WASO:INC_RECYCLING,WASO: Increase recycling,Missing,Target fraction of waste that is recycled (organic and yard waste are composted).,12,0.0,0.11598837209302325,0.2319767441860465,0.927906976744186,2048
Circular Economy,WASO,TFR:WASO:INC_RECYCLING,WASO: Increase recycling,Missing,Target fraction of waste that is recycled (organic and yard waste are composted).,12,0.0,0.12151162790697674,0.24302325581395348,0.9720930232558139,2049
Circular Economy,WASO,TFR:WASO:INC_RECYCLING,WASO: Increase recycling,Missing,Target fraction of waste that is recycled (organic and yard waste are composted).,12,0.0,0.12703488372093022,0.25406976744186044,1.0162790697674418,2050
Circular Economy,WASO,TFR:WASO:INC_RECYCLING,WASO: Increase recycling,Missing,Target fraction of waste that is recycled (organic and yard waste are composted).,12,0.0,0.1325581395348837,0.2651162790697674,1.0604651162790697,2051
Circular Economy,WASO,TFR:WASO:INC_RECYCLING,WASO: Increase recycling,Missing,Target fraction of waste that is recycled (organic and yard waste are composted).,12,0.0,0.1380813953488372,0.2761627906976744,1.1046511627906976,2052
Circular Economy,WASO,TFR:WASO:INC_RECYCLING,WASO: Increase recycling,Missing,Target fraction of waste that is recycled (organic and yard waste are composted).,12,0.0,0.14360465116279067,0.28720930232558134,1.1488372093023254,2053
Circular Economy,WASO,TFR:WASO:INC_RECYCLING,WASO: Increase recycling,Missing,Target fraction of waste that is recycled (organic and yard waste are composted).,12,0.0,0.1491279069767442,0.2982558139534884,1.1930232558139535,2054
Circular Economy,WASO,TFR:WASO:INC_RECYCLING,WASO: Increase recycling,Missing,Target fraction of waste that is recycled (organic and yard waste are composted).,12,0.0,0.15465116279069768,0.30930232558139537,1.2372093023255815,2055
Circular Economy,WASO,TFR:WASO:INC_RECYCLING,WASO: Increase recycling,Missing,Target fraction of waste that is recycled (organic and yard waste are composted).,12,0.0,0.16017441860465115,0.3203488372093023,1.2813953488372092,2056
Circular Economy,WASO,TFR:WASO:INC_RECYCLING,WASO: Increase recycling,Missing,Target fraction of waste that is recycled (organic and yard waste are composted).,12,0.0,0.16569767441860464,0.3313953488372093,1.3255813953488371,2057
Circular Economy,WASO,TFR:WASO:INC_RECYCLING,WASO: Increase recycling,Missing,Target fraction of waste that is recycled (organic and yard waste are composted).,12,0.0,0.17122093023255813,0.34244186046511627,1.369767441860465,2058
Circular Economy,WASO,TFR:WASO:INC_RECYCLING,WASO: Increase recycling,Missing,Target fraction of waste that is recycled (organic and yard waste are composted).,12,0.0,0.17674418604651163,0.35348837209302325,1.413953488372093,2059
Circular Economy,WASO,TFR:WASO:INC_RECYCLING,WASO: Increase recycling,Missing,Target fraction of waste that is recycled (organic and yard waste are composted).,12,0.0,0.18226744186046512,0.36453488372093024,1.458139534883721,2060
Circular Economy,WASO,TFR:WASO:INC_RECYCLING,WASO: Increase recycling,Missing,Target fraction of waste that is recycled (organic and yard waste are composted).,12,0.0,0.18779069767441858,0.37558139534883717,1.5023255813953487,2061
Circular Economy,WASO,TFR:WASO:INC_RECYCLING,WASO: Increase recycling,Missing,Target fraction of waste that is recycled (organic and yard waste are composted).,12,0.0,0.19331395348837208,0.38662790697674415,1.5465116279069766,2062
Circular Economy,WASO,TFR:WASO:INC_RECYCLING,WASO: Increase recycling,Missing,Target fraction of waste that is recycled (organic and yard waste are composted).,12,0.0,0.1988372093023256,0.3976744186046512,1.5906976744186048,2063
Circular Economy,WASO,TFR:WASO:INC_RECYCLING,WASO: Increase recycling,Missing,Target fraction of waste that is recycled (organic and yard waste are composted).,12,0.0,0.20436046511627906,0.4087209302325581,1.6348837209302325,2064
Circular Economy,WASO,TFR:WASO:INC_RECYCLING,WASO: Increase recycling,Missing,Target fraction of waste that is recycled (organic and yard waste are composted).,12,0.0,0.20988372093023255,0.4197674418604651,1.6790697674418604,2065
Circular Economy,WASO,TFR:WASO:INC_RECYCLING,WASO: Increase recycling,Missing,Target fraction of waste that is recycled (organic and yard waste are composted).,12,0.0,0.21540697674418602,0.43081395348837204,1.7232558139534881,2066
Circular Economy,WASO,TFR:WASO:INC_RECYCLING,WASO: Increase recycling,Missing,Target fraction of waste that is recycled (organic and yard waste are composted).,12,0.0,0.2209302325581395,0.441860465116279,1.767441860465116,2067
Circular Economy,WASO,TFR:WASO:INC_RECYCLING,WASO: Increase recycling,Missing,Target fraction of waste that is recycled (organic and yard waste are composted).,12,0.0,0.22645348837209303,0.45290697674418606,1.8116279069767443,2068
Circular Economy,WASO,TFR:WASO:INC_RECYCLING,WASO: Increase recycling,Missing,Target fraction of waste that is recycled (organic and yard waste are composted).,12,0.0,0.2319767441860465,0.463953488372093,1.855813953488372,2069
Circular Economy,WASO,TFR:WASO:INC_RECYCLING,WASO: Increase recycling,Missing,Target fraction of waste that is recycled (organic and yard waste are composted).,12,0.0,0.2375,0.475,1.9,2070
Cross,PFLO,TFR:PFLO:INC_HEALTHIER_DIETS,PFLO: Change diets,Includes a reduction in the demand for red meat and allows for changes to different crop demands.,Fractional target maximum fraction of per-capita demand for red meat (cattle).,12,0.0,0.0,0.0,0.0,2015
Cross,PFLO,TFR:PFLO:INC_HEALTHIER_DIETS,PFLO: Change diets,Includes a reduction in the demand for red meat and allows for changes to different crop demands.,Fractional target maximum fraction of per-capita demand for red meat (cattle).,12,0.0,0.0,0.0,0.0,2016
Cross,PFLO,TFR:PFLO:INC_HEALTHIER_DIETS,PFLO: Change diets,Includes a reduction in the demand for red meat and allows for changes to different crop demands.,Fractional target maximum fraction of per-capita demand for red meat (cattle).,12,0.0,0.0,0.0,0.0,2017
Cross,PFLO,TFR:PFLO:INC_HEALTHIER_DIETS,PFLO: Change diets,Includes a reduction in the demand for red meat and allows for changes to different crop demands.,Fractional target maximum fraction of per-capita demand for red meat (cattle).,12,0.0,0.0,0.0,0.0,2018
Cross,PFLO,TFR:PFLO:INC_HEALTHIER_DIETS,PFLO: Change diets,Includes a reduction in the demand for red meat and allows for changes to different crop demands.,Fractional target maximum fraction of per-capita demand for red meat (cattle).,12,0.0,0.0,0.0,0.0,2019
Cross,PFLO,TFR:PFLO:INC_HEALTHIER_DIETS,PFLO: Change diets,Includes a reduction in the demand for red meat and allows for changes to different crop demands.,Fractional target maximum fraction of per-capita demand for red meat (cattle).,12,0.0,0.0,0.0,0.0,2020
Cross,PFLO,TFR:PFLO:INC_HEALTHIER_DIETS,PFLO: Change diets,Includes a reduction in the demand for red meat and allows for changes to different crop demands.,Fractional target maximum fraction of per-capita demand for red meat (cattle).,12,0.0,0.0,0.0,0.0,2021
Cross,PFLO,TFR:PFLO:INC_HEALTHIER_DIETS,PFLO: Change diets,Includes a reduction in the demand for red meat and allows for changes to different crop demands.,Fractional target maximum fraction of per-capita demand for red meat (cattle).,12,0.0,0.0,0.0,0.0,2022
Cross,PFLO,TFR:PFLO:INC_HEALTHIER_DIETS,PFLO: Change diets,Includes a reduction in the demand for red meat and allows for changes to different crop demands.,Fractional target maximum fraction of per-capita demand for red meat (cattle).,12,0.0,0.0,0.0,0.0,2023
Cross,PFLO,TFR:PFLO:INC_HEALTHIER_DIETS,PFLO: Change diets,Includes a reduction in the demand for red meat and allows for changes to different crop demands.,Fractional target maximum fraction of per-capita demand for red meat (cattle).,12,0.0,0.0,0.0,0.0,2024
Cross,PFLO,TFR:PFLO:INC_HEALTHIER_DIETS,PFLO: Change diets,Includes a reduction in the demand for red meat and allows for changes to different crop demands.,Fractional target maximum fraction of per-capita demand for red meat (cattle).,12,0.0,0.0,0.0,0.0,2025
Cross,PFLO,TFR:PFLO:INC_HEALTHIER_DIETS,PFLO: Change diets,Includes a reduction in the demand for red meat and allows for changes to different crop demands.,Fractional target maximum fraction of per-capita demand for red meat (cattle).,12,0.0,0.0,0.0,0.0,2026
Cross,PFLO,TFR:PFLO:INC_HEALTHIER_DIETS,PFLO: Change diets,Includes a reduction in the demand for red meat and allows for changes to different crop demands.,Fractional target maximum fraction of per-capita demand for red meat (cattle).,12,0.0,0.0,0.0,0.0,2027
Cross,PFLO,TFR:PFLO:INC_HEALTHIER_DIETS,PFLO: Change diets,Includes a reduction in the demand for red meat and allows for changes to different crop demands.,Fractional target maximum fraction of per-capita demand for red meat (cattle).,12,0.0,0.011627906976744186,0.011627906976744186,0.011627906976744186,2028
Cross,PFLO,TFR:PFLO:INC_HEALTHIER_DIETS,PFLO: Change diets,Includes a reduction in the demand for red meat and allows for changes to different crop demands.,Fractional target maximum fraction of per-capita demand for red meat (cattle).,12,0.0,0.023255813953488372,0.023255813953488372,0.023255813953488372,2029
Cross,PFLO,TFR:PFLO:INC_HEALTHIER_DIETS,PFLO: Change diets,Includes a reduction in the demand for red meat and allows for changes to different crop demands.,Fractional target maximum fraction of per-capita demand for red meat (cattle).,12,0.0,0.03488372093023256,0.03488372093023256,0.03488372093023256,2030
Cross,PFLO,TFR:PFLO:INC_HEALTHIER_DIETS,PFLO: Change diets,Includes a reduction in the demand for red meat and allows for changes to different crop demands.,Fractional target maximum fraction of per-capita demand for red meat (cattle).,12,0.0,0.046511627906976744,0.046511627906976744,0.046511627906976744,2031
Cross,PFLO,TFR:PFLO:INC_HEALTHIER_DIETS,PFLO: Change diets,Includes a reduction in the demand for red meat and allows for changes to different crop demands.,Fractional target maximum fraction of per-capita demand for red meat (cattle).,12,0.0,0.05813953488372093,0.05813953488372093,0.05813953488372093,2032
Cross,PFLO,TFR:PFLO:INC_HEALTHIER_DIETS,PFLO: Change diets,Includes a reduction in the demand for red meat and allows for changes to different crop demands.,Fractional target maximum fraction of per-capita demand for red meat (cattle).,12,0.0,0.06976744186046512,0.06976744186046512,0.06976744186046512,2033
Cross,PFLO,TFR:PFLO:INC_HEALTHIER_DIETS,PFLO: Change diets,Includes a reduction in the demand for red meat and allows for changes to different crop demands.,Fractional target maximum fraction of per-capita demand for red meat (cattle).,12,0.0,0.08139534883720931,0.08139534883720931,0.08139534883720931,2034
Cross,PFLO,TFR:PFLO:INC_HEALTHIER_DIETS,PFLO: Change diets,Includes a reduction in the demand for red meat and allows for changes to different crop demands.,Fractional target maximum fraction of per-capita demand for red meat (cattle).,12,0.0,0.09302325581395349,0.09302325581395349,0.09302325581395349,2035
Cross,PFLO,TFR:PFLO:INC_HEALTHIER_DIETS,PFLO: Change diets,Includes a reduction in the demand for red meat and allows for changes to different crop demands.,Fractional target maximum fraction of per-capita demand for red meat (cattle).,12,0.0,0.10465116279069768,0.10465116279069768,0.10465116279069768,2036
Cross,PFLO,TFR:PFLO:INC_HEALTHIER_DIETS,PFLO: Change diets,Includes a reduction in the demand for red meat and allows for changes to different crop demands.,Fractional target maximum fraction of per-capita demand for red meat (cattle).,12,0.0,0.11627906976744186,0.11627906976744186,0.11627906976744186,2037
Cross,PFLO,TFR:PFLO:INC_HEALTHIER_DIETS,PFLO: Change diets,Includes a reduction in the demand for red meat and allows for changes to different crop demands.,Fractional target maximum fraction of per-capita demand for red meat (cattle).,12,0.0,0.12790697674418605,0.12790697674418605,0.12790697674418605,2038
Cross,PFLO,TFR:PFLO:INC_HEALTHIER_DIETS,PFLO: Change diets,Includes a reduction in the demand for red meat and allows for changes to different crop demands.,Fractional target maximum fraction of per-capita demand for red meat (cattle).,12,0.0,0.13953488372093023,0.13953488372093023,0.13953488372093023,2039
Cross,PFLO,TFR:PFLO:INC_HEALTHIER_DIETS,PFLO: Change diets,Includes a reduction in the demand for red meat and allows for changes to different crop demands.,Fractional target maximum fraction of per-capita demand for red meat (cattle).,12,0.0,0.1511627906976744,0.1511627906976744,0.1511627906976744,2040
Cross,PFLO,TFR:PFLO:INC_HEALTHIER_DIETS,PFLO: Change diets,Includes a reduction in the demand for red meat and allows for changes to different crop demands.,Fractional target maximum fraction of per-capita demand for red meat (cattle).,12,0.0,0.16279069767441862,0.16279069767441862,0.16279069767441862,2041
Cross,PFLO,TFR:PFLO:INC_HEALTHIER_DIETS,PFLO: Change diets,Includes a reduction in the demand for red meat and allows for changes to different crop demands.,Fractional target maximum fraction of per-capita demand for red meat (cattle).,12,0.0,0.1744186046511628,0.1744186046511628,0.1744186046511628,2042
Cross,PFLO,TFR:PFLO:INC_HEALTHIER_DIETS,PFLO: Change diets,Includes a reduction in the demand for red meat and allows for changes to different crop demands.,Fractional target maximum fraction of per-capita demand for red meat (cattle).,12,0.0,0.18604651162790697,0.18604651162790697,0.18604651162790697,2043
Cross,PFLO,TFR:PFLO:INC_HEALTHIER_DIETS,PFLO: Change diets,Includes a reduction in the demand for red meat and allows for changes to different crop demands.,Fractional target maximum fraction of per-capita demand for red meat (cattle).,12,0.0,0.19767441860465115,0.19767441860465115,0.19767441860465115,2044
Cross,PFLO,TFR:PFLO:INC_HEALTHIER_DIETS,PFLO: Change diets,Includes a reduction in the demand for red meat and allows for changes to different crop demands.,Fractional target maximum fraction of per-capita demand for red meat (cattle).,12,0.0,0.20930232558139536,0.20930232558139536,0.20930232558139536,2045
Cross,PFLO,TFR:PFLO:INC_HEALTHIER_DIETS,PFLO: Change diets,Includes a reduction in the demand for red meat and allows for changes to different crop demands.,Fractional target maximum fraction of per-capita demand for red meat (cattle).,12,0.0,0.22093023255813954,0.22093023255813954,0.22093023255813954,2046
Cross,PFLO,TFR:PFLO:INC_HEALTHIER_DIETS,PFLO: Change diets,Includes a reduction in the demand for red meat and allows for changes to different crop demands.,Fractional target maximum fraction of per-capita demand for red meat (cattle).,12,0.0,0.23255813953488372,0.23255813953488372,0.23255813953488372,2047
Cross,PFLO,TFR:PFLO:INC_HEALTHIER_DIETS,PFLO: Change diets,Includes a reduction in the demand for red meat and allows for changes to different crop demands.,Fractional target maximum fraction of per-capita demand for red meat (cattle).,12,0.0,0.2441860465116279,0.2441860465116279,0.2441860465116279,2048
Cross,PFLO,TFR:PFLO:INC_HEALTHIER_DIETS,PFLO: Change diets,Includes a reduction in the demand for red meat and allows for changes to different crop demands.,Fractional target maximum fraction of per-capita demand for red meat (cattle).,12,0.0,0.2558139534883721,0.2558139534883721,0.2558139534883721,2049
Cross,PFLO,TFR:PFLO:INC_HEALTHIER_DIETS,PFLO: Change diets,Includes a reduction in the demand for red meat and allows for changes to different crop demands.,Fractional target maximum fraction of per-capita demand for red meat (cattle).,12,0.0,0.26744186046511625,0.26744186046511625,0.26744186046511625,2050
Cross,PFLO,TFR:PFLO:INC_HEALTHIER_DIETS,PFLO: Change diets,Includes a reduction in the demand for red meat and allows for changes to different crop demands.,Fractional target maximum fraction of per-capita demand for red meat (cattle).,12,0.0,0.27906976744186046,0.27906976744186046,0.27906976744186046,2051
Cross,PFLO,TFR:PFLO:INC_HEALTHIER_DIETS,PFLO: Change diets,Includes a reduction in the demand for red meat and allows for changes to different crop demands.,Fractional target maximum fraction of per-capita demand for red meat (cattle).,12,0.0,0.29069767441860467,0.29069767441860467,0.29069767441860467,2052
Cross,PFLO,TFR:PFLO:INC_HEALTHIER_DIETS,PFLO: Change diets,Includes a reduction in the demand for red meat and allows for changes to different crop demands.,Fractional target maximum fraction of per-capita demand for red meat (cattle).,12,0.0,0.3023255813953488,0.3023255813953488,0.3023255813953488,2053
Cross,PFLO,TFR:PFLO:INC_HEALTHIER_DIETS,PFLO: Change diets,Includes a reduction in the demand for red meat and allows for changes to different crop demands.,Fractional target maximum fraction of per-capita demand for red meat (cattle).,12,0.0,0.313953488372093,0.313953488372093,0.313953488372093,2054
Cross,PFLO,TFR:PFLO:INC_HEALTHIER_DIETS,PFLO: Change diets,Includes a reduction in the demand for red meat and allows for changes to different crop demands.,Fractional target maximum fraction of per-capita demand for red meat (cattle).,12,0.0,0.32558139534883723,0.32558139534883723,0.32558139534883723,2055
Cross,PFLO,TFR:PFLO:INC_HEALTHIER_DIETS,PFLO: Change diets,Includes a reduction in the demand for red meat and allows for changes to different crop demands.,Fractional target maximum fraction of per-capita demand for red meat (cattle).,12,0.0,0.3372093023255814,0.3372093023255814,0.3372093023255814,2056
Cross,PFLO,TFR:PFLO:INC_HEALTHIER_DIETS,PFLO: Change diets,Includes a reduction in the demand for red meat and allows for changes to different crop demands.,Fractional target maximum fraction of per-capita demand for red meat (cattle).,12,0.0,0.3488372093023256,0.3488372093023256,0.3488372093023256,2057
Cross,PFLO,TFR:PFLO:INC_HEALTHIER_DIETS,PFLO: Change diets,Includes a reduction in the demand for red meat and allows for changes to different crop demands.,Fractional target maximum fraction of per-capita demand for red meat (cattle).,12,0.0,0.36046511627906974,0.36046511627906974,0.36046511627906974,2058
Cross,PFLO,TFR:PFLO:INC_HEALTHIER_DIETS,PFLO: Change diets,Includes a reduction in the demand for red meat and allows for changes to different crop demands.,Fractional target maximum fraction of per-capita demand for red meat (cattle).,12,0.0,0.37209302325581395,0.37209302325581395,0.37209302325581395,2059
Cross,PFLO,TFR:PFLO:INC_HEALTHIER_DIETS,PFLO: Change diets,Includes a reduction in the demand for red meat and allows for changes to different crop demands.,Fractional target maximum fraction of per-capita demand for red meat (cattle).,12,0.0,0.38372093023255816,0.38372093023255816,0.38372093023255816,2060
Cross,PFLO,TFR:PFLO:INC_HEALTHIER_DIETS,PFLO: Change diets,Includes a reduction in the demand for red meat and allows for changes to different crop demands.,Fractional target maximum fraction of per-capita demand for red meat (cattle).,12,0.0,0.3953488372093023,0.3953488372093023,0.3953488372093023,2061
Cross,PFLO,TFR:PFLO:INC_HEALTHIER_DIETS,PFLO: Change diets,Includes a reduction in the demand for red meat and allows for changes to different crop demands.,Fractional target maximum fraction of per-capita demand for red meat (cattle).,12,0.0,0.4069767441860465,0.4069767441860465,0.4069767441860465,2062
Cross,PFLO,TFR:PFLO:INC_HEALTHIER_DIETS,PFLO: Change diets,Includes a reduction in the demand for red meat and allows for changes to different crop demands.,Fractional target maximum fraction of per-capita demand for red meat (cattle).,12,0.0,0.4186046511627907,0.4186046511627907,0.4186046511627907,2063
Cross,PFLO,TFR:PFLO:INC_HEALTHIER_DIETS,PFLO: Change diets,Includes a reduction in the demand for red meat and allows for changes to different crop demands.,Fractional target maximum fraction of per-capita demand for red meat (cattle).,12,0.0,0.43023255813953487,0.43023255813953487,0.43023255813953487,2064
Cross,PFLO,TFR:PFLO:INC_HEALTHIER_DIETS,PFLO: Change diets,Includes a reduction in the demand for red meat and allows for changes to different crop demands.,Fractional target maximum fraction of per-capita demand for red meat (cattle).,12,0.0,0.4418604651162791,0.4418604651162791,0.4418604651162791,2065
Cross,PFLO,TFR:PFLO:INC_HEALTHIER_DIETS,PFLO: Change diets,Includes a reduction in the demand for red meat and allows for changes to different crop demands.,Fractional target maximum fraction of per-capita demand for red meat (cattle).,12,0.0,0.45348837209302323,0.45348837209302323,0.45348837209302323,2066
Cross,PFLO,TFR:PFLO:INC_HEALTHIER_DIETS,PFLO: Change diets,Includes a reduction in the demand for red meat and allows for changes to different crop demands.,Fractional target maximum fraction of per-capita demand for red meat (cattle).,12,0.0,0.46511627906976744,0.46511627906976744,0.46511627906976744,2067
Cross,PFLO,TFR:PFLO:INC_HEALTHIER_DIETS,PFLO: Change diets,Includes a reduction in the demand for red meat and allows for changes to different crop demands.,Fractional target maximum fraction of per-capita demand for red meat (cattle).,12,0.0,0.47674418604651164,0.47674418604651164,0.47674418604651164,2068
Cross,PFLO,TFR:PFLO:INC_HEALTHIER_DIETS,PFLO: Change diets,Includes a reduction in the demand for red meat and allows for changes to different crop demands.,Fractional target maximum fraction of per-capita demand for red meat (cattle).,12,0.0,0.4883720930232558,0.4883720930232558,0.4883720930232558,2069
Cross,PFLO,TFR:PFLO:INC_HEALTHIER_DIETS,PFLO: Change diets,Includes a reduction in the demand for red meat and allows for changes to different crop demands.,Fractional target maximum fraction of per-capita demand for red meat (cattle).,12,0.0,0.5,0.5,0.5,2070
Energy,CCSQ,TFR:CCSQ:INC_CAPTURE,CCSQ: Increase direct air capture,Increase Direct Air Capture deployment to 50 MT CO2e by final time period.,Exogenous specification of installed capacity of direct air capture facilities in variable units.,12,0.0,0.0,0.0,0.0,2015
Energy,CCSQ,TFR:CCSQ:INC_CAPTURE,CCSQ: Increase direct air capture,Increase Direct Air Capture deployment to 50 MT CO2e by final time period.,Exogenous specification of installed capacity of direct air capture facilities in variable units.,12,0.0,0.0,0.0,0.0,2016
Energy,CCSQ,TFR:CCSQ:INC_CAPTURE,CCSQ: Increase direct air capture,Increase Direct Air Capture deployment to 50 MT CO2e by final time period.,Exogenous specification of installed capacity of direct air capture facilities in variable units.,12,0.0,0.0,0.0,0.0,2017
Energy,CCSQ,TFR:CCSQ:INC_CAPTURE,CCSQ: Increase direct air capture,Increase Direct Air Capture deployment to 50 MT CO2e by final time period.,Exogenous specification of installed capacity of direct air capture facilities in variable units.,12,0.0,0.0,0.0,0.0,2018
Energy,CCSQ,TFR:CCSQ:INC_CAPTURE,CCSQ: Increase direct air capture,Increase Direct Air Capture deployment to 50 MT CO2e by final time period.,Exogenous specification of installed capacity of direct air capture facilities in variable units.,12,0.0,0.0,0.0,0.0,2019
Energy,CCSQ,TFR:CCSQ:INC_CAPTURE,CCSQ: Increase direct air capture,Increase Direct Air Capture deployment to 50 MT CO2e by final time period.,Exogenous specification of installed capacity of direct air capture facilities in variable units.,12,0.0,0.0,0.0,0.0,2020
Energy,CCSQ,TFR:CCSQ:INC_CAPTURE,CCSQ: Increase direct air capture,Increase Direct Air Capture deployment to 50 MT CO2e by final time period.,Exogenous specification of installed capacity of direct air capture facilities in variable units.,12,0.0,0.0,0.0,0.0,2021
Energy,CCSQ,TFR:CCSQ:INC_CAPTURE,CCSQ: Increase direct air capture,Increase Direct Air Capture deployment to 50 MT CO2e by final time period.,Exogenous specification of installed capacity of direct air capture facilities in variable units.,12,0.0,0.0,0.0,0.0,2022
Energy,CCSQ,TFR:CCSQ:INC_CAPTURE,CCSQ: Increase direct air capture,Increase Direct Air Capture deployment to 50 MT CO2e by final time period.,Exogenous specification of installed capacity of direct air capture facilities in variable units.,12,0.0,0.0,0.0,0.0,2023
Energy,CCSQ,TFR:CCSQ:INC_CAPTURE,CCSQ: Increase direct air capture,Increase Direct Air Capture deployment to 50 MT CO2e by final time period.,Exogenous specification of installed capacity of direct air capture facilities in variable units.,12,0.0,0.0,0.0,0.0,2024
Energy,CCSQ,TFR:CCSQ:INC_CAPTURE,CCSQ: Increase direct air capture,Increase Direct Air Capture deployment to 50 MT CO2e by final time period.,Exogenous specification of installed capacity of direct air capture facilities in variable units.,12,0.0,0.0,0.0,0.0,2025
Energy,CCSQ,TFR:CCSQ:INC_CAPTURE,CCSQ: Increase direct air capture,Increase Direct Air Capture deployment to 50 MT CO2e by final time period.,Exogenous specification of installed capacity of direct air capture facilities in variable units.,12,0.0,0.0,0.0,0.0,2026
Energy,CCSQ,TFR:CCSQ:INC_CAPTURE,CCSQ: Increase direct air capture,Increase Direct Air Capture deployment to 50 MT CO2e by final time period.,Exogenous specification of installed capacity of direct air capture facilities in variable units.,12,0.0,0.0,0.0,0.0,2027
Energy,CCSQ,TFR:CCSQ:INC_CAPTURE,CCSQ: Increase direct air capture,Increase Direct Air Capture deployment to 50 MT CO2e by final time period.,Exogenous specification of installed capacity of direct air capture facilities in variable units.,12,0.0,0.0,0.05813953488372093,1.1627906976744187,2028
Energy,CCSQ,TFR:CCSQ:INC_CAPTURE,CCSQ: Increase direct air capture,Increase Direct Air Capture deployment to 50 MT CO2e by final time period.,Exogenous specification of installed capacity of direct air capture facilities in variable units.,12,0.0,0.0,0.11627906976744186,2.3255813953488373,2029
Energy,CCSQ,TFR:CCSQ:INC_CAPTURE,CCSQ: Increase direct air capture,Increase Direct Air Capture deployment to 50 MT CO2e by final time period.,Exogenous specification of installed capacity of direct air capture facilities in variable units.,12,0.0,0.0,0.1744186046511628,3.488372093023256,2030
Energy,CCSQ,TFR:CCSQ:INC_CAPTURE,CCSQ: Increase direct air capture,Increase Direct Air Capture deployment to 50 MT CO2e by final time period.,Exogenous specification of installed capacity of direct air capture facilities in variable units.,12,0.0,0.0,0.23255813953488372,4.651162790697675,2031
Energy,CCSQ,TFR:CCSQ:INC_CAPTURE,CCSQ: Increase direct air capture,Increase Direct Air Capture deployment to 50 MT CO2e by final time period.,Exogenous specification of installed capacity of direct air capture facilities in variable units.,12,0.0,0.0,0.29069767441860467,5.813953488372093,2032
Energy,CCSQ,TFR:CCSQ:INC_CAPTURE,CCSQ: Increase direct air capture,Increase Direct Air Capture deployment to 50 MT CO2e by final time period.,Exogenous specification of installed capacity of direct air capture facilities in variable units.,12,0.0,0.0,0.3488372093023256,6.976744186046512,2033
Energy,CCSQ,TFR:CCSQ:INC_CAPTURE,CCSQ: Increase direct air capture,Increase Direct Air Capture deployment to 50 MT CO2e by final time period.,Exogenous specification of installed capacity of direct air capture facilities in variable units.,12,0.0,0.0,0.40697674418604657,8.13953488372093,2034
Energy,CCSQ,TFR:CCSQ:INC_CAPTURE,CCSQ: Increase direct air capture,Increase Direct Air Capture deployment to 50 MT CO2e by final time period.,Exogenous specification of installed capacity of direct air capture facilities in variable units.,12,0.0,0.0,0.46511627906976744,9.30232558139535,2035
Energy,CCSQ,TFR:CCSQ:INC_CAPTURE,CCSQ: Increase direct air capture,Increase Direct Air Capture deployment to 50 MT CO2e by final time period.,Exogenous specification of installed capacity of direct air capture facilities in variable units.,12,0.0,0.0,0.5232558139534884,10.465116279069768,2036
Energy,CCSQ,TFR:CCSQ:INC_CAPTURE,CCSQ: Increase direct air capture,Increase Direct Air Capture deployment to 50 MT CO2e by final time period.,Exogenous specification of installed capacity of direct air capture facilities in variable units.,12,0.0,0.0,0.5813953488372093,11.627906976744185,2037
Energy,CCSQ,TFR:CCSQ:INC_CAPTURE,CCSQ: Increase direct air capture,Increase Direct Air Capture deployment to 50 MT CO2e by final time period.,Exogenous specification of installed capacity of direct air capture facilities in variable units.,12,0.0,0.0,0.6395348837209303,12.790697674418606,2038
Energy,CCSQ,TFR:CCSQ:INC_CAPTURE,CCSQ: Increase direct air capture,Increase Direct Air Capture deployment to 50 MT CO2e by final time period.,Exogenous specification of installed capacity of direct air capture facilities in variable units.,12,0.0,0.0,0.6976744186046512,13.953488372093023,2039
Energy,CCSQ,TFR:CCSQ:INC_CAPTURE,CCSQ: Increase direct air capture,Increase Direct Air Capture deployment to 50 MT CO2e by final time period.,Exogenous specification of installed capacity of direct air capture facilities in variable units.,12,0.0,0.0,0.7558139534883721,15.11627906976744,2040
Energy,CCSQ,TFR:CCSQ:INC_CAPTURE,CCSQ: Increase direct air capture,Increase Direct Air Capture deployment to 50 MT CO2e by final time period.,Exogenous specification of installed capacity of direct air capture facilities in variable units.,12,0.0,0.0,0.8139534883720931,16.27906976744186,2041
Energy,CCSQ,TFR:CCSQ:INC_CAPTURE,CCSQ: Increase direct air capture,Increase Direct Air Capture deployment to 50 MT CO2e by final time period.,Exogenous specification of installed capacity of direct air capture facilities in variable units.,12,0.0,0.0,0.872093023255814,17.441860465116278,2042
Energy,CCSQ,TFR:CCSQ:INC_CAPTURE,CCSQ: Increase direct air capture,Increase Direct Air Capture deployment to 50 MT CO2e by final time period.,Exogenous specification of installed capacity of direct air capture facilities in variable units.,12,0.0,0.0,0.9302325581395349,18.6046511627907,2043
Energy,CCSQ,TFR:CCSQ:INC_CAPTURE,CCSQ: Increase direct air capture,Increase Direct Air Capture deployment to 50 MT CO2e by final time period.,Exogenous specification of installed capacity of direct air capture facilities in variable units.,12,0.0,0.0,0.9883720930232558,19.767441860465116,2044
Energy,CCSQ,TFR:CCSQ:INC_CAPTURE,CCSQ: Increase direct air capture,Increase Direct Air Capture deployment to 50 MT CO2e by final time period.,Exogenous specification of installed capacity of direct air capture facilities in variable units.,12,0.0,0.0,1.0465116279069768,20.930232558139537,2045
Energy,CCSQ,TFR:CCSQ:INC_CAPTURE,CCSQ: Increase direct air capture,Increase Direct Air Capture deployment to 50 MT CO2e by final time period.,Exogenous specification of installed capacity of direct air capture facilities in variable units.,12,0.0,0.0,1.1046511627906976,22.093023255813954,2046
Energy,CCSQ,TFR:CCSQ:INC_CAPTURE,CCSQ: Increase direct air capture,Increase Direct Air Capture deployment to 50 MT CO2e by final time period.,Exogenous specification of installed capacity of direct air capture facilities in variable units.,12,0.0,0.0,1.1627906976744187,23.25581395348837,2047
Energy,CCSQ,TFR:CCSQ:INC_CAPTURE,CCSQ: Increase direct air capture,Increase Direct Air Capture deployment to 50 MT CO2e by final time period.,Exogenous specification of installed capacity of direct air capture facilities in variable units.,12,0.0,0.0,1.2209302325581395,24.418604651162788,2048
Energy,CCSQ,TFR:CCSQ:INC_CAPTURE,CCSQ: Increase direct air capture,Increase Direct Air Capture deployment to 50 MT CO2e by final time period.,Exogenous specification of installed capacity of direct air capture facilities in variable units.,12,0.0,0.0,1.2790697674418605,25.581395348837212,2049
Energy,CCSQ,TFR:CCSQ:INC_CAPTURE,CCSQ: Increase direct air capture,Increase Direct Air Capture deployment to 50 MT CO2e by final time period.,Exogenous specification of installed capacity of direct air capture facilities in variable units.,12,0.0,0.0,1.3372093023255813,26.744186046511626,2050
Energy,CCSQ,TFR:CCSQ:INC_CAPTURE,CCSQ: Increase direct air capture,Increase Direct Air Capture deployment to 50 MT CO2e by final time period.,Exogenous specification of installed capacity of direct air capture facilities in variable units.,12,0.0,0.0,1.3953488372093024,27.906976744186046,2051
Energy,CCSQ,TFR:CCSQ:INC_CAPTURE,CCSQ: Increase direct air capture,Increase Direct Air Capture deployment to 50 MT CO2e by final time period.,Exogenous specification of installed capacity of direct air capture facilities in variable units.,12,0.0,0.0,1.4534883720930234,29.069767441860467,2052
Energy,CCSQ,TFR:CCSQ:INC_CAPTURE,CCSQ: Increase direct air capture,Increase Direct Air Capture deployment to 50 MT CO2e by final time period.,Exogenous specification of installed capacity of direct air capture facilities in variable units.,12,0.0,0.0,1.5116279069767442,30.23255813953488,2053
Energy,CCSQ,TFR:CCSQ:INC_CAPTURE,CCSQ: Increase direct air capture,Increase Direct Air Capture deployment to 50 MT CO2e by final time period.,Exogenous specification of installed capacity of direct air capture facilities in variable units.,12,0.0,0.0,1.5697674418604652,31.3953488372093,2054
Energy,CCSQ,TFR:CCSQ:INC_CAPTURE,CCSQ: Increase direct air capture,Increase Direct Air Capture deployment to 50 MT CO2e by final time period.,Exogenous specification of installed capacity of direct air capture facilities in variable units.,12,0.0,0.0,1.6279069767441863,32.55813953488372,2055
Energy,CCSQ,TFR:CCSQ:INC_CAPTURE,CCSQ: Increase direct air capture,Increase Direct Air Capture deployment to 50 MT CO2e by final time period.,Exogenous specification of installed capacity of direct air capture facilities in variable units.,12,0.0,0.0,1.6860465116279069,33.72093023255814,2056
Energy,CCSQ,TFR:CCSQ:INC_CAPTURE,CCSQ: Increase direct air capture,Increase Direct Air Capture deployment to 50 MT CO2e by final time period.,Exogenous specification of installed capacity of direct air capture facilities in variable units.,12,0.0,0.0,1.744186046511628,34.883720930232556,2057
Energy,CCSQ,TFR:CCSQ:INC_CAPTURE,CCSQ: Increase direct air capture,Increase Direct Air Capture deployment to 50 MT CO2e by final time period.,Exogenous specification of installed capacity of direct air capture facilities in variable units.,12,0.0,0.0,1.8023255813953487,36.04651162790697,2058
Energy,CCSQ,TFR:CCSQ:INC_CAPTURE,CCSQ: Increase direct air capture,Increase Direct Air Capture deployment to 50 MT CO2e by final time period.,Exogenous specification of installed capacity of direct air capture facilities in variable units.,12,0.0,0.0,1.8604651162790697,37.2093023255814,2059
Energy,CCSQ,TFR:CCSQ:INC_CAPTURE,CCSQ: Increase direct air capture,Increase Direct Air Capture deployment to 50 MT CO2e by final time period.,Exogenous specification of installed capacity of direct air capture facilities in variable units.,12,0.0,0.0,1.9186046511627908,38.372093023255815,2060
Energy,CCSQ,TFR:CCSQ:INC_CAPTURE,CCSQ: Increase direct air capture,Increase Direct Air Capture deployment to 50 MT CO2e by final time period.,Exogenous specification of installed capacity of direct air capture facilities in variable units.,12,0.0,0.0,1.9767441860465116,39.53488372093023,2061
Energy,CCSQ,TFR:CCSQ:INC_CAPTURE,CCSQ: Increase direct air capture,Increase Direct Air Capture deployment to 50 MT CO2e by final time period.,Exogenous specification of installed capacity of direct air capture facilities in variable units.,12,0.0,0.0,2.0348837209302326,40.69767441860465,2062
Energy,CCSQ,TFR:CCSQ:INC_CAPTURE,CCSQ: Increase direct air capture,Increase Direct Air Capture deployment to 50 MT CO2e by final time period.,Exogenous specification of installed capacity of direct air capture facilities in variable units.,12,0.0,0.0,2.0930232558139537,41.86046511627907,2063
Energy,CCSQ,TFR:CCSQ:INC_CAPTURE,CCSQ: Increase direct air capture,Increase Direct Air Capture deployment to 50 MT CO2e by final time period.,Exogenous specification of installed capacity of direct air capture facilities in variable units.,12,0.0,0.0,2.1511627906976742,43.02325581395349,2064
Energy,CCSQ,TFR:CCSQ:INC_CAPTURE,CCSQ: Increase direct air capture,Increase Direct Air Capture deployment to 50 MT CO2e by final time period.,Exogenous specification of installed capacity of direct air capture facilities in variable units.,12,0.0,0.0,2.2093023255813953,44.18604651162791,2065
Energy,CCSQ,TFR:CCSQ:INC_CAPTURE,CCSQ: Increase direct air capture,Increase Direct Air Capture deployment to 50 MT CO2e by final time period.,Exogenous specification of installed capacity of direct air capture facilities in variable units.,12,0.0,0.0,2.2674418604651163,45.348837209302324,2066
Energy,CCSQ,TFR:CCSQ:INC_CAPTURE,CCSQ: Increase direct air capture,Increase Direct Air Capture deployment to 50 MT CO2e by final time period.,Exogenous specification of installed capacity of direct air capture facilities in variable units.,12,0.0,0.0,2.3255813953488373,46.51162790697674,2067
Energy,CCSQ,TFR:CCSQ:INC_CAPTURE,CCSQ: Increase direct air capture,Increase Direct Air Capture deployment to 50 MT CO2e by final time period.,Exogenous specification of installed capacity of direct air capture facilities in variable units.,12,0.0,0.0,2.3837209302325584,47.674418604651166,2068
Energy,CCSQ,TFR:CCSQ:INC_CAPTURE,CCSQ: Increase direct air capture,Increase Direct Air Capture deployment to 50 MT CO2e by final time period.,Exogenous specification of installed capacity of direct air capture facilities in variable units.,12,0.0,0.0,2.441860465116279,48.837209302325576,2069
Energy,CCSQ,TFR:CCSQ:INC_CAPTURE,CCSQ: Increase direct air capture,Increase Direct Air Capture deployment to 50 MT CO2e by final time period.,Exogenous specification of installed capacity of direct air capture facilities in variable units.,12,0.0,0.0,2.5,50.0,2070
Energy,ENTC,TFR:ENTC:DEC_LOSSES,ENTC: Reduce transmission losses,Decrease transmission losses by upgrading electrical transmission infrastructure.,Target maximum fraction of electricity transmitted that is lost through inefficient or insufficient electricity infrastructure.,12,0.0,0.0,0.0,0.0,2015
Energy,ENTC,TFR:ENTC:DEC_LOSSES,ENTC: Reduce transmission losses,Decrease transmission losses by upgrading electrical transmission infrastructure.,Target maximum fraction of electricity transmitted that is lost through inefficient or insufficient electricity infrastructure.,12,0.0,0.0,0.0,0.0,2016
Energy,ENTC,TFR:ENTC:DEC_LOSSES,ENTC: Reduce transmission losses,Decrease transmission losses by upgrading electrical transmission infrastructure.,Target maximum fraction of electricity transmitted that is lost through inefficient or insufficient electricity infrastructure.,12,0.0,0.0,0.0,0.0,2017
Energy,ENTC,TFR:ENTC:DEC_LOSSES,ENTC: Reduce transmission losses,Decrease transmission losses by upgrading electrical transmission infrastructure.,Target maximum fraction of electricity transmitted that is lost through inefficient or insufficient electricity infrastructure.,12,0.0,0.0,0.0,0.0,2018
Energy,ENTC,TFR:ENTC:DEC_LOSSES,ENTC: Reduce transmission losses,Decrease transmission losses by upgrading electrical transmission infrastructure.,Target maximum fraction of electricity transmitted that is lost through inefficient or insufficient electricity infrastructure.,12,0.0,0.0,0.0,0.0,2019
Energy,ENTC,TFR:ENTC:DEC_LOSSES,ENTC: Reduce transmission losses,Decrease transmission losses by upgrading electrical transmission infrastructure.,Target maximum fraction of electricity transmitted that is lost through inefficient or insufficient electricity infrastructure.,12,0.0,0.0,0.0,0.0,2020
Energy,ENTC,TFR:ENTC:DEC_LOSSES,ENTC: Reduce transmission losses,Decrease transmission losses by upgrading electrical transmission infrastructure.,Target maximum fraction of electricity transmitted that is lost through inefficient or insufficient electricity infrastructure.,12,0.0,0.0,0.0,0.0,2021
Energy,ENTC,TFR:ENTC:DEC_LOSSES,ENTC: Reduce transmission losses,Decrease transmission losses by upgrading electrical transmission infrastructure.,Target maximum fraction of electricity transmitted that is lost through inefficient or insufficient electricity infrastructure.,12,0.0,0.0,0.0,0.0,2022
Energy,ENTC,TFR:ENTC:DEC_LOSSES,ENTC: Reduce transmission losses,Decrease transmission losses by upgrading electrical transmission infrastructure.,Target maximum fraction of electricity transmitted that is lost through inefficient or insufficient electricity infrastructure.,12,0.0,0.0,0.0,0.0,2023
Energy,ENTC,TFR:ENTC:DEC_LOSSES,ENTC: Reduce transmission losses,Decrease transmission losses by upgrading electrical transmission infrastructure.,Target maximum fraction of electricity transmitted that is lost through inefficient or insufficient electricity infrastructure.,12,0.0,0.0,0.0,0.0,2024
Energy,ENTC,TFR:ENTC:DEC_LOSSES,ENTC: Reduce transmission losses,Decrease transmission losses by upgrading electrical transmission infrastructure.,Target maximum fraction of electricity transmitted that is lost through inefficient or insufficient electricity infrastructure.,12,0.0,0.0,0.0,0.0,2025
Energy,ENTC,TFR:ENTC:DEC_LOSSES,ENTC: Reduce transmission losses,Decrease transmission losses by upgrading electrical transmission infrastructure.,Target maximum fraction of electricity transmitted that is lost through inefficient or insufficient electricity infrastructure.,12,0.0,0.0,0.0,0.0,2026
Energy,ENTC,TFR:ENTC:DEC_LOSSES,ENTC: Reduce transmission losses,Decrease transmission losses by upgrading electrical transmission infrastructure.,Target maximum fraction of electricity transmitted that is lost through inefficient or insufficient electricity infrastructure.,12,0.0,0.0,0.0,0.0,2027
Energy,ENTC,TFR:ENTC:DEC_LOSSES,ENTC: Reduce transmission losses,Decrease transmission losses by upgrading electrical transmission infrastructure.,Target maximum fraction of electricity transmitted that is lost through inefficient or insufficient electricity infrastructure.,12,0.0,0.0003488372093023256,0.0006976744186046512,0.0013953488372093023,2028
Energy,ENTC,TFR:ENTC:DEC_LOSSES,ENTC: Reduce transmission losses,Decrease transmission losses by upgrading electrical transmission infrastructure.,Target maximum fraction of electricity transmitted that is lost through inefficient or insufficient electricity infrastructure.,12,0.0,0.0006976744186046512,0.0013953488372093023,0.0027906976744186047,2029
Energy,ENTC,TFR:ENTC:DEC_LOSSES,ENTC: Reduce transmission losses,Decrease transmission losses by upgrading electrical transmission infrastructure.,Target maximum fraction of electricity transmitted that is lost through inefficient or insufficient electricity infrastructure.,12,0.0,0.0010465116279069766,0.002093023255813953,0.004186046511627906,2030
Energy,ENTC,TFR:ENTC:DEC_LOSSES,ENTC: Reduce transmission losses,Decrease transmission losses by upgrading electrical transmission infrastructure.,Target maximum fraction of electricity transmitted that is lost through inefficient or insufficient electricity infrastructure.,12,0.0,0.0013953488372093023,0.0027906976744186047,0.005581395348837209,2031
Energy,ENTC,TFR:ENTC:DEC_LOSSES,ENTC: Reduce transmission losses,Decrease transmission losses by upgrading electrical transmission infrastructure.,Target maximum fraction of electricity transmitted that is lost through inefficient or insufficient electricity infrastructure.,12,0.0,0.0017441860465116279,0.0034883720930232558,0.0069767441860465115,2032
Energy,ENTC,TFR:ENTC:DEC_LOSSES,ENTC: Reduce transmission losses,Decrease transmission losses by upgrading electrical transmission infrastructure.,Target maximum fraction of electricity transmitted that is lost through inefficient or insufficient electricity infrastructure.,12,0.0,0.002093023255813953,0.004186046511627906,0.008372093023255813,2033
Energy,ENTC,TFR:ENTC:DEC_LOSSES,ENTC: Reduce transmission losses,Decrease transmission losses by upgrading electrical transmission infrastructure.,Target maximum fraction of electricity transmitted that is lost through inefficient or insufficient electricity infrastructure.,12,0.0,0.002441860465116279,0.004883720930232558,0.009767441860465116,2034
Energy,ENTC,TFR:ENTC:DEC_LOSSES,ENTC: Reduce transmission losses,Decrease transmission losses by upgrading electrical transmission infrastructure.,Target maximum fraction of electricity transmitted that is lost through inefficient or insufficient electricity infrastructure.,12,0.0,0.0027906976744186047,0.005581395348837209,0.011162790697674419,2035
Energy,ENTC,TFR:ENTC:DEC_LOSSES,ENTC: Reduce transmission losses,Decrease transmission losses by upgrading electrical transmission infrastructure.,Target maximum fraction of electricity transmitted that is lost through inefficient or insufficient electricity infrastructure.,12,0.0,0.0031395348837209304,0.006279069767441861,0.012558139534883722,2036
Energy,ENTC,TFR:ENTC:DEC_LOSSES,ENTC: Reduce transmission losses,Decrease transmission losses by upgrading electrical transmission infrastructure.,Target maximum fraction of electricity transmitted that is lost through inefficient or insufficient electricity infrastructure.,12,0.0,0.0034883720930232558,0.0069767441860465115,0.013953488372093023,2037
Energy,ENTC,TFR:ENTC:DEC_LOSSES,ENTC: Reduce transmission losses,Decrease transmission losses by upgrading electrical transmission infrastructure.,Target maximum fraction of electricity transmitted that is lost through inefficient or insufficient electricity infrastructure.,12,0.0,0.0038372093023255815,0.007674418604651163,0.015348837209302326,2038
Energy,ENTC,TFR:ENTC:DEC_LOSSES,ENTC: Reduce transmission losses,Decrease transmission losses by upgrading electrical transmission infrastructure.,Target maximum fraction of electricity transmitted that is lost through inefficient or insufficient electricity infrastructure.,12,0.0,0.004186046511627906,0.008372093023255813,0.016744186046511626,2039
Energy,ENTC,TFR:ENTC:DEC_LOSSES,ENTC: Reduce transmission losses,Decrease transmission losses by upgrading electrical transmission infrastructure.,Target maximum fraction of electricity transmitted that is lost through inefficient or insufficient electricity infrastructure.,12,0.0,0.004534883720930232,0.009069767441860464,0.01813953488372093,2040
Energy,ENTC,TFR:ENTC:DEC_LOSSES,ENTC: Reduce transmission losses,Decrease transmission losses by upgrading electrical transmission infrastructure.,Target maximum fraction of electricity transmitted that is lost through inefficient or insufficient electricity infrastructure.,12,0.0,0.004883720930232558,0.009767441860465116,0.01953488372093023,2041
Energy,ENTC,TFR:ENTC:DEC_LOSSES,ENTC: Reduce transmission losses,Decrease transmission losses by upgrading electrical transmission infrastructure.,Target maximum fraction of electricity transmitted that is lost through inefficient or insufficient electricity infrastructure.,12,0.0,0.005232558139534884,0.010465116279069767,0.020930232558139535,2042
Energy,ENTC,TFR:ENTC:DEC_LOSSES,ENTC: Reduce transmission losses,Decrease transmission losses by upgrading electrical transmission infrastructure.,Target maximum fraction of electricity transmitted that is lost through inefficient or insufficient electricity infrastructure.,12,0.0,0.005581395348837209,0.011162790697674419,0.022325581395348838,2043
Energy,ENTC,TFR:ENTC:DEC_LOSSES,ENTC: Reduce transmission losses,Decrease transmission losses by upgrading electrical transmission infrastructure.,Target maximum fraction of electricity transmitted that is lost through inefficient or insufficient electricity infrastructure.,12,0.0,0.005930232558139534,0.011860465116279069,0.023720930232558137,2044
Energy,ENTC,TFR:ENTC:DEC_LOSSES,ENTC: Reduce transmission losses,Decrease transmission losses by upgrading electrical transmission infrastructure.,Target maximum fraction of electricity transmitted that is lost through inefficient or insufficient electricity infrastructure.,12,0.0,0.006279069767441861,0.012558139534883722,0.025116279069767444,2045
Energy,ENTC,TFR:ENTC:DEC_LOSSES,ENTC: Reduce transmission losses,Decrease transmission losses by upgrading electrical transmission infrastructure.,Target maximum fraction of electricity transmitted that is lost through inefficient or insufficient electricity infrastructure.,12,0.0,0.006627906976744186,0.013255813953488372,0.026511627906976743,2046
Energy,ENTC,TFR:ENTC:DEC_LOSSES,ENTC: Reduce transmission losses,Decrease transmission losses by upgrading electrical transmission infrastructure.,Target maximum fraction of electricity transmitted that is lost through inefficient or insufficient electricity infrastructure.,12,0.0,0.0069767441860465115,0.013953488372093023,0.027906976744186046,2047
Energy,ENTC,TFR:ENTC:DEC_LOSSES,ENTC: Reduce transmission losses,Decrease transmission losses by upgrading electrical transmission infrastructure.,Target maximum fraction of electricity transmitted that is lost through inefficient or insufficient electricity infrastructure.,12,0.0,0.007325581395348836,0.014651162790697673,0.029302325581395346,2048
Energy,ENTC,TFR:ENTC:DEC_LOSSES,ENTC: Reduce transmission losses,Decrease transmission losses by upgrading electrical transmission infrastructure.,Target maximum fraction of electricity transmitted that is lost through inefficient or insufficient electricity infrastructure.,12,0.0,0.007674418604651163,0.015348837209302326,0.030697674418604652,2049
Energy,ENTC,TFR:ENTC:DEC_LOSSES,ENTC: Reduce transmission losses,Decrease transmission losses by upgrading electrical transmission infrastructure.,Target maximum fraction of electricity transmitted that is lost through inefficient or insufficient electricity infrastructure.,12,0.0,0.008023255813953488,0.016046511627906976,0.03209302325581395,2050
Energy,ENTC,TFR:ENTC:DEC_LOSSES,ENTC: Reduce transmission losses,Decrease transmission losses by upgrading electrical transmission infrastructure.,Target maximum fraction of electricity transmitted that is lost through inefficient or insufficient electricity infrastructure.,12,0.0,0.008372093023255813,0.016744186046511626,0.03348837209302325,2051
Energy,ENTC,TFR:ENTC:DEC_LOSSES,ENTC: Reduce transmission losses,Decrease transmission losses by upgrading electrical transmission infrastructure.,Target maximum fraction of electricity transmitted that is lost through inefficient or insufficient electricity infrastructure.,12,0.0,0.00872093023255814,0.01744186046511628,0.03488372093023256,2052
Energy,ENTC,TFR:ENTC:DEC_LOSSES,ENTC: Reduce transmission losses,Decrease transmission losses by upgrading electrical transmission infrastructure.,Target maximum fraction of electricity transmitted that is lost through inefficient or insufficient electricity infrastructure.,12,0.0,0.009069767441860464,0.01813953488372093,0.03627906976744186,2053
Energy,ENTC,TFR:ENTC:DEC_LOSSES,ENTC: Reduce transmission losses,Decrease transmission losses by upgrading electrical transmission infrastructure.,Target maximum fraction of electricity transmitted that is lost through inefficient or insufficient electricity infrastructure.,12,0.0,0.009418604651162791,0.018837209302325582,0.037674418604651164,2054
Energy,ENTC,TFR:ENTC:DEC_LOSSES,ENTC: Reduce transmission losses,Decrease transmission losses by upgrading electrical transmission infrastructure.,Target maximum fraction of electricity transmitted that is lost through inefficient or insufficient electricity infrastructure.,12,0.0,0.009767441860465116,0.01953488372093023,0.03906976744186046,2055
Energy,ENTC,TFR:ENTC:DEC_LOSSES,ENTC: Reduce transmission losses,Decrease transmission losses by upgrading electrical transmission infrastructure.,Target maximum fraction of electricity transmitted that is lost through inefficient or insufficient electricity infrastructure.,12,0.0,0.01011627906976744,0.02023255813953488,0.04046511627906976,2056
Energy,ENTC,TFR:ENTC:DEC_LOSSES,ENTC: Reduce transmission losses,Decrease transmission losses by upgrading electrical transmission infrastructure.,Target maximum fraction of electricity transmitted that is lost through inefficient or insufficient electricity infrastructure.,12,0.0,0.010465116279069767,0.020930232558139535,0.04186046511627907,2057
Energy,ENTC,TFR:ENTC:DEC_LOSSES,ENTC: Reduce transmission losses,Decrease transmission losses by upgrading electrical transmission infrastructure.,Target maximum fraction of electricity transmitted that is lost through inefficient or insufficient electricity infrastructure.,12,0.0,0.010813953488372092,0.021627906976744184,0.04325581395348837,2058
Energy,ENTC,TFR:ENTC:DEC_LOSSES,ENTC: Reduce transmission losses,Decrease transmission losses by upgrading electrical transmission infrastructure.,Target maximum fraction of electricity transmitted that is lost through inefficient or insufficient electricity infrastructure.,12,0.0,0.011162790697674419,0.022325581395348838,0.044651162790697675,2059
Energy,ENTC,TFR:ENTC:DEC_LOSSES,ENTC: Reduce transmission losses,Decrease transmission losses by upgrading electrical transmission infrastructure.,Target maximum fraction of electricity transmitted that is lost through inefficient or insufficient electricity infrastructure.,12,0.0,0.011511627906976744,0.023023255813953487,0.046046511627906975,2060
Energy,ENTC,TFR:ENTC:DEC_LOSSES,ENTC: Reduce transmission losses,Decrease transmission losses by upgrading electrical transmission infrastructure.,Target maximum fraction of electricity transmitted that is lost through inefficient or insufficient electricity infrastructure.,12,0.0,0.011860465116279069,0.023720930232558137,0.047441860465116274,2061
Energy,ENTC,TFR:ENTC:DEC_LOSSES,ENTC: Reduce transmission losses,Decrease transmission losses by upgrading electrical transmission infrastructure.,Target maximum fraction of electricity transmitted that is lost through inefficient or insufficient electricity infrastructure.,12,0.0,0.012209302325581395,0.02441860465116279,0.04883720930232558,2062
Energy,ENTC,TFR:ENTC:DEC_LOSSES,ENTC: Reduce transmission losses,Decrease transmission losses by upgrading electrical transmission infrastructure.,Target maximum fraction of electricity transmitted that is lost through inefficient or insufficient electricity infrastructure.,12,0.0,0.012558139534883722,0.025116279069767444,0.05023255813953489,2063
Energy,ENTC,TFR:ENTC:DEC_LOSSES,ENTC: Reduce transmission losses,Decrease transmission losses by upgrading electrical transmission infrastructure.,Target maximum fraction of electricity transmitted that is lost through inefficient or insufficient electricity infrastructure.,12,0.0,0.012906976744186045,0.02581395348837209,0.05162790697674418,2064
Energy,ENTC,TFR:ENTC:DEC_LOSSES,ENTC: Reduce transmission losses,Decrease transmission losses by upgrading electrical transmission infrastructure.,Target maximum fraction of electricity transmitted that is lost through inefficient or insufficient electricity infrastructure.,12,0.0,0.013255813953488372,0.026511627906976743,0.053023255813953486,2065
Energy,ENTC,TFR:ENTC:DEC_LOSSES,ENTC: Reduce transmission losses,Decrease transmission losses by upgrading electrical transmission infrastructure.,Target maximum fraction of electricity transmitted that is lost through inefficient or insufficient electricity infrastructure.,12,0.0,0.013604651162790696,0.027209302325581393,0.054418604651162786,2066
Energy,ENTC,TFR:ENTC:DEC_LOSSES,ENTC: Reduce transmission losses,Decrease transmission losses by upgrading electrical transmission infrastructure.,Target maximum fraction of electricity transmitted that is lost through inefficient or insufficient electricity infrastructure.,12,0.0,0.013953488372093023,0.027906976744186046,0.05581395348837209,2067
Energy,ENTC,TFR:ENTC:DEC_LOSSES,ENTC: Reduce transmission losses,Decrease transmission losses by upgrading electrical transmission infrastructure.,Target maximum fraction of electricity transmitted that is lost through inefficient or insufficient electricity infrastructure.,12,0.0,0.014302325581395348,0.028604651162790696,0.05720930232558139,2068
Energy,ENTC,TFR:ENTC:DEC_LOSSES,ENTC: Reduce transmission losses,Decrease transmission losses by upgrading electrical transmission infrastructure.,Target maximum fraction of electricity transmitted that is lost through inefficient or insufficient electricity infrastructure.,12,0.0,0.014651162790697673,0.029302325581395346,0.05860465116279069,2069
Energy,ENTC,TFR:ENTC:DEC_LOSSES,ENTC: Reduce transmission losses,Decrease transmission losses by upgrading electrical transmission infrastructure.,Target maximum fraction of electricity transmitted that is lost through inefficient or insufficient electricity infrastructure.,12,0.0,0.015,0.03,0.06,2070
Energy,ENTC,TFR:ENTC:TARGET_CLEAN_HYDROGEN,ENTC: Clean hydrogen,Set a target for clean hydrogen production. ,Fraction of hydrogen coming from electrolysis.,12,0.0,0.0,0.0,0.0,2015
Energy,ENTC,TFR:ENTC:TARGET_CLEAN_HYDROGEN,ENTC: Clean hydrogen,Set a target for clean hydrogen production. ,Fraction of hydrogen coming from electrolysis.,12,0.0,0.0,0.0,0.0,2016
Energy,ENTC,TFR:ENTC:TARGET_CLEAN_HYDROGEN,ENTC: Clean hydrogen,Set a target for clean hydrogen production. ,Fraction of hydrogen coming from electrolysis.,12,0.0,0.0,0.0,0.0,2017
Energy,ENTC,TFR:ENTC:TARGET_CLEAN_HYDROGEN,ENTC: Clean hydrogen,Set a target for clean hydrogen production. ,Fraction of hydrogen coming from electrolysis.,12,0.0,0.0,0.0,0.0,2018
Energy,ENTC,TFR:ENTC:TARGET_CLEAN_HYDROGEN,ENTC: Clean hydrogen,Set a target for clean hydrogen production. ,Fraction of hydrogen coming from electrolysis.,12,0.0,0.0,0.0,0.0,2019
Energy,ENTC,TFR:ENTC:TARGET_CLEAN_HYDROGEN,ENTC: Clean hydrogen,Set a target for clean hydrogen production. ,Fraction of hydrogen coming from electrolysis.,12,0.0,0.0,0.0,0.0,2020
Energy,ENTC,TFR:ENTC:TARGET_CLEAN_HYDROGEN,ENTC: Clean hydrogen,Set a target for clean hydrogen production. ,Fraction of hydrogen coming from electrolysis.,12,0.0,0.0,0.0,0.0,2021
Energy,ENTC,TFR:ENTC:TARGET_CLEAN_HYDROGEN,ENTC: Clean hydrogen,Set a target for clean hydrogen production. ,Fraction of hydrogen coming from electrolysis.,12,0.0,0.0,0.0,0.0,2022
Energy,ENTC,TFR:ENTC:TARGET_CLEAN_HYDROGEN,ENTC: Clean hydrogen,Set a target for clean hydrogen production. ,Fraction of hydrogen coming from electrolysis.,12,0.0,0.0,0.0,0.0,2023
Energy,ENTC,TFR:ENTC:TARGET_CLEAN_HYDROGEN,ENTC: Clean hydrogen,Set a target for clean hydrogen production. ,Fraction of hydrogen coming from electrolysis.,12,0.0,0.0,0.0,0.0,2024
Energy,ENTC,TFR:ENTC:TARGET_CLEAN_HYDROGEN,ENTC: Clean hydrogen,Set a target for clean hydrogen production. ,Fraction of hydrogen coming from electrolysis.,12,0.0,0.0,0.0,0.0,2025
Energy,ENTC,TFR:ENTC:TARGET_CLEAN_HYDROGEN,ENTC: Clean hydrogen,Set a target for clean hydrogen production. ,Fraction of hydrogen coming from electrolysis.,12,0.0,0.0,0.0,0.0,2026
Energy,ENTC,TFR:ENTC:TARGET_CLEAN_HYDROGEN,ENTC: Clean hydrogen,Set a target for clean hydrogen production. ,Fraction of hydrogen coming from electrolysis.,12,0.0,0.0,0.0,0.0,2027
Energy,ENTC,TFR:ENTC:TARGET_CLEAN_HYDROGEN,ENTC: Clean hydrogen,Set a target for clean hydrogen production. ,Fraction of hydrogen coming from electrolysis.,12,0.0,0.0,0.0,0.022093023255813953,2028
Energy,ENTC,TFR:ENTC:TARGET_CLEAN_HYDROGEN,ENTC: Clean hydrogen,Set a target for clean hydrogen production. ,Fraction of hydrogen coming from electrolysis.,12,0.0,0.0,0.0,0.044186046511627906,2029
Energy,ENTC,TFR:ENTC:TARGET_CLEAN_HYDROGEN,ENTC: Clean hydrogen,Set a target for clean hydrogen production. ,Fraction of hydrogen coming from electrolysis.,12,0.0,0.0,0.0,0.06627906976744186,2030
Energy,ENTC,TFR:ENTC:TARGET_CLEAN_HYDROGEN,ENTC: Clean hydrogen,Set a target for clean hydrogen production. ,Fraction of hydrogen coming from electrolysis.,12,0.0,0.0,0.0,0.08837209302325581,2031
Energy,ENTC,TFR:ENTC:TARGET_CLEAN_HYDROGEN,ENTC: Clean hydrogen,Set a target for clean hydrogen production. ,Fraction of hydrogen coming from electrolysis.,12,0.0,0.0,0.0,0.11046511627906976,2032
Energy,ENTC,TFR:ENTC:TARGET_CLEAN_HYDROGEN,ENTC: Clean hydrogen,Set a target for clean hydrogen production. ,Fraction of hydrogen coming from electrolysis.,12,0.0,0.0,0.0,0.1325581395348837,2033
Energy,ENTC,TFR:ENTC:TARGET_CLEAN_HYDROGEN,ENTC: Clean hydrogen,Set a target for clean hydrogen production. ,Fraction of hydrogen coming from electrolysis.,12,0.0,0.0,0.0,0.15465116279069768,2034
Energy,ENTC,TFR:ENTC:TARGET_CLEAN_HYDROGEN,ENTC: Clean hydrogen,Set a target for clean hydrogen production. ,Fraction of hydrogen coming from electrolysis.,12,0.0,0.0,0.0,0.17674418604651163,2035
Energy,ENTC,TFR:ENTC:TARGET_CLEAN_HYDROGEN,ENTC: Clean hydrogen,Set a target for clean hydrogen production. ,Fraction of hydrogen coming from electrolysis.,12,0.0,0.0,0.0,0.1988372093023256,2036
Energy,ENTC,TFR:ENTC:TARGET_CLEAN_HYDROGEN,ENTC: Clean hydrogen,Set a target for clean hydrogen production. ,Fraction of hydrogen coming from electrolysis.,12,0.0,0.0,0.0,0.2209302325581395,2037
Energy,ENTC,TFR:ENTC:TARGET_CLEAN_HYDROGEN,ENTC: Clean hydrogen,Set a target for clean hydrogen production. ,Fraction of hydrogen coming from electrolysis.,12,0.0,0.0,0.0,0.24302325581395348,2038
Energy,ENTC,TFR:ENTC:TARGET_CLEAN_HYDROGEN,ENTC: Clean hydrogen,Set a target for clean hydrogen production. ,Fraction of hydrogen coming from electrolysis.,12,0.0,0.0,0.0,0.2651162790697674,2039
Energy,ENTC,TFR:ENTC:TARGET_CLEAN_HYDROGEN,ENTC: Clean hydrogen,Set a target for clean hydrogen production. ,Fraction of hydrogen coming from electrolysis.,12,0.0,0.0,0.0,0.28720930232558134,2040
Energy,ENTC,TFR:ENTC:TARGET_CLEAN_HYDROGEN,ENTC: Clean hydrogen,Set a target for clean hydrogen production. ,Fraction of hydrogen coming from electrolysis.,12,0.0,0.0,0.0,0.30930232558139537,2041
Energy,ENTC,TFR:ENTC:TARGET_CLEAN_HYDROGEN,ENTC: Clean hydrogen,Set a target for clean hydrogen production. ,Fraction of hydrogen coming from electrolysis.,12,0.0,0.0,0.0,0.3313953488372093,2042
Energy,ENTC,TFR:ENTC:TARGET_CLEAN_HYDROGEN,ENTC: Clean hydrogen,Set a target for clean hydrogen production. ,Fraction of hydrogen coming from electrolysis.,12,0.0,0.0,0.0,0.35348837209302325,2043
Energy,ENTC,TFR:ENTC:TARGET_CLEAN_HYDROGEN,ENTC: Clean hydrogen,Set a target for clean hydrogen production. ,Fraction of hydrogen coming from electrolysis.,12,0.0,0.0,0.0,0.37558139534883717,2044
Energy,ENTC,TFR:ENTC:TARGET_CLEAN_HYDROGEN,ENTC: Clean hydrogen,Set a target for clean hydrogen production. ,Fraction of hydrogen coming from electrolysis.,12,0.0,0.0,0.0,0.3976744186046512,2045
Energy,ENTC,TFR:ENTC:TARGET_CLEAN_HYDROGEN,ENTC: Clean hydrogen,Set a target for clean hydrogen production. ,Fraction of hydrogen coming from electrolysis.,12,0.0,0.0,0.0,0.4197674418604651,2046
Energy,ENTC,TFR:ENTC:TARGET_CLEAN_HYDROGEN,ENTC: Clean hydrogen,Set a target for clean hydrogen production. ,Fraction of hydrogen coming from electrolysis.,12,0.0,0.0,0.0,0.441860465116279,2047
Energy,ENTC,TFR:ENTC:TARGET_CLEAN_HYDROGEN,ENTC: Clean hydrogen,Set a target for clean hydrogen production. ,Fraction of hydrogen coming from electrolysis.,12,0.0,0.0,0.0,0.463953488372093,2048
Energy,ENTC,TFR:ENTC:TARGET_CLEAN_HYDROGEN,ENTC: Clean hydrogen,Set a target for clean hydrogen production. ,Fraction of hydrogen coming from electrolysis.,12,0.0,0.0,0.0,0.48604651162790696,2049
Energy,ENTC,TFR:ENTC:TARGET_CLEAN_HYDROGEN,ENTC: Clean hydrogen,Set a target for clean hydrogen production. ,Fraction of hydrogen coming from electrolysis.,12,0.0,0.0,0.0,0.5081395348837209,2050
Energy,ENTC,TFR:ENTC:TARGET_CLEAN_HYDROGEN,ENTC: Clean hydrogen,Set a target for clean hydrogen production. ,Fraction of hydrogen coming from electrolysis.,12,0.0,0.0,0.0,0.5302325581395348,2051
Energy,ENTC,TFR:ENTC:TARGET_CLEAN_HYDROGEN,ENTC: Clean hydrogen,Set a target for clean hydrogen production. ,Fraction of hydrogen coming from electrolysis.,12,0.0,0.0,0.0,0.5523255813953488,2052
Energy,ENTC,TFR:ENTC:TARGET_CLEAN_HYDROGEN,ENTC: Clean hydrogen,Set a target for clean hydrogen production. ,Fraction of hydrogen coming from electrolysis.,12,0.0,0.0,0.0,0.5744186046511627,2053
Energy,ENTC,TFR:ENTC:TARGET_CLEAN_HYDROGEN,ENTC: Clean hydrogen,Set a target for clean hydrogen production. ,Fraction of hydrogen coming from electrolysis.,12,0.0,0.0,0.0,0.5965116279069768,2054
Energy,ENTC,TFR:ENTC:TARGET_CLEAN_HYDROGEN,ENTC: Clean hydrogen,Set a target for clean hydrogen production. ,Fraction of hydrogen coming from electrolysis.,12,0.0,0.0,0.0,0.6186046511627907,2055
Energy,ENTC,TFR:ENTC:TARGET_CLEAN_HYDROGEN,ENTC: Clean hydrogen,Set a target for clean hydrogen production. ,Fraction of hydrogen coming from electrolysis.,12,0.0,0.0,0.0,0.6406976744186046,2056
Energy,ENTC,TFR:ENTC:TARGET_CLEAN_HYDROGEN,ENTC: Clean hydrogen,Set a target for clean hydrogen production. ,Fraction of hydrogen coming from electrolysis.,12,0.0,0.0,0.0,0.6627906976744186,2057
Energy,ENTC,TFR:ENTC:TARGET_CLEAN_HYDROGEN,ENTC: Clean hydrogen,Set a target for clean hydrogen production. ,Fraction of hydrogen coming from electrolysis.,12,0.0,0.0,0.0,0.6848837209302325,2058
Energy,ENTC,TFR:ENTC:TARGET_CLEAN_HYDROGEN,ENTC: Clean hydrogen,Set a target for clean hydrogen production. ,Fraction of hydrogen coming from electrolysis.,12,0.0,0.0,0.0,0.7069767441860465,2059
Energy,ENTC,TFR:ENTC:TARGET_CLEAN_HYDROGEN,ENTC: Clean hydrogen,Set a target for clean hydrogen production. ,Fraction of hydrogen coming from electrolysis.,12,0.0,0.0,0.0,0.7290697674418605,2060
Energy,ENTC,TFR:ENTC:TARGET_CLEAN_HYDROGEN,ENTC: Clean hydrogen,Set a target for clean hydrogen production. ,Fraction of hydrogen coming from electrolysis.,12,0.0,0.0,0.0,0.7511627906976743,2061
Energy,ENTC,TFR:ENTC:TARGET_CLEAN_HYDROGEN,ENTC: Clean hydrogen,Set a target for clean hydrogen production. ,Fraction of hydrogen coming from electrolysis.,12,0.0,0.0,0.0,0.7732558139534883,2062
Energy,ENTC,TFR:ENTC:TARGET_CLEAN_HYDROGEN,ENTC: Clean hydrogen,Set a target for clean hydrogen production. ,Fraction of hydrogen coming from electrolysis.,12,0.0,0.0,0.0,0.7953488372093024,2063
Energy,ENTC,TFR:ENTC:TARGET_CLEAN_HYDROGEN,ENTC: Clean hydrogen,Set a target for clean hydrogen production. ,Fraction of hydrogen coming from electrolysis.,12,0.0,0.0,0.0,0.8174418604651162,2064
Energy,ENTC,TFR:ENTC:TARGET_CLEAN_HYDROGEN,ENTC: Clean hydrogen,Set a target for clean hydrogen production. ,Fraction of hydrogen coming from electrolysis.,12,0.0,0.0,0.0,0.8395348837209302,2065
Energy,ENTC,TFR:ENTC:TARGET_CLEAN_HYDROGEN,ENTC: Clean hydrogen,Set a target for clean hydrogen production. ,Fraction of hydrogen coming from electrolysis.,12,0.0,0.0,0.0,0.8616279069767441,2066
Energy,ENTC,TFR:ENTC:TARGET_CLEAN_HYDROGEN,ENTC: Clean hydrogen,Set a target for clean hydrogen production. ,Fraction of hydrogen coming from electrolysis.,12,0.0,0.0,0.0,0.883720930232558,2067
Energy,ENTC,TFR:ENTC:TARGET_CLEAN_HYDROGEN,ENTC: Clean hydrogen,Set a target for clean hydrogen production. ,Fraction of hydrogen coming from electrolysis.,12,0.0,0.0,0.0,0.9058139534883721,2068
Energy,ENTC,TFR:ENTC:TARGET_CLEAN_HYDROGEN,ENTC: Clean hydrogen,Set a target for clean hydrogen production. ,Fraction of hydrogen coming from electrolysis.,12,0.0,0.0,0.0,0.927906976744186,2069
Energy,ENTC,TFR:ENTC:TARGET_CLEAN_HYDROGEN,ENTC: Clean hydrogen,Set a target for clean hydrogen production. ,Fraction of hydrogen coming from electrolysis.,12,0.0,0.0,0.0,0.95,2070
Energy,ENTC,TFR:ENTC:TARGET_RENEWABLE_ELEC,ENTC: 95% of electricity is generated by renewables in final time period,Set a target for renewable electricity. Includes minimum targets for specific renewable energy technologies. ,"Implement a target production share from renewables (renewable technologies are specified in input file). Additinoally, can implement minimum shares from specific technology.",12,0.0,0.0,0.0,0.0,2015
Energy,ENTC,TFR:ENTC:TARGET_RENEWABLE_ELEC,ENTC: 95% of electricity is generated by renewables in final time period,Set a target for renewable electricity. Includes minimum targets for specific renewable energy technologies. ,"Implement a target production share from renewables (renewable technologies are specified in input file). Additinoally, can implement minimum shares from specific technology.",12,0.0,0.0,0.0,0.0,2016
Energy,ENTC,TFR:ENTC:TARGET_RENEWABLE_ELEC,ENTC: 95% of electricity is generated by renewables in final time period,Set a target for renewable electricity. Includes minimum targets for specific renewable energy technologies. ,"Implement a target production share from renewables (renewable technologies are specified in input file). Additinoally, can implement minimum shares from specific technology.",12,0.0,0.0,0.0,0.0,2017
Energy,ENTC,TFR:ENTC:TARGET_RENEWABLE_ELEC,ENTC: 95% of electricity is generated by renewables in final time period,Set a target for renewable electricity. Includes minimum targets for specific renewable energy technologies. ,"Implement a target production share from renewables (renewable technologies are specified in input file). Additinoally, can implement minimum shares from specific technology.",12,0.0,0.0,0.0,0.0,2018
Energy,ENTC,TFR:ENTC:TARGET_RENEWABLE_ELEC,ENTC: 95% of electricity is generated by renewables in final time period,Set a target for renewable electricity. Includes minimum targets for specific renewable energy technologies. ,"Implement a target production share from renewables (renewable technologies are specified in input file). Additinoally, can implement minimum shares from specific technology.",12,0.0,0.0,0.0,0.0,2019
Energy,ENTC,TFR:ENTC:TARGET_RENEWABLE_ELEC,ENTC: 95% of electricity is generated by renewables in final time period,Set a target for renewable electricity. Includes minimum targets for specific renewable energy technologies. ,"Implement a target production share from renewables (renewable technologies are specified in input file). Additinoally, can implement minimum shares from specific technology.",12,0.0,0.0,0.0,0.0,2020
Energy,ENTC,TFR:ENTC:TARGET_RENEWABLE_ELEC,ENTC: 95% of electricity is generated by renewables in final time period,Set a target for renewable electricity. Includes minimum targets for specific renewable energy technologies. ,"Implement a target production share from renewables (renewable technologies are specified in input file). Additinoally, can implement minimum shares from specific technology.",12,0.0,0.0,0.0,0.0,2021
Energy,ENTC,TFR:ENTC:TARGET_RENEWABLE_ELEC,ENTC: 95% of electricity is generated by renewables in final time period,Set a target for renewable electricity. Includes minimum targets for specific renewable energy technologies. ,"Implement a target production share from renewables (renewable technologies are specified in input file). Additinoally, can implement minimum shares from specific technology.",12,0.0,0.0,0.0,0.0,2022
Energy,ENTC,TFR:ENTC:TARGET_RENEWABLE_ELEC,ENTC: 95% of electricity is generated by renewables in final time period,Set a target for renewable electricity. Includes minimum targets for specific renewable energy technologies. ,"Implement a target production share from renewables (renewable technologies are specified in input file). Additinoally, can implement minimum shares from specific technology.",12,0.0,0.0,0.0,0.0,2023
Energy,ENTC,TFR:ENTC:TARGET_RENEWABLE_ELEC,ENTC: 95% of electricity is generated by renewables in final time period,Set a target for renewable electricity. Includes minimum targets for specific renewable energy technologies. ,"Implement a target production share from renewables (renewable technologies are specified in input file). Additinoally, can implement minimum shares from specific technology.",12,0.0,0.0,0.0,0.0,2024
Energy,ENTC,TFR:ENTC:TARGET_RENEWABLE_ELEC,ENTC: 95% of electricity is generated by renewables in final time period,Set a target for renewable electricity. Includes minimum targets for specific renewable energy technologies. ,"Implement a target production share from renewables (renewable technologies are specified in input file). Additinoally, can implement minimum shares from specific technology.",12,0.0,0.0,0.0,0.0,2025
Energy,ENTC,TFR:ENTC:TARGET_RENEWABLE_ELEC,ENTC: 95% of electricity is generated by renewables in final time period,Set a target for renewable electricity. Includes minimum targets for specific renewable energy technologies. ,"Implement a target production share from renewables (renewable technologies are specified in input file). Additinoally, can implement minimum shares from specific technology.",12,0.0,0.0,0.0,0.0,2026
Energy,ENTC,TFR:ENTC:TARGET_RENEWABLE_ELEC,ENTC: 95% of electricity is generated by renewables in final time period,Set a target for renewable electricity. Includes minimum targets for specific renewable energy technologies. ,"Implement a target production share from renewables (renewable technologies are specified in input file). Additinoally, can implement minimum shares from specific technology.",12,0.0,0.0,0.0,0.0,2027
Energy,ENTC,TFR:ENTC:TARGET_RENEWABLE_ELEC,ENTC: 95% of electricity is generated by renewables in final time period,Set a target for renewable electricity. Includes minimum targets for specific renewable energy technologies. ,"Implement a target production share from renewables (renewable technologies are specified in input file). Additinoally, can implement minimum shares from specific technology.",12,0.0,0.005523255813953488,0.011046511627906977,0.022093023255813953,2028
Energy,ENTC,TFR:ENTC:TARGET_RENEWABLE_ELEC,ENTC: 95% of electricity is generated by renewables in final time period,Set a target for renewable electricity. Includes minimum targets for specific renewable energy technologies. ,"Implement a target production share from renewables (renewable technologies are specified in input file). Additinoally, can implement minimum shares from specific technology.",12,0.0,0.011046511627906977,0.022093023255813953,0.044186046511627906,2029
Energy,ENTC,TFR:ENTC:TARGET_RENEWABLE_ELEC,ENTC: 95% of electricity is generated by renewables in final time period,Set a target for renewable electricity. Includes minimum targets for specific renewable energy technologies. ,"Implement a target production share from renewables (renewable technologies are specified in input file). Additinoally, can implement minimum shares from specific technology.",12,0.0,0.016569767441860464,0.03313953488372093,0.06627906976744186,2030
Energy,ENTC,TFR:ENTC:TARGET_RENEWABLE_ELEC,ENTC: 95% of electricity is generated by renewables in final time period,Set a target for renewable electricity. Includes minimum targets for specific renewable energy technologies. ,"Implement a target production share from renewables (renewable technologies are specified in input file). Additinoally, can implement minimum shares from specific technology.",12,0.0,0.022093023255813953,0.044186046511627906,0.08837209302325581,2031
Energy,ENTC,TFR:ENTC:TARGET_RENEWABLE_ELEC,ENTC: 95% of electricity is generated by renewables in final time period,Set a target for renewable electricity. Includes minimum targets for specific renewable energy technologies. ,"Implement a target production share from renewables (renewable technologies are specified in input file). Additinoally, can implement minimum shares from specific technology.",12,0.0,0.02761627906976744,0.05523255813953488,0.11046511627906976,2032
Energy,ENTC,TFR:ENTC:TARGET_RENEWABLE_ELEC,ENTC: 95% of electricity is generated by renewables in final time period,Set a target for renewable electricity. Includes minimum targets for specific renewable energy technologies. ,"Implement a target production share from renewables (renewable technologies are specified in input file). Additinoally, can implement minimum shares from specific technology.",12,0.0,0.03313953488372093,0.06627906976744186,0.1325581395348837,2033
Energy,ENTC,TFR:ENTC:TARGET_RENEWABLE_ELEC,ENTC: 95% of electricity is generated by renewables in final time period,Set a target for renewable electricity. Includes minimum targets for specific renewable energy technologies. ,"Implement a target production share from renewables (renewable technologies are specified in input file). Additinoally, can implement minimum shares from specific technology.",12,0.0,0.03866279069767442,0.07732558139534884,0.15465116279069768,2034
Energy,ENTC,TFR:ENTC:TARGET_RENEWABLE_ELEC,ENTC: 95% of electricity is generated by renewables in final time period,Set a target for renewable electricity. Includes minimum targets for specific renewable energy technologies. ,"Implement a target production share from renewables (renewable technologies are specified in input file). Additinoally, can implement minimum shares from specific technology.",12,0.0,0.044186046511627906,0.08837209302325581,0.17674418604651163,2035
Energy,ENTC,TFR:ENTC:TARGET_RENEWABLE_ELEC,ENTC: 95% of electricity is generated by renewables in final time period,Set a target for renewable electricity. Includes minimum targets for specific renewable energy technologies. ,"Implement a target production share from renewables (renewable technologies are specified in input file). Additinoally, can implement minimum shares from specific technology.",12,0.0,0.0497093023255814,0.0994186046511628,0.1988372093023256,2036
Energy,ENTC,TFR:ENTC:TARGET_RENEWABLE_ELEC,ENTC: 95% of electricity is generated by renewables in final time period,Set a target for renewable electricity. Includes minimum targets for specific renewable energy technologies. ,"Implement a target production share from renewables (renewable technologies are specified in input file). Additinoally, can implement minimum shares from specific technology.",12,0.0,0.05523255813953488,0.11046511627906976,0.2209302325581395,2037
Energy,ENTC,TFR:ENTC:TARGET_RENEWABLE_ELEC,ENTC: 95% of electricity is generated by renewables in final time period,Set a target for renewable electricity. Includes minimum targets for specific renewable energy technologies. ,"Implement a target production share from renewables (renewable technologies are specified in input file). Additinoally, can implement minimum shares from specific technology.",12,0.0,0.06075581395348837,0.12151162790697674,0.24302325581395348,2038
Energy,ENTC,TFR:ENTC:TARGET_RENEWABLE_ELEC,ENTC: 95% of electricity is generated by renewables in final time period,Set a target for renewable electricity. Includes minimum targets for specific renewable energy technologies. ,"Implement a target production share from renewables (renewable technologies are specified in input file). Additinoally, can implement minimum shares from specific technology.",12,0.0,0.06627906976744186,0.1325581395348837,0.2651162790697674,2039
Energy,ENTC,TFR:ENTC:TARGET_RENEWABLE_ELEC,ENTC: 95% of electricity is generated by renewables in final time period,Set a target for renewable electricity. Includes minimum targets for specific renewable energy technologies. ,"Implement a target production share from renewables (renewable technologies are specified in input file). Additinoally, can implement minimum shares from specific technology.",12,0.0,0.07180232558139533,0.14360465116279067,0.28720930232558134,2040
Energy,ENTC,TFR:ENTC:TARGET_RENEWABLE_ELEC,ENTC: 95% of electricity is generated by renewables in final time period,Set a target for renewable electricity. Includes minimum targets for specific renewable energy technologies. ,"Implement a target production share from renewables (renewable technologies are specified in input file). Additinoally, can implement minimum shares from specific technology.",12,0.0,0.07732558139534884,0.15465116279069768,0.30930232558139537,2041
Energy,ENTC,TFR:ENTC:TARGET_RENEWABLE_ELEC,ENTC: 95% of electricity is generated by renewables in final time period,Set a target for renewable electricity. Includes minimum targets for specific renewable energy technologies. ,"Implement a target production share from renewables (renewable technologies are specified in input file). Additinoally, can implement minimum shares from specific technology.",12,0.0,0.08284883720930232,0.16569767441860464,0.3313953488372093,2042
Energy,ENTC,TFR:ENTC:TARGET_RENEWABLE_ELEC,ENTC: 95% of electricity is generated by renewables in final time period,Set a target for renewable electricity. Includes minimum targets for specific renewable energy technologies. ,"Implement a target production share from renewables (renewable technologies are specified in input file). Additinoally, can implement minimum shares from specific technology.",12,0.0,0.08837209302325581,0.17674418604651163,0.35348837209302325,2043
Energy,ENTC,TFR:ENTC:TARGET_RENEWABLE_ELEC,ENTC: 95% of electricity is generated by renewables in final time period,Set a target for renewable electricity. Includes minimum targets for specific renewable energy technologies. ,"Implement a target production share from renewables (renewable technologies are specified in input file). Additinoally, can implement minimum shares from specific technology.",12,0.0,0.09389534883720929,0.18779069767441858,0.37558139534883717,2044
Energy,ENTC,TFR:ENTC:TARGET_RENEWABLE_ELEC,ENTC: 95% of electricity is generated by renewables in final time period,Set a target for renewable electricity. Includes minimum targets for specific renewable energy technologies. ,"Implement a target production share from renewables (renewable technologies are specified in input file). Additinoally, can implement minimum shares from specific technology.",12,0.0,0.0994186046511628,0.1988372093023256,0.3976744186046512,2045
Energy,ENTC,TFR:ENTC:TARGET_RENEWABLE_ELEC,ENTC: 95% of electricity is generated by renewables in final time period,Set a target for renewable electricity. Includes minimum targets for specific renewable energy technologies. ,"Implement a target production share from renewables (renewable technologies are specified in input file). Additinoally, can implement minimum shares from specific technology.",12,0.0,0.10494186046511628,0.20988372093023255,0.4197674418604651,2046
Energy,ENTC,TFR:ENTC:TARGET_RENEWABLE_ELEC,ENTC: 95% of electricity is generated by renewables in final time period,Set a target for renewable electricity. Includes minimum targets for specific renewable energy technologies. ,"Implement a target production share from renewables (renewable technologies are specified in input file). Additinoally, can implement minimum shares from specific technology.",12,0.0,0.11046511627906976,0.2209302325581395,0.441860465116279,2047
Energy,ENTC,TFR:ENTC:TARGET_RENEWABLE_ELEC,ENTC: 95% of electricity is generated by renewables in final time period,Set a target for renewable electricity. Includes minimum targets for specific renewable energy technologies. ,"Implement a target production share from renewables (renewable technologies are specified in input file). Additinoally, can implement minimum shares from specific technology.",12,0.0,0.11598837209302325,0.2319767441860465,0.463953488372093,2048
Energy,ENTC,TFR:ENTC:TARGET_RENEWABLE_ELEC,ENTC: 95% of electricity is generated by renewables in final time period,Set a target for renewable electricity. Includes minimum targets for specific renewable energy technologies. ,"Implement a target production share from renewables (renewable technologies are specified in input file). Additinoally, can implement minimum shares from specific technology.",12,0.0,0.12151162790697674,0.24302325581395348,0.48604651162790696,2049
Energy,ENTC,TFR:ENTC:TARGET_RENEWABLE_ELEC,ENTC: 95% of electricity is generated by renewables in final time period,Set a target for renewable electricity. Includes minimum targets for specific renewable energy technologies. ,"Implement a target production share from renewables (renewable technologies are specified in input file). Additinoally, can implement minimum shares from specific technology.",12,0.0,0.12703488372093022,0.25406976744186044,0.5081395348837209,2050
Energy,ENTC,TFR:ENTC:TARGET_RENEWABLE_ELEC,ENTC: 95% of electricity is generated by renewables in final time period,Set a target for renewable electricity. Includes minimum targets for specific renewable energy technologies. ,"Implement a target production share from renewables (renewable technologies are specified in input file). Additinoally, can implement minimum shares from specific technology.",12,0.0,0.1325581395348837,0.2651162790697674,0.5302325581395348,2051
Energy,ENTC,TFR:ENTC:TARGET_RENEWABLE_ELEC,ENTC: 95% of electricity is generated by renewables in final time period,Set a target for renewable electricity. Includes minimum targets for specific renewable energy technologies. ,"Implement a target production share from renewables (renewable technologies are specified in input file). Additinoally, can implement minimum shares from specific technology.",12,0.0,0.1380813953488372,0.2761627906976744,0.5523255813953488,2052
Energy,ENTC,TFR:ENTC:TARGET_RENEWABLE_ELEC,ENTC: 95% of electricity is generated by renewables in final time period,Set a target for renewable electricity. Includes minimum targets for specific renewable energy technologies. ,"Implement a target production share from renewables (renewable technologies are specified in input file). Additinoally, can implement minimum shares from specific technology.",12,0.0,0.14360465116279067,0.28720930232558134,0.5744186046511627,2053
Energy,ENTC,TFR:ENTC:TARGET_RENEWABLE_ELEC,ENTC: 95% of electricity is generated by renewables in final time period,Set a target for renewable electricity. Includes minimum targets for specific renewable energy technologies. ,"Implement a target production share from renewables (renewable technologies are specified in input file). Additinoally, can implement minimum shares from specific technology.",12,0.0,0.1491279069767442,0.2982558139534884,0.5965116279069768,2054
Energy,ENTC,TFR:ENTC:TARGET_RENEWABLE_ELEC,ENTC: 95% of electricity is generated by renewables in final time period,Set a target for renewable electricity. Includes minimum targets for specific renewable energy technologies. ,"Implement a target production share from renewables (renewable technologies are specified in input file). Additinoally, can implement minimum shares from specific technology.",12,0.0,0.15465116279069768,0.30930232558139537,0.6186046511627907,2055
Energy,ENTC,TFR:ENTC:TARGET_RENEWABLE_ELEC,ENTC: 95% of electricity is generated by renewables in final time period,Set a target for renewable electricity. Includes minimum targets for specific renewable energy technologies. ,"Implement a target production share from renewables (renewable technologies are specified in input file). Additinoally, can implement minimum shares from specific technology.",12,0.0,0.16017441860465115,0.3203488372093023,0.6406976744186046,2056
Energy,ENTC,TFR:ENTC:TARGET_RENEWABLE_ELEC,ENTC: 95% of electricity is generated by renewables in final time period,Set a target for renewable electricity. Includes minimum targets for specific renewable energy technologies. ,"Implement a target production share from renewables (renewable technologies are specified in input file). Additinoally, can implement minimum shares from specific technology.",12,0.0,0.16569767441860464,0.3313953488372093,0.6627906976744186,2057
Energy,ENTC,TFR:ENTC:TARGET_RENEWABLE_ELEC,ENTC: 95% of electricity is generated by renewables in final time period,Set a target for renewable electricity. Includes minimum targets for specific renewable energy technologies. ,"Implement a target production share from renewables (renewable technologies are specified in input file). Additinoally, can implement minimum shares from specific technology.",12,0.0,0.17122093023255813,0.34244186046511627,0.6848837209302325,2058
Energy,ENTC,TFR:ENTC:TARGET_RENEWABLE_ELEC,ENTC: 95% of electricity is generated by renewables in final time period,Set a target for renewable electricity. Includes minimum targets for specific renewable energy technologies. ,"Implement a target production share from renewables (renewable technologies are specified in input file). Additinoally, can implement minimum shares from specific technology.",12,0.0,0.17674418604651163,0.35348837209302325,0.7069767441860465,2059
Energy,ENTC,TFR:ENTC:TARGET_RENEWABLE_ELEC,ENTC: 95% of electricity is generated by renewables in final time period,Set a target for renewable electricity. Includes minimum targets for specific renewable energy technologies. ,"Implement a target production share from renewables (renewable technologies are specified in input file). Additinoally, can implement minimum shares from specific technology.",12,0.0,0.18226744186046512,0.36453488372093024,0.7290697674418605,2060
Energy,ENTC,TFR:ENTC:TARGET_RENEWABLE_ELEC,ENTC: 95% of electricity is generated by renewables in final time period,Set a target for renewable electricity. Includes minimum targets for specific renewable energy technologies. ,"Implement a target production share from renewables (renewable technologies are specified in input file). Additinoally, can implement minimum shares from specific technology.",12,0.0,0.18779069767441858,0.37558139534883717,0.7511627906976743,2061
Energy,ENTC,TFR:ENTC:TARGET_RENEWABLE_ELEC,ENTC: 95% of electricity is generated by renewables in final time period,Set a target for renewable electricity. Includes minimum targets for specific renewable energy technologies. ,"Implement a target production share from renewables (renewable technologies are specified in input file). Additinoally, can implement minimum shares from specific technology.",12,0.0,0.19331395348837208,0.38662790697674415,0.7732558139534883,2062
Energy,ENTC,TFR:ENTC:TARGET_RENEWABLE_ELEC,ENTC: 95% of electricity is generated by renewables in final time period,Set a target for renewable electricity. Includes minimum targets for specific renewable energy technologies. ,"Implement a target production share from renewables (renewable technologies are specified in input file). Additinoally, can implement minimum shares from specific technology.",12,0.0,0.1988372093023256,0.3976744186046512,0.7953488372093024,2063
Energy,ENTC,TFR:ENTC:TARGET_RENEWABLE_ELEC,ENTC: 95% of electricity is generated by renewables in final time period,Set a target for renewable electricity. Includes minimum targets for specific renewable energy technologies. ,"Implement a target production share from renewables (renewable technologies are specified in input file). Additinoally, can implement minimum shares from specific technology.",12,0.0,0.20436046511627906,0.4087209302325581,0.8174418604651162,2064
Energy,ENTC,TFR:ENTC:TARGET_RENEWABLE_ELEC,ENTC: 95% of electricity is generated by renewables in final time period,Set a target for renewable electricity. Includes minimum targets for specific renewable energy technologies. ,"Implement a target production share from renewables (renewable technologies are specified in input file). Additinoally, can implement minimum shares from specific technology.",12,0.0,0.20988372093023255,0.4197674418604651,0.8395348837209302,2065
Energy,ENTC,TFR:ENTC:TARGET_RENEWABLE_ELEC,ENTC: 95% of electricity is generated by renewables in final time period,Set a target for renewable electricity. Includes minimum targets for specific renewable energy technologies. ,"Implement a target production share from renewables (renewable technologies are specified in input file). Additinoally, can implement minimum shares from specific technology.",12,0.0,0.21540697674418602,0.43081395348837204,0.8616279069767441,2066
Energy,ENTC,TFR:ENTC:TARGET_RENEWABLE_ELEC,ENTC: 95% of electricity is generated by renewables in final time period,Set a target for renewable electricity. Includes minimum targets for specific renewable energy technologies. ,"Implement a target production share from renewables (renewable technologies are specified in input file). Additinoally, can implement minimum shares from specific technology.",12,0.0,0.2209302325581395,0.441860465116279,0.883720930232558,2067
Energy,ENTC,TFR:ENTC:TARGET_RENEWABLE_ELEC,ENTC: 95% of electricity is generated by renewables in final time period,Set a target for renewable electricity. Includes minimum targets for specific renewable energy technologies. ,"Implement a target production share from renewables (renewable technologies are specified in input file). Additinoally, can implement minimum shares from specific technology.",12,0.0,0.22645348837209303,0.45290697674418606,0.9058139534883721,2068
Energy,ENTC,TFR:ENTC:TARGET_RENEWABLE_ELEC,ENTC: 95% of electricity is generated by renewables in final time period,Set a target for renewable electricity. Includes minimum targets for specific renewable energy technologies. ,"Implement a target production share from renewables (renewable technologies are specified in input file). Additinoally, can implement minimum shares from specific technology.",12,0.0,0.2319767441860465,0.463953488372093,0.927906976744186,2069
Energy,ENTC,TFR:ENTC:TARGET_RENEWABLE_ELEC,ENTC: 95% of electricity is generated by renewables in final time period,Set a target for renewable electricity. Includes minimum targets for specific renewable energy technologies. ,"Implement a target production share from renewables (renewable technologies are specified in input file). Additinoally, can implement minimum shares from specific technology.",12,0.0,0.2375,0.475,0.95,2070
Energy,FGTV,TFR:FGTV:DEC_LEAKS,FGTV: Minimize leaks,Missing,"Fractional reduction in CO2, CH4, and N2O leaks from fugitive emissions.",12,0.0,0.0,0.0,0.0,2015
Energy,FGTV,TFR:FGTV:DEC_LEAKS,FGTV: Minimize leaks,Missing,"Fractional reduction in CO2, CH4, and N2O leaks from fugitive emissions.",12,0.0,0.0,0.0,0.0,2016
Energy,FGTV,TFR:FGTV:DEC_LEAKS,FGTV: Minimize leaks,Missing,"Fractional reduction in CO2, CH4, and N2O leaks from fugitive emissions.",12,0.0,0.0,0.0,0.0,2017
Energy,FGTV,TFR:FGTV:DEC_LEAKS,FGTV: Minimize leaks,Missing,"Fractional reduction in CO2, CH4, and N2O leaks from fugitive emissions.",12,0.0,0.0,0.0,0.0,2018
Energy,FGTV,TFR:FGTV:DEC_LEAKS,FGTV: Minimize leaks,Missing,"Fractional reduction in CO2, CH4, and N2O leaks from fugitive emissions.",12,0.0,0.0,0.0,0.0,2019
Energy,FGTV,TFR:FGTV:DEC_LEAKS,FGTV: Minimize leaks,Missing,"Fractional reduction in CO2, CH4, and N2O leaks from fugitive emissions.",12,0.0,0.0,0.0,0.0,2020
Energy,FGTV,TFR:FGTV:DEC_LEAKS,FGTV: Minimize leaks,Missing,"Fractional reduction in CO2, CH4, and N2O leaks from fugitive emissions.",12,0.0,0.0,0.0,0.0,2021
Energy,FGTV,TFR:FGTV:DEC_LEAKS,FGTV: Minimize leaks,Missing,"Fractional reduction in CO2, CH4, and N2O leaks from fugitive emissions.",12,0.0,0.0,0.0,0.0,2022
Energy,FGTV,TFR:FGTV:DEC_LEAKS,FGTV: Minimize leaks,Missing,"Fractional reduction in CO2, CH4, and N2O leaks from fugitive emissions.",12,0.0,0.0,0.0,0.0,2023
Energy,FGTV,TFR:FGTV:DEC_LEAKS,FGTV: Minimize leaks,Missing,"Fractional reduction in CO2, CH4, and N2O leaks from fugitive emissions.",12,0.0,0.0,0.0,0.0,2024
Energy,FGTV,TFR:FGTV:DEC_LEAKS,FGTV: Minimize leaks,Missing,"Fractional reduction in CO2, CH4, and N2O leaks from fugitive emissions.",12,0.0,0.0,0.0,0.0,2025
Energy,FGTV,TFR:FGTV:DEC_LEAKS,FGTV: Minimize leaks,Missing,"Fractional reduction in CO2, CH4, and N2O leaks from fugitive emissions.",12,0.0,0.0,0.0,0.0,2026
Energy,FGTV,TFR:FGTV:DEC_LEAKS,FGTV: Minimize leaks,Missing,"Fractional reduction in CO2, CH4, and N2O leaks from fugitive emissions.",12,0.0,0.0,0.0,0.0,2027
Energy,FGTV,TFR:FGTV:DEC_LEAKS,FGTV: Minimize leaks,Missing,"Fractional reduction in CO2, CH4, and N2O leaks from fugitive emissions.",12,0.0,0.004651162790697674,0.009302325581395349,0.018604651162790697,2028
Energy,FGTV,TFR:FGTV:DEC_LEAKS,FGTV: Minimize leaks,Missing,"Fractional reduction in CO2, CH4, and N2O leaks from fugitive emissions.",12,0.0,0.009302325581395349,0.018604651162790697,0.037209302325581395,2029
Energy,FGTV,TFR:FGTV:DEC_LEAKS,FGTV: Minimize leaks,Missing,"Fractional reduction in CO2, CH4, and N2O leaks from fugitive emissions.",12,0.0,0.013953488372093023,0.027906976744186046,0.05581395348837209,2030
Energy,FGTV,TFR:FGTV:DEC_LEAKS,FGTV: Minimize leaks,Missing,"Fractional reduction in CO2, CH4, and N2O leaks from fugitive emissions.",12,0.0,0.018604651162790697,0.037209302325581395,0.07441860465116279,2031
Energy,FGTV,TFR:FGTV:DEC_LEAKS,FGTV: Minimize leaks,Missing,"Fractional reduction in CO2, CH4, and N2O leaks from fugitive emissions.",12,0.0,0.023255813953488372,0.046511627906976744,0.09302325581395349,2032
Energy,FGTV,TFR:FGTV:DEC_LEAKS,FGTV: Minimize leaks,Missing,"Fractional reduction in CO2, CH4, and N2O leaks from fugitive emissions.",12,0.0,0.027906976744186046,0.05581395348837209,0.11162790697674418,2033
Energy,FGTV,TFR:FGTV:DEC_LEAKS,FGTV: Minimize leaks,Missing,"Fractional reduction in CO2, CH4, and N2O leaks from fugitive emissions.",12,0.0,0.03255813953488373,0.06511627906976745,0.1302325581395349,2034
Energy,FGTV,TFR:FGTV:DEC_LEAKS,FGTV: Minimize leaks,Missing,"Fractional reduction in CO2, CH4, and N2O leaks from fugitive emissions.",12,0.0,0.037209302325581395,0.07441860465116279,0.14883720930232558,2035
Energy,FGTV,TFR:FGTV:DEC_LEAKS,FGTV: Minimize leaks,Missing,"Fractional reduction in CO2, CH4, and N2O leaks from fugitive emissions.",12,0.0,0.041860465116279076,0.08372093023255815,0.1674418604651163,2036
Energy,FGTV,TFR:FGTV:DEC_LEAKS,FGTV: Minimize leaks,Missing,"Fractional reduction in CO2, CH4, and N2O leaks from fugitive emissions.",12,0.0,0.046511627906976744,0.09302325581395349,0.18604651162790697,2037
Energy,FGTV,TFR:FGTV:DEC_LEAKS,FGTV: Minimize leaks,Missing,"Fractional reduction in CO2, CH4, and N2O leaks from fugitive emissions.",12,0.0,0.051162790697674425,0.10232558139534885,0.2046511627906977,2038
Energy,FGTV,TFR:FGTV:DEC_LEAKS,FGTV: Minimize leaks,Missing,"Fractional reduction in CO2, CH4, and N2O leaks from fugitive emissions.",12,0.0,0.05581395348837209,0.11162790697674418,0.22325581395348837,2039
Energy,FGTV,TFR:FGTV:DEC_LEAKS,FGTV: Minimize leaks,Missing,"Fractional reduction in CO2, CH4, and N2O leaks from fugitive emissions.",12,0.0,0.06046511627906977,0.12093023255813953,0.24186046511627907,2040
Energy,FGTV,TFR:FGTV:DEC_LEAKS,FGTV: Minimize leaks,Missing,"Fractional reduction in CO2, CH4, and N2O leaks from fugitive emissions.",12,0.0,0.06511627906976745,0.1302325581395349,0.2604651162790698,2041
Energy,FGTV,TFR:FGTV:DEC_LEAKS,FGTV: Minimize leaks,Missing,"Fractional reduction in CO2, CH4, and N2O leaks from fugitive emissions.",12,0.0,0.06976744186046512,0.13953488372093023,0.27906976744186046,2042
Energy,FGTV,TFR:FGTV:DEC_LEAKS,FGTV: Minimize leaks,Missing,"Fractional reduction in CO2, CH4, and N2O leaks from fugitive emissions.",12,0.0,0.07441860465116279,0.14883720930232558,0.29767441860465116,2043
Energy,FGTV,TFR:FGTV:DEC_LEAKS,FGTV: Minimize leaks,Missing,"Fractional reduction in CO2, CH4, and N2O leaks from fugitive emissions.",12,0.0,0.07906976744186046,0.15813953488372093,0.31627906976744186,2044
Energy,FGTV,TFR:FGTV:DEC_LEAKS,FGTV: Minimize leaks,Missing,"Fractional reduction in CO2, CH4, and N2O leaks from fugitive emissions.",12,0.0,0.08372093023255815,0.1674418604651163,0.3348837209302326,2045
Energy,FGTV,TFR:FGTV:DEC_LEAKS,FGTV: Minimize leaks,Missing,"Fractional reduction in CO2, CH4, and N2O leaks from fugitive emissions.",12,0.0,0.08837209302325583,0.17674418604651165,0.3534883720930233,2046
Energy,FGTV,TFR:FGTV:DEC_LEAKS,FGTV: Minimize leaks,Missing,"Fractional reduction in CO2, CH4, and N2O leaks from fugitive emissions.",12,0.0,0.09302325581395349,0.18604651162790697,0.37209302325581395,2047
Energy,FGTV,TFR:FGTV:DEC_LEAKS,FGTV: Minimize leaks,Missing,"Fractional reduction in CO2, CH4, and N2O leaks from fugitive emissions.",12,0.0,0.09767441860465116,0.19534883720930232,0.39069767441860465,2048
Energy,FGTV,TFR:FGTV:DEC_LEAKS,FGTV: Minimize leaks,Missing,"Fractional reduction in CO2, CH4, and N2O leaks from fugitive emissions.",12,0.0,0.10232558139534885,0.2046511627906977,0.4093023255813954,2049
Energy,FGTV,TFR:FGTV:DEC_LEAKS,FGTV: Minimize leaks,Missing,"Fractional reduction in CO2, CH4, and N2O leaks from fugitive emissions.",12,0.0,0.10697674418604651,0.21395348837209302,0.42790697674418604,2050
Energy,FGTV,TFR:FGTV:DEC_LEAKS,FGTV: Minimize leaks,Missing,"Fractional reduction in CO2, CH4, and N2O leaks from fugitive emissions.",12,0.0,0.11162790697674418,0.22325581395348837,0.44651162790697674,2051
Energy,FGTV,TFR:FGTV:DEC_LEAKS,FGTV: Minimize leaks,Missing,"Fractional reduction in CO2, CH4, and N2O leaks from fugitive emissions.",12,0.0,0.11627906976744187,0.23255813953488375,0.4651162790697675,2052
Energy,FGTV,TFR:FGTV:DEC_LEAKS,FGTV: Minimize leaks,Missing,"Fractional reduction in CO2, CH4, and N2O leaks from fugitive emissions.",12,0.0,0.12093023255813953,0.24186046511627907,0.48372093023255813,2053
Energy,FGTV,TFR:FGTV:DEC_LEAKS,FGTV: Minimize leaks,Missing,"Fractional reduction in CO2, CH4, and N2O leaks from fugitive emissions.",12,0.0,0.12558139534883722,0.25116279069767444,0.5023255813953489,2054
Energy,FGTV,TFR:FGTV:DEC_LEAKS,FGTV: Minimize leaks,Missing,"Fractional reduction in CO2, CH4, and N2O leaks from fugitive emissions.",12,0.0,0.1302325581395349,0.2604651162790698,0.5209302325581396,2055
Energy,FGTV,TFR:FGTV:DEC_LEAKS,FGTV: Minimize leaks,Missing,"Fractional reduction in CO2, CH4, and N2O leaks from fugitive emissions.",12,0.0,0.13488372093023257,0.26976744186046514,0.5395348837209303,2056
Energy,FGTV,TFR:FGTV:DEC_LEAKS,FGTV: Minimize leaks,Missing,"Fractional reduction in CO2, CH4, and N2O leaks from fugitive emissions.",12,0.0,0.13953488372093023,0.27906976744186046,0.5581395348837209,2057
Energy,FGTV,TFR:FGTV:DEC_LEAKS,FGTV: Minimize leaks,Missing,"Fractional reduction in CO2, CH4, and N2O leaks from fugitive emissions.",12,0.0,0.1441860465116279,0.2883720930232558,0.5767441860465116,2058
Energy,FGTV,TFR:FGTV:DEC_LEAKS,FGTV: Minimize leaks,Missing,"Fractional reduction in CO2, CH4, and N2O leaks from fugitive emissions.",12,0.0,0.14883720930232558,0.29767441860465116,0.5953488372093023,2059
Energy,FGTV,TFR:FGTV:DEC_LEAKS,FGTV: Minimize leaks,Missing,"Fractional reduction in CO2, CH4, and N2O leaks from fugitive emissions.",12,0.0,0.15348837209302327,0.30697674418604654,0.6139534883720931,2060
Energy,FGTV,TFR:FGTV:DEC_LEAKS,FGTV: Minimize leaks,Missing,"Fractional reduction in CO2, CH4, and N2O leaks from fugitive emissions.",12,0.0,0.15813953488372093,0.31627906976744186,0.6325581395348837,2061
Energy,FGTV,TFR:FGTV:DEC_LEAKS,FGTV: Minimize leaks,Missing,"Fractional reduction in CO2, CH4, and N2O leaks from fugitive emissions.",12,0.0,0.16279069767441862,0.32558139534883723,0.6511627906976745,2062
Energy,FGTV,TFR:FGTV:DEC_LEAKS,FGTV: Minimize leaks,Missing,"Fractional reduction in CO2, CH4, and N2O leaks from fugitive emissions.",12,0.0,0.1674418604651163,0.3348837209302326,0.6697674418604652,2063
Energy,FGTV,TFR:FGTV:DEC_LEAKS,FGTV: Minimize leaks,Missing,"Fractional reduction in CO2, CH4, and N2O leaks from fugitive emissions.",12,0.0,0.17209302325581396,0.34418604651162793,0.6883720930232559,2064
Energy,FGTV,TFR:FGTV:DEC_LEAKS,FGTV: Minimize leaks,Missing,"Fractional reduction in CO2, CH4, and N2O leaks from fugitive emissions.",12,0.0,0.17674418604651165,0.3534883720930233,0.7069767441860466,2065
Energy,FGTV,TFR:FGTV:DEC_LEAKS,FGTV: Minimize leaks,Missing,"Fractional reduction in CO2, CH4, and N2O leaks from fugitive emissions.",12,0.0,0.1813953488372093,0.3627906976744186,0.7255813953488373,2066
Energy,FGTV,TFR:FGTV:DEC_LEAKS,FGTV: Minimize leaks,Missing,"Fractional reduction in CO2, CH4, and N2O leaks from fugitive emissions.",12,0.0,0.18604651162790697,0.37209302325581395,0.7441860465116279,2067
Energy,FGTV,TFR:FGTV:DEC_LEAKS,FGTV: Minimize leaks,Missing,"Fractional reduction in CO2, CH4, and N2O leaks from fugitive emissions.",12,0.0,0.19069767441860466,0.3813953488372093,0.7627906976744186,2068
Energy,FGTV,TFR:FGTV:DEC_LEAKS,FGTV: Minimize leaks,Missing,"Fractional reduction in CO2, CH4, and N2O leaks from fugitive emissions.",12,0.0,0.19534883720930232,0.39069767441860465,0.7813953488372093,2069
Energy,FGTV,TFR:FGTV:DEC_LEAKS,FGTV: Minimize leaks,Missing,"Fractional reduction in CO2, CH4, and N2O leaks from fugitive emissions.",12,0.0,0.2,0.4,0.8,2070
Energy,FGTV,TFR:FGTV:INC_FLARE,FGTV: Maximize flaring,Missing,Fraction of otherwise vented gas that is flared instead.,12,0.0,0.0,0.0,0.0,2015
Energy,FGTV,TFR:FGTV:INC_FLARE,FGTV: Maximize flaring,Missing,Fraction of otherwise vented gas that is flared instead.,12,0.0,0.0,0.0,0.0,2016
Energy,FGTV,TFR:FGTV:INC_FLARE,FGTV: Maximize flaring,Missing,Fraction of otherwise vented gas that is flared instead.,12,0.0,0.0,0.0,0.0,2017
Energy,FGTV,TFR:FGTV:INC_FLARE,FGTV: Maximize flaring,Missing,Fraction of otherwise vented gas that is flared instead.,12,0.0,0.0,0.0,0.0,2018
Energy,FGTV,TFR:FGTV:INC_FLARE,FGTV: Maximize flaring,Missing,Fraction of otherwise vented gas that is flared instead.,12,0.0,0.0,0.0,0.0,2019
Energy,FGTV,TFR:FGTV:INC_FLARE,FGTV: Maximize flaring,Missing,Fraction of otherwise vented gas that is flared instead.,12,0.0,0.0,0.0,0.0,2020
Energy,FGTV,TFR:FGTV:INC_FLARE,FGTV: Maximize flaring,Missing,Fraction of otherwise vented gas that is flared instead.,12,0.0,0.0,0.0,0.0,2021
Energy,FGTV,TFR:FGTV:INC_FLARE,FGTV: Maximize flaring,Missing,Fraction of otherwise vented gas that is flared instead.,12,0.0,0.0,0.0,0.0,2022
Energy,FGTV,TFR:FGTV:INC_FLARE,FGTV: Maximize flaring,Missing,Fraction of otherwise vented gas that is flared instead.,12,0.0,0.0,0.0,0.0,2023
Energy,FGTV,TFR:FGTV:INC_FLARE,FGTV: Maximize flaring,Missing,Fraction of otherwise vented gas that is flared instead.,12,0.0,0.0,0.0,0.0,2024
Energy,FGTV,TFR:FGTV:INC_FLARE,FGTV: Maximize flaring,Missing,Fraction of otherwise vented gas that is flared instead.,12,0.0,0.0,0.0,0.0,2025
Energy,FGTV,TFR:FGTV:INC_FLARE,FGTV: Maximize flaring,Missing,Fraction of otherwise vented gas that is flared instead.,12,0.0,0.0,0.0,0.0,2026
Energy,FGTV,TFR:FGTV:INC_FLARE,FGTV: Maximize flaring,Missing,Fraction of otherwise vented gas that is flared instead.,12,0.0,0.0,0.0,0.0,2027
Energy,FGTV,TFR:FGTV:INC_FLARE,FGTV: Maximize flaring,Missing,Fraction of otherwise vented gas that is flared instead.,12,0.0,0.004651162790697674,0.009302325581395349,0.018604651162790697,2028
Energy,FGTV,TFR:FGTV:INC_FLARE,FGTV: Maximize flaring,Missing,Fraction of otherwise vented gas that is flared instead.,12,0.0,0.009302325581395349,0.018604651162790697,0.037209302325581395,2029
Energy,FGTV,TFR:FGTV:INC_FLARE,FGTV: Maximize flaring,Missing,Fraction of otherwise vented gas that is flared instead.,12,0.0,0.013953488372093023,0.027906976744186046,0.05581395348837209,2030
Energy,FGTV,TFR:FGTV:INC_FLARE,FGTV: Maximize flaring,Missing,Fraction of otherwise vented gas that is flared instead.,12,0.0,0.018604651162790697,0.037209302325581395,0.07441860465116279,2031
Energy,FGTV,TFR:FGTV:INC_FLARE,FGTV: Maximize flaring,Missing,Fraction of otherwise vented gas that is flared instead.,12,0.0,0.023255813953488372,0.046511627906976744,0.09302325581395349,2032
Energy,FGTV,TFR:FGTV:INC_FLARE,FGTV: Maximize flaring,Missing,Fraction of otherwise vented gas that is flared instead.,12,0.0,0.027906976744186046,0.05581395348837209,0.11162790697674418,2033
Energy,FGTV,TFR:FGTV:INC_FLARE,FGTV: Maximize flaring,Missing,Fraction of otherwise vented gas that is flared instead.,12,0.0,0.03255813953488373,0.06511627906976745,0.1302325581395349,2034
Energy,FGTV,TFR:FGTV:INC_FLARE,FGTV: Maximize flaring,Missing,Fraction of otherwise vented gas that is flared instead.,12,0.0,0.037209302325581395,0.07441860465116279,0.14883720930232558,2035
Energy,FGTV,TFR:FGTV:INC_FLARE,FGTV: Maximize flaring,Missing,Fraction of otherwise vented gas that is flared instead.,12,0.0,0.041860465116279076,0.08372093023255815,0.1674418604651163,2036
Energy,FGTV,TFR:FGTV:INC_FLARE,FGTV: Maximize flaring,Missing,Fraction of otherwise vented gas that is flared instead.,12,0.0,0.046511627906976744,0.09302325581395349,0.18604651162790697,2037
Energy,FGTV,TFR:FGTV:INC_FLARE,FGTV: Maximize flaring,Missing,Fraction of otherwise vented gas that is flared instead.,12,0.0,0.051162790697674425,0.10232558139534885,0.2046511627906977,2038
Energy,FGTV,TFR:FGTV:INC_FLARE,FGTV: Maximize flaring,Missing,Fraction of otherwise vented gas that is flared instead.,12,0.0,0.05581395348837209,0.11162790697674418,0.22325581395348837,2039
Energy,FGTV,TFR:FGTV:INC_FLARE,FGTV: Maximize flaring,Missing,Fraction of otherwise vented gas that is flared instead.,12,0.0,0.06046511627906977,0.12093023255813953,0.24186046511627907,2040
Energy,FGTV,TFR:FGTV:INC_FLARE,FGTV: Maximize flaring,Missing,Fraction of otherwise vented gas that is flared instead.,12,0.0,0.06511627906976745,0.1302325581395349,0.2604651162790698,2041
Energy,FGTV,TFR:FGTV:INC_FLARE,FGTV: Maximize flaring,Missing,Fraction of otherwise vented gas that is flared instead.,12,0.0,0.06976744186046512,0.13953488372093023,0.27906976744186046,2042
Energy,FGTV,TFR:FGTV:INC_FLARE,FGTV: Maximize flaring,Missing,Fraction of otherwise vented gas that is flared instead.,12,0.0,0.07441860465116279,0.14883720930232558,0.29767441860465116,2043
Energy,FGTV,TFR:FGTV:INC_FLARE,FGTV: Maximize flaring,Missing,Fraction of otherwise vented gas that is flared instead.,12,0.0,0.07906976744186046,0.15813953488372093,0.31627906976744186,2044
Energy,FGTV,TFR:FGTV:INC_FLARE,FGTV: Maximize flaring,Missing,Fraction of otherwise vented gas that is flared instead.,12,0.0,0.08372093023255815,0.1674418604651163,0.3348837209302326,2045
Energy,FGTV,TFR:FGTV:INC_FLARE,FGTV: Maximize flaring,Missing,Fraction of otherwise vented gas that is flared instead.,12,0.0,0.08837209302325583,0.17674418604651165,0.3534883720930233,2046
Energy,FGTV,TFR:FGTV:INC_FLARE,FGTV: Maximize flaring,Missing,Fraction of otherwise vented gas that is flared instead.,12,0.0,0.09302325581395349,0.18604651162790697,0.37209302325581395,2047
Energy,FGTV,TFR:FGTV:INC_FLARE,FGTV: Maximize flaring,Missing,Fraction of otherwise vented gas that is flared instead.,12,0.0,0.09767441860465116,0.19534883720930232,0.39069767441860465,2048
Energy,FGTV,TFR:FGTV:INC_FLARE,FGTV: Maximize flaring,Missing,Fraction of otherwise vented gas that is flared instead.,12,0.0,0.10232558139534885,0.2046511627906977,0.4093023255813954,2049
Energy,FGTV,TFR:FGTV:INC_FLARE,FGTV: Maximize flaring,Missing,Fraction of otherwise vented gas that is flared instead.,12,0.0,0.10697674418604651,0.21395348837209302,0.42790697674418604,2050
Energy,FGTV,TFR:FGTV:INC_FLARE,FGTV: Maximize flaring,Missing,Fraction of otherwise vented gas that is flared instead.,12,0.0,0.11162790697674418,0.22325581395348837,0.44651162790697674,2051
Energy,FGTV,TFR:FGTV:INC_FLARE,FGTV: Maximize flaring,Missing,Fraction of otherwise vented gas that is flared instead.,12,0.0,0.11627906976744187,0.23255813953488375,0.4651162790697675,2052
Energy,FGTV,TFR:FGTV:INC_FLARE,FGTV: Maximize flaring,Missing,Fraction of otherwise vented gas that is flared instead.,12,0.0,0.12093023255813953,0.24186046511627907,0.48372093023255813,2053
Energy,FGTV,TFR:FGTV:INC_FLARE,FGTV: Maximize flaring,Missing,Fraction of otherwise vented gas that is flared instead.,12,0.0,0.12558139534883722,0.25116279069767444,0.5023255813953489,2054
Energy,FGTV,TFR:FGTV:INC_FLARE,FGTV: Maximize flaring,Missing,Fraction of otherwise vented gas that is flared instead.,12,0.0,0.1302325581395349,0.2604651162790698,0.5209302325581396,2055
Energy,FGTV,TFR:FGTV:INC_FLARE,FGTV: Maximize flaring,Missing,Fraction of otherwise vented gas that is flared instead.,12,0.0,0.13488372093023257,0.26976744186046514,0.5395348837209303,2056
Energy,FGTV,TFR:FGTV:INC_FLARE,FGTV: Maximize flaring,Missing,Fraction of otherwise vented gas that is flared instead.,12,0.0,0.13953488372093023,0.27906976744186046,0.5581395348837209,2057
Energy,FGTV,TFR:FGTV:INC_FLARE,FGTV: Maximize flaring,Missing,Fraction of otherwise vented gas that is flared instead.,12,0.0,0.1441860465116279,0.2883720930232558,0.5767441860465116,2058
Energy,FGTV,TFR:FGTV:INC_FLARE,FGTV: Maximize flaring,Missing,Fraction of otherwise vented gas that is flared instead.,12,0.0,0.14883720930232558,0.29767441860465116,0.5953488372093023,2059
Energy,FGTV,TFR:FGTV:INC_FLARE,FGTV: Maximize flaring,Missing,Fraction of otherwise vented gas that is flared instead.,12,0.0,0.15348837209302327,0.30697674418604654,0.6139534883720931,2060
Energy,FGTV,TFR:FGTV:INC_FLARE,FGTV: Maximize flaring,Missing,Fraction of otherwise vented gas that is flared instead.,12,0.0,0.15813953488372093,0.31627906976744186,0.6325581395348837,2061
Energy,FGTV,TFR:FGTV:INC_FLARE,FGTV: Maximize flaring,Missing,Fraction of otherwise vented gas that is flared instead.,12,0.0,0.16279069767441862,0.32558139534883723,0.6511627906976745,2062
Energy,FGTV,TFR:FGTV:INC_FLARE,FGTV: Maximize flaring,Missing,Fraction of otherwise vented gas that is flared instead.,12,0.0,0.1674418604651163,0.3348837209302326,0.6697674418604652,2063
Energy,FGTV,TFR:FGTV:INC_FLARE,FGTV: Maximize flaring,Missing,Fraction of otherwise vented gas that is flared instead.,12,0.0,0.17209302325581396,0.34418604651162793,0.6883720930232559,2064
Energy,FGTV,TFR:FGTV:INC_FLARE,FGTV: Maximize flaring,Missing,Fraction of otherwise vented gas that is flared instead.,12,0.0,0.17674418604651165,0.3534883720930233,0.7069767441860466,2065
Energy,FGTV,TFR:FGTV:INC_FLARE,FGTV: Maximize flaring,Missing,Fraction of otherwise vented gas that is flared instead.,12,0.0,0.1813953488372093,0.3627906976744186,0.7255813953488373,2066
Energy,FGTV,TFR:FGTV:INC_FLARE,FGTV: Maximize flaring,Missing,Fraction of otherwise vented gas that is flared instead.,12,0.0,0.18604651162790697,0.37209302325581395,0.7441860465116279,2067
Energy,FGTV,TFR:FGTV:INC_FLARE,FGTV: Maximize flaring,Missing,Fraction of otherwise vented gas that is flared instead.,12,0.0,0.19069767441860466,0.3813953488372093,0.7627906976744186,2068
Energy,FGTV,TFR:FGTV:INC_FLARE,FGTV: Maximize flaring,Missing,Fraction of otherwise vented gas that is flared instead.,12,0.0,0.19534883720930232,0.39069767441860465,0.7813953488372093,2069
Energy,FGTV,TFR:FGTV:INC_FLARE,FGTV: Maximize flaring,Missing,Fraction of otherwise vented gas that is flared instead.,12,0.0,0.2,0.4,0.8,2070
Energy,INEN,TFR:INEN:INC_EFFICIENCY_ENERGY,INEN: Maximize industrial energy efficiency,Missing,Fractional improvement in average industrial technology efficiency.,12,0.0,0.0,0.0,0.0,2015
Energy,INEN,TFR:INEN:INC_EFFICIENCY_ENERGY,INEN: Maximize industrial energy efficiency,Missing,Fractional improvement in average industrial technology efficiency.,12,0.0,0.0,0.0,0.0,2016
Energy,INEN,TFR:INEN:INC_EFFICIENCY_ENERGY,INEN: Maximize industrial energy efficiency,Missing,Fractional improvement in average industrial technology efficiency.,12,0.0,0.0,0.0,0.0,2017
Energy,INEN,TFR:INEN:INC_EFFICIENCY_ENERGY,INEN: Maximize industrial energy efficiency,Missing,Fractional improvement in average industrial technology efficiency.,12,0.0,0.0,0.0,0.0,2018
Energy,INEN,TFR:INEN:INC_EFFICIENCY_ENERGY,INEN: Maximize industrial energy efficiency,Missing,Fractional improvement in average industrial technology efficiency.,12,0.0,0.0,0.0,0.0,2019
Energy,INEN,TFR:INEN:INC_EFFICIENCY_ENERGY,INEN: Maximize industrial energy efficiency,Missing,Fractional improvement in average industrial technology efficiency.,12,0.0,0.0,0.0,0.0,2020
Energy,INEN,TFR:INEN:INC_EFFICIENCY_ENERGY,INEN: Maximize industrial energy efficiency,Missing,Fractional improvement in average industrial technology efficiency.,12,0.0,0.0,0.0,0.0,2021
Energy,INEN,TFR:INEN:INC_EFFICIENCY_ENERGY,INEN: Maximize industrial energy efficiency,Missing,Fractional improvement in average industrial technology efficiency.,12,0.0,0.0,0.0,0.0,2022
Energy,INEN,TFR:INEN:INC_EFFICIENCY_ENERGY,INEN: Maximize industrial energy efficiency,Missing,Fractional improvement in average industrial technology efficiency.,12,0.0,0.0,0.0,0.0,2023
Energy,INEN,TFR:INEN:INC_EFFICIENCY_ENERGY,INEN: Maximize industrial energy efficiency,Missing,Fractional improvement in average industrial technology efficiency.,12,0.0,0.0,0.0,0.0,2024
Energy,INEN,TFR:INEN:INC_EFFICIENCY_ENERGY,INEN: Maximize industrial energy efficiency,Missing,Fractional improvement in average industrial technology efficiency.,12,0.0,0.0,0.0,0.0,2025
Energy,INEN,TFR:INEN:INC_EFFICIENCY_ENERGY,INEN: Maximize industrial energy efficiency,Missing,Fractional improvement in average industrial technology efficiency.,12,0.0,0.0,0.0,0.0,2026
Energy,INEN,TFR:INEN:INC_EFFICIENCY_ENERGY,INEN: Maximize industrial energy efficiency,Missing,Fractional improvement in average industrial technology efficiency.,12,0.0,0.0,0.0,0.0,2027
Energy,INEN,TFR:INEN:INC_EFFICIENCY_ENERGY,INEN: Maximize industrial energy efficiency,Missing,Fractional improvement in average industrial technology efficiency.,12,0.0,0.0017441860465116279,0.0034883720930232558,0.0069767441860465115,2028
Energy,INEN,TFR:INEN:INC_EFFICIENCY_ENERGY,INEN: Maximize industrial energy efficiency,Missing,Fractional improvement in average industrial technology efficiency.,12,0.0,0.0034883720930232558,0.0069767441860465115,0.013953488372093023,2029
Energy,INEN,TFR:INEN:INC_EFFICIENCY_ENERGY,INEN: Maximize industrial energy efficiency,Missing,Fractional improvement in average industrial technology efficiency.,12,0.0,0.005232558139534884,0.010465116279069767,0.020930232558139535,2030
Energy,INEN,TFR:INEN:INC_EFFICIENCY_ENERGY,INEN: Maximize industrial energy efficiency,Missing,Fractional improvement in average industrial technology efficiency.,12,0.0,0.0069767441860465115,0.013953488372093023,0.027906976744186046,2031
Energy,INEN,TFR:INEN:INC_EFFICIENCY_ENERGY,INEN: Maximize industrial energy efficiency,Missing,Fractional improvement in average industrial technology efficiency.,12,0.0,0.00872093023255814,0.01744186046511628,0.03488372093023256,2032
Energy,INEN,TFR:INEN:INC_EFFICIENCY_ENERGY,INEN: Maximize industrial energy efficiency,Missing,Fractional improvement in average industrial technology efficiency.,12,0.0,0.010465116279069767,0.020930232558139535,0.04186046511627907,2033
Energy,INEN,TFR:INEN:INC_EFFICIENCY_ENERGY,INEN: Maximize industrial energy efficiency,Missing,Fractional improvement in average industrial technology efficiency.,12,0.0,0.012209302325581395,0.02441860465116279,0.04883720930232558,2034
Energy,INEN,TFR:INEN:INC_EFFICIENCY_ENERGY,INEN: Maximize industrial energy efficiency,Missing,Fractional improvement in average industrial technology efficiency.,12,0.0,0.013953488372093023,0.027906976744186046,0.05581395348837209,2035
Energy,INEN,TFR:INEN:INC_EFFICIENCY_ENERGY,INEN: Maximize industrial energy efficiency,Missing,Fractional improvement in average industrial technology efficiency.,12,0.0,0.015697674418604653,0.031395348837209305,0.06279069767441861,2036
Energy,INEN,TFR:INEN:INC_EFFICIENCY_ENERGY,INEN: Maximize industrial energy efficiency,Missing,Fractional improvement in average industrial technology efficiency.,12,0.0,0.01744186046511628,0.03488372093023256,0.06976744186046512,2037
Energy,INEN,TFR:INEN:INC_EFFICIENCY_ENERGY,INEN: Maximize industrial energy efficiency,Missing,Fractional improvement in average industrial technology efficiency.,12,0.0,0.01918604651162791,0.03837209302325582,0.07674418604651163,2038
Energy,INEN,TFR:INEN:INC_EFFICIENCY_ENERGY,INEN: Maximize industrial energy efficiency,Missing,Fractional improvement in average industrial technology efficiency.,12,0.0,0.020930232558139535,0.04186046511627907,0.08372093023255814,2039
Energy,INEN,TFR:INEN:INC_EFFICIENCY_ENERGY,INEN: Maximize industrial energy efficiency,Missing,Fractional improvement in average industrial technology efficiency.,12,0.0,0.02267441860465116,0.04534883720930232,0.09069767441860464,2040
Energy,INEN,TFR:INEN:INC_EFFICIENCY_ENERGY,INEN: Maximize industrial energy efficiency,Missing,Fractional improvement in average industrial technology efficiency.,12,0.0,0.02441860465116279,0.04883720930232558,0.09767441860465116,2041
Energy,INEN,TFR:INEN:INC_EFFICIENCY_ENERGY,INEN: Maximize industrial energy efficiency,Missing,Fractional improvement in average industrial technology efficiency.,12,0.0,0.02616279069767442,0.05232558139534884,0.10465116279069768,2042
Energy,INEN,TFR:INEN:INC_EFFICIENCY_ENERGY,INEN: Maximize industrial energy efficiency,Missing,Fractional improvement in average industrial technology efficiency.,12,0.0,0.027906976744186046,0.05581395348837209,0.11162790697674418,2043
Energy,INEN,TFR:INEN:INC_EFFICIENCY_ENERGY,INEN: Maximize industrial energy efficiency,Missing,Fractional improvement in average industrial technology efficiency.,12,0.0,0.029651162790697672,0.059302325581395345,0.11860465116279069,2044
Energy,INEN,TFR:INEN:INC_EFFICIENCY_ENERGY,INEN: Maximize industrial energy efficiency,Missing,Fractional improvement in average industrial technology efficiency.,12,0.0,0.031395348837209305,0.06279069767441861,0.12558139534883722,2045
Energy,INEN,TFR:INEN:INC_EFFICIENCY_ENERGY,INEN: Maximize industrial energy efficiency,Missing,Fractional improvement in average industrial technology efficiency.,12,0.0,0.03313953488372093,0.06627906976744186,0.1325581395348837,2046
Energy,INEN,TFR:INEN:INC_EFFICIENCY_ENERGY,INEN: Maximize industrial energy efficiency,Missing,Fractional improvement in average industrial technology efficiency.,12,0.0,0.03488372093023256,0.06976744186046512,0.13953488372093023,2047
Energy,INEN,TFR:INEN:INC_EFFICIENCY_ENERGY,INEN: Maximize industrial energy efficiency,Missing,Fractional improvement in average industrial technology efficiency.,12,0.0,0.03662790697674418,0.07325581395348836,0.14651162790697672,2048
Energy,INEN,TFR:INEN:INC_EFFICIENCY_ENERGY,INEN: Maximize industrial energy efficiency,Missing,Fractional improvement in average industrial technology efficiency.,12,0.0,0.03837209302325582,0.07674418604651163,0.15348837209302327,2049
Energy,INEN,TFR:INEN:INC_EFFICIENCY_ENERGY,INEN: Maximize industrial energy efficiency,Missing,Fractional improvement in average industrial technology efficiency.,12,0.0,0.04011627906976744,0.08023255813953488,0.16046511627906976,2050
Energy,INEN,TFR:INEN:INC_EFFICIENCY_ENERGY,INEN: Maximize industrial energy efficiency,Missing,Fractional improvement in average industrial technology efficiency.,12,0.0,0.04186046511627907,0.08372093023255814,0.16744186046511628,2051
Energy,INEN,TFR:INEN:INC_EFFICIENCY_ENERGY,INEN: Maximize industrial energy efficiency,Missing,Fractional improvement in average industrial technology efficiency.,12,0.0,0.0436046511627907,0.0872093023255814,0.1744186046511628,2052
Energy,INEN,TFR:INEN:INC_EFFICIENCY_ENERGY,INEN: Maximize industrial energy efficiency,Missing,Fractional improvement in average industrial technology efficiency.,12,0.0,0.04534883720930232,0.09069767441860464,0.18139534883720929,2053
Energy,INEN,TFR:INEN:INC_EFFICIENCY_ENERGY,INEN: Maximize industrial energy efficiency,Missing,Fractional improvement in average industrial technology efficiency.,12,0.0,0.04709302325581395,0.0941860465116279,0.1883720930232558,2054
Energy,INEN,TFR:INEN:INC_EFFICIENCY_ENERGY,INEN: Maximize industrial energy efficiency,Missing,Fractional improvement in average industrial technology efficiency.,12,0.0,0.04883720930232558,0.09767441860465116,0.19534883720930232,2055
Energy,INEN,TFR:INEN:INC_EFFICIENCY_ENERGY,INEN: Maximize industrial energy efficiency,Missing,Fractional improvement in average industrial technology efficiency.,12,0.0,0.0505813953488372,0.1011627906976744,0.2023255813953488,2056
Energy,INEN,TFR:INEN:INC_EFFICIENCY_ENERGY,INEN: Maximize industrial energy efficiency,Missing,Fractional improvement in average industrial technology efficiency.,12,0.0,0.05232558139534884,0.10465116279069768,0.20930232558139536,2057
Energy,INEN,TFR:INEN:INC_EFFICIENCY_ENERGY,INEN: Maximize industrial energy efficiency,Missing,Fractional improvement in average industrial technology efficiency.,12,0.0,0.05406976744186046,0.10813953488372093,0.21627906976744185,2058
Energy,INEN,TFR:INEN:INC_EFFICIENCY_ENERGY,INEN: Maximize industrial energy efficiency,Missing,Fractional improvement in average industrial technology efficiency.,12,0.0,0.05581395348837209,0.11162790697674418,0.22325581395348837,2059
Energy,INEN,TFR:INEN:INC_EFFICIENCY_ENERGY,INEN: Maximize industrial energy efficiency,Missing,Fractional improvement in average industrial technology efficiency.,12,0.0,0.05755813953488372,0.11511627906976744,0.2302325581395349,2060
Energy,INEN,TFR:INEN:INC_EFFICIENCY_ENERGY,INEN: Maximize industrial energy efficiency,Missing,Fractional improvement in average industrial technology efficiency.,12,0.0,0.059302325581395345,0.11860465116279069,0.23720930232558138,2061
Energy,INEN,TFR:INEN:INC_EFFICIENCY_ENERGY,INEN: Maximize industrial energy efficiency,Missing,Fractional improvement in average industrial technology efficiency.,12,0.0,0.061046511627906974,0.12209302325581395,0.2441860465116279,2062
Energy,INEN,TFR:INEN:INC_EFFICIENCY_ENERGY,INEN: Maximize industrial energy efficiency,Missing,Fractional improvement in average industrial technology efficiency.,12,0.0,0.06279069767441861,0.12558139534883722,0.25116279069767444,2063
Energy,INEN,TFR:INEN:INC_EFFICIENCY_ENERGY,INEN: Maximize industrial energy efficiency,Missing,Fractional improvement in average industrial technology efficiency.,12,0.0,0.06453488372093023,0.12906976744186047,0.25813953488372093,2064
Energy,INEN,TFR:INEN:INC_EFFICIENCY_ENERGY,INEN: Maximize industrial energy efficiency,Missing,Fractional improvement in average industrial technology efficiency.,12,0.0,0.06627906976744186,0.1325581395348837,0.2651162790697674,2065
Energy,INEN,TFR:INEN:INC_EFFICIENCY_ENERGY,INEN: Maximize industrial energy efficiency,Missing,Fractional improvement in average industrial technology efficiency.,12,0.0,0.06802325581395348,0.13604651162790696,0.2720930232558139,2066
Energy,INEN,TFR:INEN:INC_EFFICIENCY_ENERGY,INEN: Maximize industrial energy efficiency,Missing,Fractional improvement in average industrial technology efficiency.,12,0.0,0.06976744186046512,0.13953488372093023,0.27906976744186046,2067
Energy,INEN,TFR:INEN:INC_EFFICIENCY_ENERGY,INEN: Maximize industrial energy efficiency,Missing,Fractional improvement in average industrial technology efficiency.,12,0.0,0.07151162790697674,0.14302325581395348,0.28604651162790695,2068
Energy,INEN,TFR:INEN:INC_EFFICIENCY_ENERGY,INEN: Maximize industrial energy efficiency,Missing,Fractional improvement in average industrial technology efficiency.,12,0.0,0.07325581395348836,0.14651162790697672,0.29302325581395344,2069
Energy,INEN,TFR:INEN:INC_EFFICIENCY_ENERGY,INEN: Maximize industrial energy efficiency,Missing,Fractional improvement in average industrial technology efficiency.,12,0.0,0.075,0.15,0.3,2070
Energy,INEN,TFR:INEN:INC_EFFICIENCY_PRODUCTION,INEN: Maximize industrial production efficiency,Missing,"Fractional improvement in production (e.g., kj/tonne) efficiency. ",12,0.0,0.0,0.0,0.0,2015
Energy,INEN,TFR:INEN:INC_EFFICIENCY_PRODUCTION,INEN: Maximize industrial production efficiency,Missing,"Fractional improvement in production (e.g., kj/tonne) efficiency. ",12,0.0,0.0,0.0,0.0,2016
Energy,INEN,TFR:INEN:INC_EFFICIENCY_PRODUCTION,INEN: Maximize industrial production efficiency,Missing,"Fractional improvement in production (e.g., kj/tonne) efficiency. ",12,0.0,0.0,0.0,0.0,2017
Energy,INEN,TFR:INEN:INC_EFFICIENCY_PRODUCTION,INEN: Maximize industrial production efficiency,Missing,"Fractional improvement in production (e.g., kj/tonne) efficiency. ",12,0.0,0.0,0.0,0.0,2018
Energy,INEN,TFR:INEN:INC_EFFICIENCY_PRODUCTION,INEN: Maximize industrial production efficiency,Missing,"Fractional improvement in production (e.g., kj/tonne) efficiency. ",12,0.0,0.0,0.0,0.0,2019
Energy,INEN,TFR:INEN:INC_EFFICIENCY_PRODUCTION,INEN: Maximize industrial production efficiency,Missing,"Fractional improvement in production (e.g., kj/tonne) efficiency. ",12,0.0,0.0,0.0,0.0,2020
Energy,INEN,TFR:INEN:INC_EFFICIENCY_PRODUCTION,INEN: Maximize industrial production efficiency,Missing,"Fractional improvement in production (e.g., kj/tonne) efficiency. ",12,0.0,0.0,0.0,0.0,2021
Energy,INEN,TFR:INEN:INC_EFFICIENCY_PRODUCTION,INEN: Maximize industrial production efficiency,Missing,"Fractional improvement in production (e.g., kj/tonne) efficiency. ",12,0.0,0.0,0.0,0.0,2022
Energy,INEN,TFR:INEN:INC_EFFICIENCY_PRODUCTION,INEN: Maximize industrial production efficiency,Missing,"Fractional improvement in production (e.g., kj/tonne) efficiency. ",12,0.0,0.0,0.0,0.0,2023
Energy,INEN,TFR:INEN:INC_EFFICIENCY_PRODUCTION,INEN: Maximize industrial production efficiency,Missing,"Fractional improvement in production (e.g., kj/tonne) efficiency. ",12,0.0,0.0,0.0,0.0,2024
Energy,INEN,TFR:INEN:INC_EFFICIENCY_PRODUCTION,INEN: Maximize industrial production efficiency,Missing,"Fractional improvement in production (e.g., kj/tonne) efficiency. ",12,0.0,0.0,0.0,0.0,2025
Energy,INEN,TFR:INEN:INC_EFFICIENCY_PRODUCTION,INEN: Maximize industrial production efficiency,Missing,"Fractional improvement in production (e.g., kj/tonne) efficiency. ",12,0.0,0.0,0.0,0.0,2026
Energy,INEN,TFR:INEN:INC_EFFICIENCY_PRODUCTION,INEN: Maximize industrial production efficiency,Missing,"Fractional improvement in production (e.g., kj/tonne) efficiency. ",12,0.0,0.0,0.0,0.0,2027
Energy,INEN,TFR:INEN:INC_EFFICIENCY_PRODUCTION,INEN: Maximize industrial production efficiency,Missing,"Fractional improvement in production (e.g., kj/tonne) efficiency. ",12,0.0,0.002325581395348837,0.004651162790697674,0.009302325581395349,2028
Energy,INEN,TFR:INEN:INC_EFFICIENCY_PRODUCTION,INEN: Maximize industrial production efficiency,Missing,"Fractional improvement in production (e.g., kj/tonne) efficiency. ",12,0.0,0.004651162790697674,0.009302325581395349,0.018604651162790697,2029
Energy,INEN,TFR:INEN:INC_EFFICIENCY_PRODUCTION,INEN: Maximize industrial production efficiency,Missing,"Fractional improvement in production (e.g., kj/tonne) efficiency. ",12,0.0,0.0069767441860465115,0.013953488372093023,0.027906976744186046,2030
Energy,INEN,TFR:INEN:INC_EFFICIENCY_PRODUCTION,INEN: Maximize industrial production efficiency,Missing,"Fractional improvement in production (e.g., kj/tonne) efficiency. ",12,0.0,0.009302325581395349,0.018604651162790697,0.037209302325581395,2031
Energy,INEN,TFR:INEN:INC_EFFICIENCY_PRODUCTION,INEN: Maximize industrial production efficiency,Missing,"Fractional improvement in production (e.g., kj/tonne) efficiency. ",12,0.0,0.011627906976744186,0.023255813953488372,0.046511627906976744,2032
Energy,INEN,TFR:INEN:INC_EFFICIENCY_PRODUCTION,INEN: Maximize industrial production efficiency,Missing,"Fractional improvement in production (e.g., kj/tonne) efficiency. ",12,0.0,0.013953488372093023,0.027906976744186046,0.05581395348837209,2033
Energy,INEN,TFR:INEN:INC_EFFICIENCY_PRODUCTION,INEN: Maximize industrial production efficiency,Missing,"Fractional improvement in production (e.g., kj/tonne) efficiency. ",12,0.0,0.016279069767441864,0.03255813953488373,0.06511627906976745,2034
Energy,INEN,TFR:INEN:INC_EFFICIENCY_PRODUCTION,INEN: Maximize industrial production efficiency,Missing,"Fractional improvement in production (e.g., kj/tonne) efficiency. ",12,0.0,0.018604651162790697,0.037209302325581395,0.07441860465116279,2035
Energy,INEN,TFR:INEN:INC_EFFICIENCY_PRODUCTION,INEN: Maximize industrial production efficiency,Missing,"Fractional improvement in production (e.g., kj/tonne) efficiency. ",12,0.0,0.020930232558139538,0.041860465116279076,0.08372093023255815,2036
Energy,INEN,TFR:INEN:INC_EFFICIENCY_PRODUCTION,INEN: Maximize industrial production efficiency,Missing,"Fractional improvement in production (e.g., kj/tonne) efficiency. ",12,0.0,0.023255813953488372,0.046511627906976744,0.09302325581395349,2037
Energy,INEN,TFR:INEN:INC_EFFICIENCY_PRODUCTION,INEN: Maximize industrial production efficiency,Missing,"Fractional improvement in production (e.g., kj/tonne) efficiency. ",12,0.0,0.025581395348837212,0.051162790697674425,0.10232558139534885,2038
Energy,INEN,TFR:INEN:INC_EFFICIENCY_PRODUCTION,INEN: Maximize industrial production efficiency,Missing,"Fractional improvement in production (e.g., kj/tonne) efficiency. ",12,0.0,0.027906976744186046,0.05581395348837209,0.11162790697674418,2039
Energy,INEN,TFR:INEN:INC_EFFICIENCY_PRODUCTION,INEN: Maximize industrial production efficiency,Missing,"Fractional improvement in production (e.g., kj/tonne) efficiency. ",12,0.0,0.030232558139534883,0.06046511627906977,0.12093023255813953,2040
Energy,INEN,TFR:INEN:INC_EFFICIENCY_PRODUCTION,INEN: Maximize industrial production efficiency,Missing,"Fractional improvement in production (e.g., kj/tonne) efficiency. ",12,0.0,0.03255813953488373,0.06511627906976745,0.1302325581395349,2041
Energy,INEN,TFR:INEN:INC_EFFICIENCY_PRODUCTION,INEN: Maximize industrial production efficiency,Missing,"Fractional improvement in production (e.g., kj/tonne) efficiency. ",12,0.0,0.03488372093023256,0.06976744186046512,0.13953488372093023,2042
Energy,INEN,TFR:INEN:INC_EFFICIENCY_PRODUCTION,INEN: Maximize industrial production efficiency,Missing,"Fractional improvement in production (e.g., kj/tonne) efficiency. ",12,0.0,0.037209302325581395,0.07441860465116279,0.14883720930232558,2043
Energy,INEN,TFR:INEN:INC_EFFICIENCY_PRODUCTION,INEN: Maximize industrial production efficiency,Missing,"Fractional improvement in production (e.g., kj/tonne) efficiency. ",12,0.0,0.03953488372093023,0.07906976744186046,0.15813953488372093,2044
Energy,INEN,TFR:INEN:INC_EFFICIENCY_PRODUCTION,INEN: Maximize industrial production efficiency,Missing,"Fractional improvement in production (e.g., kj/tonne) efficiency. ",12,0.0,0.041860465116279076,0.08372093023255815,0.1674418604651163,2045
Energy,INEN,TFR:INEN:INC_EFFICIENCY_PRODUCTION,INEN: Maximize industrial production efficiency,Missing,"Fractional improvement in production (e.g., kj/tonne) efficiency. ",12,0.0,0.04418604651162791,0.08837209302325583,0.17674418604651165,2046
Energy,INEN,TFR:INEN:INC_EFFICIENCY_PRODUCTION,INEN: Maximize industrial production efficiency,Missing,"Fractional improvement in production (e.g., kj/tonne) efficiency. ",12,0.0,0.046511627906976744,0.09302325581395349,0.18604651162790697,2047
Energy,INEN,TFR:INEN:INC_EFFICIENCY_PRODUCTION,INEN: Maximize industrial production efficiency,Missing,"Fractional improvement in production (e.g., kj/tonne) efficiency. ",12,0.0,0.04883720930232558,0.09767441860465116,0.19534883720930232,2048
Energy,INEN,TFR:INEN:INC_EFFICIENCY_PRODUCTION,INEN: Maximize industrial production efficiency,Missing,"Fractional improvement in production (e.g., kj/tonne) efficiency. ",12,0.0,0.051162790697674425,0.10232558139534885,0.2046511627906977,2049
Energy,INEN,TFR:INEN:INC_EFFICIENCY_PRODUCTION,INEN: Maximize industrial production efficiency,Missing,"Fractional improvement in production (e.g., kj/tonne) efficiency. ",12,0.0,0.053488372093023255,0.10697674418604651,0.21395348837209302,2050
Energy,INEN,TFR:INEN:INC_EFFICIENCY_PRODUCTION,INEN: Maximize industrial production efficiency,Missing,"Fractional improvement in production (e.g., kj/tonne) efficiency. ",12,0.0,0.05581395348837209,0.11162790697674418,0.22325581395348837,2051
Energy,INEN,TFR:INEN:INC_EFFICIENCY_PRODUCTION,INEN: Maximize industrial production efficiency,Missing,"Fractional improvement in production (e.g., kj/tonne) efficiency. ",12,0.0,0.058139534883720936,0.11627906976744187,0.23255813953488375,2052
Energy,INEN,TFR:INEN:INC_EFFICIENCY_PRODUCTION,INEN: Maximize industrial production efficiency,Missing,"Fractional improvement in production (e.g., kj/tonne) efficiency. ",12,0.0,0.06046511627906977,0.12093023255813953,0.24186046511627907,2053
Energy,INEN,TFR:INEN:INC_EFFICIENCY_PRODUCTION,INEN: Maximize industrial production efficiency,Missing,"Fractional improvement in production (e.g., kj/tonne) efficiency. ",12,0.0,0.06279069767441861,0.12558139534883722,0.25116279069767444,2054
Energy,INEN,TFR:INEN:INC_EFFICIENCY_PRODUCTION,INEN: Maximize industrial production efficiency,Missing,"Fractional improvement in production (e.g., kj/tonne) efficiency. ",12,0.0,0.06511627906976745,0.1302325581395349,0.2604651162790698,2055
Energy,INEN,TFR:INEN:INC_EFFICIENCY_PRODUCTION,INEN: Maximize industrial production efficiency,Missing,"Fractional improvement in production (e.g., kj/tonne) efficiency. ",12,0.0,0.06744186046511629,0.13488372093023257,0.26976744186046514,2056
Energy,INEN,TFR:INEN:INC_EFFICIENCY_PRODUCTION,INEN: Maximize industrial production efficiency,Missing,"Fractional improvement in production (e.g., kj/tonne) efficiency. ",12,0.0,0.06976744186046512,0.13953488372093023,0.27906976744186046,2057
Energy,INEN,TFR:INEN:INC_EFFICIENCY_PRODUCTION,INEN: Maximize industrial production efficiency,Missing,"Fractional improvement in production (e.g., kj/tonne) efficiency. ",12,0.0,0.07209302325581395,0.1441860465116279,0.2883720930232558,2058
Energy,INEN,TFR:INEN:INC_EFFICIENCY_PRODUCTION,INEN: Maximize industrial production efficiency,Missing,"Fractional improvement in production (e.g., kj/tonne) efficiency. ",12,0.0,0.07441860465116279,0.14883720930232558,0.29767441860465116,2059
Energy,INEN,TFR:INEN:INC_EFFICIENCY_PRODUCTION,INEN: Maximize industrial production efficiency,Missing,"Fractional improvement in production (e.g., kj/tonne) efficiency. ",12,0.0,0.07674418604651163,0.15348837209302327,0.30697674418604654,2060
Energy,INEN,TFR:INEN:INC_EFFICIENCY_PRODUCTION,INEN: Maximize industrial production efficiency,Missing,"Fractional improvement in production (e.g., kj/tonne) efficiency. ",12,0.0,0.07906976744186046,0.15813953488372093,0.31627906976744186,2061
Energy,INEN,TFR:INEN:INC_EFFICIENCY_PRODUCTION,INEN: Maximize industrial production efficiency,Missing,"Fractional improvement in production (e.g., kj/tonne) efficiency. ",12,0.0,0.08139534883720931,0.16279069767441862,0.32558139534883723,2062
Energy,INEN,TFR:INEN:INC_EFFICIENCY_PRODUCTION,INEN: Maximize industrial production efficiency,Missing,"Fractional improvement in production (e.g., kj/tonne) efficiency. ",12,0.0,0.08372093023255815,0.1674418604651163,0.3348837209302326,2063
Energy,INEN,TFR:INEN:INC_EFFICIENCY_PRODUCTION,INEN: Maximize industrial production efficiency,Missing,"Fractional improvement in production (e.g., kj/tonne) efficiency. ",12,0.0,0.08604651162790698,0.17209302325581396,0.34418604651162793,2064
Energy,INEN,TFR:INEN:INC_EFFICIENCY_PRODUCTION,INEN: Maximize industrial production efficiency,Missing,"Fractional improvement in production (e.g., kj/tonne) efficiency. ",12,0.0,0.08837209302325583,0.17674418604651165,0.3534883720930233,2065
Energy,INEN,TFR:INEN:INC_EFFICIENCY_PRODUCTION,INEN: Maximize industrial production efficiency,Missing,"Fractional improvement in production (e.g., kj/tonne) efficiency. ",12,0.0,0.09069767441860466,0.1813953488372093,0.3627906976744186,2066
Energy,INEN,TFR:INEN:INC_EFFICIENCY_PRODUCTION,INEN: Maximize industrial production efficiency,Missing,"Fractional improvement in production (e.g., kj/tonne) efficiency. ",12,0.0,0.09302325581395349,0.18604651162790697,0.37209302325581395,2067
Energy,INEN,TFR:INEN:INC_EFFICIENCY_PRODUCTION,INEN: Maximize industrial production efficiency,Missing,"Fractional improvement in production (e.g., kj/tonne) efficiency. ",12,0.0,0.09534883720930233,0.19069767441860466,0.3813953488372093,2068
Energy,INEN,TFR:INEN:INC_EFFICIENCY_PRODUCTION,INEN: Maximize industrial production efficiency,Missing,"Fractional improvement in production (e.g., kj/tonne) efficiency. ",12,0.0,0.09767441860465116,0.19534883720930232,0.39069767441860465,2069
Energy,INEN,TFR:INEN:INC_EFFICIENCY_PRODUCTION,INEN: Maximize industrial production efficiency,Missing,"Fractional improvement in production (e.g., kj/tonne) efficiency. ",12,0.0,0.1,0.2,0.4,2070
Energy,INEN,TFR:INEN:SHIFT_FUEL_HEAT,INEN: Fuel switch high- and low-temp thermal processes,Transformations for both (and/or) low and high-heat should be implemented using this transformer. ,This transformation can be specified to shift 90% of both low (to electricity) and high (depending on industry) heat (to electricity and hydrogen).,12,0.0,0.0,0.0,0.0,2015
Energy,INEN,TFR:INEN:SHIFT_FUEL_HEAT,INEN: Fuel switch high- and low-temp thermal processes,Transformations for both (and/or) low and high-heat should be implemented using this transformer. ,This transformation can be specified to shift 90% of both low (to electricity) and high (depending on industry) heat (to electricity and hydrogen).,12,0.0,0.0,0.0,0.0,2016
Energy,INEN,TFR:INEN:SHIFT_FUEL_HEAT,INEN: Fuel switch high- and low-temp thermal processes,Transformations for both (and/or) low and high-heat should be implemented using this transformer. ,This transformation can be specified to shift 90% of both low (to electricity) and high (depending on industry) heat (to electricity and hydrogen).,12,0.0,0.0,0.0,0.0,2017
Energy,INEN,TFR:INEN:SHIFT_FUEL_HEAT,INEN: Fuel switch high- and low-temp thermal processes,Transformations for both (and/or) low and high-heat should be implemented using this transformer. ,This transformation can be specified to shift 90% of both low (to electricity) and high (depending on industry) heat (to electricity and hydrogen).,12,0.0,0.0,0.0,0.0,2018
Energy,INEN,TFR:INEN:SHIFT_FUEL_HEAT,INEN: Fuel switch high- and low-temp thermal processes,Transformations for both (and/or) low and high-heat should be implemented using this transformer. ,This transformation can be specified to shift 90% of both low (to electricity) and high (depending on industry) heat (to electricity and hydrogen).,12,0.0,0.0,0.0,0.0,2019
Energy,INEN,TFR:INEN:SHIFT_FUEL_HEAT,INEN: Fuel switch high- and low-temp thermal processes,Transformations for both (and/or) low and high-heat should be implemented using this transformer. ,This transformation can be specified to shift 90% of both low (to electricity) and high (depending on industry) heat (to electricity and hydrogen).,12,0.0,0.0,0.0,0.0,2020
Energy,INEN,TFR:INEN:SHIFT_FUEL_HEAT,INEN: Fuel switch high- and low-temp thermal processes,Transformations for both (and/or) low and high-heat should be implemented using this transformer. ,This transformation can be specified to shift 90% of both low (to electricity) and high (depending on industry) heat (to electricity and hydrogen).,12,0.0,0.0,0.0,0.0,2021
Energy,INEN,TFR:INEN:SHIFT_FUEL_HEAT,INEN: Fuel switch high- and low-temp thermal processes,Transformations for both (and/or) low and high-heat should be implemented using this transformer. ,This transformation can be specified to shift 90% of both low (to electricity) and high (depending on industry) heat (to electricity and hydrogen).,12,0.0,0.0,0.0,0.0,2022
Energy,INEN,TFR:INEN:SHIFT_FUEL_HEAT,INEN: Fuel switch high- and low-temp thermal processes,Transformations for both (and/or) low and high-heat should be implemented using this transformer. ,This transformation can be specified to shift 90% of both low (to electricity) and high (depending on industry) heat (to electricity and hydrogen).,12,0.0,0.0,0.0,0.0,2023
Energy,INEN,TFR:INEN:SHIFT_FUEL_HEAT,INEN: Fuel switch high- and low-temp thermal processes,Transformations for both (and/or) low and high-heat should be implemented using this transformer. ,This transformation can be specified to shift 90% of both low (to electricity) and high (depending on industry) heat (to electricity and hydrogen).,12,0.0,0.0,0.0,0.0,2024
Energy,INEN,TFR:INEN:SHIFT_FUEL_HEAT,INEN: Fuel switch high- and low-temp thermal processes,Transformations for both (and/or) low and high-heat should be implemented using this transformer. ,This transformation can be specified to shift 90% of both low (to electricity) and high (depending on industry) heat (to electricity and hydrogen).,12,0.0,0.0,0.0,0.0,2025
Energy,INEN,TFR:INEN:SHIFT_FUEL_HEAT,INEN: Fuel switch high- and low-temp thermal processes,Transformations for both (and/or) low and high-heat should be implemented using this transformer. ,This transformation can be specified to shift 90% of both low (to electricity) and high (depending on industry) heat (to electricity and hydrogen).,12,0.0,0.0,0.0,0.0,2026
Energy,INEN,TFR:INEN:SHIFT_FUEL_HEAT,INEN: Fuel switch high- and low-temp thermal processes,Transformations for both (and/or) low and high-heat should be implemented using this transformer. ,This transformation can be specified to shift 90% of both low (to electricity) and high (depending on industry) heat (to electricity and hydrogen).,12,0.0,0.0,0.0,0.0,2027
Energy,INEN,TFR:INEN:SHIFT_FUEL_HEAT,INEN: Fuel switch high- and low-temp thermal processes,Transformations for both (and/or) low and high-heat should be implemented using this transformer. ,This transformation can be specified to shift 90% of both low (to electricity) and high (depending on industry) heat (to electricity and hydrogen).,12,0.0,0.0,0.0,0.020930232558139535,2028
Energy,INEN,TFR:INEN:SHIFT_FUEL_HEAT,INEN: Fuel switch high- and low-temp thermal processes,Transformations for both (and/or) low and high-heat should be implemented using this transformer. ,This transformation can be specified to shift 90% of both low (to electricity) and high (depending on industry) heat (to electricity and hydrogen).,12,0.0,0.0,0.0,0.04186046511627907,2029
Energy,INEN,TFR:INEN:SHIFT_FUEL_HEAT,INEN: Fuel switch high- and low-temp thermal processes,Transformations for both (and/or) low and high-heat should be implemented using this transformer. ,This transformation can be specified to shift 90% of both low (to electricity) and high (depending on industry) heat (to electricity and hydrogen).,12,0.0,0.0,0.0,0.06279069767441861,2030
Energy,INEN,TFR:INEN:SHIFT_FUEL_HEAT,INEN: Fuel switch high- and low-temp thermal processes,Transformations for both (and/or) low and high-heat should be implemented using this transformer. ,This transformation can be specified to shift 90% of both low (to electricity) and high (depending on industry) heat (to electricity and hydrogen).,12,0.0,0.0,0.0,0.08372093023255814,2031
Energy,INEN,TFR:INEN:SHIFT_FUEL_HEAT,INEN: Fuel switch high- and low-temp thermal processes,Transformations for both (and/or) low and high-heat should be implemented using this transformer. ,This transformation can be specified to shift 90% of both low (to electricity) and high (depending on industry) heat (to electricity and hydrogen).,12,0.0,0.0,0.0,0.10465116279069768,2032
Energy,INEN,TFR:INEN:SHIFT_FUEL_HEAT,INEN: Fuel switch high- and low-temp thermal processes,Transformations for both (and/or) low and high-heat should be implemented using this transformer. ,This transformation can be specified to shift 90% of both low (to electricity) and high (depending on industry) heat (to electricity and hydrogen).,12,0.0,0.0,0.0,0.12558139534883722,2033
Energy,INEN,TFR:INEN:SHIFT_FUEL_HEAT,INEN: Fuel switch high- and low-temp thermal processes,Transformations for both (and/or) low and high-heat should be implemented using this transformer. ,This transformation can be specified to shift 90% of both low (to electricity) and high (depending on industry) heat (to electricity and hydrogen).,12,0.0,0.0,0.0,0.14651162790697675,2034
Energy,INEN,TFR:INEN:SHIFT_FUEL_HEAT,INEN: Fuel switch high- and low-temp thermal processes,Transformations for both (and/or) low and high-heat should be implemented using this transformer. ,This transformation can be specified to shift 90% of both low (to electricity) and high (depending on industry) heat (to electricity and hydrogen).,12,0.0,0.0,0.0,0.16744186046511628,2035
Energy,INEN,TFR:INEN:SHIFT_FUEL_HEAT,INEN: Fuel switch high- and low-temp thermal processes,Transformations for both (and/or) low and high-heat should be implemented using this transformer. ,This transformation can be specified to shift 90% of both low (to electricity) and high (depending on industry) heat (to electricity and hydrogen).,12,0.0,0.0,0.0,0.18837209302325583,2036
Energy,INEN,TFR:INEN:SHIFT_FUEL_HEAT,INEN: Fuel switch high- and low-temp thermal processes,Transformations for both (and/or) low and high-heat should be implemented using this transformer. ,This transformation can be specified to shift 90% of both low (to electricity) and high (depending on industry) heat (to electricity and hydrogen).,12,0.0,0.0,0.0,0.20930232558139536,2037
Energy,INEN,TFR:INEN:SHIFT_FUEL_HEAT,INEN: Fuel switch high- and low-temp thermal processes,Transformations for both (and/or) low and high-heat should be implemented using this transformer. ,This transformation can be specified to shift 90% of both low (to electricity) and high (depending on industry) heat (to electricity and hydrogen).,12,0.0,0.0,0.0,0.2302325581395349,2038
Energy,INEN,TFR:INEN:SHIFT_FUEL_HEAT,INEN: Fuel switch high- and low-temp thermal processes,Transformations for both (and/or) low and high-heat should be implemented using this transformer. ,This transformation can be specified to shift 90% of both low (to electricity) and high (depending on industry) heat (to electricity and hydrogen).,12,0.0,0.0,0.0,0.25116279069767444,2039
Energy,INEN,TFR:INEN:SHIFT_FUEL_HEAT,INEN: Fuel switch high- and low-temp thermal processes,Transformations for both (and/or) low and high-heat should be implemented using this transformer. ,This transformation can be specified to shift 90% of both low (to electricity) and high (depending on industry) heat (to electricity and hydrogen).,12,0.0,0.0,0.0,0.27209302325581397,2040
Energy,INEN,TFR:INEN:SHIFT_FUEL_HEAT,INEN: Fuel switch high- and low-temp thermal processes,Transformations for both (and/or) low and high-heat should be implemented using this transformer. ,This transformation can be specified to shift 90% of both low (to electricity) and high (depending on industry) heat (to electricity and hydrogen).,12,0.0,0.0,0.0,0.2930232558139535,2041
Energy,INEN,TFR:INEN:SHIFT_FUEL_HEAT,INEN: Fuel switch high- and low-temp thermal processes,Transformations for both (and/or) low and high-heat should be implemented using this transformer. ,This transformation can be specified to shift 90% of both low (to electricity) and high (depending on industry) heat (to electricity and hydrogen).,12,0.0,0.0,0.0,0.313953488372093,2042
Energy,INEN,TFR:INEN:SHIFT_FUEL_HEAT,INEN: Fuel switch high- and low-temp thermal processes,Transformations for both (and/or) low and high-heat should be implemented using this transformer. ,This transformation can be specified to shift 90% of both low (to electricity) and high (depending on industry) heat (to electricity and hydrogen).,12,0.0,0.0,0.0,0.33488372093023255,2043
Energy,INEN,TFR:INEN:SHIFT_FUEL_HEAT,INEN: Fuel switch high- and low-temp thermal processes,Transformations for both (and/or) low and high-heat should be implemented using this transformer. ,This transformation can be specified to shift 90% of both low (to electricity) and high (depending on industry) heat (to electricity and hydrogen).,12,0.0,0.0,0.0,0.3558139534883721,2044
Energy,INEN,TFR:INEN:SHIFT_FUEL_HEAT,INEN: Fuel switch high- and low-temp thermal processes,Transformations for both (and/or) low and high-heat should be implemented using this transformer. ,This transformation can be specified to shift 90% of both low (to electricity) and high (depending on industry) heat (to electricity and hydrogen).,12,0.0,0.0,0.0,0.37674418604651166,2045
Energy,INEN,TFR:INEN:SHIFT_FUEL_HEAT,INEN: Fuel switch high- and low-temp thermal processes,Transformations for both (and/or) low and high-heat should be implemented using this transformer. ,This transformation can be specified to shift 90% of both low (to electricity) and high (depending on industry) heat (to electricity and hydrogen).,12,0.0,0.0,0.0,0.3976744186046512,2046
Energy,INEN,TFR:INEN:SHIFT_FUEL_HEAT,INEN: Fuel switch high- and low-temp thermal processes,Transformations for both (and/or) low and high-heat should be implemented using this transformer. ,This transformation can be specified to shift 90% of both low (to electricity) and high (depending on industry) heat (to electricity and hydrogen).,12,0.0,0.0,0.0,0.4186046511627907,2047
Energy,INEN,TFR:INEN:SHIFT_FUEL_HEAT,INEN: Fuel switch high- and low-temp thermal processes,Transformations for both (and/or) low and high-heat should be implemented using this transformer. ,This transformation can be specified to shift 90% of both low (to electricity) and high (depending on industry) heat (to electricity and hydrogen).,12,0.0,0.0,0.0,0.43953488372093025,2048
Energy,INEN,TFR:INEN:SHIFT_FUEL_HEAT,INEN: Fuel switch high- and low-temp thermal processes,Transformations for both (and/or) low and high-heat should be implemented using this transformer. ,This transformation can be specified to shift 90% of both low (to electricity) and high (depending on industry) heat (to electricity and hydrogen).,12,0.0,0.0,0.0,0.4604651162790698,2049
Energy,INEN,TFR:INEN:SHIFT_FUEL_HEAT,INEN: Fuel switch high- and low-temp thermal processes,Transformations for both (and/or) low and high-heat should be implemented using this transformer. ,This transformation can be specified to shift 90% of both low (to electricity) and high (depending on industry) heat (to electricity and hydrogen).,12,0.0,0.0,0.0,0.48139534883720925,2050
Energy,INEN,TFR:INEN:SHIFT_FUEL_HEAT,INEN: Fuel switch high- and low-temp thermal processes,Transformations for both (and/or) low and high-heat should be implemented using this transformer. ,This transformation can be specified to shift 90% of both low (to electricity) and high (depending on industry) heat (to electricity and hydrogen).,12,0.0,0.0,0.0,0.5023255813953489,2051
Energy,INEN,TFR:INEN:SHIFT_FUEL_HEAT,INEN: Fuel switch high- and low-temp thermal processes,Transformations for both (and/or) low and high-heat should be implemented using this transformer. ,This transformation can be specified to shift 90% of both low (to electricity) and high (depending on industry) heat (to electricity and hydrogen).,12,0.0,0.0,0.0,0.5232558139534884,2052
Energy,INEN,TFR:INEN:SHIFT_FUEL_HEAT,INEN: Fuel switch high- and low-temp thermal processes,Transformations for both (and/or) low and high-heat should be implemented using this transformer. ,This transformation can be specified to shift 90% of both low (to electricity) and high (depending on industry) heat (to electricity and hydrogen).,12,0.0,0.0,0.0,0.5441860465116279,2053
Energy,INEN,TFR:INEN:SHIFT_FUEL_HEAT,INEN: Fuel switch high- and low-temp thermal processes,Transformations for both (and/or) low and high-heat should be implemented using this transformer. ,This transformation can be specified to shift 90% of both low (to electricity) and high (depending on industry) heat (to electricity and hydrogen).,12,0.0,0.0,0.0,0.5651162790697675,2054
Energy,INEN,TFR:INEN:SHIFT_FUEL_HEAT,INEN: Fuel switch high- and low-temp thermal processes,Transformations for both (and/or) low and high-heat should be implemented using this transformer. ,This transformation can be specified to shift 90% of both low (to electricity) and high (depending on industry) heat (to electricity and hydrogen).,12,0.0,0.0,0.0,0.586046511627907,2055
Energy,INEN,TFR:INEN:SHIFT_FUEL_HEAT,INEN: Fuel switch high- and low-temp thermal processes,Transformations for both (and/or) low and high-heat should be implemented using this transformer. ,This transformation can be specified to shift 90% of both low (to electricity) and high (depending on industry) heat (to electricity and hydrogen).,12,0.0,0.0,0.0,0.6069767441860465,2056
Energy,INEN,TFR:INEN:SHIFT_FUEL_HEAT,INEN: Fuel switch high- and low-temp thermal processes,Transformations for both (and/or) low and high-heat should be implemented using this transformer. ,This transformation can be specified to shift 90% of both low (to electricity) and high (depending on industry) heat (to electricity and hydrogen).,12,0.0,0.0,0.0,0.627906976744186,2057
Energy,INEN,TFR:INEN:SHIFT_FUEL_HEAT,INEN: Fuel switch high- and low-temp thermal processes,Transformations for both (and/or) low and high-heat should be implemented using this transformer. ,This transformation can be specified to shift 90% of both low (to electricity) and high (depending on industry) heat (to electricity and hydrogen).,12,0.0,0.0,0.0,0.6488372093023256,2058
Energy,INEN,TFR:INEN:SHIFT_FUEL_HEAT,INEN: Fuel switch high- and low-temp thermal processes,Transformations for both (and/or) low and high-heat should be implemented using this transformer. ,This transformation can be specified to shift 90% of both low (to electricity) and high (depending on industry) heat (to electricity and hydrogen).,12,0.0,0.0,0.0,0.6697674418604651,2059
Energy,INEN,TFR:INEN:SHIFT_FUEL_HEAT,INEN: Fuel switch high- and low-temp thermal processes,Transformations for both (and/or) low and high-heat should be implemented using this transformer. ,This transformation can be specified to shift 90% of both low (to electricity) and high (depending on industry) heat (to electricity and hydrogen).,12,0.0,0.0,0.0,0.6906976744186047,2060
Energy,INEN,TFR:INEN:SHIFT_FUEL_HEAT,INEN: Fuel switch high- and low-temp thermal processes,Transformations for both (and/or) low and high-heat should be implemented using this transformer. ,This transformation can be specified to shift 90% of both low (to electricity) and high (depending on industry) heat (to electricity and hydrogen).,12,0.0,0.0,0.0,0.7116279069767442,2061
Energy,INEN,TFR:INEN:SHIFT_FUEL_HEAT,INEN: Fuel switch high- and low-temp thermal processes,Transformations for both (and/or) low and high-heat should be implemented using this transformer. ,This transformation can be specified to shift 90% of both low (to electricity) and high (depending on industry) heat (to electricity and hydrogen).,12,0.0,0.0,0.0,0.7325581395348837,2062
Energy,INEN,TFR:INEN:SHIFT_FUEL_HEAT,INEN: Fuel switch high- and low-temp thermal processes,Transformations for both (and/or) low and high-heat should be implemented using this transformer. ,This transformation can be specified to shift 90% of both low (to electricity) and high (depending on industry) heat (to electricity and hydrogen).,12,0.0,0.0,0.0,0.7534883720930233,2063
Energy,INEN,TFR:INEN:SHIFT_FUEL_HEAT,INEN: Fuel switch high- and low-temp thermal processes,Transformations for both (and/or) low and high-heat should be implemented using this transformer. ,This transformation can be specified to shift 90% of both low (to electricity) and high (depending on industry) heat (to electricity and hydrogen).,12,0.0,0.0,0.0,0.7744186046511627,2064
Energy,INEN,TFR:INEN:SHIFT_FUEL_HEAT,INEN: Fuel switch high- and low-temp thermal processes,Transformations for both (and/or) low and high-heat should be implemented using this transformer. ,This transformation can be specified to shift 90% of both low (to electricity) and high (depending on industry) heat (to electricity and hydrogen).,12,0.0,0.0,0.0,0.7953488372093024,2065
Energy,INEN,TFR:INEN:SHIFT_FUEL_HEAT,INEN: Fuel switch high- and low-temp thermal processes,Transformations for both (and/or) low and high-heat should be implemented using this transformer. ,This transformation can be specified to shift 90% of both low (to electricity) and high (depending on industry) heat (to electricity and hydrogen).,12,0.0,0.0,0.0,0.8162790697674418,2066
Energy,INEN,TFR:INEN:SHIFT_FUEL_HEAT,INEN: Fuel switch high- and low-temp thermal processes,Transformations for both (and/or) low and high-heat should be implemented using this transformer. ,This transformation can be specified to shift 90% of both low (to electricity) and high (depending on industry) heat (to electricity and hydrogen).,12,0.0,0.0,0.0,0.8372093023255814,2067
Energy,INEN,TFR:INEN:SHIFT_FUEL_HEAT,INEN: Fuel switch high- and low-temp thermal processes,Transformations for both (and/or) low and high-heat should be implemented using this transformer. ,This transformation can be specified to shift 90% of both low (to electricity) and high (depending on industry) heat (to electricity and hydrogen).,12,0.0,0.0,0.0,0.858139534883721,2068
Energy,INEN,TFR:INEN:SHIFT_FUEL_HEAT,INEN: Fuel switch high- and low-temp thermal processes,Transformations for both (and/or) low and high-heat should be implemented using this transformer. ,This transformation can be specified to shift 90% of both low (to electricity) and high (depending on industry) heat (to electricity and hydrogen).,12,0.0,0.0,0.0,0.8790697674418605,2069
Energy,INEN,TFR:INEN:SHIFT_FUEL_HEAT,INEN: Fuel switch high- and low-temp thermal processes,Transformations for both (and/or) low and high-heat should be implemented using this transformer. ,This transformation can be specified to shift 90% of both low (to electricity) and high (depending on industry) heat (to electricity and hydrogen).,12,0.0,0.0,0.0,0.9,2070
Energy,SCOE,TFR:SCOE:DEC_DEMAND_HEAT,SCOE: Reduce end-use demand for heat energy by improving building shell,Missing,Fractional change in heat demand in buildings.,12,0.0,0.0,0.0,0.0,2015
Energy,SCOE,TFR:SCOE:DEC_DEMAND_HEAT,SCOE: Reduce end-use demand for heat energy by improving building shell,Missing,Fractional change in heat demand in buildings.,12,0.0,0.0,0.0,0.0,2016
Energy,SCOE,TFR:SCOE:DEC_DEMAND_HEAT,SCOE: Reduce end-use demand for heat energy by improving building shell,Missing,Fractional change in heat demand in buildings.,12,0.0,0.0,0.0,0.0,2017
Energy,SCOE,TFR:SCOE:DEC_DEMAND_HEAT,SCOE: Reduce end-use demand for heat energy by improving building shell,Missing,Fractional change in heat demand in buildings.,12,0.0,0.0,0.0,0.0,2018
Energy,SCOE,TFR:SCOE:DEC_DEMAND_HEAT,SCOE: Reduce end-use demand for heat energy by improving building shell,Missing,Fractional change in heat demand in buildings.,12,0.0,0.0,0.0,0.0,2019
Energy,SCOE,TFR:SCOE:DEC_DEMAND_HEAT,SCOE: Reduce end-use demand for heat energy by improving building shell,Missing,Fractional change in heat demand in buildings.,12,0.0,0.0,0.0,0.0,2020
Energy,SCOE,TFR:SCOE:DEC_DEMAND_HEAT,SCOE: Reduce end-use demand for heat energy by improving building shell,Missing,Fractional change in heat demand in buildings.,12,0.0,0.0,0.0,0.0,2021
Energy,SCOE,TFR:SCOE:DEC_DEMAND_HEAT,SCOE: Reduce end-use demand for heat energy by improving building shell,Missing,Fractional change in heat demand in buildings.,12,0.0,0.0,0.0,0.0,2022
Energy,SCOE,TFR:SCOE:DEC_DEMAND_HEAT,SCOE: Reduce end-use demand for heat energy by improving building shell,Missing,Fractional change in heat demand in buildings.,12,0.0,0.0,0.0,0.0,2023
Energy,SCOE,TFR:SCOE:DEC_DEMAND_HEAT,SCOE: Reduce end-use demand for heat energy by improving building shell,Missing,Fractional change in heat demand in buildings.,12,0.0,0.0,0.0,0.0,2024
Energy,SCOE,TFR:SCOE:DEC_DEMAND_HEAT,SCOE: Reduce end-use demand for heat energy by improving building shell,Missing,Fractional change in heat demand in buildings.,12,0.0,0.0,0.0,0.0,2025
Energy,SCOE,TFR:SCOE:DEC_DEMAND_HEAT,SCOE: Reduce end-use demand for heat energy by improving building shell,Missing,Fractional change in heat demand in buildings.,12,0.0,0.0,0.0,0.0,2026
Energy,SCOE,TFR:SCOE:DEC_DEMAND_HEAT,SCOE: Reduce end-use demand for heat energy by improving building shell,Missing,Fractional change in heat demand in buildings.,12,0.0,0.0,0.0,0.0,2027
Energy,SCOE,TFR:SCOE:DEC_DEMAND_HEAT,SCOE: Reduce end-use demand for heat energy by improving building shell,Missing,Fractional change in heat demand in buildings.,12,0.0,0.0029069767441860465,0.005813953488372093,0.011627906976744186,2028
Energy,SCOE,TFR:SCOE:DEC_DEMAND_HEAT,SCOE: Reduce end-use demand for heat energy by improving building shell,Missing,Fractional change in heat demand in buildings.,12,0.0,0.005813953488372093,0.011627906976744186,0.023255813953488372,2029
Energy,SCOE,TFR:SCOE:DEC_DEMAND_HEAT,SCOE: Reduce end-use demand for heat energy by improving building shell,Missing,Fractional change in heat demand in buildings.,12,0.0,0.00872093023255814,0.01744186046511628,0.03488372093023256,2030
Energy,SCOE,TFR:SCOE:DEC_DEMAND_HEAT,SCOE: Reduce end-use demand for heat energy by improving building shell,Missing,Fractional change in heat demand in buildings.,12,0.0,0.011627906976744186,0.023255813953488372,0.046511627906976744,2031
Energy,SCOE,TFR:SCOE:DEC_DEMAND_HEAT,SCOE: Reduce end-use demand for heat energy by improving building shell,Missing,Fractional change in heat demand in buildings.,12,0.0,0.014534883720930232,0.029069767441860465,0.05813953488372093,2032
Energy,SCOE,TFR:SCOE:DEC_DEMAND_HEAT,SCOE: Reduce end-use demand for heat energy by improving building shell,Missing,Fractional change in heat demand in buildings.,12,0.0,0.01744186046511628,0.03488372093023256,0.06976744186046512,2033
Energy,SCOE,TFR:SCOE:DEC_DEMAND_HEAT,SCOE: Reduce end-use demand for heat energy by improving building shell,Missing,Fractional change in heat demand in buildings.,12,0.0,0.020348837209302327,0.040697674418604654,0.08139534883720931,2034
Energy,SCOE,TFR:SCOE:DEC_DEMAND_HEAT,SCOE: Reduce end-use demand for heat energy by improving building shell,Missing,Fractional change in heat demand in buildings.,12,0.0,0.023255813953488372,0.046511627906976744,0.09302325581395349,2035
Energy,SCOE,TFR:SCOE:DEC_DEMAND_HEAT,SCOE: Reduce end-use demand for heat energy by improving building shell,Missing,Fractional change in heat demand in buildings.,12,0.0,0.02616279069767442,0.05232558139534884,0.10465116279069768,2036
Energy,SCOE,TFR:SCOE:DEC_DEMAND_HEAT,SCOE: Reduce end-use demand for heat energy by improving building shell,Missing,Fractional change in heat demand in buildings.,12,0.0,0.029069767441860465,0.05813953488372093,0.11627906976744186,2037
Energy,SCOE,TFR:SCOE:DEC_DEMAND_HEAT,SCOE: Reduce end-use demand for heat energy by improving building shell,Missing,Fractional change in heat demand in buildings.,12,0.0,0.03197674418604651,0.06395348837209303,0.12790697674418605,2038
Energy,SCOE,TFR:SCOE:DEC_DEMAND_HEAT,SCOE: Reduce end-use demand for heat energy by improving building shell,Missing,Fractional change in heat demand in buildings.,12,0.0,0.03488372093023256,0.06976744186046512,0.13953488372093023,2039
Energy,SCOE,TFR:SCOE:DEC_DEMAND_HEAT,SCOE: Reduce end-use demand for heat energy by improving building shell,Missing,Fractional change in heat demand in buildings.,12,0.0,0.0377906976744186,0.0755813953488372,0.1511627906976744,2040
Energy,SCOE,TFR:SCOE:DEC_DEMAND_HEAT,SCOE: Reduce end-use demand for heat energy by improving building shell,Missing,Fractional change in heat demand in buildings.,12,0.0,0.040697674418604654,0.08139534883720931,0.16279069767441862,2041
Energy,SCOE,TFR:SCOE:DEC_DEMAND_HEAT,SCOE: Reduce end-use demand for heat energy by improving building shell,Missing,Fractional change in heat demand in buildings.,12,0.0,0.0436046511627907,0.0872093023255814,0.1744186046511628,2042
Energy,SCOE,TFR:SCOE:DEC_DEMAND_HEAT,SCOE: Reduce end-use demand for heat energy by improving building shell,Missing,Fractional change in heat demand in buildings.,12,0.0,0.046511627906976744,0.09302325581395349,0.18604651162790697,2043
Energy,SCOE,TFR:SCOE:DEC_DEMAND_HEAT,SCOE: Reduce end-use demand for heat energy by improving building shell,Missing,Fractional change in heat demand in buildings.,12,0.0,0.04941860465116279,0.09883720930232558,0.19767441860465115,2044
Energy,SCOE,TFR:SCOE:DEC_DEMAND_HEAT,SCOE: Reduce end-use demand for heat energy by improving building shell,Missing,Fractional change in heat demand in buildings.,12,0.0,0.05232558139534884,0.10465116279069768,0.20930232558139536,2045
Energy,SCOE,TFR:SCOE:DEC_DEMAND_HEAT,SCOE: Reduce end-use demand for heat energy by improving building shell,Missing,Fractional change in heat demand in buildings.,12,0.0,0.055232558139534885,0.11046511627906977,0.22093023255813954,2046
Energy,SCOE,TFR:SCOE:DEC_DEMAND_HEAT,SCOE: Reduce end-use demand for heat energy by improving building shell,Missing,Fractional change in heat demand in buildings.,12,0.0,0.05813953488372093,0.11627906976744186,0.23255813953488372,2047
Energy,SCOE,TFR:SCOE:DEC_DEMAND_HEAT,SCOE: Reduce end-use demand for heat energy by improving building shell,Missing,Fractional change in heat demand in buildings.,12,0.0,0.061046511627906974,0.12209302325581395,0.2441860465116279,2048
Energy,SCOE,TFR:SCOE:DEC_DEMAND_HEAT,SCOE: Reduce end-use demand for heat energy by improving building shell,Missing,Fractional change in heat demand in buildings.,12,0.0,0.06395348837209303,0.12790697674418605,0.2558139534883721,2049
Energy,SCOE,TFR:SCOE:DEC_DEMAND_HEAT,SCOE: Reduce end-use demand for heat energy by improving building shell,Missing,Fractional change in heat demand in buildings.,12,0.0,0.06686046511627906,0.13372093023255813,0.26744186046511625,2050
Energy,SCOE,TFR:SCOE:DEC_DEMAND_HEAT,SCOE: Reduce end-use demand for heat energy by improving building shell,Missing,Fractional change in heat demand in buildings.,12,0.0,0.06976744186046512,0.13953488372093023,0.27906976744186046,2051
Energy,SCOE,TFR:SCOE:DEC_DEMAND_HEAT,SCOE: Reduce end-use demand for heat energy by improving building shell,Missing,Fractional change in heat demand in buildings.,12,0.0,0.07267441860465117,0.14534883720930233,0.29069767441860467,2052
Energy,SCOE,TFR:SCOE:DEC_DEMAND_HEAT,SCOE: Reduce end-use demand for heat energy by improving building shell,Missing,Fractional change in heat demand in buildings.,12,0.0,0.0755813953488372,0.1511627906976744,0.3023255813953488,2053
Energy,SCOE,TFR:SCOE:DEC_DEMAND_HEAT,SCOE: Reduce end-use demand for heat energy by improving building shell,Missing,Fractional change in heat demand in buildings.,12,0.0,0.07848837209302326,0.1569767441860465,0.313953488372093,2054
Energy,SCOE,TFR:SCOE:DEC_DEMAND_HEAT,SCOE: Reduce end-use demand for heat energy by improving building shell,Missing,Fractional change in heat demand in buildings.,12,0.0,0.08139534883720931,0.16279069767441862,0.32558139534883723,2055
Energy,SCOE,TFR:SCOE:DEC_DEMAND_HEAT,SCOE: Reduce end-use demand for heat energy by improving building shell,Missing,Fractional change in heat demand in buildings.,12,0.0,0.08430232558139535,0.1686046511627907,0.3372093023255814,2056
Energy,SCOE,TFR:SCOE:DEC_DEMAND_HEAT,SCOE: Reduce end-use demand for heat energy by improving building shell,Missing,Fractional change in heat demand in buildings.,12,0.0,0.0872093023255814,0.1744186046511628,0.3488372093023256,2057
Energy,SCOE,TFR:SCOE:DEC_DEMAND_HEAT,SCOE: Reduce end-use demand for heat energy by improving building shell,Missing,Fractional change in heat demand in buildings.,12,0.0,0.09011627906976744,0.18023255813953487,0.36046511627906974,2058
Energy,SCOE,TFR:SCOE:DEC_DEMAND_HEAT,SCOE: Reduce end-use demand for heat energy by improving building shell,Missing,Fractional change in heat demand in buildings.,12,0.0,0.09302325581395349,0.18604651162790697,0.37209302325581395,2059
Energy,SCOE,TFR:SCOE:DEC_DEMAND_HEAT,SCOE: Reduce end-use demand for heat energy by improving building shell,Missing,Fractional change in heat demand in buildings.,12,0.0,0.09593023255813954,0.19186046511627908,0.38372093023255816,2060
Energy,SCOE,TFR:SCOE:DEC_DEMAND_HEAT,SCOE: Reduce end-use demand for heat energy by improving building shell,Missing,Fractional change in heat demand in buildings.,12,0.0,0.09883720930232558,0.19767441860465115,0.3953488372093023,2061
Energy,SCOE,TFR:SCOE:DEC_DEMAND_HEAT,SCOE: Reduce end-use demand for heat energy by improving building shell,Missing,Fractional change in heat demand in buildings.,12,0.0,0.10174418604651163,0.20348837209302326,0.4069767441860465,2062
Energy,SCOE,TFR:SCOE:DEC_DEMAND_HEAT,SCOE: Reduce end-use demand for heat energy by improving building shell,Missing,Fractional change in heat demand in buildings.,12,0.0,0.10465116279069768,0.20930232558139536,0.4186046511627907,2063
Energy,SCOE,TFR:SCOE:DEC_DEMAND_HEAT,SCOE: Reduce end-use demand for heat energy by improving building shell,Missing,Fractional change in heat demand in buildings.,12,0.0,0.10755813953488372,0.21511627906976744,0.43023255813953487,2064
Energy,SCOE,TFR:SCOE:DEC_DEMAND_HEAT,SCOE: Reduce end-use demand for heat energy by improving building shell,Missing,Fractional change in heat demand in buildings.,12,0.0,0.11046511627906977,0.22093023255813954,0.4418604651162791,2065
Energy,SCOE,TFR:SCOE:DEC_DEMAND_HEAT,SCOE: Reduce end-use demand for heat energy by improving building shell,Missing,Fractional change in heat demand in buildings.,12,0.0,0.11337209302325581,0.22674418604651161,0.45348837209302323,2066
Energy,SCOE,TFR:SCOE:DEC_DEMAND_HEAT,SCOE: Reduce end-use demand for heat energy by improving building shell,Missing,Fractional change in heat demand in buildings.,12,0.0,0.11627906976744186,0.23255813953488372,0.46511627906976744,2067
Energy,SCOE,TFR:SCOE:DEC_DEMAND_HEAT,SCOE: Reduce end-use demand for heat energy by improving building shell,Missing,Fractional change in heat demand in buildings.,12,0.0,0.11918604651162791,0.23837209302325582,0.47674418604651164,2068
Energy,SCOE,TFR:SCOE:DEC_DEMAND_HEAT,SCOE: Reduce end-use demand for heat energy by improving building shell,Missing,Fractional change in heat demand in buildings.,12,0.0,0.12209302325581395,0.2441860465116279,0.4883720930232558,2069
Energy,SCOE,TFR:SCOE:DEC_DEMAND_HEAT,SCOE: Reduce end-use demand for heat energy by improving building shell,Missing,Fractional change in heat demand in buildings.,12,0.0,0.125,0.25,0.5,2070
Energy,TRDE,TFR:TRDE:DEC_DEMAND,TRDE: Reduce demand for transport,Missing,"Fractional reduction in aggregate transportation demand by TRDE demand type (e.g., public_private, regional, or freight)",12,0.0,0.0,0.0,0.0,2015
Energy,TRDE,TFR:TRDE:DEC_DEMAND,TRDE: Reduce demand for transport,Missing,"Fractional reduction in aggregate transportation demand by TRDE demand type (e.g., public_private, regional, or freight)",12,0.0,0.0,0.0,0.0,2016
Energy,TRDE,TFR:TRDE:DEC_DEMAND,TRDE: Reduce demand for transport,Missing,"Fractional reduction in aggregate transportation demand by TRDE demand type (e.g., public_private, regional, or freight)",12,0.0,0.0,0.0,0.0,2017
Energy,TRDE,TFR:TRDE:DEC_DEMAND,TRDE: Reduce demand for transport,Missing,"Fractional reduction in aggregate transportation demand by TRDE demand type (e.g., public_private, regional, or freight)",12,0.0,0.0,0.0,0.0,2018
Energy,TRDE,TFR:TRDE:DEC_DEMAND,TRDE: Reduce demand for transport,Missing,"Fractional reduction in aggregate transportation demand by TRDE demand type (e.g., public_private, regional, or freight)",12,0.0,0.0,0.0,0.0,2019
Energy,TRDE,TFR:TRDE:DEC_DEMAND,TRDE: Reduce demand for transport,Missing,"Fractional reduction in aggregate transportation demand by TRDE demand type (e.g., public_private, regional, or freight)",12,0.0,0.0,0.0,0.0,2020
Energy,TRDE,TFR:TRDE:DEC_DEMAND,TRDE: Reduce demand for transport,Missing,"Fractional reduction in aggregate transportation demand by TRDE demand type (e.g., public_private, regional, or freight)",12,0.0,0.0,0.0,0.0,2021
Energy,TRDE,TFR:TRDE:DEC_DEMAND,TRDE: Reduce demand for transport,Missing,"Fractional reduction in aggregate transportation demand by TRDE demand type (e.g., public_private, regional, or freight)",12,0.0,0.0,0.0,0.0,2022
Energy,TRDE,TFR:TRDE:DEC_DEMAND,TRDE: Reduce demand for transport,Missing,"Fractional reduction in aggregate transportation demand by TRDE demand type (e.g., public_private, regional, or freight)",12,0.0,0.0,0.0,0.0,2023
Energy,TRDE,TFR:TRDE:DEC_DEMAND,TRDE: Reduce demand for transport,Missing,"Fractional reduction in aggregate transportation demand by TRDE demand type (e.g., public_private, regional, or freight)",12,0.0,0.0,0.0,0.0,2024
Energy,TRDE,TFR:TRDE:DEC_DEMAND,TRDE: Reduce demand for transport,Missing,"Fractional reduction in aggregate transportation demand by TRDE demand type (e.g., public_private, regional, or freight)",12,0.0,0.0,0.0,0.0,2025
Energy,TRDE,TFR:TRDE:DEC_DEMAND,TRDE: Reduce demand for transport,Missing,"Fractional reduction in aggregate transportation demand by TRDE demand type (e.g., public_private, regional, or freight)",12,0.0,0.0,0.0,0.0,2026
Energy,TRDE,TFR:TRDE:DEC_DEMAND,TRDE: Reduce demand for transport,Missing,"Fractional reduction in aggregate transportation demand by TRDE demand type (e.g., public_private, regional, or freight)",12,0.0,0.0,0.0,0.0,2027
Energy,TRDE,TFR:TRDE:DEC_DEMAND,TRDE: Reduce demand for transport,Missing,"Fractional reduction in aggregate transportation demand by TRDE demand type (e.g., public_private, regional, or freight)",12,0.0,0.0014534883720930232,0.0029069767441860465,0.005813953488372093,2028
Energy,TRDE,TFR:TRDE:DEC_DEMAND,TRDE: Reduce demand for transport,Missing,"Fractional reduction in aggregate transportation demand by TRDE demand type (e.g., public_private, regional, or freight)",12,0.0,0.0029069767441860465,0.005813953488372093,0.011627906976744186,2029
Energy,TRDE,TFR:TRDE:DEC_DEMAND,TRDE: Reduce demand for transport,Missing,"Fractional reduction in aggregate transportation demand by TRDE demand type (e.g., public_private, regional, or freight)",12,0.0,0.00436046511627907,0.00872093023255814,0.01744186046511628,2030
Energy,TRDE,TFR:TRDE:DEC_DEMAND,TRDE: Reduce demand for transport,Missing,"Fractional reduction in aggregate transportation demand by TRDE demand type (e.g., public_private, regional, or freight)",12,0.0,0.005813953488372093,0.011627906976744186,0.023255813953488372,2031
Energy,TRDE,TFR:TRDE:DEC_DEMAND,TRDE: Reduce demand for transport,Missing,"Fractional reduction in aggregate transportation demand by TRDE demand type (e.g., public_private, regional, or freight)",12,0.0,0.007267441860465116,0.014534883720930232,0.029069767441860465,2032
Energy,TRDE,TFR:TRDE:DEC_DEMAND,TRDE: Reduce demand for transport,Missing,"Fractional reduction in aggregate transportation demand by TRDE demand type (e.g., public_private, regional, or freight)",12,0.0,0.00872093023255814,0.01744186046511628,0.03488372093023256,2033
Energy,TRDE,TFR:TRDE:DEC_DEMAND,TRDE: Reduce demand for transport,Missing,"Fractional reduction in aggregate transportation demand by TRDE demand type (e.g., public_private, regional, or freight)",12,0.0,0.010174418604651164,0.020348837209302327,0.040697674418604654,2034
Energy,TRDE,TFR:TRDE:DEC_DEMAND,TRDE: Reduce demand for transport,Missing,"Fractional reduction in aggregate transportation demand by TRDE demand type (e.g., public_private, regional, or freight)",12,0.0,0.011627906976744186,0.023255813953488372,0.046511627906976744,2035
Energy,TRDE,TFR:TRDE:DEC_DEMAND,TRDE: Reduce demand for transport,Missing,"Fractional reduction in aggregate transportation demand by TRDE demand type (e.g., public_private, regional, or freight)",12,0.0,0.01308139534883721,0.02616279069767442,0.05232558139534884,2036
Energy,TRDE,TFR:TRDE:DEC_DEMAND,TRDE: Reduce demand for transport,Missing,"Fractional reduction in aggregate transportation demand by TRDE demand type (e.g., public_private, regional, or freight)",12,0.0,0.014534883720930232,0.029069767441860465,0.05813953488372093,2037
Energy,TRDE,TFR:TRDE:DEC_DEMAND,TRDE: Reduce demand for transport,Missing,"Fractional reduction in aggregate transportation demand by TRDE demand type (e.g., public_private, regional, or freight)",12,0.0,0.015988372093023256,0.03197674418604651,0.06395348837209303,2038
Energy,TRDE,TFR:TRDE:DEC_DEMAND,TRDE: Reduce demand for transport,Missing,"Fractional reduction in aggregate transportation demand by TRDE demand type (e.g., public_private, regional, or freight)",12,0.0,0.01744186046511628,0.03488372093023256,0.06976744186046512,2039
Energy,TRDE,TFR:TRDE:DEC_DEMAND,TRDE: Reduce demand for transport,Missing,"Fractional reduction in aggregate transportation demand by TRDE demand type (e.g., public_private, regional, or freight)",12,0.0,0.0188953488372093,0.0377906976744186,0.0755813953488372,2040
Energy,TRDE,TFR:TRDE:DEC_DEMAND,TRDE: Reduce demand for transport,Missing,"Fractional reduction in aggregate transportation demand by TRDE demand type (e.g., public_private, regional, or freight)",12,0.0,0.020348837209302327,0.040697674418604654,0.08139534883720931,2041
Energy,TRDE,TFR:TRDE:DEC_DEMAND,TRDE: Reduce demand for transport,Missing,"Fractional reduction in aggregate transportation demand by TRDE demand type (e.g., public_private, regional, or freight)",12,0.0,0.02180232558139535,0.0436046511627907,0.0872093023255814,2042
Energy,TRDE,TFR:TRDE:DEC_DEMAND,TRDE: Reduce demand for transport,Missing,"Fractional reduction in aggregate transportation demand by TRDE demand type (e.g., public_private, regional, or freight)",12,0.0,0.023255813953488372,0.046511627906976744,0.09302325581395349,2043
Energy,TRDE,TFR:TRDE:DEC_DEMAND,TRDE: Reduce demand for transport,Missing,"Fractional reduction in aggregate transportation demand by TRDE demand type (e.g., public_private, regional, or freight)",12,0.0,0.024709302325581394,0.04941860465116279,0.09883720930232558,2044
Energy,TRDE,TFR:TRDE:DEC_DEMAND,TRDE: Reduce demand for transport,Missing,"Fractional reduction in aggregate transportation demand by TRDE demand type (e.g., public_private, regional, or freight)",12,0.0,0.02616279069767442,0.05232558139534884,0.10465116279069768,2045
Energy,TRDE,TFR:TRDE:DEC_DEMAND,TRDE: Reduce demand for transport,Missing,"Fractional reduction in aggregate transportation demand by TRDE demand type (e.g., public_private, regional, or freight)",12,0.0,0.027616279069767442,0.055232558139534885,0.11046511627906977,2046
Energy,TRDE,TFR:TRDE:DEC_DEMAND,TRDE: Reduce demand for transport,Missing,"Fractional reduction in aggregate transportation demand by TRDE demand type (e.g., public_private, regional, or freight)",12,0.0,0.029069767441860465,0.05813953488372093,0.11627906976744186,2047
Energy,TRDE,TFR:TRDE:DEC_DEMAND,TRDE: Reduce demand for transport,Missing,"Fractional reduction in aggregate transportation demand by TRDE demand type (e.g., public_private, regional, or freight)",12,0.0,0.030523255813953487,0.061046511627906974,0.12209302325581395,2048
Energy,TRDE,TFR:TRDE:DEC_DEMAND,TRDE: Reduce demand for transport,Missing,"Fractional reduction in aggregate transportation demand by TRDE demand type (e.g., public_private, regional, or freight)",12,0.0,0.03197674418604651,0.06395348837209303,0.12790697674418605,2049
Energy,TRDE,TFR:TRDE:DEC_DEMAND,TRDE: Reduce demand for transport,Missing,"Fractional reduction in aggregate transportation demand by TRDE demand type (e.g., public_private, regional, or freight)",12,0.0,0.03343023255813953,0.06686046511627906,0.13372093023255813,2050
Energy,TRDE,TFR:TRDE:DEC_DEMAND,TRDE: Reduce demand for transport,Missing,"Fractional reduction in aggregate transportation demand by TRDE demand type (e.g., public_private, regional, or freight)",12,0.0,0.03488372093023256,0.06976744186046512,0.13953488372093023,2051
Energy,TRDE,TFR:TRDE:DEC_DEMAND,TRDE: Reduce demand for transport,Missing,"Fractional reduction in aggregate transportation demand by TRDE demand type (e.g., public_private, regional, or freight)",12,0.0,0.036337209302325583,0.07267441860465117,0.14534883720930233,2052
Energy,TRDE,TFR:TRDE:DEC_DEMAND,TRDE: Reduce demand for transport,Missing,"Fractional reduction in aggregate transportation demand by TRDE demand type (e.g., public_private, regional, or freight)",12,0.0,0.0377906976744186,0.0755813953488372,0.1511627906976744,2053
Energy,TRDE,TFR:TRDE:DEC_DEMAND,TRDE: Reduce demand for transport,Missing,"Fractional reduction in aggregate transportation demand by TRDE demand type (e.g., public_private, regional, or freight)",12,0.0,0.03924418604651163,0.07848837209302326,0.1569767441860465,2054
Energy,TRDE,TFR:TRDE:DEC_DEMAND,TRDE: Reduce demand for transport,Missing,"Fractional reduction in aggregate transportation demand by TRDE demand type (e.g., public_private, regional, or freight)",12,0.0,0.040697674418604654,0.08139534883720931,0.16279069767441862,2055
Energy,TRDE,TFR:TRDE:DEC_DEMAND,TRDE: Reduce demand for transport,Missing,"Fractional reduction in aggregate transportation demand by TRDE demand type (e.g., public_private, regional, or freight)",12,0.0,0.04215116279069767,0.08430232558139535,0.1686046511627907,2056
Energy,TRDE,TFR:TRDE:DEC_DEMAND,TRDE: Reduce demand for transport,Missing,"Fractional reduction in aggregate transportation demand by TRDE demand type (e.g., public_private, regional, or freight)",12,0.0,0.0436046511627907,0.0872093023255814,0.1744186046511628,2057
Energy,TRDE,TFR:TRDE:DEC_DEMAND,TRDE: Reduce demand for transport,Missing,"Fractional reduction in aggregate transportation demand by TRDE demand type (e.g., public_private, regional, or freight)",12,0.0,0.04505813953488372,0.09011627906976744,0.18023255813953487,2058
Energy,TRDE,TFR:TRDE:DEC_DEMAND,TRDE: Reduce demand for transport,Missing,"Fractional reduction in aggregate transportation demand by TRDE demand type (e.g., public_private, regional, or freight)",12,0.0,0.046511627906976744,0.09302325581395349,0.18604651162790697,2059
Energy,TRDE,TFR:TRDE:DEC_DEMAND,TRDE: Reduce demand for transport,Missing,"Fractional reduction in aggregate transportation demand by TRDE demand type (e.g., public_private, regional, or freight)",12,0.0,0.04796511627906977,0.09593023255813954,0.19186046511627908,2060
Energy,TRDE,TFR:TRDE:DEC_DEMAND,TRDE: Reduce demand for transport,Missing,"Fractional reduction in aggregate transportation demand by TRDE demand type (e.g., public_private, regional, or freight)",12,0.0,0.04941860465116279,0.09883720930232558,0.19767441860465115,2061
Energy,TRDE,TFR:TRDE:DEC_DEMAND,TRDE: Reduce demand for transport,Missing,"Fractional reduction in aggregate transportation demand by TRDE demand type (e.g., public_private, regional, or freight)",12,0.0,0.050872093023255814,0.10174418604651163,0.20348837209302326,2062
Energy,TRDE,TFR:TRDE:DEC_DEMAND,TRDE: Reduce demand for transport,Missing,"Fractional reduction in aggregate transportation demand by TRDE demand type (e.g., public_private, regional, or freight)",12,0.0,0.05232558139534884,0.10465116279069768,0.20930232558139536,2063
Energy,TRDE,TFR:TRDE:DEC_DEMAND,TRDE: Reduce demand for transport,Missing,"Fractional reduction in aggregate transportation demand by TRDE demand type (e.g., public_private, regional, or freight)",12,0.0,0.05377906976744186,0.10755813953488372,0.21511627906976744,2064
Energy,TRDE,TFR:TRDE:DEC_DEMAND,TRDE: Reduce demand for transport,Missing,"Fractional reduction in aggregate transportation demand by TRDE demand type (e.g., public_private, regional, or freight)",12,0.0,0.055232558139534885,0.11046511627906977,0.22093023255813954,2065
Energy,TRDE,TFR:TRDE:DEC_DEMAND,TRDE: Reduce demand for transport,Missing,"Fractional reduction in aggregate transportation demand by TRDE demand type (e.g., public_private, regional, or freight)",12,0.0,0.056686046511627904,0.11337209302325581,0.22674418604651161,2066
Energy,TRDE,TFR:TRDE:DEC_DEMAND,TRDE: Reduce demand for transport,Missing,"Fractional reduction in aggregate transportation demand by TRDE demand type (e.g., public_private, regional, or freight)",12,0.0,0.05813953488372093,0.11627906976744186,0.23255813953488372,2067
Energy,TRDE,TFR:TRDE:DEC_DEMAND,TRDE: Reduce demand for transport,Missing,"Fractional reduction in aggregate transportation demand by TRDE demand type (e.g., public_private, regional, or freight)",12,0.0,0.059593023255813955,0.11918604651162791,0.23837209302325582,2068
Energy,TRDE,TFR:TRDE:DEC_DEMAND,TRDE: Reduce demand for transport,Missing,"Fractional reduction in aggregate transportation demand by TRDE demand type (e.g., public_private, regional, or freight)",12,0.0,0.061046511627906974,0.12209302325581395,0.2441860465116279,2069
Energy,TRDE,TFR:TRDE:DEC_DEMAND,TRDE: Reduce demand for transport,Missing,"Fractional reduction in aggregate transportation demand by TRDE demand type (e.g., public_private, regional, or freight)",12,0.0,0.0625,0.125,0.25,2070
Energy,TRNS,TFR:TRNS:INC_EFFICIENCY_ELECTRIC,TRNS: Increase electric transportation energy efficiency,Missing,Fractional increase in electric vehicle efficiency against the final time period.,12,0.0,0.0,0.0,0.0,2015
Energy,TRNS,TFR:TRNS:INC_EFFICIENCY_ELECTRIC,TRNS: Increase electric transportation energy efficiency,Missing,Fractional increase in electric vehicle efficiency against the final time period.,12,0.0,0.0,0.0,0.0,2016
Energy,TRNS,TFR:TRNS:INC_EFFICIENCY_ELECTRIC,TRNS: Increase electric transportation energy efficiency,Missing,Fractional increase in electric vehicle efficiency against the final time period.,12,0.0,0.0,0.0,0.0,2017
Energy,TRNS,TFR:TRNS:INC_EFFICIENCY_ELECTRIC,TRNS: Increase electric transportation energy efficiency,Missing,Fractional increase in electric vehicle efficiency against the final time period.,12,0.0,0.0,0.0,0.0,2018
Energy,TRNS,TFR:TRNS:INC_EFFICIENCY_ELECTRIC,TRNS: Increase electric transportation energy efficiency,Missing,Fractional increase in electric vehicle efficiency against the final time period.,12,0.0,0.0,0.0,0.0,2019
Energy,TRNS,TFR:TRNS:INC_EFFICIENCY_ELECTRIC,TRNS: Increase electric transportation energy efficiency,Missing,Fractional increase in electric vehicle efficiency against the final time period.,12,0.0,0.0,0.0,0.0,2020
Energy,TRNS,TFR:TRNS:INC_EFFICIENCY_ELECTRIC,TRNS: Increase electric transportation energy efficiency,Missing,Fractional increase in electric vehicle efficiency against the final time period.,12,0.0,0.0,0.0,0.0,2021
Energy,TRNS,TFR:TRNS:INC_EFFICIENCY_ELECTRIC,TRNS: Increase electric transportation energy efficiency,Missing,Fractional increase in electric vehicle efficiency against the final time period.,12,0.0,0.0,0.0,0.0,2022
Energy,TRNS,TFR:TRNS:INC_EFFICIENCY_ELECTRIC,TRNS: Increase electric transportation energy efficiency,Missing,Fractional increase in electric vehicle efficiency against the final time period.,12,0.0,0.0,0.0,0.0,2023
Energy,TRNS,TFR:TRNS:INC_EFFICIENCY_ELECTRIC,TRNS: Increase electric transportation energy efficiency,Missing,Fractional increase in electric vehicle efficiency against the final time period.,12,0.0,0.0,0.0,0.0,2024
Energy,TRNS,TFR:TRNS:INC_EFFICIENCY_ELECTRIC,TRNS: Increase electric transportation energy efficiency,Missing,Fractional increase in electric vehicle efficiency against the final time period.,12,0.0,0.0,0.0,0.0,2025
Energy,TRNS,TFR:TRNS:INC_EFFICIENCY_ELECTRIC,TRNS: Increase electric transportation energy efficiency,Missing,Fractional increase in electric vehicle efficiency against the final time period.,12,0.0,0.0,0.0,0.0,2026
Energy,TRNS,TFR:TRNS:INC_EFFICIENCY_ELECTRIC,TRNS: Increase electric transportation energy efficiency,Missing,Fractional increase in electric vehicle efficiency against the final time period.,12,0.0,0.0,0.0,0.0,2027
Energy,TRNS,TFR:TRNS:INC_EFFICIENCY_ELECTRIC,TRNS: Increase electric transportation energy efficiency,Missing,Fractional increase in electric vehicle efficiency against the final time period.,12,0.0,0.0,0.005813953488372093,0.011627906976744186,2028
Energy,TRNS,TFR:TRNS:INC_EFFICIENCY_ELECTRIC,TRNS: Increase electric transportation energy efficiency,Missing,Fractional increase in electric vehicle efficiency against the final time period.,12,0.0,0.0,0.011627906976744186,0.023255813953488372,2029
Energy,TRNS,TFR:TRNS:INC_EFFICIENCY_ELECTRIC,TRNS: Increase electric transportation energy efficiency,Missing,Fractional increase in electric vehicle efficiency against the final time period.,12,0.0,0.0,0.01744186046511628,0.03488372093023256,2030
Energy,TRNS,TFR:TRNS:INC_EFFICIENCY_ELECTRIC,TRNS: Increase electric transportation energy efficiency,Missing,Fractional increase in electric vehicle efficiency against the final time period.,12,0.0,0.0,0.023255813953488372,0.046511627906976744,2031
Energy,TRNS,TFR:TRNS:INC_EFFICIENCY_ELECTRIC,TRNS: Increase electric transportation energy efficiency,Missing,Fractional increase in electric vehicle efficiency against the final time period.,12,0.0,0.0,0.029069767441860465,0.05813953488372093,2032
Energy,TRNS,TFR:TRNS:INC_EFFICIENCY_ELECTRIC,TRNS: Increase electric transportation energy efficiency,Missing,Fractional increase in electric vehicle efficiency against the final time period.,12,0.0,0.0,0.03488372093023256,0.06976744186046512,2033
Energy,TRNS,TFR:TRNS:INC_EFFICIENCY_ELECTRIC,TRNS: Increase electric transportation energy efficiency,Missing,Fractional increase in electric vehicle efficiency against the final time period.,12,0.0,0.0,0.040697674418604654,0.08139534883720931,2034
Energy,TRNS,TFR:TRNS:INC_EFFICIENCY_ELECTRIC,TRNS: Increase electric transportation energy efficiency,Missing,Fractional increase in electric vehicle efficiency against the final time period.,12,0.0,0.0,0.046511627906976744,0.09302325581395349,2035
Energy,TRNS,TFR:TRNS:INC_EFFICIENCY_ELECTRIC,TRNS: Increase electric transportation energy efficiency,Missing,Fractional increase in electric vehicle efficiency against the final time period.,12,0.0,0.0,0.05232558139534884,0.10465116279069768,2036
Energy,TRNS,TFR:TRNS:INC_EFFICIENCY_ELECTRIC,TRNS: Increase electric transportation energy efficiency,Missing,Fractional increase in electric vehicle efficiency against the final time period.,12,0.0,0.0,0.05813953488372093,0.11627906976744186,2037
Energy,TRNS,TFR:TRNS:INC_EFFICIENCY_ELECTRIC,TRNS: Increase electric transportation energy efficiency,Missing,Fractional increase in electric vehicle efficiency against the final time period.,12,0.0,0.0,0.06395348837209303,0.12790697674418605,2038
Energy,TRNS,TFR:TRNS:INC_EFFICIENCY_ELECTRIC,TRNS: Increase electric transportation energy efficiency,Missing,Fractional increase in electric vehicle efficiency against the final time period.,12,0.0,0.0,0.06976744186046512,0.13953488372093023,2039
Energy,TRNS,TFR:TRNS:INC_EFFICIENCY_ELECTRIC,TRNS: Increase electric transportation energy efficiency,Missing,Fractional increase in electric vehicle efficiency against the final time period.,12,0.0,0.0,0.0755813953488372,0.1511627906976744,2040
Energy,TRNS,TFR:TRNS:INC_EFFICIENCY_ELECTRIC,TRNS: Increase electric transportation energy efficiency,Missing,Fractional increase in electric vehicle efficiency against the final time period.,12,0.0,0.0,0.08139534883720931,0.16279069767441862,2041
Energy,TRNS,TFR:TRNS:INC_EFFICIENCY_ELECTRIC,TRNS: Increase electric transportation energy efficiency,Missing,Fractional increase in electric vehicle efficiency against the final time period.,12,0.0,0.0,0.0872093023255814,0.1744186046511628,2042
Energy,TRNS,TFR:TRNS:INC_EFFICIENCY_ELECTRIC,TRNS: Increase electric transportation energy efficiency,Missing,Fractional increase in electric vehicle efficiency against the final time period.,12,0.0,0.0,0.09302325581395349,0.18604651162790697,2043
Energy,TRNS,TFR:TRNS:INC_EFFICIENCY_ELECTRIC,TRNS: Increase electric transportation energy efficiency,Missing,Fractional increase in electric vehicle efficiency against the final time period.,12,0.0,0.0,0.09883720930232558,0.19767441860465115,2044
Energy,TRNS,TFR:TRNS:INC_EFFICIENCY_ELECTRIC,TRNS: Increase electric transportation energy efficiency,Missing,Fractional increase in electric vehicle efficiency against the final time period.,12,0.0,0.0,0.10465116279069768,0.20930232558139536,2045
Energy,TRNS,TFR:TRNS:INC_EFFICIENCY_ELECTRIC,TRNS: Increase electric transportation energy efficiency,Missing,Fractional increase in electric vehicle efficiency against the final time period.,12,0.0,0.0,0.11046511627906977,0.22093023255813954,2046
Energy,TRNS,TFR:TRNS:INC_EFFICIENCY_ELECTRIC,TRNS: Increase electric transportation energy efficiency,Missing,Fractional increase in electric vehicle efficiency against the final time period.,12,0.0,0.0,0.11627906976744186,0.23255813953488372,2047
Energy,TRNS,TFR:TRNS:INC_EFFICIENCY_ELECTRIC,TRNS: Increase electric transportation energy efficiency,Missing,Fractional increase in electric vehicle efficiency against the final time period.,12,0.0,0.0,0.12209302325581395,0.2441860465116279,2048
Energy,TRNS,TFR:TRNS:INC_EFFICIENCY_ELECTRIC,TRNS: Increase electric transportation energy efficiency,Missing,Fractional increase in electric vehicle efficiency against the final time period.,12,0.0,0.0,0.12790697674418605,0.2558139534883721,2049
Energy,TRNS,TFR:TRNS:INC_EFFICIENCY_ELECTRIC,TRNS: Increase electric transportation energy efficiency,Missing,Fractional increase in electric vehicle efficiency against the final time period.,12,0.0,0.0,0.13372093023255813,0.26744186046511625,2050
Energy,TRNS,TFR:TRNS:INC_EFFICIENCY_ELECTRIC,TRNS: Increase electric transportation energy efficiency,Missing,Fractional increase in electric vehicle efficiency against the final time period.,12,0.0,0.0,0.13953488372093023,0.27906976744186046,2051
Energy,TRNS,TFR:TRNS:INC_EFFICIENCY_ELECTRIC,TRNS: Increase electric transportation energy efficiency,Missing,Fractional increase in electric vehicle efficiency against the final time period.,12,0.0,0.0,0.14534883720930233,0.29069767441860467,2052
Energy,TRNS,TFR:TRNS:INC_EFFICIENCY_ELECTRIC,TRNS: Increase electric transportation energy efficiency,Missing,Fractional increase in electric vehicle efficiency against the final time period.,12,0.0,0.0,0.1511627906976744,0.3023255813953488,2053
Energy,TRNS,TFR:TRNS:INC_EFFICIENCY_ELECTRIC,TRNS: Increase electric transportation energy efficiency,Missing,Fractional increase in electric vehicle efficiency against the final time period.,12,0.0,0.0,0.1569767441860465,0.313953488372093,2054
Energy,TRNS,TFR:TRNS:INC_EFFICIENCY_ELECTRIC,TRNS: Increase electric transportation energy efficiency,Missing,Fractional increase in electric vehicle efficiency against the final time period.,12,0.0,0.0,0.16279069767441862,0.32558139534883723,2055
Energy,TRNS,TFR:TRNS:INC_EFFICIENCY_ELECTRIC,TRNS: Increase electric transportation energy efficiency,Missing,Fractional increase in electric vehicle efficiency against the final time period.,12,0.0,0.0,0.1686046511627907,0.3372093023255814,2056
Energy,TRNS,TFR:TRNS:INC_EFFICIENCY_ELECTRIC,TRNS: Increase electric transportation energy efficiency,Missing,Fractional increase in electric vehicle efficiency against the final time period.,12,0.0,0.0,0.1744186046511628,0.3488372093023256,2057
Energy,TRNS,TFR:TRNS:INC_EFFICIENCY_ELECTRIC,TRNS: Increase electric transportation energy efficiency,Missing,Fractional increase in electric vehicle efficiency against the final time period.,12,0.0,0.0,0.18023255813953487,0.36046511627906974,2058
Energy,TRNS,TFR:TRNS:INC_EFFICIENCY_ELECTRIC,TRNS: Increase electric transportation energy efficiency,Missing,Fractional increase in electric vehicle efficiency against the final time period.,12,0.0,0.0,0.18604651162790697,0.37209302325581395,2059
Energy,TRNS,TFR:TRNS:INC_EFFICIENCY_ELECTRIC,TRNS: Increase electric transportation energy efficiency,Missing,Fractional increase in electric vehicle efficiency against the final time period.,12,0.0,0.0,0.19186046511627908,0.38372093023255816,2060
Energy,TRNS,TFR:TRNS:INC_EFFICIENCY_ELECTRIC,TRNS: Increase electric transportation energy efficiency,Missing,Fractional increase in electric vehicle efficiency against the final time period.,12,0.0,0.0,0.19767441860465115,0.3953488372093023,2061
Energy,TRNS,TFR:TRNS:INC_EFFICIENCY_ELECTRIC,TRNS: Increase electric transportation energy efficiency,Missing,Fractional increase in electric vehicle efficiency against the final time period.,12,0.0,0.0,0.20348837209302326,0.4069767441860465,2062
Energy,TRNS,TFR:TRNS:INC_EFFICIENCY_ELECTRIC,TRNS: Increase electric transportation energy efficiency,Missing,Fractional increase in electric vehicle efficiency against the final time period.,12,0.0,0.0,0.20930232558139536,0.4186046511627907,2063
Energy,TRNS,TFR:TRNS:INC_EFFICIENCY_ELECTRIC,TRNS: Increase electric transportation energy efficiency,Missing,Fractional increase in electric vehicle efficiency against the final time period.,12,0.0,0.0,0.21511627906976744,0.43023255813953487,2064
Energy,TRNS,TFR:TRNS:INC_EFFICIENCY_ELECTRIC,TRNS: Increase electric transportation energy efficiency,Missing,Fractional increase in electric vehicle efficiency against the final time period.,12,0.0,0.0,0.22093023255813954,0.4418604651162791,2065
Energy,TRNS,TFR:TRNS:INC_EFFICIENCY_ELECTRIC,TRNS: Increase electric transportation energy efficiency,Missing,Fractional increase in electric vehicle efficiency against the final time period.,12,0.0,0.0,0.22674418604651161,0.45348837209302323,2066
Energy,TRNS,TFR:TRNS:INC_EFFICIENCY_ELECTRIC,TRNS: Increase electric transportation energy efficiency,Missing,Fractional increase in electric vehicle efficiency against the final time period.,12,0.0,0.0,0.23255813953488372,0.46511627906976744,2067
Energy,TRNS,TFR:TRNS:INC_EFFICIENCY_ELECTRIC,TRNS: Increase electric transportation energy efficiency,Missing,Fractional increase in electric vehicle efficiency against the final time period.,12,0.0,0.0,0.23837209302325582,0.47674418604651164,2068
Energy,TRNS,TFR:TRNS:INC_EFFICIENCY_ELECTRIC,TRNS: Increase electric transportation energy efficiency,Missing,Fractional increase in electric vehicle efficiency against the final time period.,12,0.0,0.0,0.2441860465116279,0.4883720930232558,2069
Energy,TRNS,TFR:TRNS:INC_EFFICIENCY_ELECTRIC,TRNS: Increase electric transportation energy efficiency,Missing,Fractional increase in electric vehicle efficiency against the final time period.,12,0.0,0.0,0.25,0.5,2070
Energy,TRNS,TFR:TRNS:INC_EFFICIENCY_NON_ELECTRIC,TRNS: Increase non-electric transportation energy efficiency,Missing,Fractional increase in non-electric vehicle efficiency against the final time period,12,0.0,0.0,0.0,0.0,2015
Energy,TRNS,TFR:TRNS:INC_EFFICIENCY_NON_ELECTRIC,TRNS: Increase non-electric transportation energy efficiency,Missing,Fractional increase in non-electric vehicle efficiency against the final time period,12,0.0,0.0,0.0,0.0,2016
Energy,TRNS,TFR:TRNS:INC_EFFICIENCY_NON_ELECTRIC,TRNS: Increase non-electric transportation energy efficiency,Missing,Fractional increase in non-electric vehicle efficiency against the final time period,12,0.0,0.0,0.0,0.0,2017
Energy,TRNS,TFR:TRNS:INC_EFFICIENCY_NON_ELECTRIC,TRNS: Increase non-electric transportation energy efficiency,Missing,Fractional increase in non-electric vehicle efficiency against the final time period,12,0.0,0.0,0.0,0.0,2018
Energy,TRNS,TFR:TRNS:INC_EFFICIENCY_NON_ELECTRIC,TRNS: Increase non-electric transportation energy efficiency,Missing,Fractional increase in non-electric vehicle efficiency against the final time period,12,0.0,0.0,0.0,0.0,2019
Energy,TRNS,TFR:TRNS:INC_EFFICIENCY_NON_ELECTRIC,TRNS: Increase non-electric transportation energy efficiency,Missing,Fractional increase in non-electric vehicle efficiency against the final time period,12,0.0,0.0,0.0,0.0,2020
Energy,TRNS,TFR:TRNS:INC_EFFICIENCY_NON_ELECTRIC,TRNS: Increase non-electric transportation energy efficiency,Missing,Fractional increase in non-electric vehicle efficiency against the final time period,12,0.0,0.0,0.0,0.0,2021
Energy,TRNS,TFR:TRNS:INC_EFFICIENCY_NON_ELECTRIC,TRNS: Increase non-electric transportation energy efficiency,Missing,Fractional increase in non-electric vehicle efficiency against the final time period,12,0.0,0.0,0.0,0.0,2022
Energy,TRNS,TFR:TRNS:INC_EFFICIENCY_NON_ELECTRIC,TRNS: Increase non-electric transportation energy efficiency,Missing,Fractional increase in non-electric vehicle efficiency against the final time period,12,0.0,0.0,0.0,0.0,2023
Energy,TRNS,TFR:TRNS:INC_EFFICIENCY_NON_ELECTRIC,TRNS: Increase non-electric transportation energy efficiency,Missing,Fractional increase in non-electric vehicle efficiency against the final time period,12,0.0,0.0,0.0,0.0,2024
Energy,TRNS,TFR:TRNS:INC_EFFICIENCY_NON_ELECTRIC,TRNS: Increase non-electric transportation energy efficiency,Missing,Fractional increase in non-electric vehicle efficiency against the final time period,12,0.0,0.0,0.0,0.0,2025
Energy,TRNS,TFR:TRNS:INC_EFFICIENCY_NON_ELECTRIC,TRNS: Increase non-electric transportation energy efficiency,Missing,Fractional increase in non-electric vehicle efficiency against the final time period,12,0.0,0.0,0.0,0.0,2026
Energy,TRNS,TFR:TRNS:INC_EFFICIENCY_NON_ELECTRIC,TRNS: Increase non-electric transportation energy efficiency,Missing,Fractional increase in non-electric vehicle efficiency against the final time period,12,0.0,0.0,0.0,0.0,2027
Energy,TRNS,TFR:TRNS:INC_EFFICIENCY_NON_ELECTRIC,TRNS: Increase non-electric transportation energy efficiency,Missing,Fractional increase in non-electric vehicle efficiency against the final time period,12,0.0,0.0,0.005813953488372093,0.011627906976744186,2028
Energy,TRNS,TFR:TRNS:INC_EFFICIENCY_NON_ELECTRIC,TRNS: Increase non-electric transportation energy efficiency,Missing,Fractional increase in non-electric vehicle efficiency against the final time period,12,0.0,0.0,0.011627906976744186,0.023255813953488372,2029
Energy,TRNS,TFR:TRNS:INC_EFFICIENCY_NON_ELECTRIC,TRNS: Increase non-electric transportation energy efficiency,Missing,Fractional increase in non-electric vehicle efficiency against the final time period,12,0.0,0.0,0.01744186046511628,0.03488372093023256,2030
Energy,TRNS,TFR:TRNS:INC_EFFICIENCY_NON_ELECTRIC,TRNS: Increase non-electric transportation energy efficiency,Missing,Fractional increase in non-electric vehicle efficiency against the final time period,12,0.0,0.0,0.023255813953488372,0.046511627906976744,2031
Energy,TRNS,TFR:TRNS:INC_EFFICIENCY_NON_ELECTRIC,TRNS: Increase non-electric transportation energy efficiency,Missing,Fractional increase in non-electric vehicle efficiency against the final time period,12,0.0,0.0,0.029069767441860465,0.05813953488372093,2032
Energy,TRNS,TFR:TRNS:INC_EFFICIENCY_NON_ELECTRIC,TRNS: Increase non-electric transportation energy efficiency,Missing,Fractional increase in non-electric vehicle efficiency against the final time period,12,0.0,0.0,0.03488372093023256,0.06976744186046512,2033
Energy,TRNS,TFR:TRNS:INC_EFFICIENCY_NON_ELECTRIC,TRNS: Increase non-electric transportation energy efficiency,Missing,Fractional increase in non-electric vehicle efficiency against the final time period,12,0.0,0.0,0.040697674418604654,0.08139534883720931,2034
Energy,TRNS,TFR:TRNS:INC_EFFICIENCY_NON_ELECTRIC,TRNS: Increase non-electric transportation energy efficiency,Missing,Fractional increase in non-electric vehicle efficiency against the final time period,12,0.0,0.0,0.046511627906976744,0.09302325581395349,2035
Energy,TRNS,TFR:TRNS:INC_EFFICIENCY_NON_ELECTRIC,TRNS: Increase non-electric transportation energy efficiency,Missing,Fractional increase in non-electric vehicle efficiency against the final time period,12,0.0,0.0,0.05232558139534884,0.10465116279069768,2036
Energy,TRNS,TFR:TRNS:INC_EFFICIENCY_NON_ELECTRIC,TRNS: Increase non-electric transportation energy efficiency,Missing,Fractional increase in non-electric vehicle efficiency against the final time period,12,0.0,0.0,0.05813953488372093,0.11627906976744186,2037
Energy,TRNS,TFR:TRNS:INC_EFFICIENCY_NON_ELECTRIC,TRNS: Increase non-electric transportation energy efficiency,Missing,Fractional increase in non-electric vehicle efficiency against the final time period,12,0.0,0.0,0.06395348837209303,0.12790697674418605,2038
Energy,TRNS,TFR:TRNS:INC_EFFICIENCY_NON_ELECTRIC,TRNS: Increase non-electric transportation energy efficiency,Missing,Fractional increase in non-electric vehicle efficiency against the final time period,12,0.0,0.0,0.06976744186046512,0.13953488372093023,2039
Energy,TRNS,TFR:TRNS:INC_EFFICIENCY_NON_ELECTRIC,TRNS: Increase non-electric transportation energy efficiency,Missing,Fractional increase in non-electric vehicle efficiency against the final time period,12,0.0,0.0,0.0755813953488372,0.1511627906976744,2040
Energy,TRNS,TFR:TRNS:INC_EFFICIENCY_NON_ELECTRIC,TRNS: Increase non-electric transportation energy efficiency,Missing,Fractional increase in non-electric vehicle efficiency against the final time period,12,0.0,0.0,0.08139534883720931,0.16279069767441862,2041
Energy,TRNS,TFR:TRNS:INC_EFFICIENCY_NON_ELECTRIC,TRNS: Increase non-electric transportation energy efficiency,Missing,Fractional increase in non-electric vehicle efficiency against the final time period,12,0.0,0.0,0.0872093023255814,0.1744186046511628,2042
Energy,TRNS,TFR:TRNS:INC_EFFICIENCY_NON_ELECTRIC,TRNS: Increase non-electric transportation energy efficiency,Missing,Fractional increase in non-electric vehicle efficiency against the final time period,12,0.0,0.0,0.09302325581395349,0.18604651162790697,2043
Energy,TRNS,TFR:TRNS:INC_EFFICIENCY_NON_ELECTRIC,TRNS: Increase non-electric transportation energy efficiency,Missing,Fractional increase in non-electric vehicle efficiency against the final time period,12,0.0,0.0,0.09883720930232558,0.19767441860465115,2044
Energy,TRNS,TFR:TRNS:INC_EFFICIENCY_NON_ELECTRIC,TRNS: Increase non-electric transportation energy efficiency,Missing,Fractional increase in non-electric vehicle efficiency against the final time period,12,0.0,0.0,0.10465116279069768,0.20930232558139536,2045
Energy,TRNS,TFR:TRNS:INC_EFFICIENCY_NON_ELECTRIC,TRNS: Increase non-electric transportation energy efficiency,Missing,Fractional increase in non-electric vehicle efficiency against the final time period,12,0.0,0.0,0.11046511627906977,0.22093023255813954,2046
Energy,TRNS,TFR:TRNS:INC_EFFICIENCY_NON_ELECTRIC,TRNS: Increase non-electric transportation energy efficiency,Missing,Fractional increase in non-electric vehicle efficiency against the final time period,12,0.0,0.0,0.11627906976744186,0.23255813953488372,2047
Energy,TRNS,TFR:TRNS:INC_EFFICIENCY_NON_ELECTRIC,TRNS: Increase non-electric transportation energy efficiency,Missing,Fractional increase in non-electric vehicle efficiency against the final time period,12,0.0,0.0,0.12209302325581395,0.2441860465116279,2048
Energy,TRNS,TFR:TRNS:INC_EFFICIENCY_NON_ELECTRIC,TRNS: Increase non-electric transportation energy efficiency,Missing,Fractional increase in non-electric vehicle efficiency against the final time period,12,0.0,0.0,0.12790697674418605,0.2558139534883721,2049
Energy,TRNS,TFR:TRNS:INC_EFFICIENCY_NON_ELECTRIC,TRNS: Increase non-electric transportation energy efficiency,Missing,Fractional increase in non-electric vehicle efficiency against the final time period,12,0.0,0.0,0.13372093023255813,0.26744186046511625,2050
Energy,TRNS,TFR:TRNS:INC_EFFICIENCY_NON_ELECTRIC,TRNS: Increase non-electric transportation energy efficiency,Missing,Fractional increase in non-electric vehicle efficiency against the final time period,12,0.0,0.0,0.13953488372093023,0.27906976744186046,2051
Energy,TRNS,TFR:TRNS:INC_EFFICIENCY_NON_ELECTRIC,TRNS: Increase non-electric transportation energy efficiency,Missing,Fractional increase in non-electric vehicle efficiency against the final time period,12,0.0,0.0,0.14534883720930233,0.29069767441860467,2052
Energy,TRNS,TFR:TRNS:INC_EFFICIENCY_NON_ELECTRIC,TRNS: Increase non-electric transportation energy efficiency,Missing,Fractional increase in non-electric vehicle efficiency against the final time period,12,0.0,0.0,0.1511627906976744,0.3023255813953488,2053
Energy,TRNS,TFR:TRNS:INC_EFFICIENCY_NON_ELECTRIC,TRNS: Increase non-electric transportation energy efficiency,Missing,Fractional increase in non-electric vehicle efficiency against the final time period,12,0.0,0.0,0.1569767441860465,0.313953488372093,2054
Energy,TRNS,TFR:TRNS:INC_EFFICIENCY_NON_ELECTRIC,TRNS: Increase non-electric transportation energy efficiency,Missing,Fractional increase in non-electric vehicle efficiency against the final time period,12,0.0,0.0,0.16279069767441862,0.32558139534883723,2055
Energy,TRNS,TFR:TRNS:INC_EFFICIENCY_NON_ELECTRIC,TRNS: Increase non-electric transportation energy efficiency,Missing,Fractional increase in non-electric vehicle efficiency against the final time period,12,0.0,0.0,0.1686046511627907,0.3372093023255814,2056
Energy,TRNS,TFR:TRNS:INC_EFFICIENCY_NON_ELECTRIC,TRNS: Increase non-electric transportation energy efficiency,Missing,Fractional increase in non-electric vehicle efficiency against the final time period,12,0.0,0.0,0.1744186046511628,0.3488372093023256,2057
Energy,TRNS,TFR:TRNS:INC_EFFICIENCY_NON_ELECTRIC,TRNS: Increase non-electric transportation energy efficiency,Missing,Fractional increase in non-electric vehicle efficiency against the final time period,12,0.0,0.0,0.18023255813953487,0.36046511627906974,2058
Energy,TRNS,TFR:TRNS:INC_EFFICIENCY_NON_ELECTRIC,TRNS: Increase non-electric transportation energy efficiency,Missing,Fractional increase in non-electric vehicle efficiency against the final time period,12,0.0,0.0,0.18604651162790697,0.37209302325581395,2059
Energy,TRNS,TFR:TRNS:INC_EFFICIENCY_NON_ELECTRIC,TRNS: Increase non-electric transportation energy efficiency,Missing,Fractional increase in non-electric vehicle efficiency against the final time period,12,0.0,0.0,0.19186046511627908,0.38372093023255816,2060
Energy,TRNS,TFR:TRNS:INC_EFFICIENCY_NON_ELECTRIC,TRNS: Increase non-electric transportation energy efficiency,Missing,Fractional increase in non-electric vehicle efficiency against the final time period,12,0.0,0.0,0.19767441860465115,0.3953488372093023,2061
Energy,TRNS,TFR:TRNS:INC_EFFICIENCY_NON_ELECTRIC,TRNS: Increase non-electric transportation energy efficiency,Missing,Fractional increase in non-electric vehicle efficiency against the final time period,12,0.0,0.0,0.20348837209302326,0.4069767441860465,2062
Energy,TRNS,TFR:TRNS:INC_EFFICIENCY_NON_ELECTRIC,TRNS: Increase non-electric transportation energy efficiency,Missing,Fractional increase in non-electric vehicle efficiency against the final time period,12,0.0,0.0,0.20930232558139536,0.4186046511627907,2063
Energy,TRNS,TFR:TRNS:INC_EFFICIENCY_NON_ELECTRIC,TRNS: Increase non-electric transportation energy efficiency,Missing,Fractional increase in non-electric vehicle efficiency against the final time period,12,0.0,0.0,0.21511627906976744,0.43023255813953487,2064
Energy,TRNS,TFR:TRNS:INC_EFFICIENCY_NON_ELECTRIC,TRNS: Increase non-electric transportation energy efficiency,Missing,Fractional increase in non-electric vehicle efficiency against the final time period,12,0.0,0.0,0.22093023255813954,0.4418604651162791,2065
Energy,TRNS,TFR:TRNS:INC_EFFICIENCY_NON_ELECTRIC,TRNS: Increase non-electric transportation energy efficiency,Missing,Fractional increase in non-electric vehicle efficiency against the final time period,12,0.0,0.0,0.22674418604651161,0.45348837209302323,2066
Energy,TRNS,TFR:TRNS:INC_EFFICIENCY_NON_ELECTRIC,TRNS: Increase non-electric transportation energy efficiency,Missing,Fractional increase in non-electric vehicle efficiency against the final time period,12,0.0,0.0,0.23255813953488372,0.46511627906976744,2067
Energy,TRNS,TFR:TRNS:INC_EFFICIENCY_NON_ELECTRIC,TRNS: Increase non-electric transportation energy efficiency,Missing,Fractional increase in non-electric vehicle efficiency against the final time period,12,0.0,0.0,0.23837209302325582,0.47674418604651164,2068
Energy,TRNS,TFR:TRNS:INC_EFFICIENCY_NON_ELECTRIC,TRNS: Increase non-electric transportation energy efficiency,Missing,Fractional increase in non-electric vehicle efficiency against the final time period,12,0.0,0.0,0.2441860465116279,0.4883720930232558,2069
Energy,TRNS,TFR:TRNS:INC_EFFICIENCY_NON_ELECTRIC,TRNS: Increase non-electric transportation energy efficiency,Missing,Fractional increase in non-electric vehicle efficiency against the final time period,12,0.0,0.0,0.25,0.5,2070
Energy,TRNS,TFR:TRNS:INC_OCCUPANCY_LIGHT_DUTY,TRNS: Increase occupancy for private vehicles,Missing,Fractional increase in the average occupancy rate of private vehicles.,12,0.0,0.0,0.0,0.0,2015
Energy,TRNS,TFR:TRNS:INC_OCCUPANCY_LIGHT_DUTY,TRNS: Increase occupancy for private vehicles,Missing,Fractional increase in the average occupancy rate of private vehicles.,12,0.0,0.0,0.0,0.0,2016
Energy,TRNS,TFR:TRNS:INC_OCCUPANCY_LIGHT_DUTY,TRNS: Increase occupancy for private vehicles,Missing,Fractional increase in the average occupancy rate of private vehicles.,12,0.0,0.0,0.0,0.0,2017
Energy,TRNS,TFR:TRNS:INC_OCCUPANCY_LIGHT_DUTY,TRNS: Increase occupancy for private vehicles,Missing,Fractional increase in the average occupancy rate of private vehicles.,12,0.0,0.0,0.0,0.0,2018
Energy,TRNS,TFR:TRNS:INC_OCCUPANCY_LIGHT_DUTY,TRNS: Increase occupancy for private vehicles,Missing,Fractional increase in the average occupancy rate of private vehicles.,12,0.0,0.0,0.0,0.0,2019
Energy,TRNS,TFR:TRNS:INC_OCCUPANCY_LIGHT_DUTY,TRNS: Increase occupancy for private vehicles,Missing,Fractional increase in the average occupancy rate of private vehicles.,12,0.0,0.0,0.0,0.0,2020
Energy,TRNS,TFR:TRNS:INC_OCCUPANCY_LIGHT_DUTY,TRNS: Increase occupancy for private vehicles,Missing,Fractional increase in the average occupancy rate of private vehicles.,12,0.0,0.0,0.0,0.0,2021
Energy,TRNS,TFR:TRNS:INC_OCCUPANCY_LIGHT_DUTY,TRNS: Increase occupancy for private vehicles,Missing,Fractional increase in the average occupancy rate of private vehicles.,12,0.0,0.0,0.0,0.0,2022
Energy,TRNS,TFR:TRNS:INC_OCCUPANCY_LIGHT_DUTY,TRNS: Increase occupancy for private vehicles,Missing,Fractional increase in the average occupancy rate of private vehicles.,12,0.0,0.0,0.0,0.0,2023
Energy,TRNS,TFR:TRNS:INC_OCCUPANCY_LIGHT_DUTY,TRNS: Increase occupancy for private vehicles,Missing,Fractional increase in the average occupancy rate of private vehicles.,12,0.0,0.0,0.0,0.0,2024
Energy,TRNS,TFR:TRNS:INC_OCCUPANCY_LIGHT_DUTY,TRNS: Increase occupancy for private vehicles,Missing,Fractional increase in the average occupancy rate of private vehicles.,12,0.0,0.0,0.0,0.0,2025
Energy,TRNS,TFR:TRNS:INC_OCCUPANCY_LIGHT_DUTY,TRNS: Increase occupancy for private vehicles,Missing,Fractional increase in the average occupancy rate of private vehicles.,12,0.0,0.0,0.0,0.0,2026
Energy,TRNS,TFR:TRNS:INC_OCCUPANCY_LIGHT_DUTY,TRNS: Increase occupancy for private vehicles,Missing,Fractional increase in the average occupancy rate of private vehicles.,12,0.0,0.0,0.0,0.0,2027
Energy,TRNS,TFR:TRNS:INC_OCCUPANCY_LIGHT_DUTY,TRNS: Increase occupancy for private vehicles,Missing,Fractional increase in the average occupancy rate of private vehicles.,12,0.0,0.0,0.005813953488372093,0.011627906976744186,2028
Energy,TRNS,TFR:TRNS:INC_OCCUPANCY_LIGHT_DUTY,TRNS: Increase occupancy for private vehicles,Missing,Fractional increase in the average occupancy rate of private vehicles.,12,0.0,0.0,0.011627906976744186,0.023255813953488372,2029
Energy,TRNS,TFR:TRNS:INC_OCCUPANCY_LIGHT_DUTY,TRNS: Increase occupancy for private vehicles,Missing,Fractional increase in the average occupancy rate of private vehicles.,12,0.0,0.0,0.01744186046511628,0.03488372093023256,2030
Energy,TRNS,TFR:TRNS:INC_OCCUPANCY_LIGHT_DUTY,TRNS: Increase occupancy for private vehicles,Missing,Fractional increase in the average occupancy rate of private vehicles.,12,0.0,0.0,0.023255813953488372,0.046511627906976744,2031
Energy,TRNS,TFR:TRNS:INC_OCCUPANCY_LIGHT_DUTY,TRNS: Increase occupancy for private vehicles,Missing,Fractional increase in the average occupancy rate of private vehicles.,12,0.0,0.0,0.029069767441860465,0.05813953488372093,2032
Energy,TRNS,TFR:TRNS:INC_OCCUPANCY_LIGHT_DUTY,TRNS: Increase occupancy for private vehicles,Missing,Fractional increase in the average occupancy rate of private vehicles.,12,0.0,0.0,0.03488372093023256,0.06976744186046512,2033
Energy,TRNS,TFR:TRNS:INC_OCCUPANCY_LIGHT_DUTY,TRNS: Increase occupancy for private vehicles,Missing,Fractional increase in the average occupancy rate of private vehicles.,12,0.0,0.0,0.040697674418604654,0.08139534883720931,2034
Energy,TRNS,TFR:TRNS:INC_OCCUPANCY_LIGHT_DUTY,TRNS: Increase occupancy for private vehicles,Missing,Fractional increase in the average occupancy rate of private vehicles.,12,0.0,0.0,0.046511627906976744,0.09302325581395349,2035
Energy,TRNS,TFR:TRNS:INC_OCCUPANCY_LIGHT_DUTY,TRNS: Increase occupancy for private vehicles,Missing,Fractional increase in the average occupancy rate of private vehicles.,12,0.0,0.0,0.05232558139534884,0.10465116279069768,2036
Energy,TRNS,TFR:TRNS:INC_OCCUPANCY_LIGHT_DUTY,TRNS: Increase occupancy for private vehicles,Missing,Fractional increase in the average occupancy rate of private vehicles.,12,0.0,0.0,0.05813953488372093,0.11627906976744186,2037
Energy,TRNS,TFR:TRNS:INC_OCCUPANCY_LIGHT_DUTY,TRNS: Increase occupancy for private vehicles,Missing,Fractional increase in the average occupancy rate of private vehicles.,12,0.0,0.0,0.06395348837209303,0.12790697674418605,2038
Energy,TRNS,TFR:TRNS:INC_OCCUPANCY_LIGHT_DUTY,TRNS: Increase occupancy for private vehicles,Missing,Fractional increase in the average occupancy rate of private vehicles.,12,0.0,0.0,0.06976744186046512,0.13953488372093023,2039
Energy,TRNS,TFR:TRNS:INC_OCCUPANCY_LIGHT_DUTY,TRNS: Increase occupancy for private vehicles,Missing,Fractional increase in the average occupancy rate of private vehicles.,12,0.0,0.0,0.0755813953488372,0.1511627906976744,2040
Energy,TRNS,TFR:TRNS:INC_OCCUPANCY_LIGHT_DUTY,TRNS: Increase occupancy for private vehicles,Missing,Fractional increase in the average occupancy rate of private vehicles.,12,0.0,0.0,0.08139534883720931,0.16279069767441862,2041
Energy,TRNS,TFR:TRNS:INC_OCCUPANCY_LIGHT_DUTY,TRNS: Increase occupancy for private vehicles,Missing,Fractional increase in the average occupancy rate of private vehicles.,12,0.0,0.0,0.0872093023255814,0.1744186046511628,2042
Energy,TRNS,TFR:TRNS:INC_OCCUPANCY_LIGHT_DUTY,TRNS: Increase occupancy for private vehicles,Missing,Fractional increase in the average occupancy rate of private vehicles.,12,0.0,0.0,0.09302325581395349,0.18604651162790697,2043
Energy,TRNS,TFR:TRNS:INC_OCCUPANCY_LIGHT_DUTY,TRNS: Increase occupancy for private vehicles,Missing,Fractional increase in the average occupancy rate of private vehicles.,12,0.0,0.0,0.09883720930232558,0.19767441860465115,2044
Energy,TRNS,TFR:TRNS:INC_OCCUPANCY_LIGHT_DUTY,TRNS: Increase occupancy for private vehicles,Missing,Fractional increase in the average occupancy rate of private vehicles.,12,0.0,0.0,0.10465116279069768,0.20930232558139536,2045
Energy,TRNS,TFR:TRNS:INC_OCCUPANCY_LIGHT_DUTY,TRNS: Increase occupancy for private vehicles,Missing,Fractional increase in the average occupancy rate of private vehicles.,12,0.0,0.0,0.11046511627906977,0.22093023255813954,2046
Energy,TRNS,TFR:TRNS:INC_OCCUPANCY_LIGHT_DUTY,TRNS: Increase occupancy for private vehicles,Missing,Fractional increase in the average occupancy rate of private vehicles.,12,0.0,0.0,0.11627906976744186,0.23255813953488372,2047
Energy,TRNS,TFR:TRNS:INC_OCCUPANCY_LIGHT_DUTY,TRNS: Increase occupancy for private vehicles,Missing,Fractional increase in the average occupancy rate of private vehicles.,12,0.0,0.0,0.12209302325581395,0.2441860465116279,2048
Energy,TRNS,TFR:TRNS:INC_OCCUPANCY_LIGHT_DUTY,TRNS: Increase occupancy for private vehicles,Missing,Fractional increase in the average occupancy rate of private vehicles.,12,0.0,0.0,0.12790697674418605,0.2558139534883721,2049
Energy,TRNS,TFR:TRNS:INC_OCCUPANCY_LIGHT_DUTY,TRNS: Increase occupancy for private vehicles,Missing,Fractional increase in the average occupancy rate of private vehicles.,12,0.0,0.0,0.13372093023255813,0.26744186046511625,2050
Energy,TRNS,TFR:TRNS:INC_OCCUPANCY_LIGHT_DUTY,TRNS: Increase occupancy for private vehicles,Missing,Fractional increase in the average occupancy rate of private vehicles.,12,0.0,0.0,0.13953488372093023,0.27906976744186046,2051
Energy,TRNS,TFR:TRNS:INC_OCCUPANCY_LIGHT_DUTY,TRNS: Increase occupancy for private vehicles,Missing,Fractional increase in the average occupancy rate of private vehicles.,12,0.0,0.0,0.14534883720930233,0.29069767441860467,2052
Energy,TRNS,TFR:TRNS:INC_OCCUPANCY_LIGHT_DUTY,TRNS: Increase occupancy for private vehicles,Missing,Fractional increase in the average occupancy rate of private vehicles.,12,0.0,0.0,0.1511627906976744,0.3023255813953488,2053
Energy,TRNS,TFR:TRNS:INC_OCCUPANCY_LIGHT_DUTY,TRNS: Increase occupancy for private vehicles,Missing,Fractional increase in the average occupancy rate of private vehicles.,12,0.0,0.0,0.1569767441860465,0.313953488372093,2054
Energy,TRNS,TFR:TRNS:INC_OCCUPANCY_LIGHT_DUTY,TRNS: Increase occupancy for private vehicles,Missing,Fractional increase in the average occupancy rate of private vehicles.,12,0.0,0.0,0.16279069767441862,0.32558139534883723,2055
Energy,TRNS,TFR:TRNS:INC_OCCUPANCY_LIGHT_DUTY,TRNS: Increase occupancy for private vehicles,Missing,Fractional increase in the average occupancy rate of private vehicles.,12,0.0,0.0,0.1686046511627907,0.3372093023255814,2056
Energy,TRNS,TFR:TRNS:INC_OCCUPANCY_LIGHT_DUTY,TRNS: Increase occupancy for private vehicles,Missing,Fractional increase in the average occupancy rate of private vehicles.,12,0.0,0.0,0.1744186046511628,0.3488372093023256,2057
Energy,TRNS,TFR:TRNS:INC_OCCUPANCY_LIGHT_DUTY,TRNS: Increase occupancy for private vehicles,Missing,Fractional increase in the average occupancy rate of private vehicles.,12,0.0,0.0,0.18023255813953487,0.36046511627906974,2058
Energy,TRNS,TFR:TRNS:INC_OCCUPANCY_LIGHT_DUTY,TRNS: Increase occupancy for private vehicles,Missing,Fractional increase in the average occupancy rate of private vehicles.,12,0.0,0.0,0.18604651162790697,0.37209302325581395,2059
Energy,TRNS,TFR:TRNS:INC_OCCUPANCY_LIGHT_DUTY,TRNS: Increase occupancy for private vehicles,Missing,Fractional increase in the average occupancy rate of private vehicles.,12,0.0,0.0,0.19186046511627908,0.38372093023255816,2060
Energy,TRNS,TFR:TRNS:INC_OCCUPANCY_LIGHT_DUTY,TRNS: Increase occupancy for private vehicles,Missing,Fractional increase in the average occupancy rate of private vehicles.,12,0.0,0.0,0.19767441860465115,0.3953488372093023,2061
Energy,TRNS,TFR:TRNS:INC_OCCUPANCY_LIGHT_DUTY,TRNS: Increase occupancy for private vehicles,Missing,Fractional increase in the average occupancy rate of private vehicles.,12,0.0,0.0,0.20348837209302326,0.4069767441860465,2062
Energy,TRNS,TFR:TRNS:INC_OCCUPANCY_LIGHT_DUTY,TRNS: Increase occupancy for private vehicles,Missing,Fractional increase in the average occupancy rate of private vehicles.,12,0.0,0.0,0.20930232558139536,0.4186046511627907,2063
Energy,TRNS,TFR:TRNS:INC_OCCUPANCY_LIGHT_DUTY,TRNS: Increase occupancy for private vehicles,Missing,Fractional increase in the average occupancy rate of private vehicles.,12,0.0,0.0,0.21511627906976744,0.43023255813953487,2064
Energy,TRNS,TFR:TRNS:INC_OCCUPANCY_LIGHT_DUTY,TRNS: Increase occupancy for private vehicles,Missing,Fractional increase in the average occupancy rate of private vehicles.,12,0.0,0.0,0.22093023255813954,0.4418604651162791,2065
Energy,TRNS,TFR:TRNS:INC_OCCUPANCY_LIGHT_DUTY,TRNS: Increase occupancy for private vehicles,Missing,Fractional increase in the average occupancy rate of private vehicles.,12,0.0,0.0,0.22674418604651161,0.45348837209302323,2066
Energy,TRNS,TFR:TRNS:INC_OCCUPANCY_LIGHT_DUTY,TRNS: Increase occupancy for private vehicles,Missing,Fractional increase in the average occupancy rate of private vehicles.,12,0.0,0.0,0.23255813953488372,0.46511627906976744,2067
Energy,TRNS,TFR:TRNS:INC_OCCUPANCY_LIGHT_DUTY,TRNS: Increase occupancy for private vehicles,Missing,Fractional increase in the average occupancy rate of private vehicles.,12,0.0,0.0,0.23837209302325582,0.47674418604651164,2068
Energy,TRNS,TFR:TRNS:INC_OCCUPANCY_LIGHT_DUTY,TRNS: Increase occupancy for private vehicles,Missing,Fractional increase in the average occupancy rate of private vehicles.,12,0.0,0.0,0.2441860465116279,0.4883720930232558,2069
Energy,TRNS,TFR:TRNS:INC_OCCUPANCY_LIGHT_DUTY,TRNS: Increase occupancy for private vehicles,Missing,Fractional increase in the average occupancy rate of private vehicles.,12,0.0,0.0,0.25,0.5,2070
Energy,TRNS,TFR:TRNS:SHIFT_FUEL_LIGHT_DUTY,TRNS: Electrify light duty road transport,Missing,Minimum target fraction of light duty vehicles fueled by electricity. Can be used to explore other fuel shifts through a dictionary.,12,0.0,0.0,0.0,0.0,2015
Energy,TRNS,TFR:TRNS:SHIFT_FUEL_LIGHT_DUTY,TRNS: Electrify light duty road transport,Missing,Minimum target fraction of light duty vehicles fueled by electricity. Can be used to explore other fuel shifts through a dictionary.,12,0.0,0.0,0.0,0.0,2016
Energy,TRNS,TFR:TRNS:SHIFT_FUEL_LIGHT_DUTY,TRNS: Electrify light duty road transport,Missing,Minimum target fraction of light duty vehicles fueled by electricity. Can be used to explore other fuel shifts through a dictionary.,12,0.0,0.0,0.0,0.0,2017
Energy,TRNS,TFR:TRNS:SHIFT_FUEL_LIGHT_DUTY,TRNS: Electrify light duty road transport,Missing,Minimum target fraction of light duty vehicles fueled by electricity. Can be used to explore other fuel shifts through a dictionary.,12,0.0,0.0,0.0,0.0,2018
Energy,TRNS,TFR:TRNS:SHIFT_FUEL_LIGHT_DUTY,TRNS: Electrify light duty road transport,Missing,Minimum target fraction of light duty vehicles fueled by electricity. Can be used to explore other fuel shifts through a dictionary.,12,0.0,0.0,0.0,0.0,2019
Energy,TRNS,TFR:TRNS:SHIFT_FUEL_LIGHT_DUTY,TRNS: Electrify light duty road transport,Missing,Minimum target fraction of light duty vehicles fueled by electricity. Can be used to explore other fuel shifts through a dictionary.,12,0.0,0.0,0.0,0.0,2020
Energy,TRNS,TFR:TRNS:SHIFT_FUEL_LIGHT_DUTY,TRNS: Electrify light duty road transport,Missing,Minimum target fraction of light duty vehicles fueled by electricity. Can be used to explore other fuel shifts through a dictionary.,12,0.0,0.0,0.0,0.0,2021
Energy,TRNS,TFR:TRNS:SHIFT_FUEL_LIGHT_DUTY,TRNS: Electrify light duty road transport,Missing,Minimum target fraction of light duty vehicles fueled by electricity. Can be used to explore other fuel shifts through a dictionary.,12,0.0,0.0,0.0,0.0,2022
Energy,TRNS,TFR:TRNS:SHIFT_FUEL_LIGHT_DUTY,TRNS: Electrify light duty road transport,Missing,Minimum target fraction of light duty vehicles fueled by electricity. Can be used to explore other fuel shifts through a dictionary.,12,0.0,0.0,0.0,0.0,2023
Energy,TRNS,TFR:TRNS:SHIFT_FUEL_LIGHT_DUTY,TRNS: Electrify light duty road transport,Missing,Minimum target fraction of light duty vehicles fueled by electricity. Can be used to explore other fuel shifts through a dictionary.,12,0.0,0.0,0.0,0.0,2024
Energy,TRNS,TFR:TRNS:SHIFT_FUEL_LIGHT_DUTY,TRNS: Electrify light duty road transport,Missing,Minimum target fraction of light duty vehicles fueled by electricity. Can be used to explore other fuel shifts through a dictionary.,12,0.0,0.0,0.0,0.0,2025
Energy,TRNS,TFR:TRNS:SHIFT_FUEL_LIGHT_DUTY,TRNS: Electrify light duty road transport,Missing,Minimum target fraction of light duty vehicles fueled by electricity. Can be used to explore other fuel shifts through a dictionary.,12,0.0,0.0,0.0,0.0,2026
Energy,TRNS,TFR:TRNS:SHIFT_FUEL_LIGHT_DUTY,TRNS: Electrify light duty road transport,Missing,Minimum target fraction of light duty vehicles fueled by electricity. Can be used to explore other fuel shifts through a dictionary.,12,0.0,0.0,0.0,0.0,2027
Energy,TRNS,TFR:TRNS:SHIFT_FUEL_LIGHT_DUTY,TRNS: Electrify light duty road transport,Missing,Minimum target fraction of light duty vehicles fueled by electricity. Can be used to explore other fuel shifts through a dictionary.,12,0.0,0.00813953488372093,0.01627906976744186,0.01627906976744186,2028
Energy,TRNS,TFR:TRNS:SHIFT_FUEL_LIGHT_DUTY,TRNS: Electrify light duty road transport,Missing,Minimum target fraction of light duty vehicles fueled by electricity. Can be used to explore other fuel shifts through a dictionary.,12,0.0,0.01627906976744186,0.03255813953488372,0.03255813953488372,2029
Energy,TRNS,TFR:TRNS:SHIFT_FUEL_LIGHT_DUTY,TRNS: Electrify light duty road transport,Missing,Minimum target fraction of light duty vehicles fueled by electricity. Can be used to explore other fuel shifts through a dictionary.,12,0.0,0.02441860465116279,0.04883720930232558,0.04883720930232558,2030
Energy,TRNS,TFR:TRNS:SHIFT_FUEL_LIGHT_DUTY,TRNS: Electrify light duty road transport,Missing,Minimum target fraction of light duty vehicles fueled by electricity. Can be used to explore other fuel shifts through a dictionary.,12,0.0,0.03255813953488372,0.06511627906976744,0.06511627906976744,2031
Energy,TRNS,TFR:TRNS:SHIFT_FUEL_LIGHT_DUTY,TRNS: Electrify light duty road transport,Missing,Minimum target fraction of light duty vehicles fueled by electricity. Can be used to explore other fuel shifts through a dictionary.,12,0.0,0.04069767441860465,0.0813953488372093,0.0813953488372093,2032
Energy,TRNS,TFR:TRNS:SHIFT_FUEL_LIGHT_DUTY,TRNS: Electrify light duty road transport,Missing,Minimum target fraction of light duty vehicles fueled by electricity. Can be used to explore other fuel shifts through a dictionary.,12,0.0,0.04883720930232558,0.09767441860465116,0.09767441860465116,2033
Energy,TRNS,TFR:TRNS:SHIFT_FUEL_LIGHT_DUTY,TRNS: Electrify light duty road transport,Missing,Minimum target fraction of light duty vehicles fueled by electricity. Can be used to explore other fuel shifts through a dictionary.,12,0.0,0.056976744186046514,0.11395348837209303,0.11395348837209303,2034
Energy,TRNS,TFR:TRNS:SHIFT_FUEL_LIGHT_DUTY,TRNS: Electrify light duty road transport,Missing,Minimum target fraction of light duty vehicles fueled by electricity. Can be used to explore other fuel shifts through a dictionary.,12,0.0,0.06511627906976744,0.13023255813953488,0.13023255813953488,2035
Energy,TRNS,TFR:TRNS:SHIFT_FUEL_LIGHT_DUTY,TRNS: Electrify light duty road transport,Missing,Minimum target fraction of light duty vehicles fueled by electricity. Can be used to explore other fuel shifts through a dictionary.,12,0.0,0.07325581395348837,0.14651162790697675,0.14651162790697675,2036
Energy,TRNS,TFR:TRNS:SHIFT_FUEL_LIGHT_DUTY,TRNS: Electrify light duty road transport,Missing,Minimum target fraction of light duty vehicles fueled by electricity. Can be used to explore other fuel shifts through a dictionary.,12,0.0,0.0813953488372093,0.1627906976744186,0.1627906976744186,2037
Energy,TRNS,TFR:TRNS:SHIFT_FUEL_LIGHT_DUTY,TRNS: Electrify light duty road transport,Missing,Minimum target fraction of light duty vehicles fueled by electricity. Can be used to explore other fuel shifts through a dictionary.,12,0.0,0.08953488372093023,0.17906976744186046,0.17906976744186046,2038
Energy,TRNS,TFR:TRNS:SHIFT_FUEL_LIGHT_DUTY,TRNS: Electrify light duty road transport,Missing,Minimum target fraction of light duty vehicles fueled by electricity. Can be used to explore other fuel shifts through a dictionary.,12,0.0,0.09767441860465116,0.19534883720930232,0.19534883720930232,2039
Energy,TRNS,TFR:TRNS:SHIFT_FUEL_LIGHT_DUTY,TRNS: Electrify light duty road transport,Missing,Minimum target fraction of light duty vehicles fueled by electricity. Can be used to explore other fuel shifts through a dictionary.,12,0.0,0.10581395348837208,0.21162790697674416,0.21162790697674416,2040
Energy,TRNS,TFR:TRNS:SHIFT_FUEL_LIGHT_DUTY,TRNS: Electrify light duty road transport,Missing,Minimum target fraction of light duty vehicles fueled by electricity. Can be used to explore other fuel shifts through a dictionary.,12,0.0,0.11395348837209303,0.22790697674418606,0.22790697674418606,2041
Energy,TRNS,TFR:TRNS:SHIFT_FUEL_LIGHT_DUTY,TRNS: Electrify light duty road transport,Missing,Minimum target fraction of light duty vehicles fueled by electricity. Can be used to explore other fuel shifts through a dictionary.,12,0.0,0.12209302325581395,0.2441860465116279,0.2441860465116279,2042
Energy,TRNS,TFR:TRNS:SHIFT_FUEL_LIGHT_DUTY,TRNS: Electrify light duty road transport,Missing,Minimum target fraction of light duty vehicles fueled by electricity. Can be used to explore other fuel shifts through a dictionary.,12,0.0,0.13023255813953488,0.26046511627906976,0.26046511627906976,2043
Energy,TRNS,TFR:TRNS:SHIFT_FUEL_LIGHT_DUTY,TRNS: Electrify light duty road transport,Missing,Minimum target fraction of light duty vehicles fueled by electricity. Can be used to explore other fuel shifts through a dictionary.,12,0.0,0.1383720930232558,0.2767441860465116,0.2767441860465116,2044
Energy,TRNS,TFR:TRNS:SHIFT_FUEL_LIGHT_DUTY,TRNS: Electrify light duty road transport,Missing,Minimum target fraction of light duty vehicles fueled by electricity. Can be used to explore other fuel shifts through a dictionary.,12,0.0,0.14651162790697675,0.2930232558139535,0.2930232558139535,2045
Energy,TRNS,TFR:TRNS:SHIFT_FUEL_LIGHT_DUTY,TRNS: Electrify light duty road transport,Missing,Minimum target fraction of light duty vehicles fueled by electricity. Can be used to explore other fuel shifts through a dictionary.,12,0.0,0.15465116279069765,0.3093023255813953,0.3093023255813953,2046
Energy,TRNS,TFR:TRNS:SHIFT_FUEL_LIGHT_DUTY,TRNS: Electrify light duty road transport,Missing,Minimum target fraction of light duty vehicles fueled by electricity. Can be used to explore other fuel shifts through a dictionary.,12,0.0,0.1627906976744186,0.3255813953488372,0.3255813953488372,2047
Energy,TRNS,TFR:TRNS:SHIFT_FUEL_LIGHT_DUTY,TRNS: Electrify light duty road transport,Missing,Minimum target fraction of light duty vehicles fueled by electricity. Can be used to explore other fuel shifts through a dictionary.,12,0.0,0.17093023255813952,0.34186046511627904,0.34186046511627904,2048
Energy,TRNS,TFR:TRNS:SHIFT_FUEL_LIGHT_DUTY,TRNS: Electrify light duty road transport,Missing,Minimum target fraction of light duty vehicles fueled by electricity. Can be used to explore other fuel shifts through a dictionary.,12,0.0,0.17906976744186046,0.3581395348837209,0.3581395348837209,2049
Energy,TRNS,TFR:TRNS:SHIFT_FUEL_LIGHT_DUTY,TRNS: Electrify light duty road transport,Missing,Minimum target fraction of light duty vehicles fueled by electricity. Can be used to explore other fuel shifts through a dictionary.,12,0.0,0.18720930232558136,0.3744186046511627,0.3744186046511627,2050
Energy,TRNS,TFR:TRNS:SHIFT_FUEL_LIGHT_DUTY,TRNS: Electrify light duty road transport,Missing,Minimum target fraction of light duty vehicles fueled by electricity. Can be used to explore other fuel shifts through a dictionary.,12,0.0,0.19534883720930232,0.39069767441860465,0.39069767441860465,2051
Energy,TRNS,TFR:TRNS:SHIFT_FUEL_LIGHT_DUTY,TRNS: Electrify light duty road transport,Missing,Minimum target fraction of light duty vehicles fueled by electricity. Can be used to explore other fuel shifts through a dictionary.,12,0.0,0.20348837209302326,0.4069767441860465,0.4069767441860465,2052
Energy,TRNS,TFR:TRNS:SHIFT_FUEL_LIGHT_DUTY,TRNS: Electrify light duty road transport,Missing,Minimum target fraction of light duty vehicles fueled by electricity. Can be used to explore other fuel shifts through a dictionary.,12,0.0,0.21162790697674416,0.4232558139534883,0.4232558139534883,2053
Energy,TRNS,TFR:TRNS:SHIFT_FUEL_LIGHT_DUTY,TRNS: Electrify light duty road transport,Missing,Minimum target fraction of light duty vehicles fueled by electricity. Can be used to explore other fuel shifts through a dictionary.,12,0.0,0.2197674418604651,0.4395348837209302,0.4395348837209302,2054
Energy,TRNS,TFR:TRNS:SHIFT_FUEL_LIGHT_DUTY,TRNS: Electrify light duty road transport,Missing,Minimum target fraction of light duty vehicles fueled by electricity. Can be used to explore other fuel shifts through a dictionary.,12,0.0,0.22790697674418606,0.4558139534883721,0.4558139534883721,2055
Energy,TRNS,TFR:TRNS:SHIFT_FUEL_LIGHT_DUTY,TRNS: Electrify light duty road transport,Missing,Minimum target fraction of light duty vehicles fueled by electricity. Can be used to explore other fuel shifts through a dictionary.,12,0.0,0.23604651162790696,0.4720930232558139,0.4720930232558139,2056
Energy,TRNS,TFR:TRNS:SHIFT_FUEL_LIGHT_DUTY,TRNS: Electrify light duty road transport,Missing,Minimum target fraction of light duty vehicles fueled by electricity. Can be used to explore other fuel shifts through a dictionary.,12,0.0,0.2441860465116279,0.4883720930232558,0.4883720930232558,2057
Energy,TRNS,TFR:TRNS:SHIFT_FUEL_LIGHT_DUTY,TRNS: Electrify light duty road transport,Missing,Minimum target fraction of light duty vehicles fueled by electricity. Can be used to explore other fuel shifts through a dictionary.,12,0.0,0.25232558139534883,0.5046511627906977,0.5046511627906977,2058
Energy,TRNS,TFR:TRNS:SHIFT_FUEL_LIGHT_DUTY,TRNS: Electrify light duty road transport,Missing,Minimum target fraction of light duty vehicles fueled by electricity. Can be used to explore other fuel shifts through a dictionary.,12,0.0,0.26046511627906976,0.5209302325581395,0.5209302325581395,2059
Energy,TRNS,TFR:TRNS:SHIFT_FUEL_LIGHT_DUTY,TRNS: Electrify light duty road transport,Missing,Minimum target fraction of light duty vehicles fueled by electricity. Can be used to explore other fuel shifts through a dictionary.,12,0.0,0.2686046511627907,0.5372093023255814,0.5372093023255814,2060
Energy,TRNS,TFR:TRNS:SHIFT_FUEL_LIGHT_DUTY,TRNS: Electrify light duty road transport,Missing,Minimum target fraction of light duty vehicles fueled by electricity. Can be used to explore other fuel shifts through a dictionary.,12,0.0,0.2767441860465116,0.5534883720930232,0.5534883720930232,2061
Energy,TRNS,TFR:TRNS:SHIFT_FUEL_LIGHT_DUTY,TRNS: Electrify light duty road transport,Missing,Minimum target fraction of light duty vehicles fueled by electricity. Can be used to explore other fuel shifts through a dictionary.,12,0.0,0.28488372093023256,0.5697674418604651,0.5697674418604651,2062
Energy,TRNS,TFR:TRNS:SHIFT_FUEL_LIGHT_DUTY,TRNS: Electrify light duty road transport,Missing,Minimum target fraction of light duty vehicles fueled by electricity. Can be used to explore other fuel shifts through a dictionary.,12,0.0,0.2930232558139535,0.586046511627907,0.586046511627907,2063
Energy,TRNS,TFR:TRNS:SHIFT_FUEL_LIGHT_DUTY,TRNS: Electrify light duty road transport,Missing,Minimum target fraction of light duty vehicles fueled by electricity. Can be used to explore other fuel shifts through a dictionary.,12,0.0,0.3011627906976744,0.6023255813953488,0.6023255813953488,2064
Energy,TRNS,TFR:TRNS:SHIFT_FUEL_LIGHT_DUTY,TRNS: Electrify light duty road transport,Missing,Minimum target fraction of light duty vehicles fueled by electricity. Can be used to explore other fuel shifts through a dictionary.,12,0.0,0.3093023255813953,0.6186046511627906,0.6186046511627906,2065
Energy,TRNS,TFR:TRNS:SHIFT_FUEL_LIGHT_DUTY,TRNS: Electrify light duty road transport,Missing,Minimum target fraction of light duty vehicles fueled by electricity. Can be used to explore other fuel shifts through a dictionary.,12,0.0,0.31744186046511624,0.6348837209302325,0.6348837209302325,2066
Energy,TRNS,TFR:TRNS:SHIFT_FUEL_LIGHT_DUTY,TRNS: Electrify light duty road transport,Missing,Minimum target fraction of light duty vehicles fueled by electricity. Can be used to explore other fuel shifts through a dictionary.,12,0.0,0.3255813953488372,0.6511627906976744,0.6511627906976744,2067
Energy,TRNS,TFR:TRNS:SHIFT_FUEL_LIGHT_DUTY,TRNS: Electrify light duty road transport,Missing,Minimum target fraction of light duty vehicles fueled by electricity. Can be used to explore other fuel shifts through a dictionary.,12,0.0,0.3337209302325581,0.6674418604651162,0.6674418604651162,2068
Energy,TRNS,TFR:TRNS:SHIFT_FUEL_LIGHT_DUTY,TRNS: Electrify light duty road transport,Missing,Minimum target fraction of light duty vehicles fueled by electricity. Can be used to explore other fuel shifts through a dictionary.,12,0.0,0.34186046511627904,0.6837209302325581,0.6837209302325581,2069
Energy,TRNS,TFR:TRNS:SHIFT_FUEL_LIGHT_DUTY,TRNS: Electrify light duty road transport,Missing,Minimum target fraction of light duty vehicles fueled by electricity. Can be used to explore other fuel shifts through a dictionary.,12,0.0,0.35,0.7,0.7,2070
Energy,TRNS,TFR:TRNS:SHIFT_FUEL_MARITIME,TRNS: Fuel switch maritime,Missing,"Minimum target fraction of maritime transportation fueled by hydrogen. Can be used to explore other fuels, such as ammonia, through a dictionary.",12,0.0,0.0,0.0,0.0,2015
Energy,TRNS,TFR:TRNS:SHIFT_FUEL_MARITIME,TRNS: Fuel switch maritime,Missing,"Minimum target fraction of maritime transportation fueled by hydrogen. Can be used to explore other fuels, such as ammonia, through a dictionary.",12,0.0,0.0,0.0,0.0,2016
Energy,TRNS,TFR:TRNS:SHIFT_FUEL_MARITIME,TRNS: Fuel switch maritime,Missing,"Minimum target fraction of maritime transportation fueled by hydrogen. Can be used to explore other fuels, such as ammonia, through a dictionary.",12,0.0,0.0,0.0,0.0,2017
Energy,TRNS,TFR:TRNS:SHIFT_FUEL_MARITIME,TRNS: Fuel switch maritime,Missing,"Minimum target fraction of maritime transportation fueled by hydrogen. Can be used to explore other fuels, such as ammonia, through a dictionary.",12,0.0,0.0,0.0,0.0,2018
Energy,TRNS,TFR:TRNS:SHIFT_FUEL_MARITIME,TRNS: Fuel switch maritime,Missing,"Minimum target fraction of maritime transportation fueled by hydrogen. Can be used to explore other fuels, such as ammonia, through a dictionary.",12,0.0,0.0,0.0,0.0,2019
Energy,TRNS,TFR:TRNS:SHIFT_FUEL_MARITIME,TRNS: Fuel switch maritime,Missing,"Minimum target fraction of maritime transportation fueled by hydrogen. Can be used to explore other fuels, such as ammonia, through a dictionary.",12,0.0,0.0,0.0,0.0,2020
Energy,TRNS,TFR:TRNS:SHIFT_FUEL_MARITIME,TRNS: Fuel switch maritime,Missing,"Minimum target fraction of maritime transportation fueled by hydrogen. Can be used to explore other fuels, such as ammonia, through a dictionary.",12,0.0,0.0,0.0,0.0,2021
Energy,TRNS,TFR:TRNS:SHIFT_FUEL_MARITIME,TRNS: Fuel switch maritime,Missing,"Minimum target fraction of maritime transportation fueled by hydrogen. Can be used to explore other fuels, such as ammonia, through a dictionary.",12,0.0,0.0,0.0,0.0,2022
Energy,TRNS,TFR:TRNS:SHIFT_FUEL_MARITIME,TRNS: Fuel switch maritime,Missing,"Minimum target fraction of maritime transportation fueled by hydrogen. Can be used to explore other fuels, such as ammonia, through a dictionary.",12,0.0,0.0,0.0,0.0,2023
Energy,TRNS,TFR:TRNS:SHIFT_FUEL_MARITIME,TRNS: Fuel switch maritime,Missing,"Minimum target fraction of maritime transportation fueled by hydrogen. Can be used to explore other fuels, such as ammonia, through a dictionary.",12,0.0,0.0,0.0,0.0,2024
Energy,TRNS,TFR:TRNS:SHIFT_FUEL_MARITIME,TRNS: Fuel switch maritime,Missing,"Minimum target fraction of maritime transportation fueled by hydrogen. Can be used to explore other fuels, such as ammonia, through a dictionary.",12,0.0,0.0,0.0,0.0,2025
Energy,TRNS,TFR:TRNS:SHIFT_FUEL_MARITIME,TRNS: Fuel switch maritime,Missing,"Minimum target fraction of maritime transportation fueled by hydrogen. Can be used to explore other fuels, such as ammonia, through a dictionary.",12,0.0,0.0,0.0,0.0,2026
Energy,TRNS,TFR:TRNS:SHIFT_FUEL_MARITIME,TRNS: Fuel switch maritime,Missing,"Minimum target fraction of maritime transportation fueled by hydrogen. Can be used to explore other fuels, such as ammonia, through a dictionary.",12,0.0,0.0,0.0,0.0,2027
Energy,TRNS,TFR:TRNS:SHIFT_FUEL_MARITIME,TRNS: Fuel switch maritime,Missing,"Minimum target fraction of maritime transportation fueled by hydrogen. Can be used to explore other fuels, such as ammonia, through a dictionary.",12,0.0,0.0,0.01627906976744186,0.01627906976744186,2028
Energy,TRNS,TFR:TRNS:SHIFT_FUEL_MARITIME,TRNS: Fuel switch maritime,Missing,"Minimum target fraction of maritime transportation fueled by hydrogen. Can be used to explore other fuels, such as ammonia, through a dictionary.",12,0.0,0.0,0.03255813953488372,0.03255813953488372,2029
Energy,TRNS,TFR:TRNS:SHIFT_FUEL_MARITIME,TRNS: Fuel switch maritime,Missing,"Minimum target fraction of maritime transportation fueled by hydrogen. Can be used to explore other fuels, such as ammonia, through a dictionary.",12,0.0,0.0,0.04883720930232558,0.04883720930232558,2030
Energy,TRNS,TFR:TRNS:SHIFT_FUEL_MARITIME,TRNS: Fuel switch maritime,Missing,"Minimum target fraction of maritime transportation fueled by hydrogen. Can be used to explore other fuels, such as ammonia, through a dictionary.",12,0.0,0.0,0.06511627906976744,0.06511627906976744,2031
Energy,TRNS,TFR:TRNS:SHIFT_FUEL_MARITIME,TRNS: Fuel switch maritime,Missing,"Minimum target fraction of maritime transportation fueled by hydrogen. Can be used to explore other fuels, such as ammonia, through a dictionary.",12,0.0,0.0,0.0813953488372093,0.0813953488372093,2032
Energy,TRNS,TFR:TRNS:SHIFT_FUEL_MARITIME,TRNS: Fuel switch maritime,Missing,"Minimum target fraction of maritime transportation fueled by hydrogen. Can be used to explore other fuels, such as ammonia, through a dictionary.",12,0.0,0.0,0.09767441860465116,0.09767441860465116,2033
Energy,TRNS,TFR:TRNS:SHIFT_FUEL_MARITIME,TRNS: Fuel switch maritime,Missing,"Minimum target fraction of maritime transportation fueled by hydrogen. Can be used to explore other fuels, such as ammonia, through a dictionary.",12,0.0,0.0,0.11395348837209303,0.11395348837209303,2034
Energy,TRNS,TFR:TRNS:SHIFT_FUEL_MARITIME,TRNS: Fuel switch maritime,Missing,"Minimum target fraction of maritime transportation fueled by hydrogen. Can be used to explore other fuels, such as ammonia, through a dictionary.",12,0.0,0.0,0.13023255813953488,0.13023255813953488,2035
Energy,TRNS,TFR:TRNS:SHIFT_FUEL_MARITIME,TRNS: Fuel switch maritime,Missing,"Minimum target fraction of maritime transportation fueled by hydrogen. Can be used to explore other fuels, such as ammonia, through a dictionary.",12,0.0,0.0,0.14651162790697675,0.14651162790697675,2036
Energy,TRNS,TFR:TRNS:SHIFT_FUEL_MARITIME,TRNS: Fuel switch maritime,Missing,"Minimum target fraction of maritime transportation fueled by hydrogen. Can be used to explore other fuels, such as ammonia, through a dictionary.",12,0.0,0.0,0.1627906976744186,0.1627906976744186,2037
Energy,TRNS,TFR:TRNS:SHIFT_FUEL_MARITIME,TRNS: Fuel switch maritime,Missing,"Minimum target fraction of maritime transportation fueled by hydrogen. Can be used to explore other fuels, such as ammonia, through a dictionary.",12,0.0,0.0,0.17906976744186046,0.17906976744186046,2038
Energy,TRNS,TFR:TRNS:SHIFT_FUEL_MARITIME,TRNS: Fuel switch maritime,Missing,"Minimum target fraction of maritime transportation fueled by hydrogen. Can be used to explore other fuels, such as ammonia, through a dictionary.",12,0.0,0.0,0.19534883720930232,0.19534883720930232,2039
Energy,TRNS,TFR:TRNS:SHIFT_FUEL_MARITIME,TRNS: Fuel switch maritime,Missing,"Minimum target fraction of maritime transportation fueled by hydrogen. Can be used to explore other fuels, such as ammonia, through a dictionary.",12,0.0,0.0,0.21162790697674416,0.21162790697674416,2040
Energy,TRNS,TFR:TRNS:SHIFT_FUEL_MARITIME,TRNS: Fuel switch maritime,Missing,"Minimum target fraction of maritime transportation fueled by hydrogen. Can be used to explore other fuels, such as ammonia, through a dictionary.",12,0.0,0.0,0.22790697674418606,0.22790697674418606,2041
Energy,TRNS,TFR:TRNS:SHIFT_FUEL_MARITIME,TRNS: Fuel switch maritime,Missing,"Minimum target fraction of maritime transportation fueled by hydrogen. Can be used to explore other fuels, such as ammonia, through a dictionary.",12,0.0,0.0,0.2441860465116279,0.2441860465116279,2042
Energy,TRNS,TFR:TRNS:SHIFT_FUEL_MARITIME,TRNS: Fuel switch maritime,Missing,"Minimum target fraction of maritime transportation fueled by hydrogen. Can be used to explore other fuels, such as ammonia, through a dictionary.",12,0.0,0.0,0.26046511627906976,0.26046511627906976,2043
Energy,TRNS,TFR:TRNS:SHIFT_FUEL_MARITIME,TRNS: Fuel switch maritime,Missing,"Minimum target fraction of maritime transportation fueled by hydrogen. Can be used to explore other fuels, such as ammonia, through a dictionary.",12,0.0,0.0,0.2767441860465116,0.2767441860465116,2044
Energy,TRNS,TFR:TRNS:SHIFT_FUEL_MARITIME,TRNS: Fuel switch maritime,Missing,"Minimum target fraction of maritime transportation fueled by hydrogen. Can be used to explore other fuels, such as ammonia, through a dictionary.",12,0.0,0.0,0.2930232558139535,0.2930232558139535,2045
Energy,TRNS,TFR:TRNS:SHIFT_FUEL_MARITIME,TRNS: Fuel switch maritime,Missing,"Minimum target fraction of maritime transportation fueled by hydrogen. Can be used to explore other fuels, such as ammonia, through a dictionary.",12,0.0,0.0,0.3093023255813953,0.3093023255813953,2046
Energy,TRNS,TFR:TRNS:SHIFT_FUEL_MARITIME,TRNS: Fuel switch maritime,Missing,"Minimum target fraction of maritime transportation fueled by hydrogen. Can be used to explore other fuels, such as ammonia, through a dictionary.",12,0.0,0.0,0.3255813953488372,0.3255813953488372,2047
Energy,TRNS,TFR:TRNS:SHIFT_FUEL_MARITIME,TRNS: Fuel switch maritime,Missing,"Minimum target fraction of maritime transportation fueled by hydrogen. Can be used to explore other fuels, such as ammonia, through a dictionary.",12,0.0,0.0,0.34186046511627904,0.34186046511627904,2048
Energy,TRNS,TFR:TRNS:SHIFT_FUEL_MARITIME,TRNS: Fuel switch maritime,Missing,"Minimum target fraction of maritime transportation fueled by hydrogen. Can be used to explore other fuels, such as ammonia, through a dictionary.",12,0.0,0.0,0.3581395348837209,0.3581395348837209,2049
Energy,TRNS,TFR:TRNS:SHIFT_FUEL_MARITIME,TRNS: Fuel switch maritime,Missing,"Minimum target fraction of maritime transportation fueled by hydrogen. Can be used to explore other fuels, such as ammonia, through a dictionary.",12,0.0,0.0,0.3744186046511627,0.3744186046511627,2050
Energy,TRNS,TFR:TRNS:SHIFT_FUEL_MARITIME,TRNS: Fuel switch maritime,Missing,"Minimum target fraction of maritime transportation fueled by hydrogen. Can be used to explore other fuels, such as ammonia, through a dictionary.",12,0.0,0.0,0.39069767441860465,0.39069767441860465,2051
Energy,TRNS,TFR:TRNS:SHIFT_FUEL_MARITIME,TRNS: Fuel switch maritime,Missing,"Minimum target fraction of maritime transportation fueled by hydrogen. Can be used to explore other fuels, such as ammonia, through a dictionary.",12,0.0,0.0,0.4069767441860465,0.4069767441860465,2052
Energy,TRNS,TFR:TRNS:SHIFT_FUEL_MARITIME,TRNS: Fuel switch maritime,Missing,"Minimum target fraction of maritime transportation fueled by hydrogen. Can be used to explore other fuels, such as ammonia, through a dictionary.",12,0.0,0.0,0.4232558139534883,0.4232558139534883,2053
Energy,TRNS,TFR:TRNS:SHIFT_FUEL_MARITIME,TRNS: Fuel switch maritime,Missing,"Minimum target fraction of maritime transportation fueled by hydrogen. Can be used to explore other fuels, such as ammonia, through a dictionary.",12,0.0,0.0,0.4395348837209302,0.4395348837209302,2054
Energy,TRNS,TFR:TRNS:SHIFT_FUEL_MARITIME,TRNS: Fuel switch maritime,Missing,"Minimum target fraction of maritime transportation fueled by hydrogen. Can be used to explore other fuels, such as ammonia, through a dictionary.",12,0.0,0.0,0.4558139534883721,0.4558139534883721,2055
Energy,TRNS,TFR:TRNS:SHIFT_FUEL_MARITIME,TRNS: Fuel switch maritime,Missing,"Minimum target fraction of maritime transportation fueled by hydrogen. Can be used to explore other fuels, such as ammonia, through a dictionary.",12,0.0,0.0,0.4720930232558139,0.4720930232558139,2056
Energy,TRNS,TFR:TRNS:SHIFT_FUEL_MARITIME,TRNS: Fuel switch maritime,Missing,"Minimum target fraction of maritime transportation fueled by hydrogen. Can be used to explore other fuels, such as ammonia, through a dictionary.",12,0.0,0.0,0.4883720930232558,0.4883720930232558,2057
Energy,TRNS,TFR:TRNS:SHIFT_FUEL_MARITIME,TRNS: Fuel switch maritime,Missing,"Minimum target fraction of maritime transportation fueled by hydrogen. Can be used to explore other fuels, such as ammonia, through a dictionary.",12,0.0,0.0,0.5046511627906977,0.5046511627906977,2058
Energy,TRNS,TFR:TRNS:SHIFT_FUEL_MARITIME,TRNS: Fuel switch maritime,Missing,"Minimum target fraction of maritime transportation fueled by hydrogen. Can be used to explore other fuels, such as ammonia, through a dictionary.",12,0.0,0.0,0.5209302325581395,0.5209302325581395,2059
Energy,TRNS,TFR:TRNS:SHIFT_FUEL_MARITIME,TRNS: Fuel switch maritime,Missing,"Minimum target fraction of maritime transportation fueled by hydrogen. Can be used to explore other fuels, such as ammonia, through a dictionary.",12,0.0,0.0,0.5372093023255814,0.5372093023255814,2060
Energy,TRNS,TFR:TRNS:SHIFT_FUEL_MARITIME,TRNS: Fuel switch maritime,Missing,"Minimum target fraction of maritime transportation fueled by hydrogen. Can be used to explore other fuels, such as ammonia, through a dictionary.",12,0.0,0.0,0.5534883720930232,0.5534883720930232,2061
Energy,TRNS,TFR:TRNS:SHIFT_FUEL_MARITIME,TRNS: Fuel switch maritime,Missing,"Minimum target fraction of maritime transportation fueled by hydrogen. Can be used to explore other fuels, such as ammonia, through a dictionary.",12,0.0,0.0,0.5697674418604651,0.5697674418604651,2062
Energy,TRNS,TFR:TRNS:SHIFT_FUEL_MARITIME,TRNS: Fuel switch maritime,Missing,"Minimum target fraction of maritime transportation fueled by hydrogen. Can be used to explore other fuels, such as ammonia, through a dictionary.",12,0.0,0.0,0.586046511627907,0.586046511627907,2063
Energy,TRNS,TFR:TRNS:SHIFT_FUEL_MARITIME,TRNS: Fuel switch maritime,Missing,"Minimum target fraction of maritime transportation fueled by hydrogen. Can be used to explore other fuels, such as ammonia, through a dictionary.",12,0.0,0.0,0.6023255813953488,0.6023255813953488,2064
Energy,TRNS,TFR:TRNS:SHIFT_FUEL_MARITIME,TRNS: Fuel switch maritime,Missing,"Minimum target fraction of maritime transportation fueled by hydrogen. Can be used to explore other fuels, such as ammonia, through a dictionary.",12,0.0,0.0,0.6186046511627906,0.6186046511627906,2065
Energy,TRNS,TFR:TRNS:SHIFT_FUEL_MARITIME,TRNS: Fuel switch maritime,Missing,"Minimum target fraction of maritime transportation fueled by hydrogen. Can be used to explore other fuels, such as ammonia, through a dictionary.",12,0.0,0.0,0.6348837209302325,0.6348837209302325,2066
Energy,TRNS,TFR:TRNS:SHIFT_FUEL_MARITIME,TRNS: Fuel switch maritime,Missing,"Minimum target fraction of maritime transportation fueled by hydrogen. Can be used to explore other fuels, such as ammonia, through a dictionary.",12,0.0,0.0,0.6511627906976744,0.6511627906976744,2067
Energy,TRNS,TFR:TRNS:SHIFT_FUEL_MARITIME,TRNS: Fuel switch maritime,Missing,"Minimum target fraction of maritime transportation fueled by hydrogen. Can be used to explore other fuels, such as ammonia, through a dictionary.",12,0.0,0.0,0.6674418604651162,0.6674418604651162,2068
Energy,TRNS,TFR:TRNS:SHIFT_FUEL_MARITIME,TRNS: Fuel switch maritime,Missing,"Minimum target fraction of maritime transportation fueled by hydrogen. Can be used to explore other fuels, such as ammonia, through a dictionary.",12,0.0,0.0,0.6837209302325581,0.6837209302325581,2069
Energy,TRNS,TFR:TRNS:SHIFT_FUEL_MARITIME,TRNS: Fuel switch maritime,Missing,"Minimum target fraction of maritime transportation fueled by hydrogen. Can be used to explore other fuels, such as ammonia, through a dictionary.",12,0.0,0.0,0.7,0.7,2070
Energy,TRNS,TFR:TRNS:SHIFT_FUEL_MEDIUM_DUTY,TRNS: Fuel switch medium duty road transport,Missing,Minimum target fraction of medium duty transportation fueled by electricity. Can be used to explore other fuel shifts through a dictionary.,12,0.0,0.0,0.0,0.0,2015
Energy,TRNS,TFR:TRNS:SHIFT_FUEL_MEDIUM_DUTY,TRNS: Fuel switch medium duty road transport,Missing,Minimum target fraction of medium duty transportation fueled by electricity. Can be used to explore other fuel shifts through a dictionary.,12,0.0,0.0,0.0,0.0,2016
Energy,TRNS,TFR:TRNS:SHIFT_FUEL_MEDIUM_DUTY,TRNS: Fuel switch medium duty road transport,Missing,Minimum target fraction of medium duty transportation fueled by electricity. Can be used to explore other fuel shifts through a dictionary.,12,0.0,0.0,0.0,0.0,2017
Energy,TRNS,TFR:TRNS:SHIFT_FUEL_MEDIUM_DUTY,TRNS: Fuel switch medium duty road transport,Missing,Minimum target fraction of medium duty transportation fueled by electricity. Can be used to explore other fuel shifts through a dictionary.,12,0.0,0.0,0.0,0.0,2018
Energy,TRNS,TFR:TRNS:SHIFT_FUEL_MEDIUM_DUTY,TRNS: Fuel switch medium duty road transport,Missing,Minimum target fraction of medium duty transportation fueled by electricity. Can be used to explore other fuel shifts through a dictionary.,12,0.0,0.0,0.0,0.0,2019
Energy,TRNS,TFR:TRNS:SHIFT_FUEL_MEDIUM_DUTY,TRNS: Fuel switch medium duty road transport,Missing,Minimum target fraction of medium duty transportation fueled by electricity. Can be used to explore other fuel shifts through a dictionary.,12,0.0,0.0,0.0,0.0,2020
Energy,TRNS,TFR:TRNS:SHIFT_FUEL_MEDIUM_DUTY,TRNS: Fuel switch medium duty road transport,Missing,Minimum target fraction of medium duty transportation fueled by electricity. Can be used to explore other fuel shifts through a dictionary.,12,0.0,0.0,0.0,0.0,2021
Energy,TRNS,TFR:TRNS:SHIFT_FUEL_MEDIUM_DUTY,TRNS: Fuel switch medium duty road transport,Missing,Minimum target fraction of medium duty transportation fueled by electricity. Can be used to explore other fuel shifts through a dictionary.,12,0.0,0.0,0.0,0.0,2022
Energy,TRNS,TFR:TRNS:SHIFT_FUEL_MEDIUM_DUTY,TRNS: Fuel switch medium duty road transport,Missing,Minimum target fraction of medium duty transportation fueled by electricity. Can be used to explore other fuel shifts through a dictionary.,12,0.0,0.0,0.0,0.0,2023
Energy,TRNS,TFR:TRNS:SHIFT_FUEL_MEDIUM_DUTY,TRNS: Fuel switch medium duty road transport,Missing,Minimum target fraction of medium duty transportation fueled by electricity. Can be used to explore other fuel shifts through a dictionary.,12,0.0,0.0,0.0,0.0,2024
Energy,TRNS,TFR:TRNS:SHIFT_FUEL_MEDIUM_DUTY,TRNS: Fuel switch medium duty road transport,Missing,Minimum target fraction of medium duty transportation fueled by electricity. Can be used to explore other fuel shifts through a dictionary.,12,0.0,0.0,0.0,0.0,2025
Energy,TRNS,TFR:TRNS:SHIFT_FUEL_MEDIUM_DUTY,TRNS: Fuel switch medium duty road transport,Missing,Minimum target fraction of medium duty transportation fueled by electricity. Can be used to explore other fuel shifts through a dictionary.,12,0.0,0.0,0.0,0.0,2026
Energy,TRNS,TFR:TRNS:SHIFT_FUEL_MEDIUM_DUTY,TRNS: Fuel switch medium duty road transport,Missing,Minimum target fraction of medium duty transportation fueled by electricity. Can be used to explore other fuel shifts through a dictionary.,12,0.0,0.0,0.0,0.0,2027
Energy,TRNS,TFR:TRNS:SHIFT_FUEL_MEDIUM_DUTY,TRNS: Fuel switch medium duty road transport,Missing,Minimum target fraction of medium duty transportation fueled by electricity. Can be used to explore other fuel shifts through a dictionary.,12,0.0,0.00813953488372093,0.01627906976744186,0.01627906976744186,2028
Energy,TRNS,TFR:TRNS:SHIFT_FUEL_MEDIUM_DUTY,TRNS: Fuel switch medium duty road transport,Missing,Minimum target fraction of medium duty transportation fueled by electricity. Can be used to explore other fuel shifts through a dictionary.,12,0.0,0.01627906976744186,0.03255813953488372,0.03255813953488372,2029
Energy,TRNS,TFR:TRNS:SHIFT_FUEL_MEDIUM_DUTY,TRNS: Fuel switch medium duty road transport,Missing,Minimum target fraction of medium duty transportation fueled by electricity. Can be used to explore other fuel shifts through a dictionary.,12,0.0,0.02441860465116279,0.04883720930232558,0.04883720930232558,2030
Energy,TRNS,TFR:TRNS:SHIFT_FUEL_MEDIUM_DUTY,TRNS: Fuel switch medium duty road transport,Missing,Minimum target fraction of medium duty transportation fueled by electricity. Can be used to explore other fuel shifts through a dictionary.,12,0.0,0.03255813953488372,0.06511627906976744,0.06511627906976744,2031
Energy,TRNS,TFR:TRNS:SHIFT_FUEL_MEDIUM_DUTY,TRNS: Fuel switch medium duty road transport,Missing,Minimum target fraction of medium duty transportation fueled by electricity. Can be used to explore other fuel shifts through a dictionary.,12,0.0,0.04069767441860465,0.0813953488372093,0.0813953488372093,2032
Energy,TRNS,TFR:TRNS:SHIFT_FUEL_MEDIUM_DUTY,TRNS: Fuel switch medium duty road transport,Missing,Minimum target fraction of medium duty transportation fueled by electricity. Can be used to explore other fuel shifts through a dictionary.,12,0.0,0.04883720930232558,0.09767441860465116,0.09767441860465116,2033
Energy,TRNS,TFR:TRNS:SHIFT_FUEL_MEDIUM_DUTY,TRNS: Fuel switch medium duty road transport,Missing,Minimum target fraction of medium duty transportation fueled by electricity. Can be used to explore other fuel shifts through a dictionary.,12,0.0,0.056976744186046514,0.11395348837209303,0.11395348837209303,2034
Energy,TRNS,TFR:TRNS:SHIFT_FUEL_MEDIUM_DUTY,TRNS: Fuel switch medium duty road transport,Missing,Minimum target fraction of medium duty transportation fueled by electricity. Can be used to explore other fuel shifts through a dictionary.,12,0.0,0.06511627906976744,0.13023255813953488,0.13023255813953488,2035
Energy,TRNS,TFR:TRNS:SHIFT_FUEL_MEDIUM_DUTY,TRNS: Fuel switch medium duty road transport,Missing,Minimum target fraction of medium duty transportation fueled by electricity. Can be used to explore other fuel shifts through a dictionary.,12,0.0,0.07325581395348837,0.14651162790697675,0.14651162790697675,2036
Energy,TRNS,TFR:TRNS:SHIFT_FUEL_MEDIUM_DUTY,TRNS: Fuel switch medium duty road transport,Missing,Minimum target fraction of medium duty transportation fueled by electricity. Can be used to explore other fuel shifts through a dictionary.,12,0.0,0.0813953488372093,0.1627906976744186,0.1627906976744186,2037
Energy,TRNS,TFR:TRNS:SHIFT_FUEL_MEDIUM_DUTY,TRNS: Fuel switch medium duty road transport,Missing,Minimum target fraction of medium duty transportation fueled by electricity. Can be used to explore other fuel shifts through a dictionary.,12,0.0,0.08953488372093023,0.17906976744186046,0.17906976744186046,2038
Energy,TRNS,TFR:TRNS:SHIFT_FUEL_MEDIUM_DUTY,TRNS: Fuel switch medium duty road transport,Missing,Minimum target fraction of medium duty transportation fueled by electricity. Can be used to explore other fuel shifts through a dictionary.,12,0.0,0.09767441860465116,0.19534883720930232,0.19534883720930232,2039
Energy,TRNS,TFR:TRNS:SHIFT_FUEL_MEDIUM_DUTY,TRNS: Fuel switch medium duty road transport,Missing,Minimum target fraction of medium duty transportation fueled by electricity. Can be used to explore other fuel shifts through a dictionary.,12,0.0,0.10581395348837208,0.21162790697674416,0.21162790697674416,2040
Energy,TRNS,TFR:TRNS:SHIFT_FUEL_MEDIUM_DUTY,TRNS: Fuel switch medium duty road transport,Missing,Minimum target fraction of medium duty transportation fueled by electricity. Can be used to explore other fuel shifts through a dictionary.,12,0.0,0.11395348837209303,0.22790697674418606,0.22790697674418606,2041
Energy,TRNS,TFR:TRNS:SHIFT_FUEL_MEDIUM_DUTY,TRNS: Fuel switch medium duty road transport,Missing,Minimum target fraction of medium duty transportation fueled by electricity. Can be used to explore other fuel shifts through a dictionary.,12,0.0,0.12209302325581395,0.2441860465116279,0.2441860465116279,2042
Energy,TRNS,TFR:TRNS:SHIFT_FUEL_MEDIUM_DUTY,TRNS: Fuel switch medium duty road transport,Missing,Minimum target fraction of medium duty transportation fueled by electricity. Can be used to explore other fuel shifts through a dictionary.,12,0.0,0.13023255813953488,0.26046511627906976,0.26046511627906976,2043
Energy,TRNS,TFR:TRNS:SHIFT_FUEL_MEDIUM_DUTY,TRNS: Fuel switch medium duty road transport,Missing,Minimum target fraction of medium duty transportation fueled by electricity. Can be used to explore other fuel shifts through a dictionary.,12,0.0,0.1383720930232558,0.2767441860465116,0.2767441860465116,2044
Energy,TRNS,TFR:TRNS:SHIFT_FUEL_MEDIUM_DUTY,TRNS: Fuel switch medium duty road transport,Missing,Minimum target fraction of medium duty transportation fueled by electricity. Can be used to explore other fuel shifts through a dictionary.,12,0.0,0.14651162790697675,0.2930232558139535,0.2930232558139535,2045
Energy,TRNS,TFR:TRNS:SHIFT_FUEL_MEDIUM_DUTY,TRNS: Fuel switch medium duty road transport,Missing,Minimum target fraction of medium duty transportation fueled by electricity. Can be used to explore other fuel shifts through a dictionary.,12,0.0,0.15465116279069765,0.3093023255813953,0.3093023255813953,2046
Energy,TRNS,TFR:TRNS:SHIFT_FUEL_MEDIUM_DUTY,TRNS: Fuel switch medium duty road transport,Missing,Minimum target fraction of medium duty transportation fueled by electricity. Can be used to explore other fuel shifts through a dictionary.,12,0.0,0.1627906976744186,0.3255813953488372,0.3255813953488372,2047
Energy,TRNS,TFR:TRNS:SHIFT_FUEL_MEDIUM_DUTY,TRNS: Fuel switch medium duty road transport,Missing,Minimum target fraction of medium duty transportation fueled by electricity. Can be used to explore other fuel shifts through a dictionary.,12,0.0,0.17093023255813952,0.34186046511627904,0.34186046511627904,2048
Energy,TRNS,TFR:TRNS:SHIFT_FUEL_MEDIUM_DUTY,TRNS: Fuel switch medium duty road transport,Missing,Minimum target fraction of medium duty transportation fueled by electricity. Can be used to explore other fuel shifts through a dictionary.,12,0.0,0.17906976744186046,0.3581395348837209,0.3581395348837209,2049
Energy,TRNS,TFR:TRNS:SHIFT_FUEL_MEDIUM_DUTY,TRNS: Fuel switch medium duty road transport,Missing,Minimum target fraction of medium duty transportation fueled by electricity. Can be used to explore other fuel shifts through a dictionary.,12,0.0,0.18720930232558136,0.3744186046511627,0.3744186046511627,2050
Energy,TRNS,TFR:TRNS:SHIFT_FUEL_MEDIUM_DUTY,TRNS: Fuel switch medium duty road transport,Missing,Minimum target fraction of medium duty transportation fueled by electricity. Can be used to explore other fuel shifts through a dictionary.,12,0.0,0.19534883720930232,0.39069767441860465,0.39069767441860465,2051
Energy,TRNS,TFR:TRNS:SHIFT_FUEL_MEDIUM_DUTY,TRNS: Fuel switch medium duty road transport,Missing,Minimum target fraction of medium duty transportation fueled by electricity. Can be used to explore other fuel shifts through a dictionary.,12,0.0,0.20348837209302326,0.4069767441860465,0.4069767441860465,2052
Energy,TRNS,TFR:TRNS:SHIFT_FUEL_MEDIUM_DUTY,TRNS: Fuel switch medium duty road transport,Missing,Minimum target fraction of medium duty transportation fueled by electricity. Can be used to explore other fuel shifts through a dictionary.,12,0.0,0.21162790697674416,0.4232558139534883,0.4232558139534883,2053
Energy,TRNS,TFR:TRNS:SHIFT_FUEL_MEDIUM_DUTY,TRNS: Fuel switch medium duty road transport,Missing,Minimum target fraction of medium duty transportation fueled by electricity. Can be used to explore other fuel shifts through a dictionary.,12,0.0,0.2197674418604651,0.4395348837209302,0.4395348837209302,2054
Energy,TRNS,TFR:TRNS:SHIFT_FUEL_MEDIUM_DUTY,TRNS: Fuel switch medium duty road transport,Missing,Minimum target fraction of medium duty transportation fueled by electricity. Can be used to explore other fuel shifts through a dictionary.,12,0.0,0.22790697674418606,0.4558139534883721,0.4558139534883721,2055
Energy,TRNS,TFR:TRNS:SHIFT_FUEL_MEDIUM_DUTY,TRNS: Fuel switch medium duty road transport,Missing,Minimum target fraction of medium duty transportation fueled by electricity. Can be used to explore other fuel shifts through a dictionary.,12,0.0,0.23604651162790696,0.4720930232558139,0.4720930232558139,2056
Energy,TRNS,TFR:TRNS:SHIFT_FUEL_MEDIUM_DUTY,TRNS: Fuel switch medium duty road transport,Missing,Minimum target fraction of medium duty transportation fueled by electricity. Can be used to explore other fuel shifts through a dictionary.,12,0.0,0.2441860465116279,0.4883720930232558,0.4883720930232558,2057
Energy,TRNS,TFR:TRNS:SHIFT_FUEL_MEDIUM_DUTY,TRNS: Fuel switch medium duty road transport,Missing,Minimum target fraction of medium duty transportation fueled by electricity. Can be used to explore other fuel shifts through a dictionary.,12,0.0,0.25232558139534883,0.5046511627906977,0.5046511627906977,2058
Energy,TRNS,TFR:TRNS:SHIFT_FUEL_MEDIUM_DUTY,TRNS: Fuel switch medium duty road transport,Missing,Minimum target fraction of medium duty transportation fueled by electricity. Can be used to explore other fuel shifts through a dictionary.,12,0.0,0.26046511627906976,0.5209302325581395,0.5209302325581395,2059
Energy,TRNS,TFR:TRNS:SHIFT_FUEL_MEDIUM_DUTY,TRNS: Fuel switch medium duty road transport,Missing,Minimum target fraction of medium duty transportation fueled by electricity. Can be used to explore other fuel shifts through a dictionary.,12,0.0,0.2686046511627907,0.5372093023255814,0.5372093023255814,2060
Energy,TRNS,TFR:TRNS:SHIFT_FUEL_MEDIUM_DUTY,TRNS: Fuel switch medium duty road transport,Missing,Minimum target fraction of medium duty transportation fueled by electricity. Can be used to explore other fuel shifts through a dictionary.,12,0.0,0.2767441860465116,0.5534883720930232,0.5534883720930232,2061
Energy,TRNS,TFR:TRNS:SHIFT_FUEL_MEDIUM_DUTY,TRNS: Fuel switch medium duty road transport,Missing,Minimum target fraction of medium duty transportation fueled by electricity. Can be used to explore other fuel shifts through a dictionary.,12,0.0,0.28488372093023256,0.5697674418604651,0.5697674418604651,2062
Energy,TRNS,TFR:TRNS:SHIFT_FUEL_MEDIUM_DUTY,TRNS: Fuel switch medium duty road transport,Missing,Minimum target fraction of medium duty transportation fueled by electricity. Can be used to explore other fuel shifts through a dictionary.,12,0.0,0.2930232558139535,0.586046511627907,0.586046511627907,2063
Energy,TRNS,TFR:TRNS:SHIFT_FUEL_MEDIUM_DUTY,TRNS: Fuel switch medium duty road transport,Missing,Minimum target fraction of medium duty transportation fueled by electricity. Can be used to explore other fuel shifts through a dictionary.,12,0.0,0.3011627906976744,0.6023255813953488,0.6023255813953488,2064
Energy,TRNS,TFR:TRNS:SHIFT_FUEL_MEDIUM_DUTY,TRNS: Fuel switch medium duty road transport,Missing,Minimum target fraction of medium duty transportation fueled by electricity. Can be used to explore other fuel shifts through a dictionary.,12,0.0,0.3093023255813953,0.6186046511627906,0.6186046511627906,2065
Energy,TRNS,TFR:TRNS:SHIFT_FUEL_MEDIUM_DUTY,TRNS: Fuel switch medium duty road transport,Missing,Minimum target fraction of medium duty transportation fueled by electricity. Can be used to explore other fuel shifts through a dictionary.,12,0.0,0.31744186046511624,0.6348837209302325,0.6348837209302325,2066
Energy,TRNS,TFR:TRNS:SHIFT_FUEL_MEDIUM_DUTY,TRNS: Fuel switch medium duty road transport,Missing,Minimum target fraction of medium duty transportation fueled by electricity. Can be used to explore other fuel shifts through a dictionary.,12,0.0,0.3255813953488372,0.6511627906976744,0.6511627906976744,2067
Energy,TRNS,TFR:TRNS:SHIFT_FUEL_MEDIUM_DUTY,TRNS: Fuel switch medium duty road transport,Missing,Minimum target fraction of medium duty transportation fueled by electricity. Can be used to explore other fuel shifts through a dictionary.,12,0.0,0.3337209302325581,0.6674418604651162,0.6674418604651162,2068
Energy,TRNS,TFR:TRNS:SHIFT_FUEL_MEDIUM_DUTY,TRNS: Fuel switch medium duty road transport,Missing,Minimum target fraction of medium duty transportation fueled by electricity. Can be used to explore other fuel shifts through a dictionary.,12,0.0,0.34186046511627904,0.6837209302325581,0.6837209302325581,2069
Energy,TRNS,TFR:TRNS:SHIFT_FUEL_MEDIUM_DUTY,TRNS: Fuel switch medium duty road transport,Missing,Minimum target fraction of medium duty transportation fueled by electricity. Can be used to explore other fuel shifts through a dictionary.,12,0.0,0.35,0.7,0.7,2070
Energy,TRNS,TFR:TRNS:SHIFT_FUEL_RAIL,TRNS: Electrify rail,Missing,Minimum target fraction of rail fueled by electricity. Can be used to explore other fuel shifts through a dictionary.,12,0.0,0.0,0.0,0.0,2015
Energy,TRNS,TFR:TRNS:SHIFT_FUEL_RAIL,TRNS: Electrify rail,Missing,Minimum target fraction of rail fueled by electricity. Can be used to explore other fuel shifts through a dictionary.,12,0.0,0.0,0.0,0.0,2016
Energy,TRNS,TFR:TRNS:SHIFT_FUEL_RAIL,TRNS: Electrify rail,Missing,Minimum target fraction of rail fueled by electricity. Can be used to explore other fuel shifts through a dictionary.,12,0.0,0.0,0.0,0.0,2017
Energy,TRNS,TFR:TRNS:SHIFT_FUEL_RAIL,TRNS: Electrify rail,Missing,Minimum target fraction of rail fueled by electricity. Can be used to explore other fuel shifts through a dictionary.,12,0.0,0.0,0.0,0.0,2018
Energy,TRNS,TFR:TRNS:SHIFT_FUEL_RAIL,TRNS: Electrify rail,Missing,Minimum target fraction of rail fueled by electricity. Can be used to explore other fuel shifts through a dictionary.,12,0.0,0.0,0.0,0.0,2019
Energy,TRNS,TFR:TRNS:SHIFT_FUEL_RAIL,TRNS: Electrify rail,Missing,Minimum target fraction of rail fueled by electricity. Can be used to explore other fuel shifts through a dictionary.,12,0.0,0.0,0.0,0.0,2020
Energy,TRNS,TFR:TRNS:SHIFT_FUEL_RAIL,TRNS: Electrify rail,Missing,Minimum target fraction of rail fueled by electricity. Can be used to explore other fuel shifts through a dictionary.,12,0.0,0.0,0.0,0.0,2021
Energy,TRNS,TFR:TRNS:SHIFT_FUEL_RAIL,TRNS: Electrify rail,Missing,Minimum target fraction of rail fueled by electricity. Can be used to explore other fuel shifts through a dictionary.,12,0.0,0.0,0.0,0.0,2022
Energy,TRNS,TFR:TRNS:SHIFT_FUEL_RAIL,TRNS: Electrify rail,Missing,Minimum target fraction of rail fueled by electricity. Can be used to explore other fuel shifts through a dictionary.,12,0.0,0.0,0.0,0.0,2023
Energy,TRNS,TFR:TRNS:SHIFT_FUEL_RAIL,TRNS: Electrify rail,Missing,Minimum target fraction of rail fueled by electricity. Can be used to explore other fuel shifts through a dictionary.,12,0.0,0.0,0.0,0.0,2024
Energy,TRNS,TFR:TRNS:SHIFT_FUEL_RAIL,TRNS: Electrify rail,Missing,Minimum target fraction of rail fueled by electricity. Can be used to explore other fuel shifts through a dictionary.,12,0.0,0.0,0.0,0.0,2025
Energy,TRNS,TFR:TRNS:SHIFT_FUEL_RAIL,TRNS: Electrify rail,Missing,Minimum target fraction of rail fueled by electricity. Can be used to explore other fuel shifts through a dictionary.,12,0.0,0.0,0.0,0.0,2026
Energy,TRNS,TFR:TRNS:SHIFT_FUEL_RAIL,TRNS: Electrify rail,Missing,Minimum target fraction of rail fueled by electricity. Can be used to explore other fuel shifts through a dictionary.,12,0.0,0.0,0.0,0.0,2027
Energy,TRNS,TFR:TRNS:SHIFT_FUEL_RAIL,TRNS: Electrify rail,Missing,Minimum target fraction of rail fueled by electricity. Can be used to explore other fuel shifts through a dictionary.,12,0.0,0.0029069767441860465,0.005813953488372093,0.005813953488372093,2028
Energy,TRNS,TFR:TRNS:SHIFT_FUEL_RAIL,TRNS: Electrify rail,Missing,Minimum target fraction of rail fueled by electricity. Can be used to explore other fuel shifts through a dictionary.,12,0.0,0.005813953488372093,0.011627906976744186,0.011627906976744186,2029
Energy,TRNS,TFR:TRNS:SHIFT_FUEL_RAIL,TRNS: Electrify rail,Missing,Minimum target fraction of rail fueled by electricity. Can be used to explore other fuel shifts through a dictionary.,12,0.0,0.00872093023255814,0.01744186046511628,0.01744186046511628,2030
Energy,TRNS,TFR:TRNS:SHIFT_FUEL_RAIL,TRNS: Electrify rail,Missing,Minimum target fraction of rail fueled by electricity. Can be used to explore other fuel shifts through a dictionary.,12,0.0,0.011627906976744186,0.023255813953488372,0.023255813953488372,2031
Energy,TRNS,TFR:TRNS:SHIFT_FUEL_RAIL,TRNS: Electrify rail,Missing,Minimum target fraction of rail fueled by electricity. Can be used to explore other fuel shifts through a dictionary.,12,0.0,0.014534883720930232,0.029069767441860465,0.029069767441860465,2032
Energy,TRNS,TFR:TRNS:SHIFT_FUEL_RAIL,TRNS: Electrify rail,Missing,Minimum target fraction of rail fueled by electricity. Can be used to explore other fuel shifts through a dictionary.,12,0.0,0.01744186046511628,0.03488372093023256,0.03488372093023256,2033
Energy,TRNS,TFR:TRNS:SHIFT_FUEL_RAIL,TRNS: Electrify rail,Missing,Minimum target fraction of rail fueled by electricity. Can be used to explore other fuel shifts through a dictionary.,12,0.0,0.020348837209302327,0.040697674418604654,0.040697674418604654,2034
Energy,TRNS,TFR:TRNS:SHIFT_FUEL_RAIL,TRNS: Electrify rail,Missing,Minimum target fraction of rail fueled by electricity. Can be used to explore other fuel shifts through a dictionary.,12,0.0,0.023255813953488372,0.046511627906976744,0.046511627906976744,2035
Energy,TRNS,TFR:TRNS:SHIFT_FUEL_RAIL,TRNS: Electrify rail,Missing,Minimum target fraction of rail fueled by electricity. Can be used to explore other fuel shifts through a dictionary.,12,0.0,0.02616279069767442,0.05232558139534884,0.05232558139534884,2036
Energy,TRNS,TFR:TRNS:SHIFT_FUEL_RAIL,TRNS: Electrify rail,Missing,Minimum target fraction of rail fueled by electricity. Can be used to explore other fuel shifts through a dictionary.,12,0.0,0.029069767441860465,0.05813953488372093,0.05813953488372093,2037
Energy,TRNS,TFR:TRNS:SHIFT_FUEL_RAIL,TRNS: Electrify rail,Missing,Minimum target fraction of rail fueled by electricity. Can be used to explore other fuel shifts through a dictionary.,12,0.0,0.03197674418604651,0.06395348837209303,0.06395348837209303,2038
Energy,TRNS,TFR:TRNS:SHIFT_FUEL_RAIL,TRNS: Electrify rail,Missing,Minimum target fraction of rail fueled by electricity. Can be used to explore other fuel shifts through a dictionary.,12,0.0,0.03488372093023256,0.06976744186046512,0.06976744186046512,2039
Energy,TRNS,TFR:TRNS:SHIFT_FUEL_RAIL,TRNS: Electrify rail,Missing,Minimum target fraction of rail fueled by electricity. Can be used to explore other fuel shifts through a dictionary.,12,0.0,0.0377906976744186,0.0755813953488372,0.0755813953488372,2040
Energy,TRNS,TFR:TRNS:SHIFT_FUEL_RAIL,TRNS: Electrify rail,Missing,Minimum target fraction of rail fueled by electricity. Can be used to explore other fuel shifts through a dictionary.,12,0.0,0.040697674418604654,0.08139534883720931,0.08139534883720931,2041
Energy,TRNS,TFR:TRNS:SHIFT_FUEL_RAIL,TRNS: Electrify rail,Missing,Minimum target fraction of rail fueled by electricity. Can be used to explore other fuel shifts through a dictionary.,12,0.0,0.0436046511627907,0.0872093023255814,0.0872093023255814,2042
Energy,TRNS,TFR:TRNS:SHIFT_FUEL_RAIL,TRNS: Electrify rail,Missing,Minimum target fraction of rail fueled by electricity. Can be used to explore other fuel shifts through a dictionary.,12,0.0,0.046511627906976744,0.09302325581395349,0.09302325581395349,2043
Energy,TRNS,TFR:TRNS:SHIFT_FUEL_RAIL,TRNS: Electrify rail,Missing,Minimum target fraction of rail fueled by electricity. Can be used to explore other fuel shifts through a dictionary.,12,0.0,0.04941860465116279,0.09883720930232558,0.09883720930232558,2044
Energy,TRNS,TFR:TRNS:SHIFT_FUEL_RAIL,TRNS: Electrify rail,Missing,Minimum target fraction of rail fueled by electricity. Can be used to explore other fuel shifts through a dictionary.,12,0.0,0.05232558139534884,0.10465116279069768,0.10465116279069768,2045
Energy,TRNS,TFR:TRNS:SHIFT_FUEL_RAIL,TRNS: Electrify rail,Missing,Minimum target fraction of rail fueled by electricity. Can be used to explore other fuel shifts through a dictionary.,12,0.0,0.055232558139534885,0.11046511627906977,0.11046511627906977,2046
Energy,TRNS,TFR:TRNS:SHIFT_FUEL_RAIL,TRNS: Electrify rail,Missing,Minimum target fraction of rail fueled by electricity. Can be used to explore other fuel shifts through a dictionary.,12,0.0,0.05813953488372093,0.11627906976744186,0.11627906976744186,2047
Energy,TRNS,TFR:TRNS:SHIFT_FUEL_RAIL,TRNS: Electrify rail,Missing,Minimum target fraction of rail fueled by electricity. Can be used to explore other fuel shifts through a dictionary.,12,0.0,0.061046511627906974,0.12209302325581395,0.12209302325581395,2048
Energy,TRNS,TFR:TRNS:SHIFT_FUEL_RAIL,TRNS: Electrify rail,Missing,Minimum target fraction of rail fueled by electricity. Can be used to explore other fuel shifts through a dictionary.,12,0.0,0.06395348837209303,0.12790697674418605,0.12790697674418605,2049
Energy,TRNS,TFR:TRNS:SHIFT_FUEL_RAIL,TRNS: Electrify rail,Missing,Minimum target fraction of rail fueled by electricity. Can be used to explore other fuel shifts through a dictionary.,12,0.0,0.06686046511627906,0.13372093023255813,0.13372093023255813,2050
Energy,TRNS,TFR:TRNS:SHIFT_FUEL_RAIL,TRNS: Electrify rail,Missing,Minimum target fraction of rail fueled by electricity. Can be used to explore other fuel shifts through a dictionary.,12,0.0,0.06976744186046512,0.13953488372093023,0.13953488372093023,2051
Energy,TRNS,TFR:TRNS:SHIFT_FUEL_RAIL,TRNS: Electrify rail,Missing,Minimum target fraction of rail fueled by electricity. Can be used to explore other fuel shifts through a dictionary.,12,0.0,0.07267441860465117,0.14534883720930233,0.14534883720930233,2052
Energy,TRNS,TFR:TRNS:SHIFT_FUEL_RAIL,TRNS: Electrify rail,Missing,Minimum target fraction of rail fueled by electricity. Can be used to explore other fuel shifts through a dictionary.,12,0.0,0.0755813953488372,0.1511627906976744,0.1511627906976744,2053
Energy,TRNS,TFR:TRNS:SHIFT_FUEL_RAIL,TRNS: Electrify rail,Missing,Minimum target fraction of rail fueled by electricity. Can be used to explore other fuel shifts through a dictionary.,12,0.0,0.07848837209302326,0.1569767441860465,0.1569767441860465,2054
Energy,TRNS,TFR:TRNS:SHIFT_FUEL_RAIL,TRNS: Electrify rail,Missing,Minimum target fraction of rail fueled by electricity. Can be used to explore other fuel shifts through a dictionary.,12,0.0,0.08139534883720931,0.16279069767441862,0.16279069767441862,2055
Energy,TRNS,TFR:TRNS:SHIFT_FUEL_RAIL,TRNS: Electrify rail,Missing,Minimum target fraction of rail fueled by electricity. Can be used to explore other fuel shifts through a dictionary.,12,0.0,0.08430232558139535,0.1686046511627907,0.1686046511627907,2056
Energy,TRNS,TFR:TRNS:SHIFT_FUEL_RAIL,TRNS: Electrify rail,Missing,Minimum target fraction of rail fueled by electricity. Can be used to explore other fuel shifts through a dictionary.,12,0.0,0.0872093023255814,0.1744186046511628,0.1744186046511628,2057
Energy,TRNS,TFR:TRNS:SHIFT_FUEL_RAIL,TRNS: Electrify rail,Missing,Minimum target fraction of rail fueled by electricity. Can be used to explore other fuel shifts through a dictionary.,12,0.0,0.09011627906976744,0.18023255813953487,0.18023255813953487,2058
Energy,TRNS,TFR:TRNS:SHIFT_FUEL_RAIL,TRNS: Electrify rail,Missing,Minimum target fraction of rail fueled by electricity. Can be used to explore other fuel shifts through a dictionary.,12,0.0,0.09302325581395349,0.18604651162790697,0.18604651162790697,2059
Energy,TRNS,TFR:TRNS:SHIFT_FUEL_RAIL,TRNS: Electrify rail,Missing,Minimum target fraction of rail fueled by electricity. Can be used to explore other fuel shifts through a dictionary.,12,0.0,0.09593023255813954,0.19186046511627908,0.19186046511627908,2060
Energy,TRNS,TFR:TRNS:SHIFT_FUEL_RAIL,TRNS: Electrify rail,Missing,Minimum target fraction of rail fueled by electricity. Can be used to explore other fuel shifts through a dictionary.,12,0.0,0.09883720930232558,0.19767441860465115,0.19767441860465115,2061
Energy,TRNS,TFR:TRNS:SHIFT_FUEL_RAIL,TRNS: Electrify rail,Missing,Minimum target fraction of rail fueled by electricity. Can be used to explore other fuel shifts through a dictionary.,12,0.0,0.10174418604651163,0.20348837209302326,0.20348837209302326,2062
Energy,TRNS,TFR:TRNS:SHIFT_FUEL_RAIL,TRNS: Electrify rail,Missing,Minimum target fraction of rail fueled by electricity. Can be used to explore other fuel shifts through a dictionary.,12,0.0,0.10465116279069768,0.20930232558139536,0.20930232558139536,2063
Energy,TRNS,TFR:TRNS:SHIFT_FUEL_RAIL,TRNS: Electrify rail,Missing,Minimum target fraction of rail fueled by electricity. Can be used to explore other fuel shifts through a dictionary.,12,0.0,0.10755813953488372,0.21511627906976744,0.21511627906976744,2064
Energy,TRNS,TFR:TRNS:SHIFT_FUEL_RAIL,TRNS: Electrify rail,Missing,Minimum target fraction of rail fueled by electricity. Can be used to explore other fuel shifts through a dictionary.,12,0.0,0.11046511627906977,0.22093023255813954,0.22093023255813954,2065
Energy,TRNS,TFR:TRNS:SHIFT_FUEL_RAIL,TRNS: Electrify rail,Missing,Minimum target fraction of rail fueled by electricity. Can be used to explore other fuel shifts through a dictionary.,12,0.0,0.11337209302325581,0.22674418604651161,0.22674418604651161,2066
Energy,TRNS,TFR:TRNS:SHIFT_FUEL_RAIL,TRNS: Electrify rail,Missing,Minimum target fraction of rail fueled by electricity. Can be used to explore other fuel shifts through a dictionary.,12,0.0,0.11627906976744186,0.23255813953488372,0.23255813953488372,2067
Energy,TRNS,TFR:TRNS:SHIFT_FUEL_RAIL,TRNS: Electrify rail,Missing,Minimum target fraction of rail fueled by electricity. Can be used to explore other fuel shifts through a dictionary.,12,0.0,0.11918604651162791,0.23837209302325582,0.23837209302325582,2068
Energy,TRNS,TFR:TRNS:SHIFT_FUEL_RAIL,TRNS: Electrify rail,Missing,Minimum target fraction of rail fueled by electricity. Can be used to explore other fuel shifts through a dictionary.,12,0.0,0.12209302325581395,0.2441860465116279,0.2441860465116279,2069
Energy,TRNS,TFR:TRNS:SHIFT_FUEL_RAIL,TRNS: Electrify rail,Missing,Minimum target fraction of rail fueled by electricity. Can be used to explore other fuel shifts through a dictionary.,12,0.0,0.125,0.25,0.25,2070
Energy,TRNS,TFR:TRNS:SHIFT_MODE_FREIGHT,TRNS: Mode shift freight,Missing,Fraction of freight demand shifted from aviation and road transport to rail. Additional mode shifts can be explored through a dictionary.,12,0.0,0.0,0.0,0.0,2015
Energy,TRNS,TFR:TRNS:SHIFT_MODE_FREIGHT,TRNS: Mode shift freight,Missing,Fraction of freight demand shifted from aviation and road transport to rail. Additional mode shifts can be explored through a dictionary.,12,0.0,0.0,0.0,0.0,2016
Energy,TRNS,TFR:TRNS:SHIFT_MODE_FREIGHT,TRNS: Mode shift freight,Missing,Fraction of freight demand shifted from aviation and road transport to rail. Additional mode shifts can be explored through a dictionary.,12,0.0,0.0,0.0,0.0,2017
Energy,TRNS,TFR:TRNS:SHIFT_MODE_FREIGHT,TRNS: Mode shift freight,Missing,Fraction of freight demand shifted from aviation and road transport to rail. Additional mode shifts can be explored through a dictionary.,12,0.0,0.0,0.0,0.0,2018
Energy,TRNS,TFR:TRNS:SHIFT_MODE_FREIGHT,TRNS: Mode shift freight,Missing,Fraction of freight demand shifted from aviation and road transport to rail. Additional mode shifts can be explored through a dictionary.,12,0.0,0.0,0.0,0.0,2019
Energy,TRNS,TFR:TRNS:SHIFT_MODE_FREIGHT,TRNS: Mode shift freight,Missing,Fraction of freight demand shifted from aviation and road transport to rail. Additional mode shifts can be explored through a dictionary.,12,0.0,0.0,0.0,0.0,2020
Energy,TRNS,TFR:TRNS:SHIFT_MODE_FREIGHT,TRNS: Mode shift freight,Missing,Fraction of freight demand shifted from aviation and road transport to rail. Additional mode shifts can be explored through a dictionary.,12,0.0,0.0,0.0,0.0,2021
Energy,TRNS,TFR:TRNS:SHIFT_MODE_FREIGHT,TRNS: Mode shift freight,Missing,Fraction of freight demand shifted from aviation and road transport to rail. Additional mode shifts can be explored through a dictionary.,12,0.0,0.0,0.0,0.0,2022
Energy,TRNS,TFR:TRNS:SHIFT_MODE_FREIGHT,TRNS: Mode shift freight,Missing,Fraction of freight demand shifted from aviation and road transport to rail. Additional mode shifts can be explored through a dictionary.,12,0.0,0.0,0.0,0.0,2023
Energy,TRNS,TFR:TRNS:SHIFT_MODE_FREIGHT,TRNS: Mode shift freight,Missing,Fraction of freight demand shifted from aviation and road transport to rail. Additional mode shifts can be explored through a dictionary.,12,0.0,0.0,0.0,0.0,2024
Energy,TRNS,TFR:TRNS:SHIFT_MODE_FREIGHT,TRNS: Mode shift freight,Missing,Fraction of freight demand shifted from aviation and road transport to rail. Additional mode shifts can be explored through a dictionary.,12,0.0,0.0,0.0,0.0,2025
Energy,TRNS,TFR:TRNS:SHIFT_MODE_FREIGHT,TRNS: Mode shift freight,Missing,Fraction of freight demand shifted from aviation and road transport to rail. Additional mode shifts can be explored through a dictionary.,12,0.0,0.0,0.0,0.0,2026
Energy,TRNS,TFR:TRNS:SHIFT_MODE_FREIGHT,TRNS: Mode shift freight,Missing,Fraction of freight demand shifted from aviation and road transport to rail. Additional mode shifts can be explored through a dictionary.,12,0.0,0.0,0.0,0.0,2027
Energy,TRNS,TFR:TRNS:SHIFT_MODE_FREIGHT,TRNS: Mode shift freight,Missing,Fraction of freight demand shifted from aviation and road transport to rail. Additional mode shifts can be explored through a dictionary.,12,0.0,0.004651162790697674,0.004651162790697674,0.004651162790697674,2028
Energy,TRNS,TFR:TRNS:SHIFT_MODE_FREIGHT,TRNS: Mode shift freight,Missing,Fraction of freight demand shifted from aviation and road transport to rail. Additional mode shifts can be explored through a dictionary.,12,0.0,0.009302325581395349,0.009302325581395349,0.009302325581395349,2029
Energy,TRNS,TFR:TRNS:SHIFT_MODE_FREIGHT,TRNS: Mode shift freight,Missing,Fraction of freight demand shifted from aviation and road transport to rail. Additional mode shifts can be explored through a dictionary.,12,0.0,0.013953488372093023,0.013953488372093023,0.013953488372093023,2030
Energy,TRNS,TFR:TRNS:SHIFT_MODE_FREIGHT,TRNS: Mode shift freight,Missing,Fraction of freight demand shifted from aviation and road transport to rail. Additional mode shifts can be explored through a dictionary.,12,0.0,0.018604651162790697,0.018604651162790697,0.018604651162790697,2031
Energy,TRNS,TFR:TRNS:SHIFT_MODE_FREIGHT,TRNS: Mode shift freight,Missing,Fraction of freight demand shifted from aviation and road transport to rail. Additional mode shifts can be explored through a dictionary.,12,0.0,0.023255813953488372,0.023255813953488372,0.023255813953488372,2032
Energy,TRNS,TFR:TRNS:SHIFT_MODE_FREIGHT,TRNS: Mode shift freight,Missing,Fraction of freight demand shifted from aviation and road transport to rail. Additional mode shifts can be explored through a dictionary.,12,0.0,0.027906976744186046,0.027906976744186046,0.027906976744186046,2033
Energy,TRNS,TFR:TRNS:SHIFT_MODE_FREIGHT,TRNS: Mode shift freight,Missing,Fraction of freight demand shifted from aviation and road transport to rail. Additional mode shifts can be explored through a dictionary.,12,0.0,0.03255813953488373,0.03255813953488373,0.03255813953488373,2034
Energy,TRNS,TFR:TRNS:SHIFT_MODE_FREIGHT,TRNS: Mode shift freight,Missing,Fraction of freight demand shifted from aviation and road transport to rail. Additional mode shifts can be explored through a dictionary.,12,0.0,0.037209302325581395,0.037209302325581395,0.037209302325581395,2035
Energy,TRNS,TFR:TRNS:SHIFT_MODE_FREIGHT,TRNS: Mode shift freight,Missing,Fraction of freight demand shifted from aviation and road transport to rail. Additional mode shifts can be explored through a dictionary.,12,0.0,0.041860465116279076,0.041860465116279076,0.041860465116279076,2036
Energy,TRNS,TFR:TRNS:SHIFT_MODE_FREIGHT,TRNS: Mode shift freight,Missing,Fraction of freight demand shifted from aviation and road transport to rail. Additional mode shifts can be explored through a dictionary.,12,0.0,0.046511627906976744,0.046511627906976744,0.046511627906976744,2037
Energy,TRNS,TFR:TRNS:SHIFT_MODE_FREIGHT,TRNS: Mode shift freight,Missing,Fraction of freight demand shifted from aviation and road transport to rail. Additional mode shifts can be explored through a dictionary.,12,0.0,0.051162790697674425,0.051162790697674425,0.051162790697674425,2038
Energy,TRNS,TFR:TRNS:SHIFT_MODE_FREIGHT,TRNS: Mode shift freight,Missing,Fraction of freight demand shifted from aviation and road transport to rail. Additional mode shifts can be explored through a dictionary.,12,0.0,0.05581395348837209,0.05581395348837209,0.05581395348837209,2039
Energy,TRNS,TFR:TRNS:SHIFT_MODE_FREIGHT,TRNS: Mode shift freight,Missing,Fraction of freight demand shifted from aviation and road transport to rail. Additional mode shifts can be explored through a dictionary.,12,0.0,0.06046511627906977,0.06046511627906977,0.06046511627906977,2040
Energy,TRNS,TFR:TRNS:SHIFT_MODE_FREIGHT,TRNS: Mode shift freight,Missing,Fraction of freight demand shifted from aviation and road transport to rail. Additional mode shifts can be explored through a dictionary.,12,0.0,0.06511627906976745,0.06511627906976745,0.06511627906976745,2041
Energy,TRNS,TFR:TRNS:SHIFT_MODE_FREIGHT,TRNS: Mode shift freight,Missing,Fraction of freight demand shifted from aviation and road transport to rail. Additional mode shifts can be explored through a dictionary.,12,0.0,0.06976744186046512,0.06976744186046512,0.06976744186046512,2042
Energy,TRNS,TFR:TRNS:SHIFT_MODE_FREIGHT,TRNS: Mode shift freight,Missing,Fraction of freight demand shifted from aviation and road transport to rail. Additional mode shifts can be explored through a dictionary.,12,0.0,0.07441860465116279,0.07441860465116279,0.07441860465116279,2043
Energy,TRNS,TFR:TRNS:SHIFT_MODE_FREIGHT,TRNS: Mode shift freight,Missing,Fraction of freight demand shifted from aviation and road transport to rail. Additional mode shifts can be explored through a dictionary.,12,0.0,0.07906976744186046,0.07906976744186046,0.07906976744186046,2044
Energy,TRNS,TFR:TRNS:SHIFT_MODE_FREIGHT,TRNS: Mode shift freight,Missing,Fraction of freight demand shifted from aviation and road transport to rail. Additional mode shifts can be explored through a dictionary.,12,0.0,0.08372093023255815,0.08372093023255815,0.08372093023255815,2045
Energy,TRNS,TFR:TRNS:SHIFT_MODE_FREIGHT,TRNS: Mode shift freight,Missing,Fraction of freight demand shifted from aviation and road transport to rail. Additional mode shifts can be explored through a dictionary.,12,0.0,0.08837209302325583,0.08837209302325583,0.08837209302325583,2046
Energy,TRNS,TFR:TRNS:SHIFT_MODE_FREIGHT,TRNS: Mode shift freight,Missing,Fraction of freight demand shifted from aviation and road transport to rail. Additional mode shifts can be explored through a dictionary.,12,0.0,0.09302325581395349,0.09302325581395349,0.09302325581395349,2047
Energy,TRNS,TFR:TRNS:SHIFT_MODE_FREIGHT,TRNS: Mode shift freight,Missing,Fraction of freight demand shifted from aviation and road transport to rail. Additional mode shifts can be explored through a dictionary.,12,0.0,0.09767441860465116,0.09767441860465116,0.09767441860465116,2048
Energy,TRNS,TFR:TRNS:SHIFT_MODE_FREIGHT,TRNS: Mode shift freight,Missing,Fraction of freight demand shifted from aviation and road transport to rail. Additional mode shifts can be explored through a dictionary.,12,0.0,0.10232558139534885,0.10232558139534885,0.10232558139534885,2049
Energy,TRNS,TFR:TRNS:SHIFT_MODE_FREIGHT,TRNS: Mode shift freight,Missing,Fraction of freight demand shifted from aviation and road transport to rail. Additional mode shifts can be explored through a dictionary.,12,0.0,0.10697674418604651,0.10697674418604651,0.10697674418604651,2050
Energy,TRNS,TFR:TRNS:SHIFT_MODE_FREIGHT,TRNS: Mode shift freight,Missing,Fraction of freight demand shifted from aviation and road transport to rail. Additional mode shifts can be explored through a dictionary.,12,0.0,0.11162790697674418,0.11162790697674418,0.11162790697674418,2051
Energy,TRNS,TFR:TRNS:SHIFT_MODE_FREIGHT,TRNS: Mode shift freight,Missing,Fraction of freight demand shifted from aviation and road transport to rail. Additional mode shifts can be explored through a dictionary.,12,0.0,0.11627906976744187,0.11627906976744187,0.11627906976744187,2052
Energy,TRNS,TFR:TRNS:SHIFT_MODE_FREIGHT,TRNS: Mode shift freight,Missing,Fraction of freight demand shifted from aviation and road transport to rail. Additional mode shifts can be explored through a dictionary.,12,0.0,0.12093023255813953,0.12093023255813953,0.12093023255813953,2053
Energy,TRNS,TFR:TRNS:SHIFT_MODE_FREIGHT,TRNS: Mode shift freight,Missing,Fraction of freight demand shifted from aviation and road transport to rail. Additional mode shifts can be explored through a dictionary.,12,0.0,0.12558139534883722,0.12558139534883722,0.12558139534883722,2054
Energy,TRNS,TFR:TRNS:SHIFT_MODE_FREIGHT,TRNS: Mode shift freight,Missing,Fraction of freight demand shifted from aviation and road transport to rail. Additional mode shifts can be explored through a dictionary.,12,0.0,0.1302325581395349,0.1302325581395349,0.1302325581395349,2055
Energy,TRNS,TFR:TRNS:SHIFT_MODE_FREIGHT,TRNS: Mode shift freight,Missing,Fraction of freight demand shifted from aviation and road transport to rail. Additional mode shifts can be explored through a dictionary.,12,0.0,0.13488372093023257,0.13488372093023257,0.13488372093023257,2056
Energy,TRNS,TFR:TRNS:SHIFT_MODE_FREIGHT,TRNS: Mode shift freight,Missing,Fraction of freight demand shifted from aviation and road transport to rail. Additional mode shifts can be explored through a dictionary.,12,0.0,0.13953488372093023,0.13953488372093023,0.13953488372093023,2057
Energy,TRNS,TFR:TRNS:SHIFT_MODE_FREIGHT,TRNS: Mode shift freight,Missing,Fraction of freight demand shifted from aviation and road transport to rail. Additional mode shifts can be explored through a dictionary.,12,0.0,0.1441860465116279,0.1441860465116279,0.1441860465116279,2058
Energy,TRNS,TFR:TRNS:SHIFT_MODE_FREIGHT,TRNS: Mode shift freight,Missing,Fraction of freight demand shifted from aviation and road transport to rail. Additional mode shifts can be explored through a dictionary.,12,0.0,0.14883720930232558,0.14883720930232558,0.14883720930232558,2059
Energy,TRNS,TFR:TRNS:SHIFT_MODE_FREIGHT,TRNS: Mode shift freight,Missing,Fraction of freight demand shifted from aviation and road transport to rail. Additional mode shifts can be explored through a dictionary.,12,0.0,0.15348837209302327,0.15348837209302327,0.15348837209302327,2060
Energy,TRNS,TFR:TRNS:SHIFT_MODE_FREIGHT,TRNS: Mode shift freight,Missing,Fraction of freight demand shifted from aviation and road transport to rail. Additional mode shifts can be explored through a dictionary.,12,0.0,0.15813953488372093,0.15813953488372093,0.15813953488372093,2061
Energy,TRNS,TFR:TRNS:SHIFT_MODE_FREIGHT,TRNS: Mode shift freight,Missing,Fraction of freight demand shifted from aviation and road transport to rail. Additional mode shifts can be explored through a dictionary.,12,0.0,0.16279069767441862,0.16279069767441862,0.16279069767441862,2062
Energy,TRNS,TFR:TRNS:SHIFT_MODE_FREIGHT,TRNS: Mode shift freight,Missing,Fraction of freight demand shifted from aviation and road transport to rail. Additional mode shifts can be explored through a dictionary.,12,0.0,0.1674418604651163,0.1674418604651163,0.1674418604651163,2063
Energy,TRNS,TFR:TRNS:SHIFT_MODE_FREIGHT,TRNS: Mode shift freight,Missing,Fraction of freight demand shifted from aviation and road transport to rail. Additional mode shifts can be explored through a dictionary.,12,0.0,0.17209302325581396,0.17209302325581396,0.17209302325581396,2064
Energy,TRNS,TFR:TRNS:SHIFT_MODE_FREIGHT,TRNS: Mode shift freight,Missing,Fraction of freight demand shifted from aviation and road transport to rail. Additional mode shifts can be explored through a dictionary.,12,0.0,0.17674418604651165,0.17674418604651165,0.17674418604651165,2065
Energy,TRNS,TFR:TRNS:SHIFT_MODE_FREIGHT,TRNS: Mode shift freight,Missing,Fraction of freight demand shifted from aviation and road transport to rail. Additional mode shifts can be explored through a dictionary.,12,0.0,0.1813953488372093,0.1813953488372093,0.1813953488372093,2066
Energy,TRNS,TFR:TRNS:SHIFT_MODE_FREIGHT,TRNS: Mode shift freight,Missing,Fraction of freight demand shifted from aviation and road transport to rail. Additional mode shifts can be explored through a dictionary.,12,0.0,0.18604651162790697,0.18604651162790697,0.18604651162790697,2067
Energy,TRNS,TFR:TRNS:SHIFT_MODE_FREIGHT,TRNS: Mode shift freight,Missing,Fraction of freight demand shifted from aviation and road transport to rail. Additional mode shifts can be explored through a dictionary.,12,0.0,0.19069767441860466,0.19069767441860466,0.19069767441860466,2068
Energy,TRNS,TFR:TRNS:SHIFT_MODE_FREIGHT,TRNS: Mode shift freight,Missing,Fraction of freight demand shifted from aviation and road transport to rail. Additional mode shifts can be explored through a dictionary.,12,0.0,0.19534883720930232,0.19534883720930232,0.19534883720930232,2069
Energy,TRNS,TFR:TRNS:SHIFT_MODE_FREIGHT,TRNS: Mode shift freight,Missing,Fraction of freight demand shifted from aviation and road transport to rail. Additional mode shifts can be explored through a dictionary.,12,0.0,0.2,0.2,0.2,2070
Energy,TRNS,TFR:TRNS:SHIFT_MODE_PASSENGER,TRNS: Mode shift passenger vehicles to others,Missing,Fraction of passenger demand shifted from light-duty road PKMT to other forms (default is human powered and light-weight mobility). Additional mode shifts can be explored through a dictionary.,12,0.0,0.0,0.0,0.0,2015
Energy,TRNS,TFR:TRNS:SHIFT_MODE_PASSENGER,TRNS: Mode shift passenger vehicles to others,Missing,Fraction of passenger demand shifted from light-duty road PKMT to other forms (default is human powered and light-weight mobility). Additional mode shifts can be explored through a dictionary.,12,0.0,0.0,0.0,0.0,2016
Energy,TRNS,TFR:TRNS:SHIFT_MODE_PASSENGER,TRNS: Mode shift passenger vehicles to others,Missing,Fraction of passenger demand shifted from light-duty road PKMT to other forms (default is human powered and light-weight mobility). Additional mode shifts can be explored through a dictionary.,12,0.0,0.0,0.0,0.0,2017
Energy,TRNS,TFR:TRNS:SHIFT_MODE_PASSENGER,TRNS: Mode shift passenger vehicles to others,Missing,Fraction of passenger demand shifted from light-duty road PKMT to other forms (default is human powered and light-weight mobility). Additional mode shifts can be explored through a dictionary.,12,0.0,0.0,0.0,0.0,2018
Energy,TRNS,TFR:TRNS:SHIFT_MODE_PASSENGER,TRNS: Mode shift passenger vehicles to others,Missing,Fraction of passenger demand shifted from light-duty road PKMT to other forms (default is human powered and light-weight mobility). Additional mode shifts can be explored through a dictionary.,12,0.0,0.0,0.0,0.0,2019
Energy,TRNS,TFR:TRNS:SHIFT_MODE_PASSENGER,TRNS: Mode shift passenger vehicles to others,Missing,Fraction of passenger demand shifted from light-duty road PKMT to other forms (default is human powered and light-weight mobility). Additional mode shifts can be explored through a dictionary.,12,0.0,0.0,0.0,0.0,2020
Energy,TRNS,TFR:TRNS:SHIFT_MODE_PASSENGER,TRNS: Mode shift passenger vehicles to others,Missing,Fraction of passenger demand shifted from light-duty road PKMT to other forms (default is human powered and light-weight mobility). Additional mode shifts can be explored through a dictionary.,12,0.0,0.0,0.0,0.0,2021
Energy,TRNS,TFR:TRNS:SHIFT_MODE_PASSENGER,TRNS: Mode shift passenger vehicles to others,Missing,Fraction of passenger demand shifted from light-duty road PKMT to other forms (default is human powered and light-weight mobility). Additional mode shifts can be explored through a dictionary.,12,0.0,0.0,0.0,0.0,2022
Energy,TRNS,TFR:TRNS:SHIFT_MODE_PASSENGER,TRNS: Mode shift passenger vehicles to others,Missing,Fraction of passenger demand shifted from light-duty road PKMT to other forms (default is human powered and light-weight mobility). Additional mode shifts can be explored through a dictionary.,12,0.0,0.0,0.0,0.0,2023
Energy,TRNS,TFR:TRNS:SHIFT_MODE_PASSENGER,TRNS: Mode shift passenger vehicles to others,Missing,Fraction of passenger demand shifted from light-duty road PKMT to other forms (default is human powered and light-weight mobility). Additional mode shifts can be explored through a dictionary.,12,0.0,0.0,0.0,0.0,2024
Energy,TRNS,TFR:TRNS:SHIFT_MODE_PASSENGER,TRNS: Mode shift passenger vehicles to others,Missing,Fraction of passenger demand shifted from light-duty road PKMT to other forms (default is human powered and light-weight mobility). Additional mode shifts can be explored through a dictionary.,12,0.0,0.0,0.0,0.0,2025
Energy,TRNS,TFR:TRNS:SHIFT_MODE_PASSENGER,TRNS: Mode shift passenger vehicles to others,Missing,Fraction of passenger demand shifted from light-duty road PKMT to other forms (default is human powered and light-weight mobility). Additional mode shifts can be explored through a dictionary.,12,0.0,0.0,0.0,0.0,2026
Energy,TRNS,TFR:TRNS:SHIFT_MODE_PASSENGER,TRNS: Mode shift passenger vehicles to others,Missing,Fraction of passenger demand shifted from light-duty road PKMT to other forms (default is human powered and light-weight mobility). Additional mode shifts can be explored through a dictionary.,12,0.0,0.0,0.0,0.0,2027
Energy,TRNS,TFR:TRNS:SHIFT_MODE_PASSENGER,TRNS: Mode shift passenger vehicles to others,Missing,Fraction of passenger demand shifted from light-duty road PKMT to other forms (default is human powered and light-weight mobility). Additional mode shifts can be explored through a dictionary.,12,0.0,0.0069767441860465115,0.0069767441860465115,0.0069767441860465115,2028
Energy,TRNS,TFR:TRNS:SHIFT_MODE_PASSENGER,TRNS: Mode shift passenger vehicles to others,Missing,Fraction of passenger demand shifted from light-duty road PKMT to other forms (default is human powered and light-weight mobility). Additional mode shifts can be explored through a dictionary.,12,0.0,0.013953488372093023,0.013953488372093023,0.013953488372093023,2029
Energy,TRNS,TFR:TRNS:SHIFT_MODE_PASSENGER,TRNS: Mode shift passenger vehicles to others,Missing,Fraction of passenger demand shifted from light-duty road PKMT to other forms (default is human powered and light-weight mobility). Additional mode shifts can be explored through a dictionary.,12,0.0,0.020930232558139535,0.020930232558139535,0.020930232558139535,2030
Energy,TRNS,TFR:TRNS:SHIFT_MODE_PASSENGER,TRNS: Mode shift passenger vehicles to others,Missing,Fraction of passenger demand shifted from light-duty road PKMT to other forms (default is human powered and light-weight mobility). Additional mode shifts can be explored through a dictionary.,12,0.0,0.027906976744186046,0.027906976744186046,0.027906976744186046,2031
Energy,TRNS,TFR:TRNS:SHIFT_MODE_PASSENGER,TRNS: Mode shift passenger vehicles to others,Missing,Fraction of passenger demand shifted from light-duty road PKMT to other forms (default is human powered and light-weight mobility). Additional mode shifts can be explored through a dictionary.,12,0.0,0.03488372093023256,0.03488372093023256,0.03488372093023256,2032
Energy,TRNS,TFR:TRNS:SHIFT_MODE_PASSENGER,TRNS: Mode shift passenger vehicles to others,Missing,Fraction of passenger demand shifted from light-duty road PKMT to other forms (default is human powered and light-weight mobility). Additional mode shifts can be explored through a dictionary.,12,0.0,0.04186046511627907,0.04186046511627907,0.04186046511627907,2033
Energy,TRNS,TFR:TRNS:SHIFT_MODE_PASSENGER,TRNS: Mode shift passenger vehicles to others,Missing,Fraction of passenger demand shifted from light-duty road PKMT to other forms (default is human powered and light-weight mobility). Additional mode shifts can be explored through a dictionary.,12,0.0,0.04883720930232558,0.04883720930232558,0.04883720930232558,2034
Energy,TRNS,TFR:TRNS:SHIFT_MODE_PASSENGER,TRNS: Mode shift passenger vehicles to others,Missing,Fraction of passenger demand shifted from light-duty road PKMT to other forms (default is human powered and light-weight mobility). Additional mode shifts can be explored through a dictionary.,12,0.0,0.05581395348837209,0.05581395348837209,0.05581395348837209,2035
Energy,TRNS,TFR:TRNS:SHIFT_MODE_PASSENGER,TRNS: Mode shift passenger vehicles to others,Missing,Fraction of passenger demand shifted from light-duty road PKMT to other forms (default is human powered and light-weight mobility). Additional mode shifts can be explored through a dictionary.,12,0.0,0.06279069767441861,0.06279069767441861,0.06279069767441861,2036
Energy,TRNS,TFR:TRNS:SHIFT_MODE_PASSENGER,TRNS: Mode shift passenger vehicles to others,Missing,Fraction of passenger demand shifted from light-duty road PKMT to other forms (default is human powered and light-weight mobility). Additional mode shifts can be explored through a dictionary.,12,0.0,0.06976744186046512,0.06976744186046512,0.06976744186046512,2037
Energy,TRNS,TFR:TRNS:SHIFT_MODE_PASSENGER,TRNS: Mode shift passenger vehicles to others,Missing,Fraction of passenger demand shifted from light-duty road PKMT to other forms (default is human powered and light-weight mobility). Additional mode shifts can be explored through a dictionary.,12,0.0,0.07674418604651163,0.07674418604651163,0.07674418604651163,2038
Energy,TRNS,TFR:TRNS:SHIFT_MODE_PASSENGER,TRNS: Mode shift passenger vehicles to others,Missing,Fraction of passenger demand shifted from light-duty road PKMT to other forms (default is human powered and light-weight mobility). Additional mode shifts can be explored through a dictionary.,12,0.0,0.08372093023255814,0.08372093023255814,0.08372093023255814,2039
Energy,TRNS,TFR:TRNS:SHIFT_MODE_PASSENGER,TRNS: Mode shift passenger vehicles to others,Missing,Fraction of passenger demand shifted from light-duty road PKMT to other forms (default is human powered and light-weight mobility). Additional mode shifts can be explored through a dictionary.,12,0.0,0.09069767441860464,0.09069767441860464,0.09069767441860464,2040
Energy,TRNS,TFR:TRNS:SHIFT_MODE_PASSENGER,TRNS: Mode shift passenger vehicles to others,Missing,Fraction of passenger demand shifted from light-duty road PKMT to other forms (default is human powered and light-weight mobility). Additional mode shifts can be explored through a dictionary.,12,0.0,0.09767441860465116,0.09767441860465116,0.09767441860465116,2041
Energy,TRNS,TFR:TRNS:SHIFT_MODE_PASSENGER,TRNS: Mode shift passenger vehicles to others,Missing,Fraction of passenger demand shifted from light-duty road PKMT to other forms (default is human powered and light-weight mobility). Additional mode shifts can be explored through a dictionary.,12,0.0,0.10465116279069768,0.10465116279069768,0.10465116279069768,2042
Energy,TRNS,TFR:TRNS:SHIFT_MODE_PASSENGER,TRNS: Mode shift passenger vehicles to others,Missing,Fraction of passenger demand shifted from light-duty road PKMT to other forms (default is human powered and light-weight mobility). Additional mode shifts can be explored through a dictionary.,12,0.0,0.11162790697674418,0.11162790697674418,0.11162790697674418,2043
Energy,TRNS,TFR:TRNS:SHIFT_MODE_PASSENGER,TRNS: Mode shift passenger vehicles to others,Missing,Fraction of passenger demand shifted from light-duty road PKMT to other forms (default is human powered and light-weight mobility). Additional mode shifts can be explored through a dictionary.,12,0.0,0.11860465116279069,0.11860465116279069,0.11860465116279069,2044
Energy,TRNS,TFR:TRNS:SHIFT_MODE_PASSENGER,TRNS: Mode shift passenger vehicles to others,Missing,Fraction of passenger demand shifted from light-duty road PKMT to other forms (default is human powered and light-weight mobility). Additional mode shifts can be explored through a dictionary.,12,0.0,0.12558139534883722,0.12558139534883722,0.12558139534883722,2045
Energy,TRNS,TFR:TRNS:SHIFT_MODE_PASSENGER,TRNS: Mode shift passenger vehicles to others,Missing,Fraction of passenger demand shifted from light-duty road PKMT to other forms (default is human powered and light-weight mobility). Additional mode shifts can be explored through a dictionary.,12,0.0,0.1325581395348837,0.1325581395348837,0.1325581395348837,2046
Energy,TRNS,TFR:TRNS:SHIFT_MODE_PASSENGER,TRNS: Mode shift passenger vehicles to others,Missing,Fraction of passenger demand shifted from light-duty road PKMT to other forms (default is human powered and light-weight mobility). Additional mode shifts can be explored through a dictionary.,12,0.0,0.13953488372093023,0.13953488372093023,0.13953488372093023,2047
Energy,TRNS,TFR:TRNS:SHIFT_MODE_PASSENGER,TRNS: Mode shift passenger vehicles to others,Missing,Fraction of passenger demand shifted from light-duty road PKMT to other forms (default is human powered and light-weight mobility). Additional mode shifts can be explored through a dictionary.,12,0.0,0.14651162790697672,0.14651162790697672,0.14651162790697672,2048
Energy,TRNS,TFR:TRNS:SHIFT_MODE_PASSENGER,TRNS: Mode shift passenger vehicles to others,Missing,Fraction of passenger demand shifted from light-duty road PKMT to other forms (default is human powered and light-weight mobility). Additional mode shifts can be explored through a dictionary.,12,0.0,0.15348837209302327,0.15348837209302327,0.15348837209302327,2049
Energy,TRNS,TFR:TRNS:SHIFT_MODE_PASSENGER,TRNS: Mode shift passenger vehicles to others,Missing,Fraction of passenger demand shifted from light-duty road PKMT to other forms (default is human powered and light-weight mobility). Additional mode shifts can be explored through a dictionary.,12,0.0,0.16046511627906976,0.16046511627906976,0.16046511627906976,2050
Energy,TRNS,TFR:TRNS:SHIFT_MODE_PASSENGER,TRNS: Mode shift passenger vehicles to others,Missing,Fraction of passenger demand shifted from light-duty road PKMT to other forms (default is human powered and light-weight mobility). Additional mode shifts can be explored through a dictionary.,12,0.0,0.16744186046511628,0.16744186046511628,0.16744186046511628,2051
Energy,TRNS,TFR:TRNS:SHIFT_MODE_PASSENGER,TRNS: Mode shift passenger vehicles to others,Missing,Fraction of passenger demand shifted from light-duty road PKMT to other forms (default is human powered and light-weight mobility). Additional mode shifts can be explored through a dictionary.,12,0.0,0.1744186046511628,0.1744186046511628,0.1744186046511628,2052
Energy,TRNS,TFR:TRNS:SHIFT_MODE_PASSENGER,TRNS: Mode shift passenger vehicles to others,Missing,Fraction of passenger demand shifted from light-duty road PKMT to other forms (default is human powered and light-weight mobility). Additional mode shifts can be explored through a dictionary.,12,0.0,0.18139534883720929,0.18139534883720929,0.18139534883720929,2053
Energy,TRNS,TFR:TRNS:SHIFT_MODE_PASSENGER,TRNS: Mode shift passenger vehicles to others,Missing,Fraction of passenger demand shifted from light-duty road PKMT to other forms (default is human powered and light-weight mobility). Additional mode shifts can be explored through a dictionary.,12,0.0,0.1883720930232558,0.1883720930232558,0.1883720930232558,2054
Energy,TRNS,TFR:TRNS:SHIFT_MODE_PASSENGER,TRNS: Mode shift passenger vehicles to others,Missing,Fraction of passenger demand shifted from light-duty road PKMT to other forms (default is human powered and light-weight mobility). Additional mode shifts can be explored through a dictionary.,12,0.0,0.19534883720930232,0.19534883720930232,0.19534883720930232,2055
Energy,TRNS,TFR:TRNS:SHIFT_MODE_PASSENGER,TRNS: Mode shift passenger vehicles to others,Missing,Fraction of passenger demand shifted from light-duty road PKMT to other forms (default is human powered and light-weight mobility). Additional mode shifts can be explored through a dictionary.,12,0.0,0.2023255813953488,0.2023255813953488,0.2023255813953488,2056
Energy,TRNS,TFR:TRNS:SHIFT_MODE_PASSENGER,TRNS: Mode shift passenger vehicles to others,Missing,Fraction of passenger demand shifted from light-duty road PKMT to other forms (default is human powered and light-weight mobility). Additional mode shifts can be explored through a dictionary.,12,0.0,0.20930232558139536,0.20930232558139536,0.20930232558139536,2057
Energy,TRNS,TFR:TRNS:SHIFT_MODE_PASSENGER,TRNS: Mode shift passenger vehicles to others,Missing,Fraction of passenger demand shifted from light-duty road PKMT to other forms (default is human powered and light-weight mobility). Additional mode shifts can be explored through a dictionary.,12,0.0,0.21627906976744185,0.21627906976744185,0.21627906976744185,2058
Energy,TRNS,TFR:TRNS:SHIFT_MODE_PASSENGER,TRNS: Mode shift passenger vehicles to others,Missing,Fraction of passenger demand shifted from light-duty road PKMT to other forms (default is human powered and light-weight mobility). Additional mode shifts can be explored through a dictionary.,12,0.0,0.22325581395348837,0.22325581395348837,0.22325581395348837,2059
Energy,TRNS,TFR:TRNS:SHIFT_MODE_PASSENGER,TRNS: Mode shift passenger vehicles to others,Missing,Fraction of passenger demand shifted from light-duty road PKMT to other forms (default is human powered and light-weight mobility). Additional mode shifts can be explored through a dictionary.,12,0.0,0.2302325581395349,0.2302325581395349,0.2302325581395349,2060
Energy,TRNS,TFR:TRNS:SHIFT_MODE_PASSENGER,TRNS: Mode shift passenger vehicles to others,Missing,Fraction of passenger demand shifted from light-duty road PKMT to other forms (default is human powered and light-weight mobility). Additional mode shifts can be explored through a dictionary.,12,0.0,0.23720930232558138,0.23720930232558138,0.23720930232558138,2061
Energy,TRNS,TFR:TRNS:SHIFT_MODE_PASSENGER,TRNS: Mode shift passenger vehicles to others,Missing,Fraction of passenger demand shifted from light-duty road PKMT to other forms (default is human powered and light-weight mobility). Additional mode shifts can be explored through a dictionary.,12,0.0,0.2441860465116279,0.2441860465116279,0.2441860465116279,2062
Energy,TRNS,TFR:TRNS:SHIFT_MODE_PASSENGER,TRNS: Mode shift passenger vehicles to others,Missing,Fraction of passenger demand shifted from light-duty road PKMT to other forms (default is human powered and light-weight mobility). Additional mode shifts can be explored through a dictionary.,12,0.0,0.25116279069767444,0.25116279069767444,0.25116279069767444,2063
Energy,TRNS,TFR:TRNS:SHIFT_MODE_PASSENGER,TRNS: Mode shift passenger vehicles to others,Missing,Fraction of passenger demand shifted from light-duty road PKMT to other forms (default is human powered and light-weight mobility). Additional mode shifts can be explored through a dictionary.,12,0.0,0.25813953488372093,0.25813953488372093,0.25813953488372093,2064
Energy,TRNS,TFR:TRNS:SHIFT_MODE_PASSENGER,TRNS: Mode shift passenger vehicles to others,Missing,Fraction of passenger demand shifted from light-duty road PKMT to other forms (default is human powered and light-weight mobility). Additional mode shifts can be explored through a dictionary.,12,0.0,0.2651162790697674,0.2651162790697674,0.2651162790697674,2065
Energy,TRNS,TFR:TRNS:SHIFT_MODE_PASSENGER,TRNS: Mode shift passenger vehicles to others,Missing,Fraction of passenger demand shifted from light-duty road PKMT to other forms (default is human powered and light-weight mobility). Additional mode shifts can be explored through a dictionary.,12,0.0,0.2720930232558139,0.2720930232558139,0.2720930232558139,2066
Energy,TRNS,TFR:TRNS:SHIFT_MODE_PASSENGER,TRNS: Mode shift passenger vehicles to others,Missing,Fraction of passenger demand shifted from light-duty road PKMT to other forms (default is human powered and light-weight mobility). Additional mode shifts can be explored through a dictionary.,12,0.0,0.27906976744186046,0.27906976744186046,0.27906976744186046,2067
Energy,TRNS,TFR:TRNS:SHIFT_MODE_PASSENGER,TRNS: Mode shift passenger vehicles to others,Missing,Fraction of passenger demand shifted from light-duty road PKMT to other forms (default is human powered and light-weight mobility). Additional mode shifts can be explored through a dictionary.,12,0.0,0.28604651162790695,0.28604651162790695,0.28604651162790695,2068
Energy,TRNS,TFR:TRNS:SHIFT_MODE_PASSENGER,TRNS: Mode shift passenger vehicles to others,Missing,Fraction of passenger demand shifted from light-duty road PKMT to other forms (default is human powered and light-weight mobility). Additional mode shifts can be explored through a dictionary.,12,0.0,0.29302325581395344,0.29302325581395344,0.29302325581395344,2069
Energy,TRNS,TFR:TRNS:SHIFT_MODE_PASSENGER,TRNS: Mode shift passenger vehicles to others,Missing,Fraction of passenger demand shifted from light-duty road PKMT to other forms (default is human powered and light-weight mobility). Additional mode shifts can be explored through a dictionary.,12,0.0,0.3,0.3,0.3,2070
Energy,TRNS,TFR:TRNS:SHIFT_MODE_REGIONAL,TRNS: Mode shift regional passenger travel,Missing,Fraction of regional passenger demand shifted from light-duty road and aviation PKMT to heavy-duty road.,12,0.0,0.0,0.0,0.0,2015
Energy,TRNS,TFR:TRNS:SHIFT_MODE_REGIONAL,TRNS: Mode shift regional passenger travel,Missing,Fraction of regional passenger demand shifted from light-duty road and aviation PKMT to heavy-duty road.,12,0.0,0.0,0.0,0.0,2016
Energy,TRNS,TFR:TRNS:SHIFT_MODE_REGIONAL,TRNS: Mode shift regional passenger travel,Missing,Fraction of regional passenger demand shifted from light-duty road and aviation PKMT to heavy-duty road.,12,0.0,0.0,0.0,0.0,2017
Energy,TRNS,TFR:TRNS:SHIFT_MODE_REGIONAL,TRNS: Mode shift regional passenger travel,Missing,Fraction of regional passenger demand shifted from light-duty road and aviation PKMT to heavy-duty road.,12,0.0,0.0,0.0,0.0,2018
Energy,TRNS,TFR:TRNS:SHIFT_MODE_REGIONAL,TRNS: Mode shift regional passenger travel,Missing,Fraction of regional passenger demand shifted from light-duty road and aviation PKMT to heavy-duty road.,12,0.0,0.0,0.0,0.0,2019
Energy,TRNS,TFR:TRNS:SHIFT_MODE_REGIONAL,TRNS: Mode shift regional passenger travel,Missing,Fraction of regional passenger demand shifted from light-duty road and aviation PKMT to heavy-duty road.,12,0.0,0.0,0.0,0.0,2020
Energy,TRNS,TFR:TRNS:SHIFT_MODE_REGIONAL,TRNS: Mode shift regional passenger travel,Missing,Fraction of regional passenger demand shifted from light-duty road and aviation PKMT to heavy-duty road.,12,0.0,0.0,0.0,0.0,2021
Energy,TRNS,TFR:TRNS:SHIFT_MODE_REGIONAL,TRNS: Mode shift regional passenger travel,Missing,Fraction of regional passenger demand shifted from light-duty road and aviation PKMT to heavy-duty road.,12,0.0,0.0,0.0,0.0,2022
Energy,TRNS,TFR:TRNS:SHIFT_MODE_REGIONAL,TRNS: Mode shift regional passenger travel,Missing,Fraction of regional passenger demand shifted from light-duty road and aviation PKMT to heavy-duty road.,12,0.0,0.0,0.0,0.0,2023
Energy,TRNS,TFR:TRNS:SHIFT_MODE_REGIONAL,TRNS: Mode shift regional passenger travel,Missing,Fraction of regional passenger demand shifted from light-duty road and aviation PKMT to heavy-duty road.,12,0.0,0.0,0.0,0.0,2024
Energy,TRNS,TFR:TRNS:SHIFT_MODE_REGIONAL,TRNS: Mode shift regional passenger travel,Missing,Fraction of regional passenger demand shifted from light-duty road and aviation PKMT to heavy-duty road.,12,0.0,0.0,0.0,0.0,2025
Energy,TRNS,TFR:TRNS:SHIFT_MODE_REGIONAL,TRNS: Mode shift regional passenger travel,Missing,Fraction of regional passenger demand shifted from light-duty road and aviation PKMT to heavy-duty road.,12,0.0,0.0,0.0,0.0,2026
Energy,TRNS,TFR:TRNS:SHIFT_MODE_REGIONAL,TRNS: Mode shift regional passenger travel,Missing,Fraction of regional passenger demand shifted from light-duty road and aviation PKMT to heavy-duty road.,12,0.0,0.0,0.0,0.0,2027
Energy,TRNS,TFR:TRNS:SHIFT_MODE_REGIONAL,TRNS: Mode shift regional passenger travel,Missing,Fraction of regional passenger demand shifted from light-duty road and aviation PKMT to heavy-duty road.,12,0.0,0.0,0.0,0.006976744186046512,2028
Energy,TRNS,TFR:TRNS:SHIFT_MODE_REGIONAL,TRNS: Mode shift regional passenger travel,Missing,Fraction of regional passenger demand shifted from light-duty road and aviation PKMT to heavy-duty road.,12,0.0,0.0,0.0,0.013953488372093025,2029
Energy,TRNS,TFR:TRNS:SHIFT_MODE_REGIONAL,TRNS: Mode shift regional passenger travel,Missing,Fraction of regional passenger demand shifted from light-duty road and aviation PKMT to heavy-duty road.,12,0.0,0.0,0.0,0.020930232558139538,2030
Energy,TRNS,TFR:TRNS:SHIFT_MODE_REGIONAL,TRNS: Mode shift regional passenger travel,Missing,Fraction of regional passenger demand shifted from light-duty road and aviation PKMT to heavy-duty road.,12,0.0,0.0,0.0,0.02790697674418605,2031
Energy,TRNS,TFR:TRNS:SHIFT_MODE_REGIONAL,TRNS: Mode shift regional passenger travel,Missing,Fraction of regional passenger demand shifted from light-duty road and aviation PKMT to heavy-duty road.,12,0.0,0.0,0.0,0.034883720930232565,2032
Energy,TRNS,TFR:TRNS:SHIFT_MODE_REGIONAL,TRNS: Mode shift regional passenger travel,Missing,Fraction of regional passenger demand shifted from light-duty road and aviation PKMT to heavy-duty road.,12,0.0,0.0,0.0,0.041860465116279076,2033
Energy,TRNS,TFR:TRNS:SHIFT_MODE_REGIONAL,TRNS: Mode shift regional passenger travel,Missing,Fraction of regional passenger demand shifted from light-duty road and aviation PKMT to heavy-duty road.,12,0.0,0.0,0.0,0.048837209302325595,2034
Energy,TRNS,TFR:TRNS:SHIFT_MODE_REGIONAL,TRNS: Mode shift regional passenger travel,Missing,Fraction of regional passenger demand shifted from light-duty road and aviation PKMT to heavy-duty road.,12,0.0,0.0,0.0,0.0558139534883721,2035
Energy,TRNS,TFR:TRNS:SHIFT_MODE_REGIONAL,TRNS: Mode shift regional passenger travel,Missing,Fraction of regional passenger demand shifted from light-duty road and aviation PKMT to heavy-duty road.,12,0.0,0.0,0.0,0.06279069767441861,2036
Energy,TRNS,TFR:TRNS:SHIFT_MODE_REGIONAL,TRNS: Mode shift regional passenger travel,Missing,Fraction of regional passenger demand shifted from light-duty road and aviation PKMT to heavy-duty road.,12,0.0,0.0,0.0,0.06976744186046513,2037
Energy,TRNS,TFR:TRNS:SHIFT_MODE_REGIONAL,TRNS: Mode shift regional passenger travel,Missing,Fraction of regional passenger demand shifted from light-duty road and aviation PKMT to heavy-duty road.,12,0.0,0.0,0.0,0.07674418604651165,2038
Energy,TRNS,TFR:TRNS:SHIFT_MODE_REGIONAL,TRNS: Mode shift regional passenger travel,Missing,Fraction of regional passenger demand shifted from light-duty road and aviation PKMT to heavy-duty road.,12,0.0,0.0,0.0,0.08372093023255815,2039
Energy,TRNS,TFR:TRNS:SHIFT_MODE_REGIONAL,TRNS: Mode shift regional passenger travel,Missing,Fraction of regional passenger demand shifted from light-duty road and aviation PKMT to heavy-duty road.,12,0.0,0.0,0.0,0.09069767441860466,2040
Energy,TRNS,TFR:TRNS:SHIFT_MODE_REGIONAL,TRNS: Mode shift regional passenger travel,Missing,Fraction of regional passenger demand shifted from light-duty road and aviation PKMT to heavy-duty road.,12,0.0,0.0,0.0,0.09767441860465119,2041
Energy,TRNS,TFR:TRNS:SHIFT_MODE_REGIONAL,TRNS: Mode shift regional passenger travel,Missing,Fraction of regional passenger demand shifted from light-duty road and aviation PKMT to heavy-duty road.,12,0.0,0.0,0.0,0.1046511627906977,2042
Energy,TRNS,TFR:TRNS:SHIFT_MODE_REGIONAL,TRNS: Mode shift regional passenger travel,Missing,Fraction of regional passenger demand shifted from light-duty road and aviation PKMT to heavy-duty road.,12,0.0,0.0,0.0,0.1116279069767442,2043
Energy,TRNS,TFR:TRNS:SHIFT_MODE_REGIONAL,TRNS: Mode shift regional passenger travel,Missing,Fraction of regional passenger demand shifted from light-duty road and aviation PKMT to heavy-duty road.,12,0.0,0.0,0.0,0.1186046511627907,2044
Energy,TRNS,TFR:TRNS:SHIFT_MODE_REGIONAL,TRNS: Mode shift regional passenger travel,Missing,Fraction of regional passenger demand shifted from light-duty road and aviation PKMT to heavy-duty road.,12,0.0,0.0,0.0,0.12558139534883722,2045
Energy,TRNS,TFR:TRNS:SHIFT_MODE_REGIONAL,TRNS: Mode shift regional passenger travel,Missing,Fraction of regional passenger demand shifted from light-duty road and aviation PKMT to heavy-duty road.,12,0.0,0.0,0.0,0.13255813953488374,2046
Energy,TRNS,TFR:TRNS:SHIFT_MODE_REGIONAL,TRNS: Mode shift regional passenger travel,Missing,Fraction of regional passenger demand shifted from light-duty road and aviation PKMT to heavy-duty road.,12,0.0,0.0,0.0,0.13953488372093026,2047
Energy,TRNS,TFR:TRNS:SHIFT_MODE_REGIONAL,TRNS: Mode shift regional passenger travel,Missing,Fraction of regional passenger demand shifted from light-duty road and aviation PKMT to heavy-duty road.,12,0.0,0.0,0.0,0.14651162790697675,2048
Energy,TRNS,TFR:TRNS:SHIFT_MODE_REGIONAL,TRNS: Mode shift regional passenger travel,Missing,Fraction of regional passenger demand shifted from light-duty road and aviation PKMT to heavy-duty road.,12,0.0,0.0,0.0,0.1534883720930233,2049
Energy,TRNS,TFR:TRNS:SHIFT_MODE_REGIONAL,TRNS: Mode shift regional passenger travel,Missing,Fraction of regional passenger demand shifted from light-duty road and aviation PKMT to heavy-duty road.,12,0.0,0.0,0.0,0.16046511627906979,2050
Energy,TRNS,TFR:TRNS:SHIFT_MODE_REGIONAL,TRNS: Mode shift regional passenger travel,Missing,Fraction of regional passenger demand shifted from light-duty road and aviation PKMT to heavy-duty road.,12,0.0,0.0,0.0,0.1674418604651163,2051
Energy,TRNS,TFR:TRNS:SHIFT_MODE_REGIONAL,TRNS: Mode shift regional passenger travel,Missing,Fraction of regional passenger demand shifted from light-duty road and aviation PKMT to heavy-duty road.,12,0.0,0.0,0.0,0.17441860465116282,2052
Energy,TRNS,TFR:TRNS:SHIFT_MODE_REGIONAL,TRNS: Mode shift regional passenger travel,Missing,Fraction of regional passenger demand shifted from light-duty road and aviation PKMT to heavy-duty road.,12,0.0,0.0,0.0,0.1813953488372093,2053
Energy,TRNS,TFR:TRNS:SHIFT_MODE_REGIONAL,TRNS: Mode shift regional passenger travel,Missing,Fraction of regional passenger demand shifted from light-duty road and aviation PKMT to heavy-duty road.,12,0.0,0.0,0.0,0.18837209302325583,2054
Energy,TRNS,TFR:TRNS:SHIFT_MODE_REGIONAL,TRNS: Mode shift regional passenger travel,Missing,Fraction of regional passenger demand shifted from light-duty road and aviation PKMT to heavy-duty road.,12,0.0,0.0,0.0,0.19534883720930238,2055
Energy,TRNS,TFR:TRNS:SHIFT_MODE_REGIONAL,TRNS: Mode shift regional passenger travel,Missing,Fraction of regional passenger demand shifted from light-duty road and aviation PKMT to heavy-duty road.,12,0.0,0.0,0.0,0.20232558139534887,2056
Energy,TRNS,TFR:TRNS:SHIFT_MODE_REGIONAL,TRNS: Mode shift regional passenger travel,Missing,Fraction of regional passenger demand shifted from light-duty road and aviation PKMT to heavy-duty road.,12,0.0,0.0,0.0,0.2093023255813954,2057
Energy,TRNS,TFR:TRNS:SHIFT_MODE_REGIONAL,TRNS: Mode shift regional passenger travel,Missing,Fraction of regional passenger demand shifted from light-duty road and aviation PKMT to heavy-duty road.,12,0.0,0.0,0.0,0.21627906976744188,2058
Energy,TRNS,TFR:TRNS:SHIFT_MODE_REGIONAL,TRNS: Mode shift regional passenger travel,Missing,Fraction of regional passenger demand shifted from light-duty road and aviation PKMT to heavy-duty road.,12,0.0,0.0,0.0,0.2232558139534884,2059
Energy,TRNS,TFR:TRNS:SHIFT_MODE_REGIONAL,TRNS: Mode shift regional passenger travel,Missing,Fraction of regional passenger demand shifted from light-duty road and aviation PKMT to heavy-duty road.,12,0.0,0.0,0.0,0.23023255813953492,2060
Energy,TRNS,TFR:TRNS:SHIFT_MODE_REGIONAL,TRNS: Mode shift regional passenger travel,Missing,Fraction of regional passenger demand shifted from light-duty road and aviation PKMT to heavy-duty road.,12,0.0,0.0,0.0,0.2372093023255814,2061
Energy,TRNS,TFR:TRNS:SHIFT_MODE_REGIONAL,TRNS: Mode shift regional passenger travel,Missing,Fraction of regional passenger demand shifted from light-duty road and aviation PKMT to heavy-duty road.,12,0.0,0.0,0.0,0.24418604651162795,2062
Energy,TRNS,TFR:TRNS:SHIFT_MODE_REGIONAL,TRNS: Mode shift regional passenger travel,Missing,Fraction of regional passenger demand shifted from light-duty road and aviation PKMT to heavy-duty road.,12,0.0,0.0,0.0,0.25116279069767444,2063
Energy,TRNS,TFR:TRNS:SHIFT_MODE_REGIONAL,TRNS: Mode shift regional passenger travel,Missing,Fraction of regional passenger demand shifted from light-duty road and aviation PKMT to heavy-duty road.,12,0.0,0.0,0.0,0.25813953488372093,2064
Energy,TRNS,TFR:TRNS:SHIFT_MODE_REGIONAL,TRNS: Mode shift regional passenger travel,Missing,Fraction of regional passenger demand shifted from light-duty road and aviation PKMT to heavy-duty road.,12,0.0,0.0,0.0,0.2651162790697675,2065
Energy,TRNS,TFR:TRNS:SHIFT_MODE_REGIONAL,TRNS: Mode shift regional passenger travel,Missing,Fraction of regional passenger demand shifted from light-duty road and aviation PKMT to heavy-duty road.,12,0.0,0.0,0.0,0.27209302325581397,2066
Energy,TRNS,TFR:TRNS:SHIFT_MODE_REGIONAL,TRNS: Mode shift regional passenger travel,Missing,Fraction of regional passenger demand shifted from light-duty road and aviation PKMT to heavy-duty road.,12,0.0,0.0,0.0,0.2790697674418605,2067
Energy,TRNS,TFR:TRNS:SHIFT_MODE_REGIONAL,TRNS: Mode shift regional passenger travel,Missing,Fraction of regional passenger demand shifted from light-duty road and aviation PKMT to heavy-duty road.,12,0.0,0.0,0.0,0.286046511627907,2068
Energy,TRNS,TFR:TRNS:SHIFT_MODE_REGIONAL,TRNS: Mode shift regional passenger travel,Missing,Fraction of regional passenger demand shifted from light-duty road and aviation PKMT to heavy-duty road.,12,0.0,0.0,0.0,0.2930232558139535,2069
Energy,TRNS,TFR:TRNS:SHIFT_MODE_REGIONAL,TRNS: Mode shift regional passenger travel,Missing,Fraction of regional passenger demand shifted from light-duty road and aviation PKMT to heavy-duty road.,12,0.0,0.0,0.0,0.30000000000000004,2070
IPPU,IPPU,TFR:IPPU:DEC_CLINKER,IPPU: Reduce cement clinker,Reduces use of clinker in cement production,Fractional reduction in clinker use in cement production.,12,0.0,0.0,0.0,0.0,2015
IPPU,IPPU,TFR:IPPU:DEC_CLINKER,IPPU: Reduce cement clinker,Reduces use of clinker in cement production,Fractional reduction in clinker use in cement production.,12,0.0,0.0,0.0,0.0,2016
IPPU,IPPU,TFR:IPPU:DEC_CLINKER,IPPU: Reduce cement clinker,Reduces use of clinker in cement production,Fractional reduction in clinker use in cement production.,12,0.0,0.0,0.0,0.0,2017
IPPU,IPPU,TFR:IPPU:DEC_CLINKER,IPPU: Reduce cement clinker,Reduces use of clinker in cement production,Fractional reduction in clinker use in cement production.,12,0.0,0.0,0.0,0.0,2018
IPPU,IPPU,TFR:IPPU:DEC_CLINKER,IPPU: Reduce cement clinker,Reduces use of clinker in cement production,Fractional reduction in clinker use in cement production.,12,0.0,0.0,0.0,0.0,2019
IPPU,IPPU,TFR:IPPU:DEC_CLINKER,IPPU: Reduce cement clinker,Reduces use of clinker in cement production,Fractional reduction in clinker use in cement production.,12,0.0,0.0,0.0,0.0,2020
IPPU,IPPU,TFR:IPPU:DEC_CLINKER,IPPU: Reduce cement clinker,Reduces use of clinker in cement production,Fractional reduction in clinker use in cement production.,12,0.0,0.0,0.0,0.0,2021
IPPU,IPPU,TFR:IPPU:DEC_CLINKER,IPPU: Reduce cement clinker,Reduces use of clinker in cement production,Fractional reduction in clinker use in cement production.,12,0.0,0.0,0.0,0.0,2022
IPPU,IPPU,TFR:IPPU:DEC_CLINKER,IPPU: Reduce cement clinker,Reduces use of clinker in cement production,Fractional reduction in clinker use in cement production.,12,0.0,0.0,0.0,0.0,2023
IPPU,IPPU,TFR:IPPU:DEC_CLINKER,IPPU: Reduce cement clinker,Reduces use of clinker in cement production,Fractional reduction in clinker use in cement production.,12,0.0,0.0,0.0,0.0,2024
IPPU,IPPU,TFR:IPPU:DEC_CLINKER,IPPU: Reduce cement clinker,Reduces use of clinker in cement production,Fractional reduction in clinker use in cement production.,12,0.0,0.0,0.0,0.0,2025
IPPU,IPPU,TFR:IPPU:DEC_CLINKER,IPPU: Reduce cement clinker,Reduces use of clinker in cement production,Fractional reduction in clinker use in cement production.,12,0.0,0.0,0.0,0.0,2026
IPPU,IPPU,TFR:IPPU:DEC_CLINKER,IPPU: Reduce cement clinker,Reduces use of clinker in cement production,Fractional reduction in clinker use in cement production.,12,0.0,0.0,0.0,0.0,2027
IPPU,IPPU,TFR:IPPU:DEC_CLINKER,IPPU: Reduce cement clinker,Reduces use of clinker in cement production,Fractional reduction in clinker use in cement production.,12,0.0,0.0,0.011627906976744186,0.011627906976744186,2028
IPPU,IPPU,TFR:IPPU:DEC_CLINKER,IPPU: Reduce cement clinker,Reduces use of clinker in cement production,Fractional reduction in clinker use in cement production.,12,0.0,0.0,0.023255813953488372,0.023255813953488372,2029
IPPU,IPPU,TFR:IPPU:DEC_CLINKER,IPPU: Reduce cement clinker,Reduces use of clinker in cement production,Fractional reduction in clinker use in cement production.,12,0.0,0.0,0.03488372093023256,0.03488372093023256,2030
IPPU,IPPU,TFR:IPPU:DEC_CLINKER,IPPU: Reduce cement clinker,Reduces use of clinker in cement production,Fractional reduction in clinker use in cement production.,12,0.0,0.0,0.046511627906976744,0.046511627906976744,2031
IPPU,IPPU,TFR:IPPU:DEC_CLINKER,IPPU: Reduce cement clinker,Reduces use of clinker in cement production,Fractional reduction in clinker use in cement production.,12,0.0,0.0,0.05813953488372093,0.05813953488372093,2032
IPPU,IPPU,TFR:IPPU:DEC_CLINKER,IPPU: Reduce cement clinker,Reduces use of clinker in cement production,Fractional reduction in clinker use in cement production.,12,0.0,0.0,0.06976744186046512,0.06976744186046512,2033
IPPU,IPPU,TFR:IPPU:DEC_CLINKER,IPPU: Reduce cement clinker,Reduces use of clinker in cement production,Fractional reduction in clinker use in cement production.,12,0.0,0.0,0.08139534883720931,0.08139534883720931,2034
IPPU,IPPU,TFR:IPPU:DEC_CLINKER,IPPU: Reduce cement clinker,Reduces use of clinker in cement production,Fractional reduction in clinker use in cement production.,12,0.0,0.0,0.09302325581395349,0.09302325581395349,2035
IPPU,IPPU,TFR:IPPU:DEC_CLINKER,IPPU: Reduce cement clinker,Reduces use of clinker in cement production,Fractional reduction in clinker use in cement production.,12,0.0,0.0,0.10465116279069768,0.10465116279069768,2036
IPPU,IPPU,TFR:IPPU:DEC_CLINKER,IPPU: Reduce cement clinker,Reduces use of clinker in cement production,Fractional reduction in clinker use in cement production.,12,0.0,0.0,0.11627906976744186,0.11627906976744186,2037
IPPU,IPPU,TFR:IPPU:DEC_CLINKER,IPPU: Reduce cement clinker,Reduces use of clinker in cement production,Fractional reduction in clinker use in cement production.,12,0.0,0.0,0.12790697674418605,0.12790697674418605,2038
IPPU,IPPU,TFR:IPPU:DEC_CLINKER,IPPU: Reduce cement clinker,Reduces use of clinker in cement production,Fractional reduction in clinker use in cement production.,12,0.0,0.0,0.13953488372093023,0.13953488372093023,2039
IPPU,IPPU,TFR:IPPU:DEC_CLINKER,IPPU: Reduce cement clinker,Reduces use of clinker in cement production,Fractional reduction in clinker use in cement production.,12,0.0,0.0,0.1511627906976744,0.1511627906976744,2040
IPPU,IPPU,TFR:IPPU:DEC_CLINKER,IPPU: Reduce cement clinker,Reduces use of clinker in cement production,Fractional reduction in clinker use in cement production.,12,0.0,0.0,0.16279069767441862,0.16279069767441862,2041
IPPU,IPPU,TFR:IPPU:DEC_CLINKER,IPPU: Reduce cement clinker,Reduces use of clinker in cement production,Fractional reduction in clinker use in cement production.,12,0.0,0.0,0.1744186046511628,0.1744186046511628,2042
IPPU,IPPU,TFR:IPPU:DEC_CLINKER,IPPU: Reduce cement clinker,Reduces use of clinker in cement production,Fractional reduction in clinker use in cement production.,12,0.0,0.0,0.18604651162790697,0.18604651162790697,2043
IPPU,IPPU,TFR:IPPU:DEC_CLINKER,IPPU: Reduce cement clinker,Reduces use of clinker in cement production,Fractional reduction in clinker use in cement production.,12,0.0,0.0,0.19767441860465115,0.19767441860465115,2044
IPPU,IPPU,TFR:IPPU:DEC_CLINKER,IPPU: Reduce cement clinker,Reduces use of clinker in cement production,Fractional reduction in clinker use in cement production.,12,0.0,0.0,0.20930232558139536,0.20930232558139536,2045
IPPU,IPPU,TFR:IPPU:DEC_CLINKER,IPPU: Reduce cement clinker,Reduces use of clinker in cement production,Fractional reduction in clinker use in cement production.,12,0.0,0.0,0.22093023255813954,0.22093023255813954,2046
IPPU,IPPU,TFR:IPPU:DEC_CLINKER,IPPU: Reduce cement clinker,Reduces use of clinker in cement production,Fractional reduction in clinker use in cement production.,12,0.0,0.0,0.23255813953488372,0.23255813953488372,2047
IPPU,IPPU,TFR:IPPU:DEC_CLINKER,IPPU: Reduce cement clinker,Reduces use of clinker in cement production,Fractional reduction in clinker use in cement production.,12,0.0,0.0,0.2441860465116279,0.2441860465116279,2048
IPPU,IPPU,TFR:IPPU:DEC_CLINKER,IPPU: Reduce cement clinker,Reduces use of clinker in cement production,Fractional reduction in clinker use in cement production.,12,0.0,0.0,0.2558139534883721,0.2558139534883721,2049
IPPU,IPPU,TFR:IPPU:DEC_CLINKER,IPPU: Reduce cement clinker,Reduces use of clinker in cement production,Fractional reduction in clinker use in cement production.,12,0.0,0.0,0.26744186046511625,0.26744186046511625,2050
IPPU,IPPU,TFR:IPPU:DEC_CLINKER,IPPU: Reduce cement clinker,Reduces use of clinker in cement production,Fractional reduction in clinker use in cement production.,12,0.0,0.0,0.27906976744186046,0.27906976744186046,2051
IPPU,IPPU,TFR:IPPU:DEC_CLINKER,IPPU: Reduce cement clinker,Reduces use of clinker in cement production,Fractional reduction in clinker use in cement production.,12,0.0,0.0,0.29069767441860467,0.29069767441860467,2052
IPPU,IPPU,TFR:IPPU:DEC_CLINKER,IPPU: Reduce cement clinker,Reduces use of clinker in cement production,Fractional reduction in clinker use in cement production.,12,0.0,0.0,0.3023255813953488,0.3023255813953488,2053
IPPU,IPPU,TFR:IPPU:DEC_CLINKER,IPPU: Reduce cement clinker,Reduces use of clinker in cement production,Fractional reduction in clinker use in cement production.,12,0.0,0.0,0.313953488372093,0.313953488372093,2054
IPPU,IPPU,TFR:IPPU:DEC_CLINKER,IPPU: Reduce cement clinker,Reduces use of clinker in cement production,Fractional reduction in clinker use in cement production.,12,0.0,0.0,0.32558139534883723,0.32558139534883723,2055
IPPU,IPPU,TFR:IPPU:DEC_CLINKER,IPPU: Reduce cement clinker,Reduces use of clinker in cement production,Fractional reduction in clinker use in cement production.,12,0.0,0.0,0.3372093023255814,0.3372093023255814,2056
IPPU,IPPU,TFR:IPPU:DEC_CLINKER,IPPU: Reduce cement clinker,Reduces use of clinker in cement production,Fractional reduction in clinker use in cement production.,12,0.0,0.0,0.3488372093023256,0.3488372093023256,2057
IPPU,IPPU,TFR:IPPU:DEC_CLINKER,IPPU: Reduce cement clinker,Reduces use of clinker in cement production,Fractional reduction in clinker use in cement production.,12,0.0,0.0,0.36046511627906974,0.36046511627906974,2058
IPPU,IPPU,TFR:IPPU:DEC_CLINKER,IPPU: Reduce cement clinker,Reduces use of clinker in cement production,Fractional reduction in clinker use in cement production.,12,0.0,0.0,0.37209302325581395,0.37209302325581395,2059
IPPU,IPPU,TFR:IPPU:DEC_CLINKER,IPPU: Reduce cement clinker,Reduces use of clinker in cement production,Fractional reduction in clinker use in cement production.,12,0.0,0.0,0.38372093023255816,0.38372093023255816,2060
IPPU,IPPU,TFR:IPPU:DEC_CLINKER,IPPU: Reduce cement clinker,Reduces use of clinker in cement production,Fractional reduction in clinker use in cement production.,12,0.0,0.0,0.3953488372093023,0.3953488372093023,2061
IPPU,IPPU,TFR:IPPU:DEC_CLINKER,IPPU: Reduce cement clinker,Reduces use of clinker in cement production,Fractional reduction in clinker use in cement production.,12,0.0,0.0,0.4069767441860465,0.4069767441860465,2062
IPPU,IPPU,TFR:IPPU:DEC_CLINKER,IPPU: Reduce cement clinker,Reduces use of clinker in cement production,Fractional reduction in clinker use in cement production.,12,0.0,0.0,0.4186046511627907,0.4186046511627907,2063
IPPU,IPPU,TFR:IPPU:DEC_CLINKER,IPPU: Reduce cement clinker,Reduces use of clinker in cement production,Fractional reduction in clinker use in cement production.,12,0.0,0.0,0.43023255813953487,0.43023255813953487,2064
IPPU,IPPU,TFR:IPPU:DEC_CLINKER,IPPU: Reduce cement clinker,Reduces use of clinker in cement production,Fractional reduction in clinker use in cement production.,12,0.0,0.0,0.4418604651162791,0.4418604651162791,2065
IPPU,IPPU,TFR:IPPU:DEC_CLINKER,IPPU: Reduce cement clinker,Reduces use of clinker in cement production,Fractional reduction in clinker use in cement production.,12,0.0,0.0,0.45348837209302323,0.45348837209302323,2066
IPPU,IPPU,TFR:IPPU:DEC_CLINKER,IPPU: Reduce cement clinker,Reduces use of clinker in cement production,Fractional reduction in clinker use in cement production.,12,0.0,0.0,0.46511627906976744,0.46511627906976744,2067
IPPU,IPPU,TFR:IPPU:DEC_CLINKER,IPPU: Reduce cement clinker,Reduces use of clinker in cement production,Fractional reduction in clinker use in cement production.,12,0.0,0.0,0.47674418604651164,0.47674418604651164,2068
IPPU,IPPU,TFR:IPPU:DEC_CLINKER,IPPU: Reduce cement clinker,Reduces use of clinker in cement production,Fractional reduction in clinker use in cement production.,12,0.0,0.0,0.4883720930232558,0.4883720930232558,2069
IPPU,IPPU,TFR:IPPU:DEC_CLINKER,IPPU: Reduce cement clinker,Reduces use of clinker in cement production,Fractional reduction in clinker use in cement production.,12,0.0,0.0,0.5,0.5,2070
IPPU,IPPU,TFR:IPPU:DEC_DEMAND,IPPU: Demand management,Missing,Fractional reduction in production demand. NOTE: This transformer is not commonly used.,12,0.0,0.0,0.0,0.0,2015
IPPU,IPPU,TFR:IPPU:DEC_DEMAND,IPPU: Demand management,Missing,Fractional reduction in production demand. NOTE: This transformer is not commonly used.,12,0.0,0.0,0.0,0.0,2016
IPPU,IPPU,TFR:IPPU:DEC_DEMAND,IPPU: Demand management,Missing,Fractional reduction in production demand. NOTE: This transformer is not commonly used.,12,0.0,0.0,0.0,0.0,2017
IPPU,IPPU,TFR:IPPU:DEC_DEMAND,IPPU: Demand management,Missing,Fractional reduction in production demand. NOTE: This transformer is not commonly used.,12,0.0,0.0,0.0,0.0,2018
IPPU,IPPU,TFR:IPPU:DEC_DEMAND,IPPU: Demand management,Missing,Fractional reduction in production demand. NOTE: This transformer is not commonly used.,12,0.0,0.0,0.0,0.0,2019
IPPU,IPPU,TFR:IPPU:DEC_DEMAND,IPPU: Demand management,Missing,Fractional reduction in production demand. NOTE: This transformer is not commonly used.,12,0.0,0.0,0.0,0.0,2020
IPPU,IPPU,TFR:IPPU:DEC_DEMAND,IPPU: Demand management,Missing,Fractional reduction in production demand. NOTE: This transformer is not commonly used.,12,0.0,0.0,0.0,0.0,2021
IPPU,IPPU,TFR:IPPU:DEC_DEMAND,IPPU: Demand management,Missing,Fractional reduction in production demand. NOTE: This transformer is not commonly used.,12,0.0,0.0,0.0,0.0,2022
IPPU,IPPU,TFR:IPPU:DEC_DEMAND,IPPU: Demand management,Missing,Fractional reduction in production demand. NOTE: This transformer is not commonly used.,12,0.0,0.0,0.0,0.0,2023
IPPU,IPPU,TFR:IPPU:DEC_DEMAND,IPPU: Demand management,Missing,Fractional reduction in production demand. NOTE: This transformer is not commonly used.,12,0.0,0.0,0.0,0.0,2024
IPPU,IPPU,TFR:IPPU:DEC_DEMAND,IPPU: Demand management,Missing,Fractional reduction in production demand. NOTE: This transformer is not commonly used.,12,0.0,0.0,0.0,0.0,2025
IPPU,IPPU,TFR:IPPU:DEC_DEMAND,IPPU: Demand management,Missing,Fractional reduction in production demand. NOTE: This transformer is not commonly used.,12,0.0,0.0,0.0,0.0,2026
IPPU,IPPU,TFR:IPPU:DEC_DEMAND,IPPU: Demand management,Missing,Fractional reduction in production demand. NOTE: This transformer is not commonly used.,12,0.0,0.0,0.0,0.0,2027
IPPU,IPPU,TFR:IPPU:DEC_DEMAND,IPPU: Demand management,Missing,Fractional reduction in production demand. NOTE: This transformer is not commonly used.,12,0.0,0.0,0.0,0.0069767441860465115,2028
IPPU,IPPU,TFR:IPPU:DEC_DEMAND,IPPU: Demand management,Missing,Fractional reduction in production demand. NOTE: This transformer is not commonly used.,12,0.0,0.0,0.0,0.013953488372093023,2029
IPPU,IPPU,TFR:IPPU:DEC_DEMAND,IPPU: Demand management,Missing,Fractional reduction in production demand. NOTE: This transformer is not commonly used.,12,0.0,0.0,0.0,0.020930232558139535,2030
IPPU,IPPU,TFR:IPPU:DEC_DEMAND,IPPU: Demand management,Missing,Fractional reduction in production demand. NOTE: This transformer is not commonly used.,12,0.0,0.0,0.0,0.027906976744186046,2031
IPPU,IPPU,TFR:IPPU:DEC_DEMAND,IPPU: Demand management,Missing,Fractional reduction in production demand. NOTE: This transformer is not commonly used.,12,0.0,0.0,0.0,0.03488372093023256,2032
IPPU,IPPU,TFR:IPPU:DEC_DEMAND,IPPU: Demand management,Missing,Fractional reduction in production demand. NOTE: This transformer is not commonly used.,12,0.0,0.0,0.0,0.04186046511627907,2033
IPPU,IPPU,TFR:IPPU:DEC_DEMAND,IPPU: Demand management,Missing,Fractional reduction in production demand. NOTE: This transformer is not commonly used.,12,0.0,0.0,0.0,0.04883720930232558,2034
IPPU,IPPU,TFR:IPPU:DEC_DEMAND,IPPU: Demand management,Missing,Fractional reduction in production demand. NOTE: This transformer is not commonly used.,12,0.0,0.0,0.0,0.05581395348837209,2035
IPPU,IPPU,TFR:IPPU:DEC_DEMAND,IPPU: Demand management,Missing,Fractional reduction in production demand. NOTE: This transformer is not commonly used.,12,0.0,0.0,0.0,0.06279069767441861,2036
IPPU,IPPU,TFR:IPPU:DEC_DEMAND,IPPU: Demand management,Missing,Fractional reduction in production demand. NOTE: This transformer is not commonly used.,12,0.0,0.0,0.0,0.06976744186046512,2037
IPPU,IPPU,TFR:IPPU:DEC_DEMAND,IPPU: Demand management,Missing,Fractional reduction in production demand. NOTE: This transformer is not commonly used.,12,0.0,0.0,0.0,0.07674418604651163,2038
IPPU,IPPU,TFR:IPPU:DEC_DEMAND,IPPU: Demand management,Missing,Fractional reduction in production demand. NOTE: This transformer is not commonly used.,12,0.0,0.0,0.0,0.08372093023255814,2039
IPPU,IPPU,TFR:IPPU:DEC_DEMAND,IPPU: Demand management,Missing,Fractional reduction in production demand. NOTE: This transformer is not commonly used.,12,0.0,0.0,0.0,0.09069767441860464,2040
IPPU,IPPU,TFR:IPPU:DEC_DEMAND,IPPU: Demand management,Missing,Fractional reduction in production demand. NOTE: This transformer is not commonly used.,12,0.0,0.0,0.0,0.09767441860465116,2041
IPPU,IPPU,TFR:IPPU:DEC_DEMAND,IPPU: Demand management,Missing,Fractional reduction in production demand. NOTE: This transformer is not commonly used.,12,0.0,0.0,0.0,0.10465116279069768,2042
IPPU,IPPU,TFR:IPPU:DEC_DEMAND,IPPU: Demand management,Missing,Fractional reduction in production demand. NOTE: This transformer is not commonly used.,12,0.0,0.0,0.0,0.11162790697674418,2043
IPPU,IPPU,TFR:IPPU:DEC_DEMAND,IPPU: Demand management,Missing,Fractional reduction in production demand. NOTE: This transformer is not commonly used.,12,0.0,0.0,0.0,0.11860465116279069,2044
IPPU,IPPU,TFR:IPPU:DEC_DEMAND,IPPU: Demand management,Missing,Fractional reduction in production demand. NOTE: This transformer is not commonly used.,12,0.0,0.0,0.0,0.12558139534883722,2045
IPPU,IPPU,TFR:IPPU:DEC_DEMAND,IPPU: Demand management,Missing,Fractional reduction in production demand. NOTE: This transformer is not commonly used.,12,0.0,0.0,0.0,0.1325581395348837,2046
IPPU,IPPU,TFR:IPPU:DEC_DEMAND,IPPU: Demand management,Missing,Fractional reduction in production demand. NOTE: This transformer is not commonly used.,12,0.0,0.0,0.0,0.13953488372093023,2047
IPPU,IPPU,TFR:IPPU:DEC_DEMAND,IPPU: Demand management,Missing,Fractional reduction in production demand. NOTE: This transformer is not commonly used.,12,0.0,0.0,0.0,0.14651162790697672,2048
IPPU,IPPU,TFR:IPPU:DEC_DEMAND,IPPU: Demand management,Missing,Fractional reduction in production demand. NOTE: This transformer is not commonly used.,12,0.0,0.0,0.0,0.15348837209302327,2049
IPPU,IPPU,TFR:IPPU:DEC_DEMAND,IPPU: Demand management,Missing,Fractional reduction in production demand. NOTE: This transformer is not commonly used.,12,0.0,0.0,0.0,0.16046511627906976,2050
IPPU,IPPU,TFR:IPPU:DEC_DEMAND,IPPU: Demand management,Missing,Fractional reduction in production demand. NOTE: This transformer is not commonly used.,12,0.0,0.0,0.0,0.16744186046511628,2051
IPPU,IPPU,TFR:IPPU:DEC_DEMAND,IPPU: Demand management,Missing,Fractional reduction in production demand. NOTE: This transformer is not commonly used.,12,0.0,0.0,0.0,0.1744186046511628,2052
IPPU,IPPU,TFR:IPPU:DEC_DEMAND,IPPU: Demand management,Missing,Fractional reduction in production demand. NOTE: This transformer is not commonly used.,12,0.0,0.0,0.0,0.18139534883720929,2053
IPPU,IPPU,TFR:IPPU:DEC_DEMAND,IPPU: Demand management,Missing,Fractional reduction in production demand. NOTE: This transformer is not commonly used.,12,0.0,0.0,0.0,0.1883720930232558,2054
IPPU,IPPU,TFR:IPPU:DEC_DEMAND,IPPU: Demand management,Missing,Fractional reduction in production demand. NOTE: This transformer is not commonly used.,12,0.0,0.0,0.0,0.19534883720930232,2055
IPPU,IPPU,TFR:IPPU:DEC_DEMAND,IPPU: Demand management,Missing,Fractional reduction in production demand. NOTE: This transformer is not commonly used.,12,0.0,0.0,0.0,0.2023255813953488,2056
IPPU,IPPU,TFR:IPPU:DEC_DEMAND,IPPU: Demand management,Missing,Fractional reduction in production demand. NOTE: This transformer is not commonly used.,12,0.0,0.0,0.0,0.20930232558139536,2057
IPPU,IPPU,TFR:IPPU:DEC_DEMAND,IPPU: Demand management,Missing,Fractional reduction in production demand. NOTE: This transformer is not commonly used.,12,0.0,0.0,0.0,0.21627906976744185,2058
IPPU,IPPU,TFR:IPPU:DEC_DEMAND,IPPU: Demand management,Missing,Fractional reduction in production demand. NOTE: This transformer is not commonly used.,12,0.0,0.0,0.0,0.22325581395348837,2059
IPPU,IPPU,TFR:IPPU:DEC_DEMAND,IPPU: Demand management,Missing,Fractional reduction in production demand. NOTE: This transformer is not commonly used.,12,0.0,0.0,0.0,0.2302325581395349,2060
IPPU,IPPU,TFR:IPPU:DEC_DEMAND,IPPU: Demand management,Missing,Fractional reduction in production demand. NOTE: This transformer is not commonly used.,12,0.0,0.0,0.0,0.23720930232558138,2061
IPPU,IPPU,TFR:IPPU:DEC_DEMAND,IPPU: Demand management,Missing,Fractional reduction in production demand. NOTE: This transformer is not commonly used.,12,0.0,0.0,0.0,0.2441860465116279,2062
IPPU,IPPU,TFR:IPPU:DEC_DEMAND,IPPU: Demand management,Missing,Fractional reduction in production demand. NOTE: This transformer is not commonly used.,12,0.0,0.0,0.0,0.25116279069767444,2063
IPPU,IPPU,TFR:IPPU:DEC_DEMAND,IPPU: Demand management,Missing,Fractional reduction in production demand. NOTE: This transformer is not commonly used.,12,0.0,0.0,0.0,0.25813953488372093,2064
IPPU,IPPU,TFR:IPPU:DEC_DEMAND,IPPU: Demand management,Missing,Fractional reduction in production demand. NOTE: This transformer is not commonly used.,12,0.0,0.0,0.0,0.2651162790697674,2065
IPPU,IPPU,TFR:IPPU:DEC_DEMAND,IPPU: Demand management,Missing,Fractional reduction in production demand. NOTE: This transformer is not commonly used.,12,0.0,0.0,0.0,0.2720930232558139,2066
IPPU,IPPU,TFR:IPPU:DEC_DEMAND,IPPU: Demand management,Missing,Fractional reduction in production demand. NOTE: This transformer is not commonly used.,12,0.0,0.0,0.0,0.27906976744186046,2067
IPPU,IPPU,TFR:IPPU:DEC_DEMAND,IPPU: Demand management,Missing,Fractional reduction in production demand. NOTE: This transformer is not commonly used.,12,0.0,0.0,0.0,0.28604651162790695,2068
IPPU,IPPU,TFR:IPPU:DEC_DEMAND,IPPU: Demand management,Missing,Fractional reduction in production demand. NOTE: This transformer is not commonly used.,12,0.0,0.0,0.0,0.29302325581395344,2069
IPPU,IPPU,TFR:IPPU:DEC_DEMAND,IPPU: Demand management,Missing,Fractional reduction in production demand. NOTE: This transformer is not commonly used.,12,0.0,0.0,0.0,0.3,2070
IPPU,IPPU,TFR:IPPU:DEC_HFCS,IPPU: Reduce use of HFCs,Missing,Fractional reduction in HFC emission factors per production quantity.,12,0.0,0.0,0.0,0.0,2015
IPPU,IPPU,TFR:IPPU:DEC_HFCS,IPPU: Reduce use of HFCs,Missing,Fractional reduction in HFC emission factors per production quantity.,12,0.0,0.0,0.0,0.0,2016
IPPU,IPPU,TFR:IPPU:DEC_HFCS,IPPU: Reduce use of HFCs,Missing,Fractional reduction in HFC emission factors per production quantity.,12,0.0,0.0,0.0,0.0,2017
IPPU,IPPU,TFR:IPPU:DEC_HFCS,IPPU: Reduce use of HFCs,Missing,Fractional reduction in HFC emission factors per production quantity.,12,0.0,0.0,0.0,0.0,2018
IPPU,IPPU,TFR:IPPU:DEC_HFCS,IPPU: Reduce use of HFCs,Missing,Fractional reduction in HFC emission factors per production quantity.,12,0.0,0.0,0.0,0.0,2019
IPPU,IPPU,TFR:IPPU:DEC_HFCS,IPPU: Reduce use of HFCs,Missing,Fractional reduction in HFC emission factors per production quantity.,12,0.0,0.0,0.0,0.0,2020
IPPU,IPPU,TFR:IPPU:DEC_HFCS,IPPU: Reduce use of HFCs,Missing,Fractional reduction in HFC emission factors per production quantity.,12,0.0,0.0,0.0,0.0,2021
IPPU,IPPU,TFR:IPPU:DEC_HFCS,IPPU: Reduce use of HFCs,Missing,Fractional reduction in HFC emission factors per production quantity.,12,0.0,0.0,0.0,0.0,2022
IPPU,IPPU,TFR:IPPU:DEC_HFCS,IPPU: Reduce use of HFCs,Missing,Fractional reduction in HFC emission factors per production quantity.,12,0.0,0.0,0.0,0.0,2023
IPPU,IPPU,TFR:IPPU:DEC_HFCS,IPPU: Reduce use of HFCs,Missing,Fractional reduction in HFC emission factors per production quantity.,12,0.0,0.0,0.0,0.0,2024
IPPU,IPPU,TFR:IPPU:DEC_HFCS,IPPU: Reduce use of HFCs,Missing,Fractional reduction in HFC emission factors per production quantity.,12,0.0,0.0,0.0,0.0,2025
IPPU,IPPU,TFR:IPPU:DEC_HFCS,IPPU: Reduce use of HFCs,Missing,Fractional reduction in HFC emission factors per production quantity.,12,0.0,0.0,0.0,0.0,2026
IPPU,IPPU,TFR:IPPU:DEC_HFCS,IPPU: Reduce use of HFCs,Missing,Fractional reduction in HFC emission factors per production quantity.,12,0.0,0.0,0.0,0.0,2027
IPPU,IPPU,TFR:IPPU:DEC_HFCS,IPPU: Reduce use of HFCs,Missing,Fractional reduction in HFC emission factors per production quantity.,12,0.0,0.0,0.0,0.002325581395348837,2028
IPPU,IPPU,TFR:IPPU:DEC_HFCS,IPPU: Reduce use of HFCs,Missing,Fractional reduction in HFC emission factors per production quantity.,12,0.0,0.0,0.0,0.004651162790697674,2029
IPPU,IPPU,TFR:IPPU:DEC_HFCS,IPPU: Reduce use of HFCs,Missing,Fractional reduction in HFC emission factors per production quantity.,12,0.0,0.0,0.0,0.0069767441860465115,2030
IPPU,IPPU,TFR:IPPU:DEC_HFCS,IPPU: Reduce use of HFCs,Missing,Fractional reduction in HFC emission factors per production quantity.,12,0.0,0.0,0.0,0.009302325581395349,2031
IPPU,IPPU,TFR:IPPU:DEC_HFCS,IPPU: Reduce use of HFCs,Missing,Fractional reduction in HFC emission factors per production quantity.,12,0.0,0.0,0.0,0.011627906976744186,2032
IPPU,IPPU,TFR:IPPU:DEC_HFCS,IPPU: Reduce use of HFCs,Missing,Fractional reduction in HFC emission factors per production quantity.,12,0.0,0.0,0.0,0.013953488372093023,2033
IPPU,IPPU,TFR:IPPU:DEC_HFCS,IPPU: Reduce use of HFCs,Missing,Fractional reduction in HFC emission factors per production quantity.,12,0.0,0.0,0.0,0.016279069767441864,2034
IPPU,IPPU,TFR:IPPU:DEC_HFCS,IPPU: Reduce use of HFCs,Missing,Fractional reduction in HFC emission factors per production quantity.,12,0.0,0.0,0.0,0.018604651162790697,2035
IPPU,IPPU,TFR:IPPU:DEC_HFCS,IPPU: Reduce use of HFCs,Missing,Fractional reduction in HFC emission factors per production quantity.,12,0.0,0.0,0.0,0.020930232558139538,2036
IPPU,IPPU,TFR:IPPU:DEC_HFCS,IPPU: Reduce use of HFCs,Missing,Fractional reduction in HFC emission factors per production quantity.,12,0.0,0.0,0.0,0.023255813953488372,2037
IPPU,IPPU,TFR:IPPU:DEC_HFCS,IPPU: Reduce use of HFCs,Missing,Fractional reduction in HFC emission factors per production quantity.,12,0.0,0.0,0.0,0.025581395348837212,2038
IPPU,IPPU,TFR:IPPU:DEC_HFCS,IPPU: Reduce use of HFCs,Missing,Fractional reduction in HFC emission factors per production quantity.,12,0.0,0.0,0.0,0.027906976744186046,2039
IPPU,IPPU,TFR:IPPU:DEC_HFCS,IPPU: Reduce use of HFCs,Missing,Fractional reduction in HFC emission factors per production quantity.,12,0.0,0.0,0.0,0.030232558139534883,2040
IPPU,IPPU,TFR:IPPU:DEC_HFCS,IPPU: Reduce use of HFCs,Missing,Fractional reduction in HFC emission factors per production quantity.,12,0.0,0.0,0.0,0.03255813953488373,2041
IPPU,IPPU,TFR:IPPU:DEC_HFCS,IPPU: Reduce use of HFCs,Missing,Fractional reduction in HFC emission factors per production quantity.,12,0.0,0.0,0.0,0.03488372093023256,2042
IPPU,IPPU,TFR:IPPU:DEC_HFCS,IPPU: Reduce use of HFCs,Missing,Fractional reduction in HFC emission factors per production quantity.,12,0.0,0.0,0.0,0.037209302325581395,2043
IPPU,IPPU,TFR:IPPU:DEC_HFCS,IPPU: Reduce use of HFCs,Missing,Fractional reduction in HFC emission factors per production quantity.,12,0.0,0.0,0.0,0.03953488372093023,2044
IPPU,IPPU,TFR:IPPU:DEC_HFCS,IPPU: Reduce use of HFCs,Missing,Fractional reduction in HFC emission factors per production quantity.,12,0.0,0.0,0.0,0.041860465116279076,2045
IPPU,IPPU,TFR:IPPU:DEC_HFCS,IPPU: Reduce use of HFCs,Missing,Fractional reduction in HFC emission factors per production quantity.,12,0.0,0.0,0.0,0.04418604651162791,2046
IPPU,IPPU,TFR:IPPU:DEC_HFCS,IPPU: Reduce use of HFCs,Missing,Fractional reduction in HFC emission factors per production quantity.,12,0.0,0.0,0.0,0.046511627906976744,2047
IPPU,IPPU,TFR:IPPU:DEC_HFCS,IPPU: Reduce use of HFCs,Missing,Fractional reduction in HFC emission factors per production quantity.,12,0.0,0.0,0.0,0.04883720930232558,2048
IPPU,IPPU,TFR:IPPU:DEC_HFCS,IPPU: Reduce use of HFCs,Missing,Fractional reduction in HFC emission factors per production quantity.,12,0.0,0.0,0.0,0.051162790697674425,2049
IPPU,IPPU,TFR:IPPU:DEC_HFCS,IPPU: Reduce use of HFCs,Missing,Fractional reduction in HFC emission factors per production quantity.,12,0.0,0.0,0.0,0.053488372093023255,2050
IPPU,IPPU,TFR:IPPU:DEC_HFCS,IPPU: Reduce use of HFCs,Missing,Fractional reduction in HFC emission factors per production quantity.,12,0.0,0.0,0.0,0.05581395348837209,2051
IPPU,IPPU,TFR:IPPU:DEC_HFCS,IPPU: Reduce use of HFCs,Missing,Fractional reduction in HFC emission factors per production quantity.,12,0.0,0.0,0.0,0.058139534883720936,2052
IPPU,IPPU,TFR:IPPU:DEC_HFCS,IPPU: Reduce use of HFCs,Missing,Fractional reduction in HFC emission factors per production quantity.,12,0.0,0.0,0.0,0.06046511627906977,2053
IPPU,IPPU,TFR:IPPU:DEC_HFCS,IPPU: Reduce use of HFCs,Missing,Fractional reduction in HFC emission factors per production quantity.,12,0.0,0.0,0.0,0.06279069767441861,2054
IPPU,IPPU,TFR:IPPU:DEC_HFCS,IPPU: Reduce use of HFCs,Missing,Fractional reduction in HFC emission factors per production quantity.,12,0.0,0.0,0.0,0.06511627906976745,2055
IPPU,IPPU,TFR:IPPU:DEC_HFCS,IPPU: Reduce use of HFCs,Missing,Fractional reduction in HFC emission factors per production quantity.,12,0.0,0.0,0.0,0.06744186046511629,2056
IPPU,IPPU,TFR:IPPU:DEC_HFCS,IPPU: Reduce use of HFCs,Missing,Fractional reduction in HFC emission factors per production quantity.,12,0.0,0.0,0.0,0.06976744186046512,2057
IPPU,IPPU,TFR:IPPU:DEC_HFCS,IPPU: Reduce use of HFCs,Missing,Fractional reduction in HFC emission factors per production quantity.,12,0.0,0.0,0.0,0.07209302325581395,2058
IPPU,IPPU,TFR:IPPU:DEC_HFCS,IPPU: Reduce use of HFCs,Missing,Fractional reduction in HFC emission factors per production quantity.,12,0.0,0.0,0.0,0.07441860465116279,2059
IPPU,IPPU,TFR:IPPU:DEC_HFCS,IPPU: Reduce use of HFCs,Missing,Fractional reduction in HFC emission factors per production quantity.,12,0.0,0.0,0.0,0.07674418604651163,2060
IPPU,IPPU,TFR:IPPU:DEC_HFCS,IPPU: Reduce use of HFCs,Missing,Fractional reduction in HFC emission factors per production quantity.,12,0.0,0.0,0.0,0.07906976744186046,2061
IPPU,IPPU,TFR:IPPU:DEC_HFCS,IPPU: Reduce use of HFCs,Missing,Fractional reduction in HFC emission factors per production quantity.,12,0.0,0.0,0.0,0.08139534883720931,2062
IPPU,IPPU,TFR:IPPU:DEC_HFCS,IPPU: Reduce use of HFCs,Missing,Fractional reduction in HFC emission factors per production quantity.,12,0.0,0.0,0.0,0.08372093023255815,2063
IPPU,IPPU,TFR:IPPU:DEC_HFCS,IPPU: Reduce use of HFCs,Missing,Fractional reduction in HFC emission factors per production quantity.,12,0.0,0.0,0.0,0.08604651162790698,2064
IPPU,IPPU,TFR:IPPU:DEC_HFCS,IPPU: Reduce use of HFCs,Missing,Fractional reduction in HFC emission factors per production quantity.,12,0.0,0.0,0.0,0.08837209302325583,2065
IPPU,IPPU,TFR:IPPU:DEC_HFCS,IPPU: Reduce use of HFCs,Missing,Fractional reduction in HFC emission factors per production quantity.,12,0.0,0.0,0.0,0.09069767441860466,2066
IPPU,IPPU,TFR:IPPU:DEC_HFCS,IPPU: Reduce use of HFCs,Missing,Fractional reduction in HFC emission factors per production quantity.,12,0.0,0.0,0.0,0.09302325581395349,2067
IPPU,IPPU,TFR:IPPU:DEC_HFCS,IPPU: Reduce use of HFCs,Missing,Fractional reduction in HFC emission factors per production quantity.,12,0.0,0.0,0.0,0.09534883720930233,2068
IPPU,IPPU,TFR:IPPU:DEC_HFCS,IPPU: Reduce use of HFCs,Missing,Fractional reduction in HFC emission factors per production quantity.,12,0.0,0.0,0.0,0.09767441860465116,2069
IPPU,IPPU,TFR:IPPU:DEC_HFCS,IPPU: Reduce use of HFCs,Missing,Fractional reduction in HFC emission factors per production quantity.,12,0.0,0.0,0.0,0.1,2070
IPPU,IPPU,TFR:IPPU:DEC_N2O,IPPU: Reduce Nitrous Oxide emissions,Missing,Fractional reduction in N2O emission factors per production quantity.,12,0.0,0.0,0.0,0.0,2015
IPPU,IPPU,TFR:IPPU:DEC_N2O,IPPU: Reduce Nitrous Oxide emissions,Missing,Fractional reduction in N2O emission factors per production quantity.,12,0.0,0.0,0.0,0.0,2016
IPPU,IPPU,TFR:IPPU:DEC_N2O,IPPU: Reduce Nitrous Oxide emissions,Missing,Fractional reduction in N2O emission factors per production quantity.,12,0.0,0.0,0.0,0.0,2017
IPPU,IPPU,TFR:IPPU:DEC_N2O,IPPU: Reduce Nitrous Oxide emissions,Missing,Fractional reduction in N2O emission factors per production quantity.,12,0.0,0.0,0.0,0.0,2018
IPPU,IPPU,TFR:IPPU:DEC_N2O,IPPU: Reduce Nitrous Oxide emissions,Missing,Fractional reduction in N2O emission factors per production quantity.,12,0.0,0.0,0.0,0.0,2019
IPPU,IPPU,TFR:IPPU:DEC_N2O,IPPU: Reduce Nitrous Oxide emissions,Missing,Fractional reduction in N2O emission factors per production quantity.,12,0.0,0.0,0.0,0.0,2020
IPPU,IPPU,TFR:IPPU:DEC_N2O,IPPU: Reduce Nitrous Oxide emissions,Missing,Fractional reduction in N2O emission factors per production quantity.,12,0.0,0.0,0.0,0.0,2021
IPPU,IPPU,TFR:IPPU:DEC_N2O,IPPU: Reduce Nitrous Oxide emissions,Missing,Fractional reduction in N2O emission factors per production quantity.,12,0.0,0.0,0.0,0.0,2022
IPPU,IPPU,TFR:IPPU:DEC_N2O,IPPU: Reduce Nitrous Oxide emissions,Missing,Fractional reduction in N2O emission factors per production quantity.,12,0.0,0.0,0.0,0.0,2023
IPPU,IPPU,TFR:IPPU:DEC_N2O,IPPU: Reduce Nitrous Oxide emissions,Missing,Fractional reduction in N2O emission factors per production quantity.,12,0.0,0.0,0.0,0.0,2024
IPPU,IPPU,TFR:IPPU:DEC_N2O,IPPU: Reduce Nitrous Oxide emissions,Missing,Fractional reduction in N2O emission factors per production quantity.,12,0.0,0.0,0.0,0.0,2025
IPPU,IPPU,TFR:IPPU:DEC_N2O,IPPU: Reduce Nitrous Oxide emissions,Missing,Fractional reduction in N2O emission factors per production quantity.,12,0.0,0.0,0.0,0.0,2026
IPPU,IPPU,TFR:IPPU:DEC_N2O,IPPU: Reduce Nitrous Oxide emissions,Missing,Fractional reduction in N2O emission factors per production quantity.,12,0.0,0.0,0.0,0.0,2027
IPPU,IPPU,TFR:IPPU:DEC_N2O,IPPU: Reduce Nitrous Oxide emissions,Missing,Fractional reduction in N2O emission factors per production quantity.,12,0.0,0.0,0.002325581395348837,0.002325581395348837,2028
IPPU,IPPU,TFR:IPPU:DEC_N2O,IPPU: Reduce Nitrous Oxide emissions,Missing,Fractional reduction in N2O emission factors per production quantity.,12,0.0,0.0,0.004651162790697674,0.004651162790697674,2029
IPPU,IPPU,TFR:IPPU:DEC_N2O,IPPU: Reduce Nitrous Oxide emissions,Missing,Fractional reduction in N2O emission factors per production quantity.,12,0.0,0.0,0.0069767441860465115,0.0069767441860465115,2030
IPPU,IPPU,TFR:IPPU:DEC_N2O,IPPU: Reduce Nitrous Oxide emissions,Missing,Fractional reduction in N2O emission factors per production quantity.,12,0.0,0.0,0.009302325581395349,0.009302325581395349,2031
IPPU,IPPU,TFR:IPPU:DEC_N2O,IPPU: Reduce Nitrous Oxide emissions,Missing,Fractional reduction in N2O emission factors per production quantity.,12,0.0,0.0,0.011627906976744186,0.011627906976744186,2032
IPPU,IPPU,TFR:IPPU:DEC_N2O,IPPU: Reduce Nitrous Oxide emissions,Missing,Fractional reduction in N2O emission factors per production quantity.,12,0.0,0.0,0.013953488372093023,0.013953488372093023,2033
IPPU,IPPU,TFR:IPPU:DEC_N2O,IPPU: Reduce Nitrous Oxide emissions,Missing,Fractional reduction in N2O emission factors per production quantity.,12,0.0,0.0,0.016279069767441864,0.016279069767441864,2034
IPPU,IPPU,TFR:IPPU:DEC_N2O,IPPU: Reduce Nitrous Oxide emissions,Missing,Fractional reduction in N2O emission factors per production quantity.,12,0.0,0.0,0.018604651162790697,0.018604651162790697,2035
IPPU,IPPU,TFR:IPPU:DEC_N2O,IPPU: Reduce Nitrous Oxide emissions,Missing,Fractional reduction in N2O emission factors per production quantity.,12,0.0,0.0,0.020930232558139538,0.020930232558139538,2036
IPPU,IPPU,TFR:IPPU:DEC_N2O,IPPU: Reduce Nitrous Oxide emissions,Missing,Fractional reduction in N2O emission factors per production quantity.,12,0.0,0.0,0.023255813953488372,0.023255813953488372,2037
IPPU,IPPU,TFR:IPPU:DEC_N2O,IPPU: Reduce Nitrous Oxide emissions,Missing,Fractional reduction in N2O emission factors per production quantity.,12,0.0,0.0,0.025581395348837212,0.025581395348837212,2038
IPPU,IPPU,TFR:IPPU:DEC_N2O,IPPU: Reduce Nitrous Oxide emissions,Missing,Fractional reduction in N2O emission factors per production quantity.,12,0.0,0.0,0.027906976744186046,0.027906976744186046,2039
IPPU,IPPU,TFR:IPPU:DEC_N2O,IPPU: Reduce Nitrous Oxide emissions,Missing,Fractional reduction in N2O emission factors per production quantity.,12,0.0,0.0,0.030232558139534883,0.030232558139534883,2040
IPPU,IPPU,TFR:IPPU:DEC_N2O,IPPU: Reduce Nitrous Oxide emissions,Missing,Fractional reduction in N2O emission factors per production quantity.,12,0.0,0.0,0.03255813953488373,0.03255813953488373,2041
IPPU,IPPU,TFR:IPPU:DEC_N2O,IPPU: Reduce Nitrous Oxide emissions,Missing,Fractional reduction in N2O emission factors per production quantity.,12,0.0,0.0,0.03488372093023256,0.03488372093023256,2042
IPPU,IPPU,TFR:IPPU:DEC_N2O,IPPU: Reduce Nitrous Oxide emissions,Missing,Fractional reduction in N2O emission factors per production quantity.,12,0.0,0.0,0.037209302325581395,0.037209302325581395,2043
IPPU,IPPU,TFR:IPPU:DEC_N2O,IPPU: Reduce Nitrous Oxide emissions,Missing,Fractional reduction in N2O emission factors per production quantity.,12,0.0,0.0,0.03953488372093023,0.03953488372093023,2044
IPPU,IPPU,TFR:IPPU:DEC_N2O,IPPU: Reduce Nitrous Oxide emissions,Missing,Fractional reduction in N2O emission factors per production quantity.,12,0.0,0.0,0.041860465116279076,0.041860465116279076,2045
IPPU,IPPU,TFR:IPPU:DEC_N2O,IPPU: Reduce Nitrous Oxide emissions,Missing,Fractional reduction in N2O emission factors per production quantity.,12,0.0,0.0,0.04418604651162791,0.04418604651162791,2046
IPPU,IPPU,TFR:IPPU:DEC_N2O,IPPU: Reduce Nitrous Oxide emissions,Missing,Fractional reduction in N2O emission factors per production quantity.,12,0.0,0.0,0.046511627906976744,0.046511627906976744,2047
IPPU,IPPU,TFR:IPPU:DEC_N2O,IPPU: Reduce Nitrous Oxide emissions,Missing,Fractional reduction in N2O emission factors per production quantity.,12,0.0,0.0,0.04883720930232558,0.04883720930232558,2048
IPPU,IPPU,TFR:IPPU:DEC_N2O,IPPU: Reduce Nitrous Oxide emissions,Missing,Fractional reduction in N2O emission factors per production quantity.,12,0.0,0.0,0.051162790697674425,0.051162790697674425,2049
IPPU,IPPU,TFR:IPPU:DEC_N2O,IPPU: Reduce Nitrous Oxide emissions,Missing,Fractional reduction in N2O emission factors per production quantity.,12,0.0,0.0,0.053488372093023255,0.053488372093023255,2050
IPPU,IPPU,TFR:IPPU:DEC_N2O,IPPU: Reduce Nitrous Oxide emissions,Missing,Fractional reduction in N2O emission factors per production quantity.,12,0.0,0.0,0.05581395348837209,0.05581395348837209,2051
IPPU,IPPU,TFR:IPPU:DEC_N2O,IPPU: Reduce Nitrous Oxide emissions,Missing,Fractional reduction in N2O emission factors per production quantity.,12,0.0,0.0,0.058139534883720936,0.058139534883720936,2052
IPPU,IPPU,TFR:IPPU:DEC_N2O,IPPU: Reduce Nitrous Oxide emissions,Missing,Fractional reduction in N2O emission factors per production quantity.,12,0.0,0.0,0.06046511627906977,0.06046511627906977,2053
IPPU,IPPU,TFR:IPPU:DEC_N2O,IPPU: Reduce Nitrous Oxide emissions,Missing,Fractional reduction in N2O emission factors per production quantity.,12,0.0,0.0,0.06279069767441861,0.06279069767441861,2054
IPPU,IPPU,TFR:IPPU:DEC_N2O,IPPU: Reduce Nitrous Oxide emissions,Missing,Fractional reduction in N2O emission factors per production quantity.,12,0.0,0.0,0.06511627906976745,0.06511627906976745,2055
IPPU,IPPU,TFR:IPPU:DEC_N2O,IPPU: Reduce Nitrous Oxide emissions,Missing,Fractional reduction in N2O emission factors per production quantity.,12,0.0,0.0,0.06744186046511629,0.06744186046511629,2056
IPPU,IPPU,TFR:IPPU:DEC_N2O,IPPU: Reduce Nitrous Oxide emissions,Missing,Fractional reduction in N2O emission factors per production quantity.,12,0.0,0.0,0.06976744186046512,0.06976744186046512,2057
IPPU,IPPU,TFR:IPPU:DEC_N2O,IPPU: Reduce Nitrous Oxide emissions,Missing,Fractional reduction in N2O emission factors per production quantity.,12,0.0,0.0,0.07209302325581395,0.07209302325581395,2058
IPPU,IPPU,TFR:IPPU:DEC_N2O,IPPU: Reduce Nitrous Oxide emissions,Missing,Fractional reduction in N2O emission factors per production quantity.,12,0.0,0.0,0.07441860465116279,0.07441860465116279,2059
IPPU,IPPU,TFR:IPPU:DEC_N2O,IPPU: Reduce Nitrous Oxide emissions,Missing,Fractional reduction in N2O emission factors per production quantity.,12,0.0,0.0,0.07674418604651163,0.07674418604651163,2060
IPPU,IPPU,TFR:IPPU:DEC_N2O,IPPU: Reduce Nitrous Oxide emissions,Missing,Fractional reduction in N2O emission factors per production quantity.,12,0.0,0.0,0.07906976744186046,0.07906976744186046,2061
IPPU,IPPU,TFR:IPPU:DEC_N2O,IPPU: Reduce Nitrous Oxide emissions,Missing,Fractional reduction in N2O emission factors per production quantity.,12,0.0,0.0,0.08139534883720931,0.08139534883720931,2062
IPPU,IPPU,TFR:IPPU:DEC_N2O,IPPU: Reduce Nitrous Oxide emissions,Missing,Fractional reduction in N2O emission factors per production quantity.,12,0.0,0.0,0.08372093023255815,0.08372093023255815,2063
IPPU,IPPU,TFR:IPPU:DEC_N2O,IPPU: Reduce Nitrous Oxide emissions,Missing,Fractional reduction in N2O emission factors per production quantity.,12,0.0,0.0,0.08604651162790698,0.08604651162790698,2064
IPPU,IPPU,TFR:IPPU:DEC_N2O,IPPU: Reduce Nitrous Oxide emissions,Missing,Fractional reduction in N2O emission factors per production quantity.,12,0.0,0.0,0.08837209302325583,0.08837209302325583,2065
IPPU,IPPU,TFR:IPPU:DEC_N2O,IPPU: Reduce Nitrous Oxide emissions,Missing,Fractional reduction in N2O emission factors per production quantity.,12,0.0,0.0,0.09069767441860466,0.09069767441860466,2066
IPPU,IPPU,TFR:IPPU:DEC_N2O,IPPU: Reduce Nitrous Oxide emissions,Missing,Fractional reduction in N2O emission factors per production quantity.,12,0.0,0.0,0.09302325581395349,0.09302325581395349,2067
IPPU,IPPU,TFR:IPPU:DEC_N2O,IPPU: Reduce Nitrous Oxide emissions,Missing,Fractional reduction in N2O emission factors per production quantity.,12,0.0,0.0,0.09534883720930233,0.09534883720930233,2068
IPPU,IPPU,TFR:IPPU:DEC_N2O,IPPU: Reduce Nitrous Oxide emissions,Missing,Fractional reduction in N2O emission factors per production quantity.,12,0.0,0.0,0.09767441860465116,0.09767441860465116,2069
IPPU,IPPU,TFR:IPPU:DEC_N2O,IPPU: Reduce Nitrous Oxide emissions,Missing,Fractional reduction in N2O emission factors per production quantity.,12,0.0,0.0,0.1,0.1,2070
IPPU,IPPU,TFR:IPPU:DEC_OTHER_FCS,IPPU: Reduce other fluorinated compounds,"Includes SF6, NF3, HCFCs, and others",Fractional reduction in other FCs emission factors per production quantity.,12,0.0,0.0,0.0,0.0,2015
IPPU,IPPU,TFR:IPPU:DEC_OTHER_FCS,IPPU: Reduce other fluorinated compounds,"Includes SF6, NF3, HCFCs, and others",Fractional reduction in other FCs emission factors per production quantity.,12,0.0,0.0,0.0,0.0,2016
IPPU,IPPU,TFR:IPPU:DEC_OTHER_FCS,IPPU: Reduce other fluorinated compounds,"Includes SF6, NF3, HCFCs, and others",Fractional reduction in other FCs emission factors per production quantity.,12,0.0,0.0,0.0,0.0,2017
IPPU,IPPU,TFR:IPPU:DEC_OTHER_FCS,IPPU: Reduce other fluorinated compounds,"Includes SF6, NF3, HCFCs, and others",Fractional reduction in other FCs emission factors per production quantity.,12,0.0,0.0,0.0,0.0,2018
IPPU,IPPU,TFR:IPPU:DEC_OTHER_FCS,IPPU: Reduce other fluorinated compounds,"Includes SF6, NF3, HCFCs, and others",Fractional reduction in other FCs emission factors per production quantity.,12,0.0,0.0,0.0,0.0,2019
IPPU,IPPU,TFR:IPPU:DEC_OTHER_FCS,IPPU: Reduce other fluorinated compounds,"Includes SF6, NF3, HCFCs, and others",Fractional reduction in other FCs emission factors per production quantity.,12,0.0,0.0,0.0,0.0,2020
IPPU,IPPU,TFR:IPPU:DEC_OTHER_FCS,IPPU: Reduce other fluorinated compounds,"Includes SF6, NF3, HCFCs, and others",Fractional reduction in other FCs emission factors per production quantity.,12,0.0,0.0,0.0,0.0,2021
IPPU,IPPU,TFR:IPPU:DEC_OTHER_FCS,IPPU: Reduce other fluorinated compounds,"Includes SF6, NF3, HCFCs, and others",Fractional reduction in other FCs emission factors per production quantity.,12,0.0,0.0,0.0,0.0,2022
IPPU,IPPU,TFR:IPPU:DEC_OTHER_FCS,IPPU: Reduce other fluorinated compounds,"Includes SF6, NF3, HCFCs, and others",Fractional reduction in other FCs emission factors per production quantity.,12,0.0,0.0,0.0,0.0,2023
IPPU,IPPU,TFR:IPPU:DEC_OTHER_FCS,IPPU: Reduce other fluorinated compounds,"Includes SF6, NF3, HCFCs, and others",Fractional reduction in other FCs emission factors per production quantity.,12,0.0,0.0,0.0,0.0,2024
IPPU,IPPU,TFR:IPPU:DEC_OTHER_FCS,IPPU: Reduce other fluorinated compounds,"Includes SF6, NF3, HCFCs, and others",Fractional reduction in other FCs emission factors per production quantity.,12,0.0,0.0,0.0,0.0,2025
IPPU,IPPU,TFR:IPPU:DEC_OTHER_FCS,IPPU: Reduce other fluorinated compounds,"Includes SF6, NF3, HCFCs, and others",Fractional reduction in other FCs emission factors per production quantity.,12,0.0,0.0,0.0,0.0,2026
IPPU,IPPU,TFR:IPPU:DEC_OTHER_FCS,IPPU: Reduce other fluorinated compounds,"Includes SF6, NF3, HCFCs, and others",Fractional reduction in other FCs emission factors per production quantity.,12,0.0,0.0,0.0,0.0,2027
IPPU,IPPU,TFR:IPPU:DEC_OTHER_FCS,IPPU: Reduce other fluorinated compounds,"Includes SF6, NF3, HCFCs, and others",Fractional reduction in other FCs emission factors per production quantity.,12,0.0,0.0,0.0,0.002325581395348837,2028
IPPU,IPPU,TFR:IPPU:DEC_OTHER_FCS,IPPU: Reduce other fluorinated compounds,"Includes SF6, NF3, HCFCs, and others",Fractional reduction in other FCs emission factors per production quantity.,12,0.0,0.0,0.0,0.004651162790697674,2029
IPPU,IPPU,TFR:IPPU:DEC_OTHER_FCS,IPPU: Reduce other fluorinated compounds,"Includes SF6, NF3, HCFCs, and others",Fractional reduction in other FCs emission factors per production quantity.,12,0.0,0.0,0.0,0.0069767441860465115,2030
IPPU,IPPU,TFR:IPPU:DEC_OTHER_FCS,IPPU: Reduce other fluorinated compounds,"Includes SF6, NF3, HCFCs, and others",Fractional reduction in other FCs emission factors per production quantity.,12,0.0,0.0,0.0,0.009302325581395349,2031
IPPU,IPPU,TFR:IPPU:DEC_OTHER_FCS,IPPU: Reduce other fluorinated compounds,"Includes SF6, NF3, HCFCs, and others",Fractional reduction in other FCs emission factors per production quantity.,12,0.0,0.0,0.0,0.011627906976744186,2032
IPPU,IPPU,TFR:IPPU:DEC_OTHER_FCS,IPPU: Reduce other fluorinated compounds,"Includes SF6, NF3, HCFCs, and others",Fractional reduction in other FCs emission factors per production quantity.,12,0.0,0.0,0.0,0.013953488372093023,2033
IPPU,IPPU,TFR:IPPU:DEC_OTHER_FCS,IPPU: Reduce other fluorinated compounds,"Includes SF6, NF3, HCFCs, and others",Fractional reduction in other FCs emission factors per production quantity.,12,0.0,0.0,0.0,0.016279069767441864,2034
IPPU,IPPU,TFR:IPPU:DEC_OTHER_FCS,IPPU: Reduce other fluorinated compounds,"Includes SF6, NF3, HCFCs, and others",Fractional reduction in other FCs emission factors per production quantity.,12,0.0,0.0,0.0,0.018604651162790697,2035
IPPU,IPPU,TFR:IPPU:DEC_OTHER_FCS,IPPU: Reduce other fluorinated compounds,"Includes SF6, NF3, HCFCs, and others",Fractional reduction in other FCs emission factors per production quantity.,12,0.0,0.0,0.0,0.020930232558139538,2036
IPPU,IPPU,TFR:IPPU:DEC_OTHER_FCS,IPPU: Reduce other fluorinated compounds,"Includes SF6, NF3, HCFCs, and others",Fractional reduction in other FCs emission factors per production quantity.,12,0.0,0.0,0.0,0.023255813953488372,2037
IPPU,IPPU,TFR:IPPU:DEC_OTHER_FCS,IPPU: Reduce other fluorinated compounds,"Includes SF6, NF3, HCFCs, and others",Fractional reduction in other FCs emission factors per production quantity.,12,0.0,0.0,0.0,0.025581395348837212,2038
IPPU,IPPU,TFR:IPPU:DEC_OTHER_FCS,IPPU: Reduce other fluorinated compounds,"Includes SF6, NF3, HCFCs, and others",Fractional reduction in other FCs emission factors per production quantity.,12,0.0,0.0,0.0,0.027906976744186046,2039
IPPU,IPPU,TFR:IPPU:DEC_OTHER_FCS,IPPU: Reduce other fluorinated compounds,"Includes SF6, NF3, HCFCs, and others",Fractional reduction in other FCs emission factors per production quantity.,12,0.0,0.0,0.0,0.030232558139534883,2040
IPPU,IPPU,TFR:IPPU:DEC_OTHER_FCS,IPPU: Reduce other fluorinated compounds,"Includes SF6, NF3, HCFCs, and others",Fractional reduction in other FCs emission factors per production quantity.,12,0.0,0.0,0.0,0.03255813953488373,2041
IPPU,IPPU,TFR:IPPU:DEC_OTHER_FCS,IPPU: Reduce other fluorinated compounds,"Includes SF6, NF3, HCFCs, and others",Fractional reduction in other FCs emission factors per production quantity.,12,0.0,0.0,0.0,0.03488372093023256,2042
IPPU,IPPU,TFR:IPPU:DEC_OTHER_FCS,IPPU: Reduce other fluorinated compounds,"Includes SF6, NF3, HCFCs, and others",Fractional reduction in other FCs emission factors per production quantity.,12,0.0,0.0,0.0,0.037209302325581395,2043
IPPU,IPPU,TFR:IPPU:DEC_OTHER_FCS,IPPU: Reduce other fluorinated compounds,"Includes SF6, NF3, HCFCs, and others",Fractional reduction in other FCs emission factors per production quantity.,12,0.0,0.0,0.0,0.03953488372093023,2044
IPPU,IPPU,TFR:IPPU:DEC_OTHER_FCS,IPPU: Reduce other fluorinated compounds,"Includes SF6, NF3, HCFCs, and others",Fractional reduction in other FCs emission factors per production quantity.,12,0.0,0.0,0.0,0.041860465116279076,2045
IPPU,IPPU,TFR:IPPU:DEC_OTHER_FCS,IPPU: Reduce other fluorinated compounds,"Includes SF6, NF3, HCFCs, and others",Fractional reduction in other FCs emission factors per production quantity.,12,0.0,0.0,0.0,0.04418604651162791,2046
IPPU,IPPU,TFR:IPPU:DEC_OTHER_FCS,IPPU: Reduce other fluorinated compounds,"Includes SF6, NF3, HCFCs, and others",Fractional reduction in other FCs emission factors per production quantity.,12,0.0,0.0,0.0,0.046511627906976744,2047
IPPU,IPPU,TFR:IPPU:DEC_OTHER_FCS,IPPU: Reduce other fluorinated compounds,"Includes SF6, NF3, HCFCs, and others",Fractional reduction in other FCs emission factors per production quantity.,12,0.0,0.0,0.0,0.04883720930232558,2048
IPPU,IPPU,TFR:IPPU:DEC_OTHER_FCS,IPPU: Reduce other fluorinated compounds,"Includes SF6, NF3, HCFCs, and others",Fractional reduction in other FCs emission factors per production quantity.,12,0.0,0.0,0.0,0.051162790697674425,2049
IPPU,IPPU,TFR:IPPU:DEC_OTHER_FCS,IPPU: Reduce other fluorinated compounds,"Includes SF6, NF3, HCFCs, and others",Fractional reduction in other FCs emission factors per production quantity.,12,0.0,0.0,0.0,0.053488372093023255,2050
IPPU,IPPU,TFR:IPPU:DEC_OTHER_FCS,IPPU: Reduce other fluorinated compounds,"Includes SF6, NF3, HCFCs, and others",Fractional reduction in other FCs emission factors per production quantity.,12,0.0,0.0,0.0,0.05581395348837209,2051
IPPU,IPPU,TFR:IPPU:DEC_OTHER_FCS,IPPU: Reduce other fluorinated compounds,"Includes SF6, NF3, HCFCs, and others",Fractional reduction in other FCs emission factors per production quantity.,12,0.0,0.0,0.0,0.058139534883720936,2052
IPPU,IPPU,TFR:IPPU:DEC_OTHER_FCS,IPPU: Reduce other fluorinated compounds,"Includes SF6, NF3, HCFCs, and others",Fractional reduction in other FCs emission factors per production quantity.,12,0.0,0.0,0.0,0.06046511627906977,2053
IPPU,IPPU,TFR:IPPU:DEC_OTHER_FCS,IPPU: Reduce other fluorinated compounds,"Includes SF6, NF3, HCFCs, and others",Fractional reduction in other FCs emission factors per production quantity.,12,0.0,0.0,0.0,0.06279069767441861,2054
IPPU,IPPU,TFR:IPPU:DEC_OTHER_FCS,IPPU: Reduce other fluorinated compounds,"Includes SF6, NF3, HCFCs, and others",Fractional reduction in other FCs emission factors per production quantity.,12,0.0,0.0,0.0,0.06511627906976745,2055
IPPU,IPPU,TFR:IPPU:DEC_OTHER_FCS,IPPU: Reduce other fluorinated compounds,"Includes SF6, NF3, HCFCs, and others",Fractional reduction in other FCs emission factors per production quantity.,12,0.0,0.0,0.0,0.06744186046511629,2056
IPPU,IPPU,TFR:IPPU:DEC_OTHER_FCS,IPPU: Reduce other fluorinated compounds,"Includes SF6, NF3, HCFCs, and others",Fractional reduction in other FCs emission factors per production quantity.,12,0.0,0.0,0.0,0.06976744186046512,2057
IPPU,IPPU,TFR:IPPU:DEC_OTHER_FCS,IPPU: Reduce other fluorinated compounds,"Includes SF6, NF3, HCFCs, and others",Fractional reduction in other FCs emission factors per production quantity.,12,0.0,0.0,0.0,0.07209302325581395,2058
IPPU,IPPU,TFR:IPPU:DEC_OTHER_FCS,IPPU: Reduce other fluorinated compounds,"Includes SF6, NF3, HCFCs, and others",Fractional reduction in other FCs emission factors per production quantity.,12,0.0,0.0,0.0,0.07441860465116279,2059
IPPU,IPPU,TFR:IPPU:DEC_OTHER_FCS,IPPU: Reduce other fluorinated compounds,"Includes SF6, NF3, HCFCs, and others",Fractional reduction in other FCs emission factors per production quantity.,12,0.0,0.0,0.0,0.07674418604651163,2060
IPPU,IPPU,TFR:IPPU:DEC_OTHER_FCS,IPPU: Reduce other fluorinated compounds,"Includes SF6, NF3, HCFCs, and others",Fractional reduction in other FCs emission factors per production quantity.,12,0.0,0.0,0.0,0.07906976744186046,2061
IPPU,IPPU,TFR:IPPU:DEC_OTHER_FCS,IPPU: Reduce other fluorinated compounds,"Includes SF6, NF3, HCFCs, and others",Fractional reduction in other FCs emission factors per production quantity.,12,0.0,0.0,0.0,0.08139534883720931,2062
IPPU,IPPU,TFR:IPPU:DEC_OTHER_FCS,IPPU: Reduce other fluorinated compounds,"Includes SF6, NF3, HCFCs, and others",Fractional reduction in other FCs emission factors per production quantity.,12,0.0,0.0,0.0,0.08372093023255815,2063
IPPU,IPPU,TFR:IPPU:DEC_OTHER_FCS,IPPU: Reduce other fluorinated compounds,"Includes SF6, NF3, HCFCs, and others",Fractional reduction in other FCs emission factors per production quantity.,12,0.0,0.0,0.0,0.08604651162790698,2064
IPPU,IPPU,TFR:IPPU:DEC_OTHER_FCS,IPPU: Reduce other fluorinated compounds,"Includes SF6, NF3, HCFCs, and others",Fractional reduction in other FCs emission factors per production quantity.,12,0.0,0.0,0.0,0.08837209302325583,2065
IPPU,IPPU,TFR:IPPU:DEC_OTHER_FCS,IPPU: Reduce other fluorinated compounds,"Includes SF6, NF3, HCFCs, and others",Fractional reduction in other FCs emission factors per production quantity.,12,0.0,0.0,0.0,0.09069767441860466,2066
IPPU,IPPU,TFR:IPPU:DEC_OTHER_FCS,IPPU: Reduce other fluorinated compounds,"Includes SF6, NF3, HCFCs, and others",Fractional reduction in other FCs emission factors per production quantity.,12,0.0,0.0,0.0,0.09302325581395349,2067
IPPU,IPPU,TFR:IPPU:DEC_OTHER_FCS,IPPU: Reduce other fluorinated compounds,"Includes SF6, NF3, HCFCs, and others",Fractional reduction in other FCs emission factors per production quantity.,12,0.0,0.0,0.0,0.09534883720930233,2068
IPPU,IPPU,TFR:IPPU:DEC_OTHER_FCS,IPPU: Reduce other fluorinated compounds,"Includes SF6, NF3, HCFCs, and others",Fractional reduction in other FCs emission factors per production quantity.,12,0.0,0.0,0.0,0.09767441860465116,2069
IPPU,IPPU,TFR:IPPU:DEC_OTHER_FCS,IPPU: Reduce other fluorinated compounds,"Includes SF6, NF3, HCFCs, and others",Fractional reduction in other FCs emission factors per production quantity.,12,0.0,0.0,0.0,0.1,2070
