Domain,Area,Element,Item,Year,Unit,Value
"Crops and livestock products","Bulgaria","Yield","Almonds, in shell","2015","kg/ha","738.7"
"Crops and livestock products","Bulgaria","Production","Almonds, in shell","2015","t","424"
"Crops and livestock products","Bulgaria","Yield","Almonds, in shell","2016","kg/ha","852.1"
"Crops and livestock products","Bulgaria","Production","Almonds, in shell","2016","t","841"
"Crops and livestock products","Bulgaria","Yield","Almonds, in shell","2017","kg/ha","755.3"
"Crops and livestock products","Bulgaria","Production","Almonds, in shell","2017","t","713"
"Crops and livestock products","Bulgaria","Yield","Almonds, in shell","2018","kg/ha","1183.5"
"Crops and livestock products","Bulgaria","Production","Almonds, in shell","2018","t","1290"
"Crops and livestock products","Bulgaria","Yield","Almonds, in shell","2019","kg/ha","712.9"
"Crops and livestock products","Bulgaria","Production","Almonds, in shell","2019","t","720"
"Crops and livestock products","Bulgaria","Yield","Almonds, in shell","2020","kg/ha","505.4"
"Crops and livestock products","Bulgaria","Production","Almonds, in shell","2020","t","470"
"Crops and livestock products","Bulgaria","Yield","Almonds, in shell","2021","kg/ha","648.4"
"Crops and livestock products","Bulgaria","Production","Almonds, in shell","2021","t","830"
"Crops and livestock products","Bulgaria","Yield","Almonds, in shell","2022","kg/ha","635.8"
"Crops and livestock products","Bulgaria","Production","Almonds, in shell","2022","t","960"
"Crops and livestock products","Bulgaria","Yield","Almonds, in shell","2023","kg/ha","574.1"
"Crops and livestock products","Bulgaria","Production","Almonds, in shell","2023","t","620"
"Crops and livestock products","Bulgaria","Yield","Anise, badian, coriander, cumin, caraway, fennel and juniper berries, raw","2015","kg/ha","1117.9"
"Crops and livestock products","Bulgaria","Production","Anise, badian, coriander, cumin, caraway, fennel and juniper berries, raw","2015","t","39509"
"Crops and livestock products","Bulgaria","Yield","Anise, badian, coriander, cumin, caraway, fennel and juniper berries, raw","2016","kg/ha","1135.6"
"Crops and livestock products","Bulgaria","Production","Anise, badian, coriander, cumin, caraway, fennel and juniper berries, raw","2016","t","39630"
"Crops and livestock products","Bulgaria","Yield","Anise, badian, coriander, cumin, caraway, fennel and juniper berries, raw","2017","kg/ha","1172.9"
"Crops and livestock products","Bulgaria","Production","Anise, badian, coriander, cumin, caraway, fennel and juniper berries, raw","2017","t","23712"
"Crops and livestock products","Bulgaria","Yield","Apples","2015","kg/ha","12260"
"Crops and livestock products","Bulgaria","Production","Apples","2015","t","58419"
"Crops and livestock products","Bulgaria","Yield","Apples","2016","kg/ha","10886.6"
"Crops and livestock products","Bulgaria","Production","Apples","2016","t","44755"
"Crops and livestock products","Bulgaria","Yield","Apples","2017","kg/ha","11308.1"
"Crops and livestock products","Bulgaria","Production","Apples","2017","t","44927"
"Crops and livestock products","Bulgaria","Yield","Apples","2018","kg/ha","12638.2"
"Crops and livestock products","Bulgaria","Production","Apples","2018","t","50300"
"Crops and livestock products","Bulgaria","Yield","Apples","2019","kg/ha","10536.2"
"Crops and livestock products","Bulgaria","Production","Apples","2019","t","43620"
"Crops and livestock products","Bulgaria","Yield","Apples","2020","kg/ha","10637.6"
"Crops and livestock products","Bulgaria","Production","Apples","2020","t","37870"
"Crops and livestock products","Bulgaria","Yield","Apples","2021","kg/ha","11648.1"
"Crops and livestock products","Bulgaria","Production","Apples","2021","t","44030"
"Crops and livestock products","Bulgaria","Yield","Apples","2022","kg/ha","12473.1"
"Crops and livestock products","Bulgaria","Production","Apples","2022","t","46400"
"Crops and livestock products","Bulgaria","Yield","Apples","2023","kg/ha","9811.8"
"Crops and livestock products","Bulgaria","Production","Apples","2023","t","34930"
"Crops and livestock products","Bulgaria","Yield","Apricots","2015","kg/ha","5715"
"Crops and livestock products","Bulgaria","Production","Apricots","2015","t","14179"
"Crops and livestock products","Bulgaria","Yield","Apricots","2016","kg/ha","6070.1"
"Crops and livestock products","Bulgaria","Production","Apricots","2016","t","15503"
"Crops and livestock products","Bulgaria","Yield","Apricots","2017","kg/ha","7778.5"
"Crops and livestock products","Bulgaria","Production","Apricots","2017","t","22542"
"Crops and livestock products","Bulgaria","Yield","Apricots","2018","kg/ha","5329.4"
"Crops and livestock products","Bulgaria","Production","Apricots","2018","t","13590"
"Crops and livestock products","Bulgaria","Yield","Apricots","2019","kg/ha","6955.3"
"Crops and livestock products","Bulgaria","Production","Apricots","2019","t","20240"
"Crops and livestock products","Bulgaria","Yield","Apricots","2020","kg/ha","5173.9"
"Crops and livestock products","Bulgaria","Production","Apricots","2020","t","9520"
"Crops and livestock products","Bulgaria","Yield","Apricots","2021","kg/ha","6764.7"
"Crops and livestock products","Bulgaria","Production","Apricots","2021","t","20700"
"Crops and livestock products","Bulgaria","Yield","Apricots","2022","kg/ha","6242.6"
"Crops and livestock products","Bulgaria","Production","Apricots","2022","t","19040"
"Crops and livestock products","Bulgaria","Yield","Apricots","2023","kg/ha","4927.3"
"Crops and livestock products","Bulgaria","Production","Apricots","2023","t","10840"
"Crops and livestock products","Bulgaria","Yield","Artichokes","2018","kg/ha","1705.9"
"Crops and livestock products","Bulgaria","Production","Artichokes","2018","t","290"
"Crops and livestock products","Bulgaria","Yield","Artichokes","2019","kg/ha","642.9"
"Crops and livestock products","Bulgaria","Production","Artichokes","2019","t","180"
"Crops and livestock products","Bulgaria","Yield","Artichokes","2020","kg/ha","2321.4"
"Crops and livestock products","Bulgaria","Production","Artichokes","2020","t","650"
"Crops and livestock products","Bulgaria","Production","Artichokes","2022","t","0"
"Crops and livestock products","Bulgaria","Yield","Asparagus","2015","kg/ha","6061.6"
"Crops and livestock products","Bulgaria","Production","Asparagus","2015","t","7766.36"
"Crops and livestock products","Bulgaria","Yield","Asparagus","2016","kg/ha","6065.1"
"Crops and livestock products","Bulgaria","Production","Asparagus","2016","t","6838.41"
"Crops and livestock products","Bulgaria","Yield","Asparagus","2017","kg/ha","6128.9"
"Crops and livestock products","Bulgaria","Production","Asparagus","2017","t","6714.74"
"Crops and livestock products","Bulgaria","Yield","Asparagus","2021","kg/ha","2000"
"Crops and livestock products","Bulgaria","Production","Asparagus","2021","t","60"
"Crops and livestock products","Bulgaria","Production","Asparagus","2022","t","0"
"Crops and livestock products","Bulgaria","Production","Avocados","2018","t","0"
"Crops and livestock products","Bulgaria","Production","Avocados","2019","t","0"
"Crops and livestock products","Bulgaria","Production","Avocados","2020","t","0"
"Crops and livestock products","Bulgaria","Production","Avocados","2021","t","0"
"Crops and livestock products","Bulgaria","Production","Avocados","2022","t","0"
"Crops and livestock products","Bulgaria","Production","Avocados","2023","t","0"
"Crops and livestock products","Bulgaria","Production","Bananas","2018","t","0"
"Crops and livestock products","Bulgaria","Production","Bananas","2019","t","0"
"Crops and livestock products","Bulgaria","Production","Bananas","2020","t","0"
"Crops and livestock products","Bulgaria","Production","Bananas","2021","t","0"
"Crops and livestock products","Bulgaria","Production","Bananas","2022","t","0"
"Crops and livestock products","Bulgaria","Production","Bananas","2023","t","0"
"Crops and livestock products","Bulgaria","Yield","Barley","2015","kg/ha","3966.1"
"Crops and livestock products","Bulgaria","Production","Barley","2015","t","697863"
"Crops and livestock products","Bulgaria","Yield","Barley","2016","kg/ha","4316.1"
"Crops and livestock products","Bulgaria","Production","Barley","2016","t","689850"
"Crops and livestock products","Bulgaria","Yield","Barley","2017","kg/ha","4637.1"
"Crops and livestock products","Bulgaria","Production","Barley","2017","t","595237"
"Crops and livestock products","Bulgaria","Yield","Barley","2018","kg/ha","4332.3"
"Crops and livestock products","Bulgaria","Production","Barley","2018","t","448700"
"Crops and livestock products","Bulgaria","Yield","Barley","2019","kg/ha","5026.8"
"Crops and livestock products","Bulgaria","Production","Barley","2019","t","563150"
"Crops and livestock products","Bulgaria","Yield","Barley","2020","kg/ha","4331"
"Crops and livestock products","Bulgaria","Production","Barley","2020","t","566320"
"Crops and livestock products","Bulgaria","Yield","Barley","2021","kg/ha","5574.1"
"Crops and livestock products","Bulgaria","Production","Barley","2021","t","704070"
"Crops and livestock products","Bulgaria","Yield","Barley","2022","kg/ha","5102.5"
"Crops and livestock products","Bulgaria","Production","Barley","2022","t","624600"
"Crops and livestock products","Bulgaria","Yield","Barley","2023","kg/ha","5315.5"
"Crops and livestock products","Bulgaria","Production","Barley","2023","t","797220"
"Crops and livestock products","Bulgaria","Yield","Beans, dry","2015","kg/ha","984.3"
"Crops and livestock products","Bulgaria","Production","Beans, dry","2015","t","3262"
"Crops and livestock products","Bulgaria","Yield","Beans, dry","2016","kg/ha","1084.6"
"Crops and livestock products","Bulgaria","Production","Beans, dry","2016","t","2614"
"Crops and livestock products","Bulgaria","Yield","Beans, dry","2017","kg/ha","910.1"
"Crops and livestock products","Bulgaria","Production","Beans, dry","2017","t","2502"
"Crops and livestock products","Bulgaria","Yield","Blueberries","2015","kg/ha","7263"
"Crops and livestock products","Bulgaria","Production","Blueberries","2015","t","96.7"
"Crops and livestock products","Bulgaria","Yield","Blueberries","2016","kg/ha","7612.8"
"Crops and livestock products","Bulgaria","Production","Blueberries","2016","t","98.72"
"Crops and livestock products","Bulgaria","Yield","Blueberries","2017","kg/ha","7787.7"
"Crops and livestock products","Bulgaria","Production","Blueberries","2017","t","98.54"
"Crops and livestock products","Bulgaria","Yield","Blueberries","2018","kg/ha","3333.3"
"Crops and livestock products","Bulgaria","Production","Blueberries","2018","t","100"
"Crops and livestock products","Bulgaria","Yield","Blueberries","2020","kg/ha","2000"
"Crops and livestock products","Bulgaria","Production","Blueberries","2020","t","80"
"Crops and livestock products","Bulgaria","Yield","Blueberries","2021","kg/ha","1571.4"
"Crops and livestock products","Bulgaria","Production","Blueberries","2021","t","110"
"Crops and livestock products","Bulgaria","Yield","Blueberries","2022","kg/ha","2333.3"
"Crops and livestock products","Bulgaria","Production","Blueberries","2022","t","140"
"Crops and livestock products","Bulgaria","Yield","Blueberries","2023","kg/ha","2875"
"Crops and livestock products","Bulgaria","Production","Blueberries","2023","t","230"
"Crops and livestock products","Bulgaria","Yield","Broad beans and horse beans, dry","2015","kg/ha","1000"
"Crops and livestock products","Bulgaria","Production","Broad beans and horse beans, dry","2015","t","35"
"Crops and livestock products","Bulgaria","Yield","Broad beans and horse beans, dry","2016","kg/ha","1441.6"
"Crops and livestock products","Bulgaria","Production","Broad beans and horse beans, dry","2016","t","111"
"Crops and livestock products","Bulgaria","Yield","Broad beans and horse beans, dry","2017","kg/ha","727.3"
"Crops and livestock products","Bulgaria","Production","Broad beans and horse beans, dry","2017","t","8"
"Crops and livestock products","Bulgaria","Yield","Broad beans and horse beans, dry","2018","kg/ha","1319.1"
"Crops and livestock products","Bulgaria","Production","Broad beans and horse beans, dry","2018","t","2480"
"Crops and livestock products","Bulgaria","Yield","Broad beans and horse beans, dry","2019","kg/ha","1169.8"
"Crops and livestock products","Bulgaria","Production","Broad beans and horse beans, dry","2019","t","1860"
"Crops and livestock products","Bulgaria","Production","Broad beans and horse beans, dry","2020","t","0"
"Crops and livestock products","Bulgaria","Production","Broad beans and horse beans, dry","2021","t","0"
"Crops and livestock products","Bulgaria","Yield","Broad beans and horse beans, green","2015","kg/ha","5806.7"
"Crops and livestock products","Bulgaria","Production","Broad beans and horse beans, green","2015","t","1713.22"
"Crops and livestock products","Bulgaria","Yield","Broad beans and horse beans, green","2016","kg/ha","5692"
"Crops and livestock products","Bulgaria","Production","Broad beans and horse beans, green","2016","t","1513.38"
"Crops and livestock products","Bulgaria","Yield","Broad beans and horse beans, green","2017","kg/ha","5710.1"
"Crops and livestock products","Bulgaria","Production","Broad beans and horse beans, green","2017","t","1770.36"
"Crops and livestock products","Bulgaria","Production","Broad beans and horse beans, green","2019","t","0"
"Crops and livestock products","Bulgaria","Production","Broad beans and horse beans, green","2021","t","0"
"Crops and livestock products","Bulgaria","Production","Broad beans and horse beans, green","2022","t","0"
"Crops and livestock products","Bulgaria","Production","Buckwheat","2015","t",""
"Crops and livestock products","Bulgaria","Production","Buckwheat","2016","t",""
"Crops and livestock products","Bulgaria","Production","Buckwheat","2017","t",""
"Crops and livestock products","Bulgaria","Yield","Cabbages","2015","kg/ha","22662.6"
"Crops and livestock products","Bulgaria","Production","Cabbages","2015","t","42447"
"Crops and livestock products","Bulgaria","Yield","Cabbages","2016","kg/ha","26313"
"Crops and livestock products","Bulgaria","Production","Cabbages","2016","t","75650"
"Crops and livestock products","Bulgaria","Yield","Cabbages","2017","kg/ha","24714.5"
"Crops and livestock products","Bulgaria","Production","Cabbages","2017","t","41817"
"Crops and livestock products","Bulgaria","Yield","Cabbages","2018","kg/ha","24102"
"Crops and livestock products","Bulgaria","Production","Cabbages","2018","t","47240"
"Crops and livestock products","Bulgaria","Yield","Cabbages","2019","kg/ha","26305.1"
"Crops and livestock products","Bulgaria","Production","Cabbages","2019","t","46560"
"Crops and livestock products","Bulgaria","Yield","Cabbages","2020","kg/ha","22027.4"
"Crops and livestock products","Bulgaria","Production","Cabbages","2020","t","32160"
"Crops and livestock products","Bulgaria","Yield","Cabbages","2021","kg/ha","22778.6"
"Crops and livestock products","Bulgaria","Production","Cabbages","2021","t","31890"
"Crops and livestock products","Bulgaria","Yield","Cabbages","2022","kg/ha","22241.6"
"Crops and livestock products","Bulgaria","Production","Cabbages","2022","t","39590"
"Crops and livestock products","Bulgaria","Yield","Cabbages","2023","kg/ha","24302.7"
"Crops and livestock products","Bulgaria","Production","Cabbages","2023","t","44960"
"Crops and livestock products","Bulgaria","Yield","Cantaloupes and other melons","2018","kg/ha","9602.9"
"Crops and livestock products","Bulgaria","Production","Cantaloupes and other melons","2018","t","26600"
"Crops and livestock products","Bulgaria","Yield","Cantaloupes and other melons","2019","kg/ha","9563.3"
"Crops and livestock products","Bulgaria","Production","Cantaloupes and other melons","2019","t","23430"
"Crops and livestock products","Bulgaria","Yield","Cantaloupes and other melons","2020","kg/ha","11361.6"
"Crops and livestock products","Bulgaria","Production","Cantaloupes and other melons","2020","t","25450"
"Crops and livestock products","Bulgaria","Yield","Cantaloupes and other melons","2021","kg/ha","9864.9"
"Crops and livestock products","Bulgaria","Production","Cantaloupes and other melons","2021","t","29200"
"Crops and livestock products","Bulgaria","Yield","Cantaloupes and other melons","2022","kg/ha","10331.7"
"Crops and livestock products","Bulgaria","Production","Cantaloupes and other melons","2022","t","21490"
"Crops and livestock products","Bulgaria","Yield","Cantaloupes and other melons","2023","kg/ha","10569.9"
"Crops and livestock products","Bulgaria","Production","Cantaloupes and other melons","2023","t","29490"
"Crops and livestock products","Bulgaria","Yield","Carrots and turnips","2015","kg/ha","23406.6"
"Crops and livestock products","Bulgaria","Production","Carrots and turnips","2015","t","8520"
"Crops and livestock products","Bulgaria","Yield","Carrots and turnips","2016","kg/ha","18241.7"
"Crops and livestock products","Bulgaria","Production","Carrots and turnips","2016","t","7698"
"Crops and livestock products","Bulgaria","Yield","Carrots and turnips","2017","kg/ha","20328.2"
"Crops and livestock products","Bulgaria","Production","Carrots and turnips","2017","t","23967"
"Crops and livestock products","Bulgaria","Yield","Carrots and turnips","2018","kg/ha","16875"
"Crops and livestock products","Bulgaria","Production","Carrots and turnips","2018","t","25650"
"Crops and livestock products","Bulgaria","Yield","Carrots and turnips","2019","kg/ha","18724.8"
"Crops and livestock products","Bulgaria","Production","Carrots and turnips","2019","t","20410"
"Crops and livestock products","Bulgaria","Yield","Carrots and turnips","2020","kg/ha","14745.8"
"Crops and livestock products","Bulgaria","Production","Carrots and turnips","2020","t","8700"
"Crops and livestock products","Bulgaria","Yield","Carrots and turnips","2021","kg/ha","26217.4"
"Crops and livestock products","Bulgaria","Production","Carrots and turnips","2021","t","12060"
"Crops and livestock products","Bulgaria","Yield","Carrots and turnips","2022","kg/ha","26500"
"Crops and livestock products","Bulgaria","Production","Carrots and turnips","2022","t","9540"
"Crops and livestock products","Bulgaria","Yield","Carrots and turnips","2023","kg/ha","21577.8"
"Crops and livestock products","Bulgaria","Production","Carrots and turnips","2023","t","9710"
"Crops and livestock products","Bulgaria","Production","Castor oil seeds","2015","t",""
"Crops and livestock products","Bulgaria","Production","Castor oil seeds","2016","t",""
"Crops and livestock products","Bulgaria","Production","Castor oil seeds","2017","t",""
"Crops and livestock products","Bulgaria","Yield","Cauliflowers and broccoli","2015","kg/ha","10961.9"
"Crops and livestock products","Bulgaria","Production","Cauliflowers and broccoli","2015","t","2587"
"Crops and livestock products","Bulgaria","Yield","Cauliflowers and broccoli","2016","kg/ha","14655.2"
"Crops and livestock products","Bulgaria","Production","Cauliflowers and broccoli","2016","t","2125"
"Crops and livestock products","Bulgaria","Yield","Cauliflowers and broccoli","2017","kg/ha","14347.8"
"Crops and livestock products","Bulgaria","Production","Cauliflowers and broccoli","2017","t","1980"
"Crops and livestock products","Bulgaria","Yield","Cauliflowers and broccoli","2018","kg/ha","16187.5"
"Crops and livestock products","Bulgaria","Production","Cauliflowers and broccoli","2018","t","2590"
"Crops and livestock products","Bulgaria","Yield","Cauliflowers and broccoli","2019","kg/ha","16478.3"
"Crops and livestock products","Bulgaria","Production","Cauliflowers and broccoli","2019","t","3790"
"Crops and livestock products","Bulgaria","Yield","Cauliflowers and broccoli","2020","kg/ha","9952.4"
"Crops and livestock products","Bulgaria","Production","Cauliflowers and broccoli","2020","t","2090"
"Crops and livestock products","Bulgaria","Yield","Cauliflowers and broccoli","2021","kg/ha","10250"
"Crops and livestock products","Bulgaria","Production","Cauliflowers and broccoli","2021","t","820"
"Crops and livestock products","Bulgaria","Yield","Cauliflowers and broccoli","2022","kg/ha","12642.9"
"Crops and livestock products","Bulgaria","Production","Cauliflowers and broccoli","2022","t","1770"
"Crops and livestock products","Bulgaria","Yield","Cauliflowers and broccoli","2023","kg/ha","13312.5"
"Crops and livestock products","Bulgaria","Production","Cauliflowers and broccoli","2023","t","2130"
"Crops and livestock products","Bulgaria","Yield","Cereals n.e.c.","2015","kg/ha","2249"
"Crops and livestock products","Bulgaria","Production","Cereals n.e.c.","2015","t","1102"
"Crops and livestock products","Bulgaria","Yield","Cereals n.e.c.","2016","kg/ha","2084.1"
"Crops and livestock products","Bulgaria","Production","Cereals n.e.c.","2016","t","1536"
"Crops and livestock products","Bulgaria","Yield","Cereals n.e.c.","2017","kg/ha","2032.1"
"Crops and livestock products","Bulgaria","Production","Cereals n.e.c.","2017","t","1902"
"Crops and livestock products","Bulgaria","Yield","Cereals n.e.c.","2018","kg/ha","2121.5"
"Crops and livestock products","Bulgaria","Production","Cereals n.e.c.","2018","t","6110"
"Crops and livestock products","Bulgaria","Yield","Cereals n.e.c.","2019","kg/ha","1765.8"
"Crops and livestock products","Bulgaria","Production","Cereals n.e.c.","2019","t","6410"
"Crops and livestock products","Bulgaria","Yield","Cereals n.e.c.","2020","kg/ha","1708.5"
"Crops and livestock products","Bulgaria","Production","Cereals n.e.c.","2020","t","9670"
"Crops and livestock products","Bulgaria","Yield","Cereals n.e.c.","2021","kg/ha","1810.7"
"Crops and livestock products","Bulgaria","Production","Cereals n.e.c.","2021","t","6120"
"Crops and livestock products","Bulgaria","Yield","Cereals n.e.c.","2022","kg/ha","1795.7"
"Crops and livestock products","Bulgaria","Production","Cereals n.e.c.","2022","t","7560"
"Crops and livestock products","Bulgaria","Yield","Cereals n.e.c.","2023","kg/ha","1821.9"
"Crops and livestock products","Bulgaria","Production","Cereals n.e.c.","2023","t","7980"
"Crops and livestock products","Bulgaria","Yield","Cherries","2015","kg/ha","6135.7"
"Crops and livestock products","Bulgaria","Production","Cherries","2015","t","49423"
"Crops and livestock products","Bulgaria","Yield","Cherries","2016","kg/ha","4548.7"
"Crops and livestock products","Bulgaria","Production","Cherries","2016","t","38496"
"Crops and livestock products","Bulgaria","Yield","Cherries","2017","kg/ha","5383.4"
"Crops and livestock products","Bulgaria","Production","Cherries","2017","t","48391"
"Crops and livestock products","Bulgaria","Yield","Cherries","2018","kg/ha","5503.5"
"Crops and livestock products","Bulgaria","Production","Cherries","2018","t","55310"
"Crops and livestock products","Bulgaria","Yield","Cherries","2019","kg/ha","5070.1"
"Crops and livestock products","Bulgaria","Production","Cherries","2019","t","54960"
"Crops and livestock products","Bulgaria","Yield","Cherries","2020","kg/ha","4922.9"
"Crops and livestock products","Bulgaria","Production","Cherries","2020","t","52330"
"Crops and livestock products","Bulgaria","Yield","Cherries","2021","kg/ha","4894.9"
"Crops and livestock products","Bulgaria","Production","Cherries","2021","t","52620"
"Crops and livestock products","Bulgaria","Yield","Cherries","2022","kg/ha","4992.6"
"Crops and livestock products","Bulgaria","Production","Cherries","2022","t","53920"
"Crops and livestock products","Bulgaria","Yield","Cherries","2023","kg/ha","4790.7"
"Crops and livestock products","Bulgaria","Production","Cherries","2023","t","46230"
"Crops and livestock products","Bulgaria","Yield","Chestnuts, in shell","2015","kg/ha","3997.1"
"Crops and livestock products","Bulgaria","Production","Chestnuts, in shell","2015","t","453.22"
"Crops and livestock products","Bulgaria","Yield","Chestnuts, in shell","2016","kg/ha","3953.3"
"Crops and livestock products","Bulgaria","Production","Chestnuts, in shell","2016","t","502.1"
"Crops and livestock products","Bulgaria","Yield","Chestnuts, in shell","2017","kg/ha","4043.2"
"Crops and livestock products","Bulgaria","Production","Chestnuts, in shell","2017","t","502.62"
"Crops and livestock products","Bulgaria","Production","Chestnuts, in shell","2020","t","0"
"Crops and livestock products","Bulgaria","Yield","Chestnuts, in shell","2021","kg/ha","2000"
"Crops and livestock products","Bulgaria","Production","Chestnuts, in shell","2021","t","20"
"Crops and livestock products","Bulgaria","Yield","Chestnuts, in shell","2022","kg/ha","2000"
"Crops and livestock products","Bulgaria","Production","Chestnuts, in shell","2022","t","40"
"Crops and livestock products","Bulgaria","Yield","Chestnuts, in shell","2023","kg/ha","1000"
"Crops and livestock products","Bulgaria","Production","Chestnuts, in shell","2023","t","20"
"Crops and livestock products","Bulgaria","Yield","Chick peas, dry","2015","kg/ha","1257.1"
"Crops and livestock products","Bulgaria","Production","Chick peas, dry","2015","t","3100"
"Crops and livestock products","Bulgaria","Yield","Chick peas, dry","2016","kg/ha","1284.4"
"Crops and livestock products","Bulgaria","Production","Chick peas, dry","2016","t","6065"
"Crops and livestock products","Bulgaria","Yield","Chick peas, dry","2017","kg/ha","1435.2"
"Crops and livestock products","Bulgaria","Production","Chick peas, dry","2017","t","32383"
"Crops and livestock products","Bulgaria","Yield","Chillies and peppers, dry (Capsicum spp., Pimenta spp.), raw","2015","kg/ha","4215.3"
"Crops and livestock products","Bulgaria","Production","Chillies and peppers, dry (Capsicum spp., Pimenta spp.), raw","2015","t","1349.02"
"Crops and livestock products","Bulgaria","Yield","Chillies and peppers, dry (Capsicum spp., Pimenta spp.), raw","2016","kg/ha","3810.4"
"Crops and livestock products","Bulgaria","Production","Chillies and peppers, dry (Capsicum spp., Pimenta spp.), raw","2016","t","1275.18"
"Crops and livestock products","Bulgaria","Yield","Chillies and peppers, dry (Capsicum spp., Pimenta spp.), raw","2017","kg/ha","3557.1"
"Crops and livestock products","Bulgaria","Production","Chillies and peppers, dry (Capsicum spp., Pimenta spp.), raw","2017","t","1266.36"
"Crops and livestock products","Bulgaria","Yield","Chillies and peppers, green (Capsicum spp. and Pimenta spp.)","2015","kg/ha","16484.9"
"Crops and livestock products","Bulgaria","Production","Chillies and peppers, green (Capsicum spp. and Pimenta spp.)","2015","t","67819"
"Crops and livestock products","Bulgaria","Yield","Chillies and peppers, green (Capsicum spp. and Pimenta spp.)","2016","kg/ha","20137"
"Crops and livestock products","Bulgaria","Production","Chillies and peppers, green (Capsicum spp. and Pimenta spp.)","2016","t","72030"
"Crops and livestock products","Bulgaria","Yield","Chillies and peppers, green (Capsicum spp. and Pimenta spp.)","2017","kg/ha","16669.9"
"Crops and livestock products","Bulgaria","Production","Chillies and peppers, green (Capsicum spp. and Pimenta spp.)","2017","t","54544"
"Crops and livestock products","Bulgaria","Yield","Chillies and peppers, green (Capsicum spp. and Pimenta spp.)","2018","kg/ha","17613.6"
"Crops and livestock products","Bulgaria","Production","Chillies and peppers, green (Capsicum spp. and Pimenta spp.)","2018","t","51960"
"Crops and livestock products","Bulgaria","Yield","Chillies and peppers, green (Capsicum spp. and Pimenta spp.)","2019","kg/ha","19869.6"
"Crops and livestock products","Bulgaria","Production","Chillies and peppers, green (Capsicum spp. and Pimenta spp.)","2019","t","63980"
"Crops and livestock products","Bulgaria","Yield","Chillies and peppers, green (Capsicum spp. and Pimenta spp.)","2020","kg/ha","18746.3"
"Crops and livestock products","Bulgaria","Production","Chillies and peppers, green (Capsicum spp. and Pimenta spp.)","2020","t","50990"
"Crops and livestock products","Bulgaria","Yield","Chillies and peppers, green (Capsicum spp. and Pimenta spp.)","2021","kg/ha","20595.3"
"Crops and livestock products","Bulgaria","Production","Chillies and peppers, green (Capsicum spp. and Pimenta spp.)","2021","t","61580"
"Crops and livestock products","Bulgaria","Yield","Chillies and peppers, green (Capsicum spp. and Pimenta spp.)","2022","kg/ha","19995.7"
"Crops and livestock products","Bulgaria","Production","Chillies and peppers, green (Capsicum spp. and Pimenta spp.)","2022","t","46790"
"Crops and livestock products","Bulgaria","Yield","Chillies and peppers, green (Capsicum spp. and Pimenta spp.)","2023","kg/ha","20638.9"
"Crops and livestock products","Bulgaria","Production","Chillies and peppers, green (Capsicum spp. and Pimenta spp.)","2023","t","52010"
"Crops and livestock products","Bulgaria","Yield","Cranberries","2015","kg/ha","1223.5"
"Crops and livestock products","Bulgaria","Production","Cranberries","2015","t","89.44"
"Crops and livestock products","Bulgaria","Yield","Cranberries","2016","kg/ha","1246.5"
"Crops and livestock products","Bulgaria","Production","Cranberries","2016","t","86.72"
"Crops and livestock products","Bulgaria","Yield","Cranberries","2017","kg/ha","1241.2"
"Crops and livestock products","Bulgaria","Production","Cranberries","2017","t","86.09"
"Crops and livestock products","Bulgaria","Yield","Cucumbers and gherkins","2015","kg/ha","50134.5"
"Crops and livestock products","Bulgaria","Production","Cucumbers and gherkins","2015","t","50335"
"Crops and livestock products","Bulgaria","Yield","Cucumbers and gherkins","2016","kg/ha","122749.5"
"Crops and livestock products","Bulgaria","Production","Cucumbers and gherkins","2016","t","66653"
"Crops and livestock products","Bulgaria","Yield","Cucumbers and gherkins","2017","kg/ha","72337.8"
"Crops and livestock products","Bulgaria","Production","Cucumbers and gherkins","2017","t","54398"
"Crops and livestock products","Bulgaria","Yield","Cucumbers and gherkins","2018","kg/ha","55485.1"
"Crops and livestock products","Bulgaria","Production","Cucumbers and gherkins","2018","t","74350"
"Crops and livestock products","Bulgaria","Yield","Cucumbers and gherkins","2019","kg/ha","35595.1"
"Crops and livestock products","Bulgaria","Production","Cucumbers and gherkins","2019","t","72970"
"Crops and livestock products","Bulgaria","Yield","Cucumbers and gherkins","2020","kg/ha","50594.3"
"Crops and livestock products","Bulgaria","Production","Cucumbers and gherkins","2020","t","53630"
"Crops and livestock products","Bulgaria","Yield","Cucumbers and gherkins","2021","kg/ha","54222.2"
"Crops and livestock products","Bulgaria","Production","Cucumbers and gherkins","2021","t","53680"
"Crops and livestock products","Bulgaria","Yield","Cucumbers and gherkins","2022","kg/ha","73619.7"
"Crops and livestock products","Bulgaria","Production","Cucumbers and gherkins","2022","t","52270"
"Crops and livestock products","Bulgaria","Yield","Cucumbers and gherkins","2023","kg/ha","62511.9"
"Crops and livestock products","Bulgaria","Production","Cucumbers and gherkins","2023","t","52510"
"Crops and livestock products","Bulgaria","Yield","Currants","2015","kg/ha","584.3"
"Crops and livestock products","Bulgaria","Production","Currants","2015","t","0.3"
"Crops and livestock products","Bulgaria","Yield","Currants","2016","kg/ha","656.3"
"Crops and livestock products","Bulgaria","Production","Currants","2016","t","0.3"
"Crops and livestock products","Bulgaria","Yield","Currants","2017","kg/ha","659.4"
"Crops and livestock products","Bulgaria","Production","Currants","2017","t","0.3"
"Crops and livestock products","Bulgaria","Yield","Currants","2018","kg/ha","4000"
"Crops and livestock products","Bulgaria","Production","Currants","2018","t","200"
"Crops and livestock products","Bulgaria","Yield","Currants","2020","kg/ha","1666.7"
"Crops and livestock products","Bulgaria","Production","Currants","2020","t","150"
"Crops and livestock products","Bulgaria","Yield","Currants","2021","kg/ha","1500"
"Crops and livestock products","Bulgaria","Production","Currants","2021","t","90"
"Crops and livestock products","Bulgaria","Yield","Currants","2022","kg/ha","1000"
"Crops and livestock products","Bulgaria","Production","Currants","2022","t","60"
"Crops and livestock products","Bulgaria","Yield","Currants","2023","kg/ha","1285.7"
"Crops and livestock products","Bulgaria","Production","Currants","2023","t","90"
"Crops and livestock products","Bulgaria","Production","Edible roots and tubers with high starch or inulin content, n.e.c., fresh","2015","t",""
"Crops and livestock products","Bulgaria","Production","Edible roots and tubers with high starch or inulin content, n.e.c., fresh","2016","t",""
"Crops and livestock products","Bulgaria","Production","Edible roots and tubers with high starch or inulin content, n.e.c., fresh","2017","t",""
"Crops and livestock products","Bulgaria","Yield","Eggplants (aubergines)","2015","kg/ha","20396.3"
"Crops and livestock products","Bulgaria","Production","Eggplants (aubergines)","2015","t","9933"
"Crops and livestock products","Bulgaria","Yield","Eggplants (aubergines)","2016","kg/ha","25418"
"Crops and livestock products","Bulgaria","Production","Eggplants (aubergines)","2016","t","7905"
"Crops and livestock products","Bulgaria","Yield","Eggplants (aubergines)","2017","kg/ha","24756.8"
"Crops and livestock products","Bulgaria","Production","Eggplants (aubergines)","2017","t","11908"
"Crops and livestock products","Bulgaria","Yield","Eggplants (aubergines)","2018","kg/ha","25590.9"
"Crops and livestock products","Bulgaria","Production","Eggplants (aubergines)","2018","t","11260"
"Crops and livestock products","Bulgaria","Yield","Eggplants (aubergines)","2019","kg/ha","28666.7"
"Crops and livestock products","Bulgaria","Production","Eggplants (aubergines)","2019","t","11180"
"Crops and livestock products","Bulgaria","Yield","Eggplants (aubergines)","2020","kg/ha","26810.8"
"Crops and livestock products","Bulgaria","Production","Eggplants (aubergines)","2020","t","9920"
"Crops and livestock products","Bulgaria","Yield","Eggplants (aubergines)","2021","kg/ha","24375"
"Crops and livestock products","Bulgaria","Production","Eggplants (aubergines)","2021","t","7800"
"Crops and livestock products","Bulgaria","Yield","Eggplants (aubergines)","2022","kg/ha","23071.4"
"Crops and livestock products","Bulgaria","Production","Eggplants (aubergines)","2022","t","9690"
"Crops and livestock products","Bulgaria","Yield","Eggplants (aubergines)","2023","kg/ha","28444.4"
"Crops and livestock products","Bulgaria","Production","Eggplants (aubergines)","2023","t","10240"
"Crops and livestock products","Bulgaria","Yield","Figs","2019","kg/ha","2000"
"Crops and livestock products","Bulgaria","Production","Figs","2019","t","20"
"Crops and livestock products","Bulgaria","Yield","Figs","2020","kg/ha","1333.3"
"Crops and livestock products","Bulgaria","Production","Figs","2020","t","40"
"Crops and livestock products","Bulgaria","Yield","Figs","2021","kg/ha","2000"
"Crops and livestock products","Bulgaria","Production","Figs","2021","t","80"
"Crops and livestock products","Bulgaria","Yield","Figs","2022","kg/ha","4333.3"
"Crops and livestock products","Bulgaria","Production","Figs","2022","t","130"
"Crops and livestock products","Bulgaria","Yield","Figs","2023","kg/ha","3250"
"Crops and livestock products","Bulgaria","Production","Figs","2023","t","130"
"Crops and livestock products","Bulgaria","Yield","Flax, raw or retted","2015","kg/ha","2254.5"
"Crops and livestock products","Bulgaria","Production","Flax, raw or retted","2015","t","91.13"
"Crops and livestock products","Bulgaria","Yield","Flax, raw or retted","2016","kg/ha","2288.9"
"Crops and livestock products","Bulgaria","Production","Flax, raw or retted","2016","t","94.34"
"Crops and livestock products","Bulgaria","Yield","Flax, raw or retted","2017","kg/ha","2339.5"
"Crops and livestock products","Bulgaria","Production","Flax, raw or retted","2017","t","92.46"
"Crops and livestock products","Bulgaria","Production","Flax, raw or retted","2018","t","0"
"Crops and livestock products","Bulgaria","Production","Flax, raw or retted","2019","t","0"
"Crops and livestock products","Bulgaria","Production","Flax, raw or retted","2020","t","0"
"Crops and livestock products","Bulgaria","Yield","Flax, raw or retted","2021","kg/ha","1820.5"
"Crops and livestock products","Bulgaria","Production","Flax, raw or retted","2021","t","710"
"Crops and livestock products","Bulgaria","Yield","Grapes","2015","kg/ha","6763.3"
"Crops and livestock products","Bulgaria","Production","Grapes","2015","t","261820"
"Crops and livestock products","Bulgaria","Yield","Grapes","2016","kg/ha","5775"
"Crops and livestock products","Bulgaria","Production","Grapes","2016","t","211083"
"Crops and livestock products","Bulgaria","Yield","Grapes","2017","kg/ha","5908"
"Crops and livestock products","Bulgaria","Production","Grapes","2017","t","201529"
"Crops and livestock products","Bulgaria","Yield","Grapes","2018","kg/ha","5908.2"
"Crops and livestock products","Bulgaria","Production","Grapes","2018","t","201530"
"Crops and livestock products","Bulgaria","Yield","Grapes","2019","kg/ha","5941.1"
"Crops and livestock products","Bulgaria","Production","Grapes","2019","t","178530"
"Crops and livestock products","Bulgaria","Yield","Grapes","2020","kg/ha","5535.8"
"Crops and livestock products","Bulgaria","Production","Grapes","2020","t","159100"
"Crops and livestock products","Bulgaria","Yield","Grapes","2021","kg/ha","6249.6"
"Crops and livestock products","Bulgaria","Production","Grapes","2021","t","178300"
"Crops and livestock products","Bulgaria","Yield","Grapes","2022","kg/ha","5680.4"
"Crops and livestock products","Bulgaria","Production","Grapes","2022","t","161720"
"Crops and livestock products","Bulgaria","Yield","Grapes","2023","kg/ha","5204.2"
"Crops and livestock products","Bulgaria","Production","Grapes","2023","t","147800"
"Crops and livestock products","Bulgaria","Yield","Green corn (maize)","2015","kg/ha","5787.2"
"Crops and livestock products","Bulgaria","Production","Green corn (maize)","2015","t","2801"
"Crops and livestock products","Bulgaria","Yield","Green corn (maize)","2016","kg/ha","8493"
"Crops and livestock products","Bulgaria","Production","Green corn (maize)","2016","t","4875"
"Crops and livestock products","Bulgaria","Yield","Green corn (maize)","2017","kg/ha","8464.4"
"Crops and livestock products","Bulgaria","Production","Green corn (maize)","2017","t","4156"
"Crops and livestock products","Bulgaria","Yield","Green garlic","2015","kg/ha","19500"
"Crops and livestock products","Bulgaria","Production","Green garlic","2015","t","39"
"Crops and livestock products","Bulgaria","Yield","Green garlic","2016","kg/ha","7375"
"Crops and livestock products","Bulgaria","Production","Green garlic","2016","t","59"
"Crops and livestock products","Bulgaria","Yield","Green garlic","2017","kg/ha","18000"
"Crops and livestock products","Bulgaria","Production","Green garlic","2017","t","18"
"Crops and livestock products","Bulgaria","Yield","Green garlic","2018","kg/ha","4214.3"
"Crops and livestock products","Bulgaria","Production","Green garlic","2018","t","1770"
"Crops and livestock products","Bulgaria","Yield","Green garlic","2019","kg/ha","4352.9"
"Crops and livestock products","Bulgaria","Production","Green garlic","2019","t","2220"
"Crops and livestock products","Bulgaria","Yield","Green garlic","2020","kg/ha","4324.3"
"Crops and livestock products","Bulgaria","Production","Green garlic","2020","t","1600"
"Crops and livestock products","Bulgaria","Yield","Green garlic","2021","kg/ha","3814.8"
"Crops and livestock products","Bulgaria","Production","Green garlic","2021","t","1030"
"Crops and livestock products","Bulgaria","Yield","Green garlic","2022","kg/ha","3794.1"
"Crops and livestock products","Bulgaria","Production","Green garlic","2022","t","1290"
"Crops and livestock products","Bulgaria","Yield","Green garlic","2023","kg/ha","3963"
"Crops and livestock products","Bulgaria","Production","Green garlic","2023","t","1070"
"Crops and livestock products","Bulgaria","Yield","Groundnuts, excluding shelled","2015","kg/ha","2112.6"
"Crops and livestock products","Bulgaria","Production","Groundnuts, excluding shelled","2015","t","469"
"Crops and livestock products","Bulgaria","Yield","Groundnuts, excluding shelled","2016","kg/ha","1902.9"
"Crops and livestock products","Bulgaria","Production","Groundnuts, excluding shelled","2016","t","677.33"
"Crops and livestock products","Bulgaria","Yield","Groundnuts, excluding shelled","2017","kg/ha","1695.3"
"Crops and livestock products","Bulgaria","Production","Groundnuts, excluding shelled","2017","t","751"
"Crops and livestock products","Bulgaria","Yield","Hazelnuts, in shell","2015","kg/ha","727.8"
"Crops and livestock products","Bulgaria","Production","Hazelnuts, in shell","2015","t","361"
"Crops and livestock products","Bulgaria","Yield","Hazelnuts, in shell","2016","kg/ha","409.9"
"Crops and livestock products","Bulgaria","Production","Hazelnuts, in shell","2016","t","223"
"Crops and livestock products","Bulgaria","Yield","Hazelnuts, in shell","2017","kg/ha","530.5"
"Crops and livestock products","Bulgaria","Production","Hazelnuts, in shell","2017","t","313"
"Crops and livestock products","Bulgaria","Yield","Hazelnuts, in shell","2018","kg/ha","487.5"
"Crops and livestock products","Bulgaria","Production","Hazelnuts, in shell","2018","t","390"
"Crops and livestock products","Bulgaria","Yield","Hazelnuts, in shell","2019","kg/ha","338.6"
"Crops and livestock products","Bulgaria","Production","Hazelnuts, in shell","2019","t","430"
"Crops and livestock products","Bulgaria","Yield","Hazelnuts, in shell","2020","kg/ha","634.3"
"Crops and livestock products","Bulgaria","Production","Hazelnuts, in shell","2020","t","850"
"Crops and livestock products","Bulgaria","Yield","Hazelnuts, in shell","2021","kg/ha","442.3"
"Crops and livestock products","Bulgaria","Production","Hazelnuts, in shell","2021","t","690"
"Crops and livestock products","Bulgaria","Yield","Hazelnuts, in shell","2022","kg/ha","496.7"
"Crops and livestock products","Bulgaria","Production","Hazelnuts, in shell","2022","t","760"
"Crops and livestock products","Bulgaria","Yield","Hazelnuts, in shell","2023","kg/ha","465.1"
"Crops and livestock products","Bulgaria","Production","Hazelnuts, in shell","2023","t","800"
"Crops and livestock products","Bulgaria","Production","Hempseed","2015","t",""
"Crops and livestock products","Bulgaria","Production","Hempseed","2016","t",""
"Crops and livestock products","Bulgaria","Production","Hempseed","2017","t",""
"Crops and livestock products","Bulgaria","Yield","Hop cones","2015","kg/ha","1804.5"
"Crops and livestock products","Bulgaria","Production","Hop cones","2015","t","137.19"
"Crops and livestock products","Bulgaria","Yield","Hop cones","2016","kg/ha","1867"
"Crops and livestock products","Bulgaria","Production","Hop cones","2016","t","140.58"
"Crops and livestock products","Bulgaria","Yield","Hop cones","2017","kg/ha","1825.9"
"Crops and livestock products","Bulgaria","Production","Hop cones","2017","t","124.82"
"Crops and livestock products","Bulgaria","Production","Hop cones","2018","t","0"
"Crops and livestock products","Bulgaria","Production","Hop cones","2019","t","0"
"Crops and livestock products","Bulgaria","Production","Hop cones","2020","t","0"
"Crops and livestock products","Bulgaria","Production","Hop cones","2022","t","0"
"Crops and livestock products","Bulgaria","Yield","Kiwi fruit","2015","kg/ha","7428.6"
"Crops and livestock products","Bulgaria","Production","Kiwi fruit","2015","t","131.7"
"Crops and livestock products","Bulgaria","Yield","Kiwi fruit","2016","kg/ha","7428.6"
"Crops and livestock products","Bulgaria","Production","Kiwi fruit","2016","t","112.77"
"Crops and livestock products","Bulgaria","Yield","Kiwi fruit","2017","kg/ha","7428.6"
"Crops and livestock products","Bulgaria","Production","Kiwi fruit","2017","t","132.42"
"Crops and livestock products","Bulgaria","Yield","Kiwi fruit","2019","kg/ha","3000"
"Crops and livestock products","Bulgaria","Production","Kiwi fruit","2019","t","30"
"Crops and livestock products","Bulgaria","Yield","Kiwi fruit","2020","kg/ha","3000"
"Crops and livestock products","Bulgaria","Production","Kiwi fruit","2020","t","30"
"Crops and livestock products","Bulgaria","Yield","Kiwi fruit","2021","kg/ha","3000"
"Crops and livestock products","Bulgaria","Production","Kiwi fruit","2021","t","150"
"Crops and livestock products","Bulgaria","Yield","Kiwi fruit","2022","kg/ha","4000"
"Crops and livestock products","Bulgaria","Production","Kiwi fruit","2022","t","80"
"Crops and livestock products","Bulgaria","Yield","Kiwi fruit","2023","kg/ha","5000"
"Crops and livestock products","Bulgaria","Production","Kiwi fruit","2023","t","250"
"Crops and livestock products","Bulgaria","Yield","Leeks and other alliaceous vegetables","2018","kg/ha","22800"
"Crops and livestock products","Bulgaria","Production","Leeks and other alliaceous vegetables","2018","t","2280"
"Crops and livestock products","Bulgaria","Yield","Leeks and other alliaceous vegetables","2019","kg/ha","14666.7"
"Crops and livestock products","Bulgaria","Production","Leeks and other alliaceous vegetables","2019","t","880"
"Crops and livestock products","Bulgaria","Yield","Leeks and other alliaceous vegetables","2020","kg/ha","12636.4"
"Crops and livestock products","Bulgaria","Production","Leeks and other alliaceous vegetables","2020","t","1390"
"Crops and livestock products","Bulgaria","Yield","Leeks and other alliaceous vegetables","2021","kg/ha","11000"
"Crops and livestock products","Bulgaria","Production","Leeks and other alliaceous vegetables","2021","t","1320"
"Crops and livestock products","Bulgaria","Yield","Leeks and other alliaceous vegetables","2022","kg/ha","11111.1"
"Crops and livestock products","Bulgaria","Production","Leeks and other alliaceous vegetables","2022","t","1000"
"Crops and livestock products","Bulgaria","Yield","Leeks and other alliaceous vegetables","2023","kg/ha","14714.3"
"Crops and livestock products","Bulgaria","Production","Leeks and other alliaceous vegetables","2023","t","1030"
"Crops and livestock products","Bulgaria","Production","Lemons and limes","2018","t","0"
"Crops and livestock products","Bulgaria","Production","Lemons and limes","2019","t","0"
"Crops and livestock products","Bulgaria","Production","Lemons and limes","2020","t","0"
"Crops and livestock products","Bulgaria","Production","Lemons and limes","2021","t","0"
"Crops and livestock products","Bulgaria","Production","Lemons and limes","2022","t","0"
"Crops and livestock products","Bulgaria","Production","Lemons and limes","2023","t","0"
"Crops and livestock products","Bulgaria","Yield","Lentils, dry","2015","kg/ha","1283.6"
"Crops and livestock products","Bulgaria","Production","Lentils, dry","2015","t","1860"
"Crops and livestock products","Bulgaria","Yield","Lentils, dry","2016","kg/ha","1576.4"
"Crops and livestock products","Bulgaria","Production","Lentils, dry","2016","t","6074"
"Crops and livestock products","Bulgaria","Yield","Lentils, dry","2017","kg/ha","1324.1"
"Crops and livestock products","Bulgaria","Production","Lentils, dry","2017","t","5920"
"Crops and livestock products","Bulgaria","Yield","Lettuce and chicory","2015","kg/ha","14392"
"Crops and livestock products","Bulgaria","Production","Lettuce and chicory","2015","t","2533"
"Crops and livestock products","Bulgaria","Yield","Lettuce and chicory","2016","kg/ha","24359.6"
"Crops and livestock products","Bulgaria","Production","Lettuce and chicory","2016","t","2425"
"Crops and livestock products","Bulgaria","Yield","Lettuce and chicory","2017","kg/ha","44646.6"
"Crops and livestock products","Bulgaria","Production","Lettuce and chicory","2017","t","5179"
"Crops and livestock products","Bulgaria","Yield","Lettuce and chicory","2018","kg/ha","22250"
"Crops and livestock products","Bulgaria","Production","Lettuce and chicory","2018","t","5340"
"Crops and livestock products","Bulgaria","Yield","Lettuce and chicory","2019","kg/ha","17695.7"
"Crops and livestock products","Bulgaria","Production","Lettuce and chicory","2019","t","4070"
"Crops and livestock products","Bulgaria","Yield","Lettuce and chicory","2020","kg/ha","17357.1"
"Crops and livestock products","Bulgaria","Production","Lettuce and chicory","2020","t","2430"
"Crops and livestock products","Bulgaria","Yield","Lettuce and chicory","2021","kg/ha","17533.3"
"Crops and livestock products","Bulgaria","Production","Lettuce and chicory","2021","t","2630"
"Crops and livestock products","Bulgaria","Yield","Lettuce and chicory","2022","kg/ha","21105.3"
"Crops and livestock products","Bulgaria","Production","Lettuce and chicory","2022","t","4010"
"Crops and livestock products","Bulgaria","Yield","Lettuce and chicory","2023","kg/ha","17454.5"
"Crops and livestock products","Bulgaria","Production","Lettuce and chicory","2023","t","3840"
"Crops and livestock products","Bulgaria","Yield","Linseed","2015","kg/ha","989.9"
"Crops and livestock products","Bulgaria","Production","Linseed","2015","t","166.36"
"Crops and livestock products","Bulgaria","Yield","Linseed","2016","kg/ha","1019.9"
"Crops and livestock products","Bulgaria","Production","Linseed","2016","t","164.47"
"Crops and livestock products","Bulgaria","Yield","Linseed","2017","kg/ha","1223"
"Crops and livestock products","Bulgaria","Production","Linseed","2017","t","181"
"Crops and livestock products","Bulgaria","Yield","Linseed","2018","kg/ha","800"
"Crops and livestock products","Bulgaria","Production","Linseed","2018","t","80"
"Crops and livestock products","Bulgaria","Production","Linseed","2019","t","0"
"Crops and livestock products","Bulgaria","Production","Linseed","2020","t","0"
"Crops and livestock products","Bulgaria","Yield","Linseed","2021","kg/ha","1460.3"
"Crops and livestock products","Bulgaria","Production","Linseed","2021","t","920"
"Crops and livestock products","Bulgaria","Yield","Linseed","2022","kg/ha","1305.6"
"Crops and livestock products","Bulgaria","Production","Linseed","2022","t","1410"
"Crops and livestock products","Bulgaria","Yield","Linseed","2023","kg/ha","1404.1"
"Crops and livestock products","Bulgaria","Production","Linseed","2023","t","2710"
"Crops and livestock products","Bulgaria","Yield","Lupins","2018","kg/ha","2230.8"
"Crops and livestock products","Bulgaria","Production","Lupins","2018","t","580"
"Crops and livestock products","Bulgaria","Production","Lupins","2019","t","0"
"Crops and livestock products","Bulgaria","Production","Lupins","2020","t","0"
"Crops and livestock products","Bulgaria","Yield","Maize (corn)","2015","kg/ha","5408.5"
"Crops and livestock products","Bulgaria","Production","Maize (corn)","2015","t","2696923"
"Crops and livestock products","Bulgaria","Yield","Maize (corn)","2016","kg/ha","5470.3"
"Crops and livestock products","Bulgaria","Production","Maize (corn)","2016","t","2226094"
"Crops and livestock products","Bulgaria","Yield","Maize (corn)","2017","kg/ha","6436.2"
"Crops and livestock products","Bulgaria","Production","Maize (corn)","2017","t","2562569"
"Crops and livestock products","Bulgaria","Yield","Maize (corn)","2018","kg/ha","7922.5"
"Crops and livestock products","Bulgaria","Production","Maize (corn)","2018","t","3522500"
"Crops and livestock products","Bulgaria","Yield","Maize (corn)","2019","kg/ha","7237.9"
"Crops and livestock products","Bulgaria","Production","Maize (corn)","2019","t","4059790"
"Crops and livestock products","Bulgaria","Yield","Maize (corn)","2020","kg/ha","5183"
"Crops and livestock products","Bulgaria","Production","Maize (corn)","2020","t","3014090"
"Crops and livestock products","Bulgaria","Yield","Maize (corn)","2021","kg/ha","5981.1"
"Crops and livestock products","Bulgaria","Production","Maize (corn)","2021","t","3427310"
"Crops and livestock products","Bulgaria","Yield","Maize (corn)","2022","kg/ha","4907.9"
"Crops and livestock products","Bulgaria","Production","Maize (corn)","2022","t","2554370"
"Crops and livestock products","Bulgaria","Yield","Maize (corn)","2023","kg/ha","4580.2"
"Crops and livestock products","Bulgaria","Production","Maize (corn)","2023","t","2448780"
"Crops and livestock products","Bulgaria","Production","Melonseed","2015","t",""
"Crops and livestock products","Bulgaria","Production","Melonseed","2016","t",""
"Crops and livestock products","Bulgaria","Production","Melonseed","2017","t",""
"Crops and livestock products","Bulgaria","Yield","Millet","2015","kg/ha","1351.7"
"Crops and livestock products","Bulgaria","Production","Millet","2015","t","6783"
"Crops and livestock products","Bulgaria","Yield","Millet","2016","kg/ha","1567.8"
"Crops and livestock products","Bulgaria","Production","Millet","2016","t","3725"
"Crops and livestock products","Bulgaria","Yield","Millet","2017","kg/ha","1801.6"
"Crops and livestock products","Bulgaria","Production","Millet","2017","t","4432"
"Crops and livestock products","Bulgaria","Production","Mixed grain","2018","t","0"
"Crops and livestock products","Bulgaria","Production","Mixed grain","2019","t","0"
"Crops and livestock products","Bulgaria","Production","Mixed grain","2020","t","0"
"Crops and livestock products","Bulgaria","Production","Mixed grain","2021","t","0"
"Crops and livestock products","Bulgaria","Production","Mushrooms and truffles","2015","t","2520"
"Crops and livestock products","Bulgaria","Production","Mushrooms and truffles","2016","t","1473"
"Crops and livestock products","Bulgaria","Production","Mushrooms and truffles","2017","t","1150"
"Crops and livestock products","Bulgaria","Production","Mushrooms and truffles","2018","t","1120"
"Crops and livestock products","Bulgaria","Production","Mushrooms and truffles","2020","t","1260"
"Crops and livestock products","Bulgaria","Production","Mushrooms and truffles","2021","t","1930"
"Crops and livestock products","Bulgaria","Production","Mushrooms and truffles","2022","t","1630"
"Crops and livestock products","Bulgaria","Production","Mushrooms and truffles","2023","t","1660"
"Crops and livestock products","Bulgaria","Yield","Mustard seed","2015","kg/ha","280.1"
"Crops and livestock products","Bulgaria","Production","Mustard seed","2015","t","1080.06"
"Crops and livestock products","Bulgaria","Yield","Mustard seed","2016","kg/ha","261.5"
"Crops and livestock products","Bulgaria","Production","Mustard seed","2016","t","1050.78"
"Crops and livestock products","Bulgaria","Yield","Mustard seed","2017","kg/ha","238.5"
"Crops and livestock products","Bulgaria","Production","Mustard seed","2017","t","1050.29"
"Crops and livestock products","Bulgaria","Yield","Oats","2015","kg/ha","1958.6"
"Crops and livestock products","Bulgaria","Production","Oats","2015","t","21694"
"Crops and livestock products","Bulgaria","Yield","Oats","2016","kg/ha","2047.4"
"Crops and livestock products","Bulgaria","Production","Oats","2016","t","31372"
"Crops and livestock products","Bulgaria","Yield","Oats","2017","kg/ha","2400.8"
"Crops and livestock products","Bulgaria","Production","Oats","2017","t","31849"
"Crops and livestock products","Bulgaria","Yield","Oats","2018","kg/ha","2205.5"
"Crops and livestock products","Bulgaria","Production","Oats","2018","t","25010"
"Crops and livestock products","Bulgaria","Yield","Oats","2019","kg/ha","2593.4"
"Crops and livestock products","Bulgaria","Production","Oats","2019","t","31510"
"Crops and livestock products","Bulgaria","Yield","Oats","2020","kg/ha","2362.7"
"Crops and livestock products","Bulgaria","Production","Oats","2020","t","31660"
"Crops and livestock products","Bulgaria","Yield","Oats","2021","kg/ha","2440.6"
"Crops and livestock products","Bulgaria","Production","Oats","2021","t","24260"
"Crops and livestock products","Bulgaria","Yield","Oats","2022","kg/ha","2255.2"
"Crops and livestock products","Bulgaria","Production","Oats","2022","t","25800"
"Crops and livestock products","Bulgaria","Yield","Oats","2023","kg/ha","2384.3"
"Crops and livestock products","Bulgaria","Production","Oats","2023","t","31020"
"Crops and livestock products","Bulgaria","Production","Olives","2018","t","0"
"Crops and livestock products","Bulgaria","Production","Olives","2019","t","0"
"Crops and livestock products","Bulgaria","Production","Olives","2020","t","0"
"Crops and livestock products","Bulgaria","Production","Olives","2021","t","0"
"Crops and livestock products","Bulgaria","Production","Olives","2022","t","0"
"Crops and livestock products","Bulgaria","Production","Olives","2023","t","0"
"Crops and livestock products","Bulgaria","Yield","Onions and shallots, dry (excluding dehydrated)","2015","kg/ha","8311"
"Crops and livestock products","Bulgaria","Production","Onions and shallots, dry (excluding dehydrated)","2015","t","8926"
"Crops and livestock products","Bulgaria","Yield","Onions and shallots, dry (excluding dehydrated)","2016","kg/ha","10931.1"
"Crops and livestock products","Bulgaria","Production","Onions and shallots, dry (excluding dehydrated)","2016","t","14921"
"Crops and livestock products","Bulgaria","Yield","Onions and shallots, dry (excluding dehydrated)","2017","kg/ha","11297.6"
"Crops and livestock products","Bulgaria","Production","Onions and shallots, dry (excluding dehydrated)","2017","t","23499"
"Crops and livestock products","Bulgaria","Yield","Onions and shallots, dry (excluding dehydrated)","2018","kg/ha","11358.7"
"Crops and livestock products","Bulgaria","Production","Onions and shallots, dry (excluding dehydrated)","2018","t","41800"
"Crops and livestock products","Bulgaria","Yield","Onions and shallots, dry (excluding dehydrated)","2019","kg/ha","11931.6"
"Crops and livestock products","Bulgaria","Production","Onions and shallots, dry (excluding dehydrated)","2019","t","31380"
"Crops and livestock products","Bulgaria","Yield","Onions and shallots, dry (excluding dehydrated)","2020","kg/ha","10855"
"Crops and livestock products","Bulgaria","Production","Onions and shallots, dry (excluding dehydrated)","2020","t","28440"
"Crops and livestock products","Bulgaria","Yield","Onions and shallots, dry (excluding dehydrated)","2021","kg/ha","12710.6"
"Crops and livestock products","Bulgaria","Production","Onions and shallots, dry (excluding dehydrated)","2021","t","29870"
"Crops and livestock products","Bulgaria","Yield","Onions and shallots, dry (excluding dehydrated)","2022","kg/ha","11836.2"
"Crops and livestock products","Bulgaria","Production","Onions and shallots, dry (excluding dehydrated)","2022","t","27460"
"Crops and livestock products","Bulgaria","Yield","Onions and shallots, dry (excluding dehydrated)","2023","kg/ha","12900.7"
"Crops and livestock products","Bulgaria","Production","Onions and shallots, dry (excluding dehydrated)","2023","t","38960"
"Crops and livestock products","Bulgaria","Yield","Onions and shallots, green","2015","kg/ha","7617"
"Crops and livestock products","Bulgaria","Production","Onions and shallots, green","2015","t","5735.93"
"Crops and livestock products","Bulgaria","Yield","Onions and shallots, green","2016","kg/ha","7558.4"
"Crops and livestock products","Bulgaria","Production","Onions and shallots, green","2016","t","5603.64"
"Crops and livestock products","Bulgaria","Yield","Onions and shallots, green","2017","kg/ha","7552"
"Crops and livestock products","Bulgaria","Production","Onions and shallots, green","2017","t","5443.54"
"Crops and livestock products","Bulgaria","Production","Oranges","2018","t","0"
"Crops and livestock products","Bulgaria","Production","Oranges","2019","t","0"
"Crops and livestock products","Bulgaria","Production","Oranges","2020","t","0"
"Crops and livestock products","Bulgaria","Production","Oranges","2021","t","0"
"Crops and livestock products","Bulgaria","Production","Oranges","2022","t","0"
"Crops and livestock products","Bulgaria","Production","Oranges","2023","t","0"
"Crops and livestock products","Bulgaria","Yield","Other beans, green","2015","kg/ha","6434.9"
"Crops and livestock products","Bulgaria","Production","Other beans, green","2015","t","2323"
"Crops and livestock products","Bulgaria","Yield","Other beans, green","2016","kg/ha","6597.5"
"Crops and livestock products","Bulgaria","Production","Other beans, green","2016","t","4671"
"Crops and livestock products","Bulgaria","Yield","Other beans, green","2017","kg/ha","5759.3"
"Crops and livestock products","Bulgaria","Production","Other beans, green","2017","t","1244"
"Crops and livestock products","Bulgaria","Yield","Other beans, green","2018","kg/ha","9315.8"
"Crops and livestock products","Bulgaria","Production","Other beans, green","2018","t","1770"
"Crops and livestock products","Bulgaria","Yield","Other beans, green","2019","kg/ha","5087"
"Crops and livestock products","Bulgaria","Production","Other beans, green","2019","t","1170"
"Crops and livestock products","Bulgaria","Yield","Other beans, green","2020","kg/ha","8272.7"
"Crops and livestock products","Bulgaria","Production","Other beans, green","2020","t","1820"
"Crops and livestock products","Bulgaria","Yield","Other beans, green","2021","kg/ha","6697.7"
"Crops and livestock products","Bulgaria","Production","Other beans, green","2021","t","2880"
"Crops and livestock products","Bulgaria","Yield","Other beans, green","2022","kg/ha","10777.8"
"Crops and livestock products","Bulgaria","Production","Other beans, green","2022","t","1940"
"Crops and livestock products","Bulgaria","Yield","Other beans, green","2023","kg/ha","4000"
"Crops and livestock products","Bulgaria","Production","Other beans, green","2023","t","320"
"Crops and livestock products","Bulgaria","Yield","Other berries and fruits of the genus vaccinium n.e.c.","2015","kg/ha","1236.8"
"Crops and livestock products","Bulgaria","Production","Other berries and fruits of the genus vaccinium n.e.c.","2015","t","284.97"
"Crops and livestock products","Bulgaria","Yield","Other berries and fruits of the genus vaccinium n.e.c.","2016","kg/ha","1245.2"
"Crops and livestock products","Bulgaria","Production","Other berries and fruits of the genus vaccinium n.e.c.","2016","t","284.79"
"Crops and livestock products","Bulgaria","Yield","Other berries and fruits of the genus vaccinium n.e.c.","2017","kg/ha","1237.5"
"Crops and livestock products","Bulgaria","Production","Other berries and fruits of the genus vaccinium n.e.c.","2017","t","284.34"
"Crops and livestock products","Bulgaria","Yield","Other berries and fruits of the genus vaccinium n.e.c.","2018","kg/ha","2724.1"
"Crops and livestock products","Bulgaria","Production","Other berries and fruits of the genus vaccinium n.e.c.","2018","t","790"
"Crops and livestock products","Bulgaria","Yield","Other berries and fruits of the genus vaccinium n.e.c.","2019","kg/ha","1953.5"
"Crops and livestock products","Bulgaria","Production","Other berries and fruits of the genus vaccinium n.e.c.","2019","t","1680"
"Crops and livestock products","Bulgaria","Yield","Other berries and fruits of the genus vaccinium n.e.c.","2020","kg/ha","1772.3"
"Crops and livestock products","Bulgaria","Production","Other berries and fruits of the genus vaccinium n.e.c.","2020","t","1790"
"Crops and livestock products","Bulgaria","Yield","Other berries and fruits of the genus vaccinium n.e.c.","2021","kg/ha","2020.6"
"Crops and livestock products","Bulgaria","Production","Other berries and fruits of the genus vaccinium n.e.c.","2021","t","1960"
"Crops and livestock products","Bulgaria","Yield","Other berries and fruits of the genus vaccinium n.e.c.","2022","kg/ha","2035.4"
"Crops and livestock products","Bulgaria","Production","Other berries and fruits of the genus vaccinium n.e.c.","2022","t","2300"
"Crops and livestock products","Bulgaria","Yield","Other berries and fruits of the genus vaccinium n.e.c.","2023","kg/ha","1509.6"
"Crops and livestock products","Bulgaria","Production","Other berries and fruits of the genus vaccinium n.e.c.","2023","t","1570"
"Crops and livestock products","Bulgaria","Production","Other citrus fruit, n.e.c.","2018","t","0"
"Crops and livestock products","Bulgaria","Production","Other citrus fruit, n.e.c.","2019","t","0"
"Crops and livestock products","Bulgaria","Production","Other citrus fruit, n.e.c.","2020","t","0"
"Crops and livestock products","Bulgaria","Production","Other citrus fruit, n.e.c.","2021","t","0"
"Crops and livestock products","Bulgaria","Production","Other citrus fruit, n.e.c.","2022","t","0"
"Crops and livestock products","Bulgaria","Production","Other citrus fruit, n.e.c.","2023","t","0"
"Crops and livestock products","Bulgaria","Yield","Other fruits, n.e.c.","2015","kg/ha","1655.2"
"Crops and livestock products","Bulgaria","Production","Other fruits, n.e.c.","2015","t","9284.42"
"Crops and livestock products","Bulgaria","Yield","Other fruits, n.e.c.","2016","kg/ha","1579.4"
"Crops and livestock products","Bulgaria","Production","Other fruits, n.e.c.","2016","t","9062.25"
"Crops and livestock products","Bulgaria","Yield","Other fruits, n.e.c.","2017","kg/ha","1562.6"
"Crops and livestock products","Bulgaria","Production","Other fruits, n.e.c.","2017","t","8829.8"
"Crops and livestock products","Bulgaria","Yield","Other nuts (excluding wild edible nuts and groundnuts), in shell, n.e.c.","2015","kg/ha","942.9"
"Crops and livestock products","Bulgaria","Production","Other nuts (excluding wild edible nuts and groundnuts), in shell, n.e.c.","2015","t","858.87"
"Crops and livestock products","Bulgaria","Yield","Other nuts (excluding wild edible nuts and groundnuts), in shell, n.e.c.","2016","kg/ha","909.1"
"Crops and livestock products","Bulgaria","Production","Other nuts (excluding wild edible nuts and groundnuts), in shell, n.e.c.","2016","t","808.66"
"Crops and livestock products","Bulgaria","Yield","Other nuts (excluding wild edible nuts and groundnuts), in shell, n.e.c.","2017","kg/ha","874.6"
"Crops and livestock products","Bulgaria","Production","Other nuts (excluding wild edible nuts and groundnuts), in shell, n.e.c.","2017","t","770.87"
"Crops and livestock products","Bulgaria","Production","Other nuts (excluding wild edible nuts and groundnuts), in shell, n.e.c.","2020","t","0"
"Crops and livestock products","Bulgaria","Production","Other nuts (excluding wild edible nuts and groundnuts), in shell, n.e.c.","2023","t","0"
"Crops and livestock products","Bulgaria","Yield","Other oil seeds, n.e.c.","2015","kg/ha","582"
"Crops and livestock products","Bulgaria","Production","Other oil seeds, n.e.c.","2015","t","8359"
"Crops and livestock products","Bulgaria","Yield","Other oil seeds, n.e.c.","2016","kg/ha","683.8"
"Crops and livestock products","Bulgaria","Production","Other oil seeds, n.e.c.","2016","t","10761"
"Crops and livestock products","Bulgaria","Yield","Other oil seeds, n.e.c.","2017","kg/ha","682.5"
"Crops and livestock products","Bulgaria","Production","Other oil seeds, n.e.c.","2017","t","3440"
"Crops and livestock products","Bulgaria","Yield","Other oil seeds, n.e.c.","2018","kg/ha","717.9"
"Crops and livestock products","Bulgaria","Production","Other oil seeds, n.e.c.","2018","t","5090"
"Crops and livestock products","Bulgaria","Yield","Other oil seeds, n.e.c.","2019","kg/ha","780.8"
"Crops and livestock products","Bulgaria","Production","Other oil seeds, n.e.c.","2019","t","4310"
"Crops and livestock products","Bulgaria","Yield","Other oil seeds, n.e.c.","2020","kg/ha","710.7"
"Crops and livestock products","Bulgaria","Production","Other oil seeds, n.e.c.","2020","t","4300"
"Crops and livestock products","Bulgaria","Yield","Other oil seeds, n.e.c.","2021","kg/ha","794.9"
"Crops and livestock products","Bulgaria","Production","Other oil seeds, n.e.c.","2021","t","4030"
"Crops and livestock products","Bulgaria","Yield","Other oil seeds, n.e.c.","2022","kg/ha","960.2"
"Crops and livestock products","Bulgaria","Production","Other oil seeds, n.e.c.","2022","t","1930"
"Crops and livestock products","Bulgaria","Yield","Other oil seeds, n.e.c.","2023","kg/ha","843.6"
"Crops and livestock products","Bulgaria","Production","Other oil seeds, n.e.c.","2023","t","2590"
"Crops and livestock products","Bulgaria","Yield","Other pome fruits","2018","kg/ha","5875"
"Crops and livestock products","Bulgaria","Production","Other pome fruits","2018","t","470"
"Crops and livestock products","Bulgaria","Yield","Other pome fruits","2019","kg/ha","5250"
"Crops and livestock products","Bulgaria","Production","Other pome fruits","2019","t","210"
"Crops and livestock products","Bulgaria","Yield","Other pome fruits","2020","kg/ha","2800"
"Crops and livestock products","Bulgaria","Production","Other pome fruits","2020","t","140"
"Crops and livestock products","Bulgaria","Yield","Other pome fruits","2021","kg/ha","3666.7"
"Crops and livestock products","Bulgaria","Production","Other pome fruits","2021","t","220"
"Crops and livestock products","Bulgaria","Yield","Other pome fruits","2022","kg/ha","5250"
"Crops and livestock products","Bulgaria","Production","Other pome fruits","2022","t","420"
"Crops and livestock products","Bulgaria","Yield","Other pome fruits","2023","kg/ha","6000"
"Crops and livestock products","Bulgaria","Production","Other pome fruits","2023","t","420"
"Crops and livestock products","Bulgaria","Yield","Other pulses n.e.c.","2015","kg/ha","2289"
"Crops and livestock products","Bulgaria","Production","Other pulses n.e.c.","2015","t","194.14"
"Crops and livestock products","Bulgaria","Yield","Other pulses n.e.c.","2016","kg/ha","2282.1"
"Crops and livestock products","Bulgaria","Production","Other pulses n.e.c.","2016","t","217.88"
"Crops and livestock products","Bulgaria","Yield","Other pulses n.e.c.","2017","kg/ha","2291.9"
"Crops and livestock products","Bulgaria","Production","Other pulses n.e.c.","2017","t","244.68"
"Crops and livestock products","Bulgaria","Yield","Other pulses n.e.c.","2018","kg/ha","1014.8"
"Crops and livestock products","Bulgaria","Production","Other pulses n.e.c.","2018","t","64460"
"Crops and livestock products","Bulgaria","Yield","Other pulses n.e.c.","2019","kg/ha","1266.2"
"Crops and livestock products","Bulgaria","Production","Other pulses n.e.c.","2019","t","17790"
"Crops and livestock products","Bulgaria","Yield","Other pulses n.e.c.","2020","kg/ha","1189.3"
"Crops and livestock products","Bulgaria","Production","Other pulses n.e.c.","2020","t","12940"
"Crops and livestock products","Bulgaria","Yield","Other pulses n.e.c.","2021","kg/ha","1435.1"
"Crops and livestock products","Bulgaria","Production","Other pulses n.e.c.","2021","t","14810"
"Crops and livestock products","Bulgaria","Yield","Other pulses n.e.c.","2022","kg/ha","1359.5"
"Crops and livestock products","Bulgaria","Production","Other pulses n.e.c.","2022","t","9530"
"Crops and livestock products","Bulgaria","Yield","Other pulses n.e.c.","2023","kg/ha","1342.9"
"Crops and livestock products","Bulgaria","Production","Other pulses n.e.c.","2023","t","9320"
"Crops and livestock products","Bulgaria","Yield","Other stimulant, spice and aromatic crops, n.e.c.","2015","kg/ha","2194"
"Crops and livestock products","Bulgaria","Production","Other stimulant, spice and aromatic crops, n.e.c.","2015","t","823.83"
"Crops and livestock products","Bulgaria","Yield","Other stimulant, spice and aromatic crops, n.e.c.","2016","kg/ha","2481.5"
"Crops and livestock products","Bulgaria","Production","Other stimulant, spice and aromatic crops, n.e.c.","2016","t","829"
"Crops and livestock products","Bulgaria","Yield","Other stimulant, spice and aromatic crops, n.e.c.","2017","kg/ha","2591.9"
"Crops and livestock products","Bulgaria","Production","Other stimulant, spice and aromatic crops, n.e.c.","2017","t","828.43"
"Crops and livestock products","Bulgaria","Production","Other stone fruits","2015","t",""
"Crops and livestock products","Bulgaria","Production","Other stone fruits","2016","t",""
"Crops and livestock products","Bulgaria","Production","Other stone fruits","2017","t",""
"Crops and livestock products","Bulgaria","Production","Other stone fruits","2018","t","0"
"Crops and livestock products","Bulgaria","Production","Other stone fruits","2020","t","0"
"Crops and livestock products","Bulgaria","Production","Other stone fruits","2021","t","10"
"Crops and livestock products","Bulgaria","Production","Other stone fruits","2022","t","10"
"Crops and livestock products","Bulgaria","Yield","Other stone fruits","2023","kg/ha","2500"
"Crops and livestock products","Bulgaria","Production","Other stone fruits","2023","t","50"
"Crops and livestock products","Bulgaria","Production","Other tropical fruits, n.e.c.","2018","t","0"
"Crops and livestock products","Bulgaria","Production","Other tropical fruits, n.e.c.","2019","t","0"
"Crops and livestock products","Bulgaria","Production","Other tropical fruits, n.e.c.","2020","t","0"
"Crops and livestock products","Bulgaria","Yield","Other tropical fruits, n.e.c.","2021","kg/ha","6000"
"Crops and livestock products","Bulgaria","Production","Other tropical fruits, n.e.c.","2021","t","60"
"Crops and livestock products","Bulgaria","Production","Other tropical fruits, n.e.c.","2022","t","0"
"Crops and livestock products","Bulgaria","Production","Other tropical fruits, n.e.c.","2023","t","0"
"Crops and livestock products","Bulgaria","Yield","Other vegetables, fresh n.e.c.","2015","kg/ha","4312.2"
"Crops and livestock products","Bulgaria","Production","Other vegetables, fresh n.e.c.","2015","t","25140"
"Crops and livestock products","Bulgaria","Yield","Other vegetables, fresh n.e.c.","2016","kg/ha","7499.9"
"Crops and livestock products","Bulgaria","Production","Other vegetables, fresh n.e.c.","2016","t","36832"
"Crops and livestock products","Bulgaria","Yield","Other vegetables, fresh n.e.c.","2017","kg/ha","9065.2"
"Crops and livestock products","Bulgaria","Production","Other vegetables, fresh n.e.c.","2017","t","41963"
"Crops and livestock products","Bulgaria","Yield","Other vegetables, fresh n.e.c.","2018","kg/ha","5686.9"
"Crops and livestock products","Bulgaria","Production","Other vegetables, fresh n.e.c.","2018","t","5630"
"Crops and livestock products","Bulgaria","Yield","Other vegetables, fresh n.e.c.","2019","kg/ha","7315.8"
"Crops and livestock products","Bulgaria","Production","Other vegetables, fresh n.e.c.","2019","t","6950"
"Crops and livestock products","Bulgaria","Yield","Other vegetables, fresh n.e.c.","2020","kg/ha","7837"
"Crops and livestock products","Bulgaria","Production","Other vegetables, fresh n.e.c.","2020","t","7210"
"Crops and livestock products","Bulgaria","Yield","Other vegetables, fresh n.e.c.","2021","kg/ha","5384.6"
"Crops and livestock products","Bulgaria","Production","Other vegetables, fresh n.e.c.","2021","t","5600"
"Crops and livestock products","Bulgaria","Yield","Other vegetables, fresh n.e.c.","2022","kg/ha","8605.3"
"Crops and livestock products","Bulgaria","Production","Other vegetables, fresh n.e.c.","2022","t","6540"
"Crops and livestock products","Bulgaria","Yield","Other vegetables, fresh n.e.c.","2023","kg/ha","7553.8"
"Crops and livestock products","Bulgaria","Production","Other vegetables, fresh n.e.c.","2023","t","4910"
"Crops and livestock products","Bulgaria","Yield","Peaches and nectarines","2015","kg/ha","9521.4"
"Crops and livestock products","Bulgaria","Production","Peaches and nectarines","2015","t","35334"
"Crops and livestock products","Bulgaria","Yield","Peaches and nectarines","2016","kg/ha","7974.8"
"Crops and livestock products","Bulgaria","Production","Peaches and nectarines","2016","t","30432"
"Crops and livestock products","Bulgaria","Yield","Peaches and nectarines","2017","kg/ha","8880.6"
"Crops and livestock products","Bulgaria","Production","Peaches and nectarines","2017","t","34572"
"Crops and livestock products","Bulgaria","Yield","Peaches and nectarines","2018","kg/ha","8181.3"
"Crops and livestock products","Bulgaria","Production","Peaches and nectarines","2018","t","28880"
"Crops and livestock products","Bulgaria","Yield","Peaches and nectarines","2019","kg/ha","10518.6"
"Crops and livestock products","Bulgaria","Production","Peaches and nectarines","2019","t","33870"
"Crops and livestock products","Bulgaria","Yield","Peaches and nectarines","2020","kg/ha","7487.4"
"Crops and livestock products","Bulgaria","Production","Peaches and nectarines","2020","t","20740"
"Crops and livestock products","Bulgaria","Yield","Peaches and nectarines","2021","kg/ha","8127.3"
"Crops and livestock products","Bulgaria","Production","Peaches and nectarines","2021","t","21700"
"Crops and livestock products","Bulgaria","Yield","Peaches and nectarines","2022","kg/ha","9519.7"
"Crops and livestock products","Bulgaria","Production","Peaches and nectarines","2022","t","24180"
"Crops and livestock products","Bulgaria","Yield","Peaches and nectarines","2023","kg/ha","7297.3"
"Crops and livestock products","Bulgaria","Production","Peaches and nectarines","2023","t","10800"
"Crops and livestock products","Bulgaria","Yield","Pears","2015","kg/ha","5592.8"
"Crops and livestock products","Bulgaria","Production","Pears","2015","t","2953"
"Crops and livestock products","Bulgaria","Yield","Pears","2016","kg/ha","4858.5"
"Crops and livestock products","Bulgaria","Production","Pears","2016","t","1992"
"Crops and livestock products","Bulgaria","Yield","Pears","2017","kg/ha","6325.2"
"Crops and livestock products","Bulgaria","Production","Pears","2017","t","2840"
"Crops and livestock products","Bulgaria","Yield","Pears","2018","kg/ha","5894.7"
"Crops and livestock products","Bulgaria","Production","Pears","2018","t","3360"
"Crops and livestock products","Bulgaria","Yield","Pears","2019","kg/ha","7757.1"
"Crops and livestock products","Bulgaria","Production","Pears","2019","t","5430"
"Crops and livestock products","Bulgaria","Yield","Pears","2020","kg/ha","5660"
"Crops and livestock products","Bulgaria","Production","Pears","2020","t","2830"
"Crops and livestock products","Bulgaria","Yield","Pears","2021","kg/ha","5527.3"
"Crops and livestock products","Bulgaria","Production","Pears","2021","t","3040"
"Crops and livestock products","Bulgaria","Yield","Pears","2022","kg/ha","5344.8"
"Crops and livestock products","Bulgaria","Production","Pears","2022","t","3100"
"Crops and livestock products","Bulgaria","Yield","Pears","2023","kg/ha","5340.4"
"Crops and livestock products","Bulgaria","Production","Pears","2023","t","2510"
"Crops and livestock products","Bulgaria","Yield","Peas, dry","2015","kg/ha","2215.3"
"Crops and livestock products","Bulgaria","Production","Peas, dry","2015","t","20496"
"Crops and livestock products","Bulgaria","Yield","Peas, dry","2016","kg/ha","2534.8"
"Crops and livestock products","Bulgaria","Production","Peas, dry","2016","t","47403"
"Crops and livestock products","Bulgaria","Yield","Peas, dry","2017","kg/ha","2859.6"
"Crops and livestock products","Bulgaria","Production","Peas, dry","2017","t","133253"
"Crops and livestock products","Bulgaria","Yield","Peas, dry","2018","kg/ha","1791.7"
"Crops and livestock products","Bulgaria","Production","Peas, dry","2018","t","55150"
"Crops and livestock products","Bulgaria","Yield","Peas, dry","2019","kg/ha","2525.2"
"Crops and livestock products","Bulgaria","Production","Peas, dry","2019","t","40050"
"Crops and livestock products","Bulgaria","Yield","Peas, dry","2020","kg/ha","2068.4"
"Crops and livestock products","Bulgaria","Production","Peas, dry","2020","t","29620"
"Crops and livestock products","Bulgaria","Yield","Peas, dry","2021","kg/ha","1820.5"
"Crops and livestock products","Bulgaria","Production","Peas, dry","2021","t","28090"
"Crops and livestock products","Bulgaria","Yield","Peas, dry","2022","kg/ha","2060.5"
"Crops and livestock products","Bulgaria","Production","Peas, dry","2022","t","20110"
"Crops and livestock products","Bulgaria","Yield","Peas, dry","2023","kg/ha","2234.5"
"Crops and livestock products","Bulgaria","Production","Peas, dry","2023","t","18770"
"Crops and livestock products","Bulgaria","Yield","Peas, green","2015","kg/ha","3195.5"
"Crops and livestock products","Bulgaria","Production","Peas, green","2015","t","3400"
"Crops and livestock products","Bulgaria","Yield","Peas, green","2016","kg/ha","3946.1"
"Crops and livestock products","Bulgaria","Production","Peas, green","2016","t","7395"
"Crops and livestock products","Bulgaria","Yield","Peas, green","2017","kg/ha","7203.7"
"Crops and livestock products","Bulgaria","Production","Peas, green","2017","t","5518"
"Crops and livestock products","Bulgaria","Yield","Peas, green","2018","kg/ha","3562.5"
"Crops and livestock products","Bulgaria","Production","Peas, green","2018","t","1710"
"Crops and livestock products","Bulgaria","Yield","Peas, green","2019","kg/ha","5021.7"
"Crops and livestock products","Bulgaria","Production","Peas, green","2019","t","4620"
"Crops and livestock products","Bulgaria","Yield","Peas, green","2020","kg/ha","3954"
"Crops and livestock products","Bulgaria","Production","Peas, green","2020","t","3440"
"Crops and livestock products","Bulgaria","Yield","Peas, green","2021","kg/ha","3885.7"
"Crops and livestock products","Bulgaria","Production","Peas, green","2021","t","2720"
"Crops and livestock products","Bulgaria","Yield","Peas, green","2022","kg/ha","3657.5"
"Crops and livestock products","Bulgaria","Production","Peas, green","2022","t","2670"
"Crops and livestock products","Bulgaria","Yield","Peas, green","2023","kg/ha","2660.4"
"Crops and livestock products","Bulgaria","Production","Peas, green","2023","t","1410"
"Crops and livestock products","Bulgaria","Yield","Peppermint, spearmint","2015","kg/ha","3687.2"
"Crops and livestock products","Bulgaria","Production","Peppermint, spearmint","2015","t","163"
"Crops and livestock products","Bulgaria","Yield","Peppermint, spearmint","2016","kg/ha","3687.2"
"Crops and livestock products","Bulgaria","Production","Peppermint, spearmint","2016","t","262.53"
"Crops and livestock products","Bulgaria","Yield","Peppermint, spearmint","2017","kg/ha","3687.2"
"Crops and livestock products","Bulgaria","Production","Peppermint, spearmint","2017","t","123.78"
"Crops and livestock products","Bulgaria","Yield","Plums and sloes","2015","kg/ha","5299"
"Crops and livestock products","Bulgaria","Production","Plums and sloes","2015","t","36176"
"Crops and livestock products","Bulgaria","Yield","Plums and sloes","2016","kg/ha","7252.8"
"Crops and livestock products","Bulgaria","Production","Plums and sloes","2016","t","48630"
"Crops and livestock products","Bulgaria","Yield","Plums and sloes","2017","kg/ha","7218.5"
"Crops and livestock products","Bulgaria","Production","Plums and sloes","2017","t","49194"
"Crops and livestock products","Bulgaria","Yield","Plums and sloes","2018","kg/ha","7667.1"
"Crops and livestock products","Bulgaria","Production","Plums and sloes","2018","t","56430"
"Crops and livestock products","Bulgaria","Yield","Plums and sloes","2019","kg/ha","7006.2"
"Crops and livestock products","Bulgaria","Production","Plums and sloes","2019","t","56190"
"Crops and livestock products","Bulgaria","Yield","Plums and sloes","2020","kg/ha","7003.5"
"Crops and livestock products","Bulgaria","Production","Plums and sloes","2020","t","60020"
"Crops and livestock products","Bulgaria","Yield","Plums and sloes","2021","kg/ha","7017.2"
"Crops and livestock products","Bulgaria","Production","Plums and sloes","2021","t","65120"
"Crops and livestock products","Bulgaria","Yield","Plums and sloes","2022","kg/ha","6026.6"
"Crops and livestock products","Bulgaria","Production","Plums and sloes","2022","t","56650"
"Crops and livestock products","Bulgaria","Yield","Plums and sloes","2023","kg/ha","6235.4"
"Crops and livestock products","Bulgaria","Production","Plums and sloes","2023","t","57740"
"Crops and livestock products","Bulgaria","Production","Pomelos and grapefruits","2018","t","0"
"Crops and livestock products","Bulgaria","Production","Pomelos and grapefruits","2019","t","0"
"Crops and livestock products","Bulgaria","Production","Pomelos and grapefruits","2020","t","0"
"Crops and livestock products","Bulgaria","Production","Pomelos and grapefruits","2021","t","0"
"Crops and livestock products","Bulgaria","Production","Pomelos and grapefruits","2022","t","0"
"Crops and livestock products","Bulgaria","Production","Pomelos and grapefruits","2023","t","0"
"Crops and livestock products","Bulgaria","Yield","Poppy seed","2015","kg/ha","665.9"
"Crops and livestock products","Bulgaria","Production","Poppy seed","2015","t","590.63"
"Crops and livestock products","Bulgaria","Yield","Poppy seed","2016","kg/ha","720"
"Crops and livestock products","Bulgaria","Production","Poppy seed","2016","t","605.75"
"Crops and livestock products","Bulgaria","Yield","Poppy seed","2017","kg/ha","696.9"
"Crops and livestock products","Bulgaria","Production","Poppy seed","2017","t","607.84"
"Crops and livestock products","Bulgaria","Yield","Potatoes","2015","kg/ha","14963.3"
"Crops and livestock products","Bulgaria","Production","Potatoes","2015","t","164866"
"Crops and livestock products","Bulgaria","Yield","Potatoes","2016","kg/ha","15184.1"
"Crops and livestock products","Bulgaria","Production","Potatoes","2016","t","127182"
"Crops and livestock products","Bulgaria","Yield","Potatoes","2017","kg/ha","17789.7"
"Crops and livestock products","Bulgaria","Production","Potatoes","2017","t","227815"
"Crops and livestock products","Bulgaria","Yield","Potatoes","2018","kg/ha","18559.6"
"Crops and livestock products","Bulgaria","Production","Potatoes","2018","t","261690"
"Crops and livestock products","Bulgaria","Yield","Potatoes","2019","kg/ha","21249.7"
"Crops and livestock products","Bulgaria","Production","Potatoes","2019","t","197410"
"Crops and livestock products","Bulgaria","Yield","Potatoes","2020","kg/ha","19329.6"
"Crops and livestock products","Bulgaria","Production","Potatoes","2020","t","192330"
"Crops and livestock products","Bulgaria","Yield","Potatoes","2021","kg/ha","17948.6"
"Crops and livestock products","Bulgaria","Production","Potatoes","2021","t","195640"
"Crops and livestock products","Bulgaria","Yield","Potatoes","2022","kg/ha","18800.2"
"Crops and livestock products","Bulgaria","Production","Potatoes","2022","t","172210"
"Crops and livestock products","Bulgaria","Yield","Potatoes","2023","kg/ha","16985.8"
"Crops and livestock products","Bulgaria","Production","Potatoes","2023","t","119240"
"Crops and livestock products","Bulgaria","Yield","Pumpkins, squash and gourds","2015","kg/ha","10319"
"Crops and livestock products","Bulgaria","Production","Pumpkins, squash and gourds","2015","t","25199"
"Crops and livestock products","Bulgaria","Yield","Pumpkins, squash and gourds","2016","kg/ha","11303.2"
"Crops and livestock products","Bulgaria","Production","Pumpkins, squash and gourds","2016","t","132937"
"Crops and livestock products","Bulgaria","Yield","Pumpkins, squash and gourds","2017","kg/ha","10565.4"
"Crops and livestock products","Bulgaria","Production","Pumpkins, squash and gourds","2017","t","22367"
"Crops and livestock products","Bulgaria","Yield","Pumpkins, squash and gourds","2018","kg/ha","15666.7"
"Crops and livestock products","Bulgaria","Production","Pumpkins, squash and gourds","2018","t","26320"
"Crops and livestock products","Bulgaria","Yield","Pumpkins, squash and gourds","2019","kg/ha","9229.6"
"Crops and livestock products","Bulgaria","Production","Pumpkins, squash and gourds","2019","t","12460"
"Crops and livestock products","Bulgaria","Yield","Pumpkins, squash and gourds","2020","kg/ha","10385.1"
"Crops and livestock products","Bulgaria","Production","Pumpkins, squash and gourds","2020","t","18070"
"Crops and livestock products","Bulgaria","Yield","Pumpkins, squash and gourds","2021","kg/ha","9657.1"
"Crops and livestock products","Bulgaria","Production","Pumpkins, squash and gourds","2021","t","16900"
"Crops and livestock products","Bulgaria","Yield","Pumpkins, squash and gourds","2022","kg/ha","14061.9"
"Crops and livestock products","Bulgaria","Production","Pumpkins, squash and gourds","2022","t","13640"
"Crops and livestock products","Bulgaria","Yield","Pumpkins, squash and gourds","2023","kg/ha","14407"
"Crops and livestock products","Bulgaria","Production","Pumpkins, squash and gourds","2023","t","12390"
"Crops and livestock products","Bulgaria","Yield","Quinces","2015","kg/ha","6000"
"Crops and livestock products","Bulgaria","Production","Quinces","2015","t","498"
"Crops and livestock products","Bulgaria","Yield","Quinces","2016","kg/ha","5000"
"Crops and livestock products","Bulgaria","Production","Quinces","2016","t","400"
"Crops and livestock products","Bulgaria","Yield","Quinces","2017","kg/ha","5000"
"Crops and livestock products","Bulgaria","Production","Quinces","2017","t","450"
"Crops and livestock products","Bulgaria","Yield","Rape or colza seed","2015","kg/ha","2476.8"
"Crops and livestock products","Bulgaria","Production","Rape or colza seed","2015","t","422092"
"Crops and livestock products","Bulgaria","Yield","Rape or colza seed","2016","kg/ha","2969.2"
"Crops and livestock products","Bulgaria","Production","Rape or colza seed","2016","t","509251"
"Crops and livestock products","Bulgaria","Yield","Rape or colza seed","2017","kg/ha","2981.6"
"Crops and livestock products","Bulgaria","Production","Rape or colza seed","2017","t","478987"
"Crops and livestock products","Bulgaria","Yield","Rape or colza seed","2018","kg/ha","2587.8"
"Crops and livestock products","Bulgaria","Production","Rape or colza seed","2018","t","472590"
"Crops and livestock products","Bulgaria","Yield","Rape or colza seed","2019","kg/ha","2861"
"Crops and livestock products","Bulgaria","Production","Rape or colza seed","2019","t","432490"
"Crops and livestock products","Bulgaria","Yield","Rape or colza seed","2020","kg/ha","2344.1"
"Crops and livestock products","Bulgaria","Production","Rape or colza seed","2020","t","279280"
"Crops and livestock products","Bulgaria","Yield","Rape or colza seed","2021","kg/ha","2872.9"
"Crops and livestock products","Bulgaria","Production","Rape or colza seed","2021","t","375800"
"Crops and livestock products","Bulgaria","Yield","Rape or colza seed","2022","kg/ha","2315.2"
"Crops and livestock products","Bulgaria","Production","Rape or colza seed","2022","t","299420"
"Crops and livestock products","Bulgaria","Yield","Rape or colza seed","2023","kg/ha","2594.8"
"Crops and livestock products","Bulgaria","Production","Rape or colza seed","2023","t","207040"
"Crops and livestock products","Bulgaria","Yield","Raspberries","2015","kg/ha","4497.4"
"Crops and livestock products","Bulgaria","Production","Raspberries","2015","t","6845"
"Crops and livestock products","Bulgaria","Yield","Raspberries","2016","kg/ha","4581.6"
"Crops and livestock products","Bulgaria","Production","Raspberries","2016","t","8398"
"Crops and livestock products","Bulgaria","Yield","Raspberries","2017","kg/ha","4012.9"
"Crops and livestock products","Bulgaria","Production","Raspberries","2017","t","7476"
"Crops and livestock products","Bulgaria","Yield","Raspberries","2018","kg/ha","3547.6"
"Crops and livestock products","Bulgaria","Production","Raspberries","2018","t","7450"
"Crops and livestock products","Bulgaria","Yield","Raspberries","2019","kg/ha","3255.7"
"Crops and livestock products","Bulgaria","Production","Raspberries","2019","t","7130"
"Crops and livestock products","Bulgaria","Yield","Raspberries","2020","kg/ha","3371.6"
"Crops and livestock products","Bulgaria","Production","Raspberries","2020","t","6170"
"Crops and livestock products","Bulgaria","Yield","Raspberries","2021","kg/ha","3411"
"Crops and livestock products","Bulgaria","Production","Raspberries","2021","t","5560"
"Crops and livestock products","Bulgaria","Yield","Raspberries","2022","kg/ha","3624.2"
"Crops and livestock products","Bulgaria","Production","Raspberries","2022","t","5690"
"Crops and livestock products","Bulgaria","Yield","Raspberries","2023","kg/ha","3605.1"
"Crops and livestock products","Bulgaria","Production","Raspberries","2023","t","5660"
"Crops and livestock products","Bulgaria","Yield","Rice","2015","kg/ha","5454"
"Crops and livestock products","Bulgaria","Production","Rice","2015","t","67684"
"Crops and livestock products","Bulgaria","Yield","Rice","2016","kg/ha","5403.2"
"Crops and livestock products","Bulgaria","Production","Rice","2016","t","64773"
"Crops and livestock products","Bulgaria","Yield","Rice","2017","kg/ha","5608.9"
"Crops and livestock products","Bulgaria","Production","Rice","2017","t","58523"
"Crops and livestock products","Bulgaria","Yield","Rice","2018","kg/ha","5520"
"Crops and livestock products","Bulgaria","Production","Rice","2018","t","60720"
"Crops and livestock products","Bulgaria","Yield","Rice","2019","kg/ha","6000"
"Crops and livestock products","Bulgaria","Production","Rice","2019","t","70920"
"Crops and livestock products","Bulgaria","Yield","Rice","2020","kg/ha","5328.7"
"Crops and livestock products","Bulgaria","Production","Rice","2020","t","65810"
"Crops and livestock products","Bulgaria","Yield","Rice","2021","kg/ha","4823.2"
"Crops and livestock products","Bulgaria","Production","Rice","2021","t","58120"
"Crops and livestock products","Bulgaria","Yield","Rice","2022","kg/ha","6079.4"
"Crops and livestock products","Bulgaria","Production","Rice","2022","t","64320"
"Crops and livestock products","Bulgaria","Yield","Rice","2023","kg/ha","5728.6"
"Crops and livestock products","Bulgaria","Production","Rice","2023","t","64160"
"Crops and livestock products","Bulgaria","Yield","Rye","2015","kg/ha","1778.2"
"Crops and livestock products","Bulgaria","Production","Rye","2015","t","11210"
"Crops and livestock products","Bulgaria","Yield","Rye","2016","kg/ha","2032.4"
"Crops and livestock products","Bulgaria","Production","Rye","2016","t","15178"
"Crops and livestock products","Bulgaria","Yield","Rye","2017","kg/ha","2100.8"
"Crops and livestock products","Bulgaria","Production","Rye","2017","t","17304"
"Crops and livestock products","Bulgaria","Yield","Rye","2018","kg/ha","1692.3"
"Crops and livestock products","Bulgaria","Production","Rye","2018","t","14080"
"Crops and livestock products","Bulgaria","Yield","Rye","2019","kg/ha","1996.7"
"Crops and livestock products","Bulgaria","Production","Rye","2019","t","12180"
"Crops and livestock products","Bulgaria","Yield","Rye","2020","kg/ha","1871"
"Crops and livestock products","Bulgaria","Production","Rye","2020","t","10010"
"Crops and livestock products","Bulgaria","Yield","Rye","2021","kg/ha","2212.3"
"Crops and livestock products","Bulgaria","Production","Rye","2021","t","16880"
"Crops and livestock products","Bulgaria","Yield","Rye","2022","kg/ha","2076.8"
"Crops and livestock products","Bulgaria","Production","Rye","2022","t","17300"
"Crops and livestock products","Bulgaria","Yield","Rye","2023","kg/ha","1913.8"
"Crops and livestock products","Bulgaria","Production","Rye","2023","t","14660"
"Crops and livestock products","Bulgaria","Yield","Seed cotton, unginned","2015","kg/ha","717.6"
"Crops and livestock products","Bulgaria","Production","Seed cotton, unginned","2015","t","1558"
"Crops and livestock products","Bulgaria","Yield","Seed cotton, unginned","2016","kg/ha","946.8"
"Crops and livestock products","Bulgaria","Production","Seed cotton, unginned","2016","t","4251"
"Crops and livestock products","Bulgaria","Yield","Seed cotton, unginned","2017","kg/ha","912.2"
"Crops and livestock products","Bulgaria","Production","Seed cotton, unginned","2017","t","4383"
"Crops and livestock products","Bulgaria","Yield","Seed cotton, unginned","2018","kg/ha","755.5"
"Crops and livestock products","Bulgaria","Production","Seed cotton, unginned","2018","t","2385"
"Crops and livestock products","Bulgaria","Yield","Seed cotton, unginned","2019","kg/ha","895.4"
"Crops and livestock products","Bulgaria","Production","Seed cotton, unginned","2019","t","3099"
"Crops and livestock products","Bulgaria","Yield","Seed cotton, unginned","2020","kg/ha","763.1"
"Crops and livestock products","Bulgaria","Production","Seed cotton, unginned","2020","t","2503"
"Crops and livestock products","Bulgaria","Yield","Seed cotton, unginned","2021","kg/ha","621.1"
"Crops and livestock products","Bulgaria","Production","Seed cotton, unginned","2021","t","1462"
"Crops and livestock products","Bulgaria","Production","Sesame seed","2015","t",""
"Crops and livestock products","Bulgaria","Production","Sesame seed","2016","t",""
"Crops and livestock products","Bulgaria","Production","Sesame seed","2017","t",""
"Crops and livestock products","Bulgaria","Yield","Sorghum","2015","kg/ha","2498.3"
"Crops and livestock products","Bulgaria","Production","Sorghum","2015","t","17041"
"Crops and livestock products","Bulgaria","Yield","Sorghum","2016","kg/ha","2344.8"
"Crops and livestock products","Bulgaria","Production","Sorghum","2016","t","7705"
"Crops and livestock products","Bulgaria","Yield","Sorghum","2017","kg/ha","2883.2"
"Crops and livestock products","Bulgaria","Production","Sorghum","2017","t","12219"
"Crops and livestock products","Bulgaria","Yield","Sorghum","2018","kg/ha","4177.2"
"Crops and livestock products","Bulgaria","Production","Sorghum","2018","t","37010"
"Crops and livestock products","Bulgaria","Yield","Sorghum","2019","kg/ha","3298.3"
"Crops and livestock products","Bulgaria","Production","Sorghum","2019","t","23220"
"Crops and livestock products","Bulgaria","Yield","Sorghum","2020","kg/ha","3478.5"
"Crops and livestock products","Bulgaria","Production","Sorghum","2020","t","11340"
"Crops and livestock products","Bulgaria","Yield","Sorghum","2021","kg/ha","2871"
"Crops and livestock products","Bulgaria","Production","Sorghum","2021","t","5340"
"Crops and livestock products","Bulgaria","Yield","Sorghum","2022","kg/ha","2398.4"
"Crops and livestock products","Bulgaria","Production","Sorghum","2022","t","6020"
"Crops and livestock products","Bulgaria","Yield","Sorghum","2023","kg/ha","2491.5"
"Crops and livestock products","Bulgaria","Production","Sorghum","2023","t","8820"
"Crops and livestock products","Bulgaria","Yield","Sour cherries","2015","kg/ha","2837.6"
"Crops and livestock products","Bulgaria","Production","Sour cherries","2015","t","3425"
"Crops and livestock products","Bulgaria","Yield","Sour cherries","2016","kg/ha","3118.7"
"Crops and livestock products","Bulgaria","Production","Sour cherries","2016","t","3546"
"Crops and livestock products","Bulgaria","Yield","Sour cherries","2017","kg/ha","3823.1"
"Crops and livestock products","Bulgaria","Production","Sour cherries","2017","t","4106"
"Crops and livestock products","Bulgaria","Yield","Sour cherries","2018","kg/ha","4059.3"
"Crops and livestock products","Bulgaria","Production","Sour cherries","2018","t","4790"
"Crops and livestock products","Bulgaria","Yield","Sour cherries","2019","kg/ha","3872.2"
"Crops and livestock products","Bulgaria","Production","Sour cherries","2019","t","5150"
"Crops and livestock products","Bulgaria","Yield","Sour cherries","2020","kg/ha","4372.7"
"Crops and livestock products","Bulgaria","Production","Sour cherries","2020","t","4810"
"Crops and livestock products","Bulgaria","Yield","Sour cherries","2021","kg/ha","3737.3"
"Crops and livestock products","Bulgaria","Production","Sour cherries","2021","t","4410"
"Crops and livestock products","Bulgaria","Yield","Sour cherries","2022","kg/ha","3837.8"
"Crops and livestock products","Bulgaria","Production","Sour cherries","2022","t","4260"
"Crops and livestock products","Bulgaria","Yield","Sour cherries","2023","kg/ha","3516.1"
"Crops and livestock products","Bulgaria","Production","Sour cherries","2023","t","3270"
"Crops and livestock products","Bulgaria","Yield","Soya beans","2015","kg/ha","1168.6"
"Crops and livestock products","Bulgaria","Production","Soya beans","2015","t","40281"
"Crops and livestock products","Bulgaria","Yield","Soya beans","2016","kg/ha","1292.3"
"Crops and livestock products","Bulgaria","Production","Soya beans","2016","t","18301"
"Crops and livestock products","Bulgaria","Yield","Soya beans","2017","kg/ha","1734.6"
"Crops and livestock products","Bulgaria","Production","Soya beans","2017","t","20000"
"Crops and livestock products","Bulgaria","Yield","Soya beans","2018","kg/ha","2038.8"
"Crops and livestock products","Bulgaria","Production","Soya beans","2018","t","4730"
"Crops and livestock products","Bulgaria","Yield","Soya beans","2019","kg/ha","1961.1"
"Crops and livestock products","Bulgaria","Production","Soya beans","2019","t","7570"
"Crops and livestock products","Bulgaria","Yield","Soya beans","2020","kg/ha","1374.7"
"Crops and livestock products","Bulgaria","Production","Soya beans","2020","t","6200"
"Crops and livestock products","Bulgaria","Yield","Soya beans","2021","kg/ha","1412.1"
"Crops and livestock products","Bulgaria","Production","Soya beans","2021","t","2810"
"Crops and livestock products","Bulgaria","Yield","Soya beans","2022","kg/ha","1071.6"
"Crops and livestock products","Bulgaria","Production","Soya beans","2022","t","10180"
"Crops and livestock products","Bulgaria","Yield","Soya beans","2023","kg/ha","1654"
"Crops and livestock products","Bulgaria","Production","Soya beans","2023","t","6070"
"Crops and livestock products","Bulgaria","Yield","Spinach","2015","kg/ha","9469.4"
"Crops and livestock products","Bulgaria","Production","Spinach","2015","t","464"
"Crops and livestock products","Bulgaria","Yield","Spinach","2016","kg/ha","11041.7"
"Crops and livestock products","Bulgaria","Production","Spinach","2016","t","1060"
"Crops and livestock products","Bulgaria","Yield","Spinach","2017","kg/ha","5666.7"
"Crops and livestock products","Bulgaria","Production","Spinach","2017","t","374"
"Crops and livestock products","Bulgaria","Yield","Spinach","2018","kg/ha","2538.5"
"Crops and livestock products","Bulgaria","Production","Spinach","2018","t","330"
"Crops and livestock products","Bulgaria","Yield","Spinach","2019","kg/ha","6444.4"
"Crops and livestock products","Bulgaria","Production","Spinach","2019","t","580"
"Crops and livestock products","Bulgaria","Yield","Spinach","2020","kg/ha","6066.7"
"Crops and livestock products","Bulgaria","Production","Spinach","2020","t","910"
"Crops and livestock products","Bulgaria","Yield","Spinach","2021","kg/ha","5857.1"
"Crops and livestock products","Bulgaria","Production","Spinach","2021","t","410"
"Crops and livestock products","Bulgaria","Yield","Spinach","2022","kg/ha","5200"
"Crops and livestock products","Bulgaria","Production","Spinach","2022","t","520"
"Crops and livestock products","Bulgaria","Yield","Spinach","2023","kg/ha","4000"
"Crops and livestock products","Bulgaria","Production","Spinach","2023","t","160"
"Crops and livestock products","Bulgaria","Yield","Strawberries","2015","kg/ha","6586.3"
"Crops and livestock products","Bulgaria","Production","Strawberries","2015","t","4999"
"Crops and livestock products","Bulgaria","Yield","Strawberries","2016","kg/ha","7686.6"
"Crops and livestock products","Bulgaria","Production","Strawberries","2016","t","5150"
"Crops and livestock products","Bulgaria","Yield","Strawberries","2017","kg/ha","8181.7"
"Crops and livestock products","Bulgaria","Production","Strawberries","2017","t","5359"
"Crops and livestock products","Bulgaria","Yield","Strawberries","2018","kg/ha","6616.4"
"Crops and livestock products","Bulgaria","Production","Strawberries","2018","t","4830"
"Crops and livestock products","Bulgaria","Yield","Strawberries","2019","kg/ha","6436.6"
"Crops and livestock products","Bulgaria","Production","Strawberries","2019","t","4570"
"Crops and livestock products","Bulgaria","Yield","Strawberries","2020","kg/ha","5770.3"
"Crops and livestock products","Bulgaria","Production","Strawberries","2020","t","4270"
"Crops and livestock products","Bulgaria","Yield","Strawberries","2021","kg/ha","7388.2"
"Crops and livestock products","Bulgaria","Production","Strawberries","2021","t","6280"
"Crops and livestock products","Bulgaria","Yield","Strawberries","2022","kg/ha","6662.3"
"Crops and livestock products","Bulgaria","Production","Strawberries","2022","t","5130"
"Crops and livestock products","Bulgaria","Yield","Strawberries","2023","kg/ha","6855.3"
"Crops and livestock products","Bulgaria","Production","Strawberries","2023","t","5210"
"Crops and livestock products","Bulgaria","Production","Sugar beet","2015","t",""
"Crops and livestock products","Bulgaria","Production","Sugar beet","2016","t",""
"Crops and livestock products","Bulgaria","Production","Sugar beet","2017","t",""
"Crops and livestock products","Bulgaria","Production","Sugar beet","2018","t","0"
"Crops and livestock products","Bulgaria","Production","Sugar beet","2019","t","0"
"Crops and livestock products","Bulgaria","Production","Sugar beet","2020","t","0"
"Crops and livestock products","Bulgaria","Production","Sugar beet","2021","t","0"
"Crops and livestock products","Bulgaria","Yield","Sunflower seed","2015","kg/ha","2095.6"
"Crops and livestock products","Bulgaria","Production","Sunflower seed","2015","t","1699228"
"Crops and livestock products","Bulgaria","Yield","Sunflower seed","2016","kg/ha","2291.9"
"Crops and livestock products","Bulgaria","Production","Sunflower seed","2016","t","1873677"
"Crops and livestock products","Bulgaria","Yield","Sunflower seed","2017","kg/ha","2288.5"
"Crops and livestock products","Bulgaria","Production","Sunflower seed","2017","t","2056987"
"Crops and livestock products","Bulgaria","Yield","Sunflower seed","2018","kg/ha","2464.9"
"Crops and livestock products","Bulgaria","Production","Sunflower seed","2018","t","1943980"
"Crops and livestock products","Bulgaria","Yield","Sunflower seed","2019","kg/ha","2375.3"
"Crops and livestock products","Bulgaria","Production","Sunflower seed","2019","t","1937210"
"Crops and livestock products","Bulgaria","Yield","Sunflower seed","2020","kg/ha","2109.1"
"Crops and livestock products","Bulgaria","Production","Sunflower seed","2020","t","1733530"
"Crops and livestock products","Bulgaria","Yield","Sunflower seed","2021","kg/ha","2393.6"
"Crops and livestock products","Bulgaria","Production","Sunflower seed","2021","t","2002180"
"Crops and livestock products","Bulgaria","Yield","Sunflower seed","2022","kg/ha","2334.4"
"Crops and livestock products","Bulgaria","Production","Sunflower seed","2022","t","2140590"
"Crops and livestock products","Bulgaria","Yield","Sunflower seed","2023","kg/ha","2050.8"
"Crops and livestock products","Bulgaria","Production","Sunflower seed","2023","t","1783990"
"Crops and livestock products","Bulgaria","Production","Tangerines, mandarins, clementines","2018","t","0"
"Crops and livestock products","Bulgaria","Production","Tangerines, mandarins, clementines","2019","t","0"
"Crops and livestock products","Bulgaria","Production","Tangerines, mandarins, clementines","2020","t","0"
"Crops and livestock products","Bulgaria","Production","Tangerines, mandarins, clementines","2021","t","0"
"Crops and livestock products","Bulgaria","Production","Tangerines, mandarins, clementines","2022","t","0"
"Crops and livestock products","Bulgaria","Production","Tangerines, mandarins, clementines","2023","t","0"
"Crops and livestock products","Bulgaria","Yield","Tomatoes","2015","kg/ha","37143.8"
"Crops and livestock products","Bulgaria","Production","Tomatoes","2015","t","121646"
"Crops and livestock products","Bulgaria","Yield","Tomatoes","2016","kg/ha","39127.3"
"Crops and livestock products","Bulgaria","Production","Tomatoes","2016","t","141367"
"Crops and livestock products","Bulgaria","Yield","Tomatoes","2017","kg/ha","36280.2"
"Crops and livestock products","Bulgaria","Production","Tomatoes","2017","t","158762"
"Crops and livestock products","Bulgaria","Yield","Tomatoes","2018","kg/ha","32761.1"
"Crops and livestock products","Bulgaria","Production","Tomatoes","2018","t","148080"
"Crops and livestock products","Bulgaria","Yield","Tomatoes","2019","kg/ha","28157.3"
"Crops and livestock products","Bulgaria","Production","Tomatoes","2019","t","145010"
"Crops and livestock products","Bulgaria","Yield","Tomatoes","2020","kg/ha","37472.5"
"Crops and livestock products","Bulgaria","Production","Tomatoes","2020","t","115790"
"Crops and livestock products","Bulgaria","Yield","Tomatoes","2021","kg/ha","37921.8"
"Crops and livestock products","Bulgaria","Production","Tomatoes","2021","t","116420"
"Crops and livestock products","Bulgaria","Yield","Tomatoes","2022","kg/ha","41058.4"
"Crops and livestock products","Bulgaria","Production","Tomatoes","2022","t","126460"
"Crops and livestock products","Bulgaria","Yield","Tomatoes","2023","kg/ha","36367.9"
"Crops and livestock products","Bulgaria","Production","Tomatoes","2023","t","115650"
"Crops and livestock products","Bulgaria","Yield","Triticale","2015","kg/ha","3020.4"
"Crops and livestock products","Bulgaria","Production","Triticale","2015","t","38402"
"Crops and livestock products","Bulgaria","Yield","Triticale","2016","kg/ha","3060.7"
"Crops and livestock products","Bulgaria","Production","Triticale","2016","t","49265"
"Crops and livestock products","Bulgaria","Yield","Triticale","2017","kg/ha","3169.3"
"Crops and livestock products","Bulgaria","Production","Triticale","2017","t","59140"
"Crops and livestock products","Bulgaria","Yield","Triticale","2018","kg/ha","2715.9"
"Crops and livestock products","Bulgaria","Production","Triticale","2018","t","41200"
"Crops and livestock products","Bulgaria","Yield","Triticale","2019","kg/ha","2906.6"
"Crops and livestock products","Bulgaria","Production","Triticale","2019","t","44180"
"Crops and livestock products","Bulgaria","Yield","Triticale","2020","kg/ha","3056.8"
"Crops and livestock products","Bulgaria","Production","Triticale","2020","t","41450"
"Crops and livestock products","Bulgaria","Yield","Triticale","2021","kg/ha","3400.9"
"Crops and livestock products","Bulgaria","Production","Triticale","2021","t","54210"
"Crops and livestock products","Bulgaria","Yield","Triticale","2022","kg/ha","3037.5"
"Crops and livestock products","Bulgaria","Production","Triticale","2022","t","42950"
"Crops and livestock products","Bulgaria","Yield","Triticale","2023","kg/ha","3364.2"
"Crops and livestock products","Bulgaria","Production","Triticale","2023","t","118250"
"Crops and livestock products","Bulgaria","Production","True hemp, raw or retted","2015","t",""
"Crops and livestock products","Bulgaria","Production","True hemp, raw or retted","2016","t",""
"Crops and livestock products","Bulgaria","Production","True hemp, raw or retted","2017","t",""
"Crops and livestock products","Bulgaria","Production","True hemp, raw or retted","2018","t","0"
"Crops and livestock products","Bulgaria","Yield","True hemp, raw or retted","2019","kg/ha","1465.3"
"Crops and livestock products","Bulgaria","Production","True hemp, raw or retted","2019","t","1480"
"Crops and livestock products","Bulgaria","Yield","True hemp, raw or retted","2020","kg/ha","2704.9"
"Crops and livestock products","Bulgaria","Production","True hemp, raw or retted","2020","t","1650"
"Crops and livestock products","Bulgaria","Yield","True hemp, raw or retted","2021","kg/ha","1000"
"Crops and livestock products","Bulgaria","Production","True hemp, raw or retted","2021","t","160"
"Crops and livestock products","Bulgaria","Production","True hemp, raw or retted","2022","t","0"
"Crops and livestock products","Bulgaria","Yield","Unmanufactured tobacco","2015","kg/ha","1757.5"
"Crops and livestock products","Bulgaria","Production","Unmanufactured tobacco","2015","t","23480"
"Crops and livestock products","Bulgaria","Yield","Unmanufactured tobacco","2016","kg/ha","1526.7"
"Crops and livestock products","Bulgaria","Production","Unmanufactured tobacco","2016","t","15211"
"Crops and livestock products","Bulgaria","Yield","Unmanufactured tobacco","2017","kg/ha","1688.9"
"Crops and livestock products","Bulgaria","Production","Unmanufactured tobacco","2017","t","13040"
"Crops and livestock products","Bulgaria","Yield","Unmanufactured tobacco","2018","kg/ha","1487.1"
"Crops and livestock products","Bulgaria","Production","Unmanufactured tobacco","2018","t","8640"
"Crops and livestock products","Bulgaria","Yield","Unmanufactured tobacco","2019","kg/ha","1830.5"
"Crops and livestock products","Bulgaria","Production","Unmanufactured tobacco","2019","t","6480"
"Crops and livestock products","Bulgaria","Yield","Unmanufactured tobacco","2020","kg/ha","1705.3"
"Crops and livestock products","Bulgaria","Production","Unmanufactured tobacco","2020","t","5440"
"Crops and livestock products","Bulgaria","Yield","Unmanufactured tobacco","2021","kg/ha","1600.5"
"Crops and livestock products","Bulgaria","Production","Unmanufactured tobacco","2021","t","6050"
"Crops and livestock products","Bulgaria","Yield","Unmanufactured tobacco","2022","kg/ha","1578.5"
"Crops and livestock products","Bulgaria","Production","Unmanufactured tobacco","2022","t","3820"
"Crops and livestock products","Bulgaria","Yield","Unmanufactured tobacco","2023","kg/ha","1652.7"
"Crops and livestock products","Bulgaria","Production","Unmanufactured tobacco","2023","t","3950"
"Crops and livestock products","Bulgaria","Yield","Vetches","2015","kg/ha","1616.5"
"Crops and livestock products","Bulgaria","Production","Vetches","2015","t","1644"
"Crops and livestock products","Bulgaria","Yield","Vetches","2016","kg/ha","1396"
"Crops and livestock products","Bulgaria","Production","Vetches","2016","t","1456"
"Crops and livestock products","Bulgaria","Yield","Vetches","2017","kg/ha","3669"
"Crops and livestock products","Bulgaria","Production","Vetches","2017","t","31021"
"Crops and livestock products","Bulgaria","Yield","Walnuts, in shell","2015","kg/ha","717.5"
"Crops and livestock products","Bulgaria","Production","Walnuts, in shell","2015","t","3627"
"Crops and livestock products","Bulgaria","Yield","Walnuts, in shell","2016","kg/ha","789.6"
"Crops and livestock products","Bulgaria","Production","Walnuts, in shell","2016","t","4959"
"Crops and livestock products","Bulgaria","Yield","Walnuts, in shell","2017","kg/ha","703.2"
"Crops and livestock products","Bulgaria","Production","Walnuts, in shell","2017","t","3549"
"Crops and livestock products","Bulgaria","Yield","Walnuts, in shell","2018","kg/ha","828.5"
"Crops and livestock products","Bulgaria","Production","Walnuts, in shell","2018","t","5120"
"Crops and livestock products","Bulgaria","Yield","Walnuts, in shell","2019","kg/ha","761"
"Crops and livestock products","Bulgaria","Production","Walnuts, in shell","2019","t","4840"
"Crops and livestock products","Bulgaria","Yield","Walnuts, in shell","2020","kg/ha","669"
"Crops and livestock products","Bulgaria","Production","Walnuts, in shell","2020","t","4750"
"Crops and livestock products","Bulgaria","Yield","Walnuts, in shell","2021","kg/ha","586.1"
"Crops and livestock products","Bulgaria","Production","Walnuts, in shell","2021","t","4730"
"Crops and livestock products","Bulgaria","Yield","Walnuts, in shell","2022","kg/ha","485"
"Crops and livestock products","Bulgaria","Production","Walnuts, in shell","2022","t","4040"
"Crops and livestock products","Bulgaria","Yield","Walnuts, in shell","2023","kg/ha","459.4"
"Crops and livestock products","Bulgaria","Production","Walnuts, in shell","2023","t","3450"
"Crops and livestock products","Bulgaria","Yield","Watermelons","2015","kg/ha","18638.5"
"Crops and livestock products","Bulgaria","Production","Watermelons","2015","t","59960"
"Crops and livestock products","Bulgaria","Yield","Watermelons","2016","kg/ha","18077.5"
"Crops and livestock products","Bulgaria","Production","Watermelons","2016","t","85651"
"Crops and livestock products","Bulgaria","Yield","Watermelons","2017","kg/ha","22435.9"
"Crops and livestock products","Bulgaria","Production","Watermelons","2017","t","108141"
"Crops and livestock products","Bulgaria","Yield","Watermelons","2018","kg/ha","21990.7"
"Crops and livestock products","Bulgaria","Production","Watermelons","2018","t","95000"
"Crops and livestock products","Bulgaria","Yield","Watermelons","2019","kg/ha","20249"
"Crops and livestock products","Bulgaria","Production","Watermelons","2019","t","96790"
"Crops and livestock products","Bulgaria","Yield","Watermelons","2020","kg/ha","19739.8"
"Crops and livestock products","Bulgaria","Production","Watermelons","2020","t","87250"
"Crops and livestock products","Bulgaria","Yield","Watermelons","2021","kg/ha","22597.9"
"Crops and livestock products","Bulgaria","Production","Watermelons","2021","t","107340"
"Crops and livestock products","Bulgaria","Yield","Watermelons","2022","kg/ha","23946.1"
"Crops and livestock products","Bulgaria","Production","Watermelons","2022","t","79980"
"Crops and livestock products","Bulgaria","Yield","Watermelons","2023","kg/ha","21598.4"
"Crops and livestock products","Bulgaria","Production","Watermelons","2023","t","80130"
"Crops and livestock products","Bulgaria","Yield","Wheat","2015","kg/ha","4531.6"
"Crops and livestock products","Bulgaria","Production","Wheat","2015","t","5011597"
"Crops and livestock products","Bulgaria","Yield","Wheat","2016","kg/ha","4748.3"
"Crops and livestock products","Bulgaria","Production","Wheat","2016","t","5662721"
"Crops and livestock products","Bulgaria","Yield","Wheat","2017","kg/ha","5358.3"
"Crops and livestock products","Bulgaria","Production","Wheat","2017","t","6132671"
"Crops and livestock products","Bulgaria","Yield","Wheat","2018","kg/ha","4912.9"
"Crops and livestock products","Bulgaria","Production","Wheat","2018","t","5954520"
"Crops and livestock products","Bulgaria","Yield","Wheat","2019","kg/ha","5272.2"
"Crops and livestock products","Bulgaria","Production","Wheat","2019","t","6319630"
"Crops and livestock products","Bulgaria","Yield","Wheat","2020","kg/ha","4039.3"
"Crops and livestock products","Bulgaria","Production","Wheat","2020","t","4847940"
"Crops and livestock products","Bulgaria","Yield","Wheat","2021","kg/ha","6087.8"
"Crops and livestock products","Bulgaria","Production","Wheat","2021","t","7342990"
"Crops and livestock products","Bulgaria","Yield","Wheat","2022","kg/ha","5343.8"
"Crops and livestock products","Bulgaria","Production","Wheat","2022","t","6447770"
"Crops and livestock products","Bulgaria","Yield","Wheat","2023","kg/ha","5614.5"
"Crops and livestock products","Bulgaria","Production","Wheat","2023","t","6854760"
