"strategy_id","primary_id","Edgar_Class","CSC.Sector","CSC.Subsector","value","Year","Gas","design_id","future_id","strategy","Code","Contry","source","value_original","value_hp"
0,0,"AG - Crops:CH4","Agriculture","AG - Crops",0.12515,2022,"CH4",0,0,"Strategy TX:BASE","BGR","bulgaria","SISEPUEDE",0.12515,0.12515
0,0,"AG - Crops:CH4","Agriculture","AG - Crops",0.125246778412412,2023,"CH4",0,0,"Strategy TX:BASE","BGR","bulgaria","SISEPUEDE",0.125246778412412,0.125246778412412
0,0,"AG - Crops:CH4","Agriculture","AG - Crops",0.125337545046066,2024,"CH4",0,0,"Strategy TX:BASE","BGR","bulgaria","SISEPUEDE",0.125337545046066,0.125337545046066
0,0,"AG - Crops:CH4","Agriculture","AG - Crops",0.125417700317437,2025,"CH4",0,0,"Strategy TX:BASE","BGR","bulgaria","SISEPUEDE",0.125417700317437,0.125417700317437
0,0,"AG - Crops:CH4","Agriculture","AG - Crops",0.125483875399116,2026,"CH4",0,0,"Strategy TX:BASE","BGR","bulgaria","SISEPUEDE",0.125483875399116,0.125483875399116
0,0,"AG - Crops:CH4","Agriculture","AG - Crops",0.125533759436095,2027,"CH4",0,0,"Strategy TX:BASE","BGR","bulgaria","SISEPUEDE",0.125533759436095,0.125533759436095
0,0,"AG - Crops:CH4","Agriculture","AG - Crops",0.125565937507312,2028,"CH4",0,0,"Strategy TX:BASE","BGR","bulgaria","SISEPUEDE",0.125565937507312,0.125565937507312
0,0,"AG - Crops:CH4","Agriculture","AG - Crops",0.125579740761312,2029,"CH4",0,0,"Strategy TX:BASE","BGR","bulgaria","SISEPUEDE",0.125579740761312,0.125579740761312
0,0,"AG - Crops:CH4","Agriculture","AG - Crops",0.125575109595153,2030,"CH4",0,0,"Strategy TX:BASE","BGR","bulgaria","SISEPUEDE",0.125575109595153,0.125575109595153
0,0,"AG - Crops:CH4","Agriculture","AG - Crops",0.125552470279595,2031,"CH4",0,0,"Strategy TX:BASE","BGR","bulgaria","SISEPUEDE",0.125552470279595,0.125552470279595
0,0,"AG - Crops:CH4","Agriculture","AG - Crops",0.12551262505301,2032,"CH4",0,0,"Strategy TX:BASE","BGR","bulgaria","SISEPUEDE",0.12551262505301,0.12551262505301
0,0,"AG - Crops:CH4","Agriculture","AG - Crops",0.125456655402984,2033,"CH4",0,0,"Strategy TX:BASE","BGR","bulgaria","SISEPUEDE",0.125456655402984,0.125456655402984
0,0,"AG - Crops:CH4","Agriculture","AG - Crops",0.125385838019746,2034,"CH4",0,0,"Strategy TX:BASE","BGR","bulgaria","SISEPUEDE",0.125385838019746,0.125385838019746
0,0,"AG - Crops:CH4","Agriculture","AG - Crops",0.125301572731196,2035,"CH4",0,0,"Strategy TX:BASE","BGR","bulgaria","SISEPUEDE",0.125301572731196,0.125301572731196
0,0,"AG - Crops:CH4","Agriculture","AG - Crops",0.125205321607455,2036,"CH4",0,0,"Strategy TX:BASE","BGR","bulgaria","SISEPUEDE",0.125205321607455,0.125205321607455
0,0,"AG - Crops:CH4","Agriculture","AG - Crops",0.125098558346035,2037,"CH4",0,0,"Strategy TX:BASE","BGR","bulgaria","SISEPUEDE",0.125098558346035,0.125098558346035
0,0,"AG - Crops:CH4","Agriculture","AG - Crops",0.124982727009946,2038,"CH4",0,0,"Strategy TX:BASE","BGR","bulgaria","SISEPUEDE",0.124982727009946,0.124982727009946
0,0,"AG - Crops:CH4","Agriculture","AG - Crops",0.12485920918395,2039,"CH4",0,0,"Strategy TX:BASE","BGR","bulgaria","SISEPUEDE",0.12485920918395,0.12485920918395
0,0,"AG - Crops:CH4","Agriculture","AG - Crops",0.124729298632759,2040,"CH4",0,0,"Strategy TX:BASE","BGR","bulgaria","SISEPUEDE",0.124729298632759,0.124729298632759
0,0,"AG - Crops:CH4","Agriculture","AG - Crops",0.124594182584201,2041,"CH4",0,0,"Strategy TX:BASE","BGR","bulgaria","SISEPUEDE",0.124594182584201,0.124594182584201
0,0,"AG - Crops:CH4","Agriculture","AG - Crops",0.124454928815312,2042,"CH4",0,0,"Strategy TX:BASE","BGR","bulgaria","SISEPUEDE",0.124454928815312,0.124454928815312
0,0,"AG - Crops:CH4","Agriculture","AG - Crops",0.124312477786046,2043,"CH4",0,0,"Strategy TX:BASE","BGR","bulgaria","SISEPUEDE",0.124312477786046,0.124312477786046
0,0,"AG - Crops:CH4","Agriculture","AG - Crops",0.124167639140034,2044,"CH4",0,0,"Strategy TX:BASE","BGR","bulgaria","SISEPUEDE",0.124167639140034,0.124167639140034
0,0,"AG - Crops:CH4","Agriculture","AG - Crops",0.124021091971492,2045,"CH4",0,0,"Strategy TX:BASE","BGR","bulgaria","SISEPUEDE",0.124021091971492,0.124021091971492
0,0,"AG - Crops:CH4","Agriculture","AG - Crops",0.123873388339229,2046,"CH4",0,0,"Strategy TX:BASE","BGR","bulgaria","SISEPUEDE",0.123873388339229,0.123873388339229
0,0,"AG - Crops:CH4","Agriculture","AG - Crops",0.123724959590403,2047,"CH4",0,0,"Strategy TX:BASE","BGR","bulgaria","SISEPUEDE",0.123724959590403,0.123724959590403
0,0,"AG - Crops:CH4","Agriculture","AG - Crops",0.123576125136138,2048,"CH4",0,0,"Strategy TX:BASE","BGR","bulgaria","SISEPUEDE",0.123576125136138,0.123576125136138
0,0,"AG - Crops:CH4","Agriculture","AG - Crops",0.123427103396658,2049,"CH4",0,0,"Strategy TX:BASE","BGR","bulgaria","SISEPUEDE",0.123427103396658,0.123427103396658
0,0,"AG - Crops:CH4","Agriculture","AG - Crops",0.12327802470363,2050,"CH4",0,0,"Strategy TX:BASE","BGR","bulgaria","SISEPUEDE",0.12327802470363,0.12327802470363
0,0,"AG - Crops:CO2","Agriculture","AG - Crops",0.09423,2022,"CO2",0,0,"Strategy TX:BASE","BGR","bulgaria","SISEPUEDE",0.09423,0.09423
0,0,"AG - Crops:CO2","Agriculture","AG - Crops",0.103305162040823,2023,"CO2",0,0,"Strategy TX:BASE","BGR","bulgaria","SISEPUEDE",0.103305162040823,0.103305162040823
0,0,"AG - Crops:CO2","Agriculture","AG - Crops",0.112381793861565,2024,"CO2",0,0,"Strategy TX:BASE","BGR","bulgaria","SISEPUEDE",0.112381793861565,0.112381793861565
0,0,"AG - Crops:CO2","Agriculture","AG - Crops",0.121463153570005,2025,"CO2",0,0,"Strategy TX:BASE","BGR","bulgaria","SISEPUEDE",0.121463153570005,0.121463153570005
0,0,"AG - Crops:CO2","Agriculture","AG - Crops",0.130554496311274,2026,"CO2",0,0,"Strategy TX:BASE","BGR","bulgaria","SISEPUEDE",0.130554496311274,0.130554496311274
0,0,"AG - Crops:CO2","Agriculture","AG - Crops",0.139663133415949,2027,"CO2",0,0,"Strategy TX:BASE","BGR","bulgaria","SISEPUEDE",0.139663133415949,0.139663133415949
0,0,"AG - Crops:CO2","Agriculture","AG - Crops",0.148798317594583,2028,"CO2",0,0,"Strategy TX:BASE","BGR","bulgaria","SISEPUEDE",0.148798317594583,0.148798317594583
0,0,"AG - Crops:CO2","Agriculture","AG - Crops",0.157970948571531,2029,"CO2",0,0,"Strategy TX:BASE","BGR","bulgaria","SISEPUEDE",0.157970948571531,0.157970948571531
0,0,"AG - Crops:CO2","Agriculture","AG - Crops",0.167193112594131,2030,"CO2",0,0,"Strategy TX:BASE","BGR","bulgaria","SISEPUEDE",0.167193112594131,0.167193112594131
0,0,"AG - Crops:CO2","Agriculture","AG - Crops",0.176477483469524,2031,"CO2",0,0,"Strategy TX:BASE","BGR","bulgaria","SISEPUEDE",0.176477483469524,0.176477483469524
0,0,"AG - Crops:CO2","Agriculture","AG - Crops",0.18583661580047,2032,"CO2",0,0,"Strategy TX:BASE","BGR","bulgaria","SISEPUEDE",0.18583661580047,0.18583661580047
0,0,"AG - Crops:CO2","Agriculture","AG - Crops",0.195282151716403,2033,"CO2",0,0,"Strategy TX:BASE","BGR","bulgaria","SISEPUEDE",0.195282151716403,0.195282151716403
0,0,"AG - Crops:CO2","Agriculture","AG - Crops",0.204823948124519,2034,"CO2",0,0,"Strategy TX:BASE","BGR","bulgaria","SISEPUEDE",0.204823948124519,0.204823948124519
0,0,"AG - Crops:CO2","Agriculture","AG - Crops",0.214469120480499,2035,"CO2",0,0,"Strategy TX:BASE","BGR","bulgaria","SISEPUEDE",0.214469120480499,0.214469120480499
0,0,"AG - Crops:CO2","Agriculture","AG - Crops",0.224220994180539,2036,"CO2",0,0,"Strategy TX:BASE","BGR","bulgaria","SISEPUEDE",0.224220994180539,0.224220994180539
0,0,"AG - Crops:CO2","Agriculture","AG - Crops",0.234080215114865,2037,"CO2",0,0,"Strategy TX:BASE","BGR","bulgaria","SISEPUEDE",0.234080215114865,0.234080215114865
0,0,"AG - Crops:CO2","Agriculture","AG - Crops",0.244043618801129,2038,"CO2",0,0,"Strategy TX:BASE","BGR","bulgaria","SISEPUEDE",0.244043618801129,0.244043618801129
0,0,"AG - Crops:CO2","Agriculture","AG - Crops",0.254104571768776,2039,"CO2",0,0,"Strategy TX:BASE","BGR","bulgaria","SISEPUEDE",0.254104571768776,0.254104571768776
0,0,"AG - Crops:CO2","Agriculture","AG - Crops",0.264254940817896,2040,"CO2",0,0,"Strategy TX:BASE","BGR","bulgaria","SISEPUEDE",0.264254940817896,0.264254940817896
0,0,"AG - Crops:CO2","Agriculture","AG - Crops",0.274485490408939,2041,"CO2",0,0,"Strategy TX:BASE","BGR","bulgaria","SISEPUEDE",0.274485490408939,0.274485490408939
0,0,"AG - Crops:CO2","Agriculture","AG - Crops",0.28478625113791,2042,"CO2",0,0,"Strategy TX:BASE","BGR","bulgaria","SISEPUEDE",0.28478625113791,0.28478625113791
0,0,"AG - Crops:CO2","Agriculture","AG - Crops",0.295146863526938,2043,"CO2",0,0,"Strategy TX:BASE","BGR","bulgaria","SISEPUEDE",0.295146863526938,0.295146863526938
0,0,"AG - Crops:CO2","Agriculture","AG - Crops",0.30555690188443,2044,"CO2",0,0,"Strategy TX:BASE","BGR","bulgaria","SISEPUEDE",0.30555690188443,0.30555690188443
0,0,"AG - Crops:CO2","Agriculture","AG - Crops",0.316006183333181,2045,"CO2",0,0,"Strategy TX:BASE","BGR","bulgaria","SISEPUEDE",0.316006183333181,0.316006183333181
0,0,"AG - Crops:CO2","Agriculture","AG - Crops",0.326485067231492,2046,"CO2",0,0,"Strategy TX:BASE","BGR","bulgaria","SISEPUEDE",0.326485067231492,0.326485067231492
0,0,"AG - Crops:CO2","Agriculture","AG - Crops",0.336984750452721,2047,"CO2",0,0,"Strategy TX:BASE","BGR","bulgaria","SISEPUEDE",0.336984750452721,0.336984750452721
0,0,"AG - Crops:CO2","Agriculture","AG - Crops",0.34749756373756,2048,"CO2",0,0,"Strategy TX:BASE","BGR","bulgaria","SISEPUEDE",0.34749756373756,0.34749756373756
0,0,"AG - Crops:CO2","Agriculture","AG - Crops",0.358017273859717,2049,"CO2",0,0,"Strategy TX:BASE","BGR","bulgaria","SISEPUEDE",0.358017273859717,0.358017273859717
0,0,"AG - Crops:CO2","Agriculture","AG - Crops",0.368539395710094,2050,"CO2",0,0,"Strategy TX:BASE","BGR","bulgaria","SISEPUEDE",0.368539395710094,0.368539395710094
0,0,"AG - Crops:N2O","Agriculture","AG - Crops",3.40272,2022,"N2O",0,0,"Strategy TX:BASE","BGR","bulgaria","SISEPUEDE",3.40272,3.40272
0,0,"AG - Crops:N2O","Agriculture","AG - Crops",3.40626966963614,2023,"N2O",0,0,"Strategy TX:BASE","BGR","bulgaria","SISEPUEDE",3.40626966963614,3.40626966963614
0,0,"AG - Crops:N2O","Agriculture","AG - Crops",3.40978396506734,2024,"N2O",0,0,"Strategy TX:BASE","BGR","bulgaria","SISEPUEDE",3.40978396506734,3.40978396506734
0,0,"AG - Crops:N2O","Agriculture","AG - Crops",3.41323411960696,2025,"N2O",0,0,"Strategy TX:BASE","BGR","bulgaria","SISEPUEDE",3.41323411960696,3.41323411960696
0,0,"AG - Crops:N2O","Agriculture","AG - Crops",3.41659750061447,2026,"N2O",0,0,"Strategy TX:BASE","BGR","bulgaria","SISEPUEDE",3.41659750061447,3.41659750061447
0,0,"AG - Crops:N2O","Agriculture","AG - Crops",3.41985701628118,2027,"N2O",0,0,"Strategy TX:BASE","BGR","bulgaria","SISEPUEDE",3.41985701628118,3.41985701628118
0,0,"AG - Crops:N2O","Agriculture","AG - Crops",3.42300050362404,2028,"N2O",0,0,"Strategy TX:BASE","BGR","bulgaria","SISEPUEDE",3.42300050362404,3.42300050362404
0,0,"AG - Crops:N2O","Agriculture","AG - Crops",3.42602015571629,2029,"N2O",0,0,"Strategy TX:BASE","BGR","bulgaria","SISEPUEDE",3.42602015571629,3.42602015571629
0,0,"AG - Crops:N2O","Agriculture","AG - Crops",3.42891182684793,2030,"N2O",0,0,"Strategy TX:BASE","BGR","bulgaria","SISEPUEDE",3.42891182684793,3.42891182684793
0,0,"AG - Crops:N2O","Agriculture","AG - Crops",3.43167433826803,2031,"N2O",0,0,"Strategy TX:BASE","BGR","bulgaria","SISEPUEDE",3.43167433826803,3.43167433826803
0,0,"AG - Crops:N2O","Agriculture","AG - Crops",3.43430891435162,2032,"N2O",0,0,"Strategy TX:BASE","BGR","bulgaria","SISEPUEDE",3.43430891435162,3.43430891435162
0,0,"AG - Crops:N2O","Agriculture","AG - Crops",3.43681875665184,2033,"N2O",0,0,"Strategy TX:BASE","BGR","bulgaria","SISEPUEDE",3.43681875665184,3.43681875665184
0,0,"AG - Crops:N2O","Agriculture","AG - Crops",3.43920867525917,2034,"N2O",0,0,"Strategy TX:BASE","BGR","bulgaria","SISEPUEDE",3.43920867525917,3.43920867525917
0,0,"AG - Crops:N2O","Agriculture","AG - Crops",3.44148477512884,2035,"N2O",0,0,"Strategy TX:BASE","BGR","bulgaria","SISEPUEDE",3.44148477512884,3.44148477512884
0,0,"AG - Crops:N2O","Agriculture","AG - Crops",3.44365419631595,2036,"N2O",0,0,"Strategy TX:BASE","BGR","bulgaria","SISEPUEDE",3.44365419631595,3.44365419631595
0,0,"AG - Crops:N2O","Agriculture","AG - Crops",3.44572483923745,2037,"N2O",0,0,"Strategy TX:BASE","BGR","bulgaria","SISEPUEDE",3.44572483923745,3.44572483923745
0,0,"AG - Crops:N2O","Agriculture","AG - Crops",3.44770520186936,2038,"N2O",0,0,"Strategy TX:BASE","BGR","bulgaria","SISEPUEDE",3.44770520186936,3.44770520186936
0,0,"AG - Crops:N2O","Agriculture","AG - Crops",3.44960418846341,2039,"N2O",0,0,"Strategy TX:BASE","BGR","bulgaria","SISEPUEDE",3.44960418846341,3.44960418846341
0,0,"AG - Crops:N2O","Agriculture","AG - Crops",3.45143087756488,2040,"N2O",0,0,"Strategy TX:BASE","BGR","bulgaria","SISEPUEDE",3.45143087756488,3.45143087756488
0,0,"AG - Crops:N2O","Agriculture","AG - Crops",3.45319437340873,2041,"N2O",0,0,"Strategy TX:BASE","BGR","bulgaria","SISEPUEDE",3.45319437340873,3.45319437340873
0,0,"AG - Crops:N2O","Agriculture","AG - Crops",3.45490368013016,2042,"N2O",0,0,"Strategy TX:BASE","BGR","bulgaria","SISEPUEDE",3.45490368013016,3.45490368013016
0,0,"AG - Crops:N2O","Agriculture","AG - Crops",3.45656756820292,2043,"N2O",0,0,"Strategy TX:BASE","BGR","bulgaria","SISEPUEDE",3.45656756820292,3.45656756820292
0,0,"AG - Crops:N2O","Agriculture","AG - Crops",3.45819444814143,2044,"N2O",0,0,"Strategy TX:BASE","BGR","bulgaria","SISEPUEDE",3.45819444814143,3.45819444814143
0,0,"AG - Crops:N2O","Agriculture","AG - Crops",3.45979224512725,2045,"N2O",0,0,"Strategy TX:BASE","BGR","bulgaria","SISEPUEDE",3.45979224512725,3.45979224512725
0,0,"AG - Crops:N2O","Agriculture","AG - Crops",3.46136826791185,2046,"N2O",0,0,"Strategy TX:BASE","BGR","bulgaria","SISEPUEDE",3.46136826791185,3.46136826791185
0,0,"AG - Crops:N2O","Agriculture","AG - Crops",3.4629290723254,2047,"N2O",0,0,"Strategy TX:BASE","BGR","bulgaria","SISEPUEDE",3.4629290723254,3.4629290723254
0,0,"AG - Crops:N2O","Agriculture","AG - Crops",3.46448029968542,2048,"N2O",0,0,"Strategy TX:BASE","BGR","bulgaria","SISEPUEDE",3.46448029968542,3.46448029968542
0,0,"AG - Crops:N2O","Agriculture","AG - Crops",3.4660265018074,2049,"N2O",0,0,"Strategy TX:BASE","BGR","bulgaria","SISEPUEDE",3.4660265018074,3.4660265018074
0,0,"AG - Crops:N2O","Agriculture","AG - Crops",3.46757094492204,2050,"N2O",0,0,"Strategy TX:BASE","BGR","bulgaria","SISEPUEDE",3.46757094492204,3.46757094492204
0,0,"AG - Livestock:CH4","Agriculture","AG - Livestock",1.976805,2022,"CH4",0,0,"Strategy TX:BASE","BGR","bulgaria","SISEPUEDE",1.976805,NA
0,0,"AG - Livestock:CH4","Agriculture","AG - Livestock",2.00879183727582,2023,"CH4",0,0,"Strategy TX:BASE","BGR","bulgaria","SISEPUEDE",2.00879183727582,NA
0,0,"AG - Livestock:CH4","Agriculture","AG - Livestock",2.03967189325515,2024,"CH4",0,0,"Strategy TX:BASE","BGR","bulgaria","SISEPUEDE",2.03967189325515,NA
0,0,"AG - Livestock:CH4","Agriculture","AG - Livestock",2.06997118178055,2025,"CH4",0,0,"Strategy TX:BASE","BGR","bulgaria","SISEPUEDE",2.06997118178055,NA
0,0,"AG - Livestock:CH4","Agriculture","AG - Livestock",2.09983867999649,2026,"CH4",0,0,"Strategy TX:BASE","BGR","bulgaria","SISEPUEDE",2.09983867999649,NA
0,0,"AG - Livestock:CH4","Agriculture","AG - Livestock",2.12920113227379,2027,"CH4",0,0,"Strategy TX:BASE","BGR","bulgaria","SISEPUEDE",2.12920113227379,NA
0,0,"AG - Livestock:CH4","Agriculture","AG - Livestock",2.1582948481301,2028,"CH4",0,0,"Strategy TX:BASE","BGR","bulgaria","SISEPUEDE",2.1582948481301,NA
0,0,"AG - Livestock:CH4","Agriculture","AG - Livestock",2.18705381446404,2029,"CH4",0,0,"Strategy TX:BASE","BGR","bulgaria","SISEPUEDE",2.18705381446404,NA
0,0,"AG - Livestock:CH4","Agriculture","AG - Livestock",2.21541451458309,2030,"CH4",0,0,"Strategy TX:BASE","BGR","bulgaria","SISEPUEDE",2.21541451458309,NA
0,0,"AG - Livestock:CH4","Agriculture","AG - Livestock",2.24342205777632,2031,"CH4",0,0,"Strategy TX:BASE","BGR","bulgaria","SISEPUEDE",2.24342205777632,NA
0,0,"AG - Livestock:CH4","Agriculture","AG - Livestock",2.27106125413824,2032,"CH4",0,0,"Strategy TX:BASE","BGR","bulgaria","SISEPUEDE",2.27106125413824,NA
0,0,"AG - Livestock:CH4","Agriculture","AG - Livestock",2.29834915307912,2033,"CH4",0,0,"Strategy TX:BASE","BGR","bulgaria","SISEPUEDE",2.29834915307912,NA
0,0,"AG - Livestock:CH4","Agriculture","AG - Livestock",2.32532176943378,2034,"CH4",0,0,"Strategy TX:BASE","BGR","bulgaria","SISEPUEDE",2.32532176943378,NA
0,0,"AG - Livestock:CH4","Agriculture","AG - Livestock",2.35210381309629,2035,"CH4",0,0,"Strategy TX:BASE","BGR","bulgaria","SISEPUEDE",2.35210381309629,NA
0,0,"AG - Livestock:CH4","Agriculture","AG - Livestock",2.37857126963929,2036,"CH4",0,0,"Strategy TX:BASE","BGR","bulgaria","SISEPUEDE",2.37857126963929,NA
0,0,"AG - Livestock:CH4","Agriculture","AG - Livestock",2.404692348213,2037,"CH4",0,0,"Strategy TX:BASE","BGR","bulgaria","SISEPUEDE",2.404692348213,NA
0,0,"AG - Livestock:CH4","Agriculture","AG - Livestock",2.4304797103685,2038,"CH4",0,0,"Strategy TX:BASE","BGR","bulgaria","SISEPUEDE",2.4304797103685,NA
0,0,"AG - Livestock:CH4","Agriculture","AG - Livestock",2.45597547534785,2039,"CH4",0,0,"Strategy TX:BASE","BGR","bulgaria","SISEPUEDE",2.45597547534785,NA
0,0,"AG - Livestock:CH4","Agriculture","AG - Livestock",2.48116819364862,2040,"CH4",0,0,"Strategy TX:BASE","BGR","bulgaria","SISEPUEDE",2.48116819364862,NA
0,0,"AG - Livestock:CH4","Agriculture","AG - Livestock",2.50607415323495,2041,"CH4",0,0,"Strategy TX:BASE","BGR","bulgaria","SISEPUEDE",2.50607415323495,NA
0,0,"AG - Livestock:CH4","Agriculture","AG - Livestock",2.53067307719936,2042,"CH4",0,0,"Strategy TX:BASE","BGR","bulgaria","SISEPUEDE",2.53067307719936,NA
0,0,"AG - Livestock:CH4","Agriculture","AG - Livestock",2.55496362650889,2043,"CH4",0,0,"Strategy TX:BASE","BGR","bulgaria","SISEPUEDE",2.55496362650889,NA
0,0,"AG - Livestock:CH4","Agriculture","AG - Livestock",2.57894391754804,2044,"CH4",0,0,"Strategy TX:BASE","BGR","bulgaria","SISEPUEDE",2.57894391754804,NA
0,0,"AG - Livestock:CH4","Agriculture","AG - Livestock",2.60262840054319,2045,"CH4",0,0,"Strategy TX:BASE","BGR","bulgaria","SISEPUEDE",2.60262840054319,NA
0,0,"AG - Livestock:CH4","Agriculture","AG - Livestock",2.62602705449234,2046,"CH4",0,0,"Strategy TX:BASE","BGR","bulgaria","SISEPUEDE",2.62602705449234,NA
0,0,"AG - Livestock:CH4","Agriculture","AG - Livestock",2.64912050368065,2047,"CH4",0,0,"Strategy TX:BASE","BGR","bulgaria","SISEPUEDE",2.64912050368065,NA
0,0,"AG - Livestock:CH4","Agriculture","AG - Livestock",2.67192167436196,2048,"CH4",0,0,"Strategy TX:BASE","BGR","bulgaria","SISEPUEDE",2.67192167436196,NA
0,0,"AG - Livestock:CH4","Agriculture","AG - Livestock",2.69444706235628,2049,"CH4",0,0,"Strategy TX:BASE","BGR","bulgaria","SISEPUEDE",2.69444706235628,NA
0,0,"AG - Livestock:CH4","Agriculture","AG - Livestock",2.7167003632543,2050,"CH4",0,0,"Strategy TX:BASE","BGR","bulgaria","SISEPUEDE",2.7167003632543,NA
0,0,"AG - Livestock:N2O","Agriculture","AG - Livestock",0.306905,2022,"N2O",0,0,"Strategy TX:BASE","BGR","bulgaria","SISEPUEDE",0.306905,NA
0,0,"AG - Livestock:N2O","Agriculture","AG - Livestock",0.310677002591867,2023,"N2O",0,0,"Strategy TX:BASE","BGR","bulgaria","SISEPUEDE",0.310677002591867,NA
0,0,"AG - Livestock:N2O","Agriculture","AG - Livestock",0.314431265683665,2024,"N2O",0,0,"Strategy TX:BASE","BGR","bulgaria","SISEPUEDE",0.314431265683665,NA
0,0,"AG - Livestock:N2O","Agriculture","AG - Livestock",0.317947031796444,2025,"N2O",0,0,"Strategy TX:BASE","BGR","bulgaria","SISEPUEDE",0.317947031796444,NA
0,0,"AG - Livestock:N2O","Agriculture","AG - Livestock",0.32137592627037,2026,"N2O",0,0,"Strategy TX:BASE","BGR","bulgaria","SISEPUEDE",0.32137592627037,NA
0,0,"AG - Livestock:N2O","Agriculture","AG - Livestock",0.324754967531362,2027,"N2O",0,0,"Strategy TX:BASE","BGR","bulgaria","SISEPUEDE",0.324754967531362,NA
0,0,"AG - Livestock:N2O","Agriculture","AG - Livestock",0.327941276590503,2028,"N2O",0,0,"Strategy TX:BASE","BGR","bulgaria","SISEPUEDE",0.327941276590503,NA
0,0,"AG - Livestock:N2O","Agriculture","AG - Livestock",0.331052969847493,2029,"N2O",0,0,"Strategy TX:BASE","BGR","bulgaria","SISEPUEDE",0.331052969847493,NA
0,0,"AG - Livestock:N2O","Agriculture","AG - Livestock",0.334112427797096,2030,"N2O",0,0,"Strategy TX:BASE","BGR","bulgaria","SISEPUEDE",0.334112427797096,NA
0,0,"AG - Livestock:N2O","Agriculture","AG - Livestock",0.337112921610811,2031,"N2O",0,0,"Strategy TX:BASE","BGR","bulgaria","SISEPUEDE",0.337112921610811,NA
0,0,"AG - Livestock:N2O","Agriculture","AG - Livestock",0.340067632857742,2032,"N2O",0,0,"Strategy TX:BASE","BGR","bulgaria","SISEPUEDE",0.340067632857742,NA
0,0,"AG - Livestock:N2O","Agriculture","AG - Livestock",0.34298110844332,2033,"N2O",0,0,"Strategy TX:BASE","BGR","bulgaria","SISEPUEDE",0.34298110844332,NA
0,0,"AG - Livestock:N2O","Agriculture","AG - Livestock",0.345865337193089,2034,"N2O",0,0,"Strategy TX:BASE","BGR","bulgaria","SISEPUEDE",0.345865337193089,NA
0,0,"AG - Livestock:N2O","Agriculture","AG - Livestock",0.348786461766821,2035,"N2O",0,0,"Strategy TX:BASE","BGR","bulgaria","SISEPUEDE",0.348786461766821,NA
0,0,"AG - Livestock:N2O","Agriculture","AG - Livestock",0.351651599767073,2036,"N2O",0,0,"Strategy TX:BASE","BGR","bulgaria","SISEPUEDE",0.351651599767073,NA
0,0,"AG - Livestock:N2O","Agriculture","AG - Livestock",0.354468616676333,2037,"N2O",0,0,"Strategy TX:BASE","BGR","bulgaria","SISEPUEDE",0.354468616676333,NA
0,0,"AG - Livestock:N2O","Agriculture","AG - Livestock",0.357238746706477,2038,"N2O",0,0,"Strategy TX:BASE","BGR","bulgaria","SISEPUEDE",0.357238746706477,NA
0,0,"AG - Livestock:N2O","Agriculture","AG - Livestock",0.359974228880001,2039,"N2O",0,0,"Strategy TX:BASE","BGR","bulgaria","SISEPUEDE",0.359974228880001,NA
0,0,"AG - Livestock:N2O","Agriculture","AG - Livestock",0.36267906956134,2040,"N2O",0,0,"Strategy TX:BASE","BGR","bulgaria","SISEPUEDE",0.36267906956134,NA
0,0,"AG - Livestock:N2O","Agriculture","AG - Livestock",0.365326602102568,2041,"N2O",0,0,"Strategy TX:BASE","BGR","bulgaria","SISEPUEDE",0.365326602102568,NA
0,0,"AG - Livestock:N2O","Agriculture","AG - Livestock",0.367936023808711,2042,"N2O",0,0,"Strategy TX:BASE","BGR","bulgaria","SISEPUEDE",0.367936023808711,NA
0,0,"AG - Livestock:N2O","Agriculture","AG - Livestock",0.370504039481273,2043,"N2O",0,0,"Strategy TX:BASE","BGR","bulgaria","SISEPUEDE",0.370504039481273,NA
0,0,"AG - Livestock:N2O","Agriculture","AG - Livestock",0.373028943526336,2044,"N2O",0,0,"Strategy TX:BASE","BGR","bulgaria","SISEPUEDE",0.373028943526336,NA
0,0,"AG - Livestock:N2O","Agriculture","AG - Livestock",0.375517195969459,2045,"N2O",0,0,"Strategy TX:BASE","BGR","bulgaria","SISEPUEDE",0.375517195969459,NA
0,0,"AG - Livestock:N2O","Agriculture","AG - Livestock",0.377953429928457,2046,"N2O",0,0,"Strategy TX:BASE","BGR","bulgaria","SISEPUEDE",0.377953429928457,NA
0,0,"AG - Livestock:N2O","Agriculture","AG - Livestock",0.380352167526144,2047,"N2O",0,0,"Strategy TX:BASE","BGR","bulgaria","SISEPUEDE",0.380352167526144,NA
0,0,"AG - Livestock:N2O","Agriculture","AG - Livestock",0.382709893418255,2048,"N2O",0,0,"Strategy TX:BASE","BGR","bulgaria","SISEPUEDE",0.382709893418255,NA
0,0,"AG - Livestock:N2O","Agriculture","AG - Livestock",0.385026983237894,2049,"N2O",0,0,"Strategy TX:BASE","BGR","bulgaria","SISEPUEDE",0.385026983237894,NA
0,0,"AG - Livestock:N2O","Agriculture","AG - Livestock",0.387301905074489,2050,"N2O",0,0,"Strategy TX:BASE","BGR","bulgaria","SISEPUEDE",0.387301905074489,NA
0,0,"CCSQ:CH4","CCSQ","CCSQ",0,2022,"CH4",0,0,"Strategy TX:BASE","BGR","bulgaria","SISEPUEDE",0,NA
0,0,"CCSQ:CH4","CCSQ","CCSQ",0,2023,"CH4",0,0,"Strategy TX:BASE","BGR","bulgaria","SISEPUEDE",0,NA
0,0,"CCSQ:CH4","CCSQ","CCSQ",0,2024,"CH4",0,0,"Strategy TX:BASE","BGR","bulgaria","SISEPUEDE",0,NA
0,0,"CCSQ:CH4","CCSQ","CCSQ",0,2025,"CH4",0,0,"Strategy TX:BASE","BGR","bulgaria","SISEPUEDE",0,NA
0,0,"CCSQ:CH4","CCSQ","CCSQ",0,2026,"CH4",0,0,"Strategy TX:BASE","BGR","bulgaria","SISEPUEDE",0,NA
0,0,"CCSQ:CH4","CCSQ","CCSQ",0,2027,"CH4",0,0,"Strategy TX:BASE","BGR","bulgaria","SISEPUEDE",0,NA
0,0,"CCSQ:CH4","CCSQ","CCSQ",0,2028,"CH4",0,0,"Strategy TX:BASE","BGR","bulgaria","SISEPUEDE",0,NA
0,0,"CCSQ:CH4","CCSQ","CCSQ",0,2029,"CH4",0,0,"Strategy TX:BASE","BGR","bulgaria","SISEPUEDE",0,NA
0,0,"CCSQ:CH4","CCSQ","CCSQ",0,2030,"CH4",0,0,"Strategy TX:BASE","BGR","bulgaria","SISEPUEDE",0,NA
0,0,"CCSQ:CH4","CCSQ","CCSQ",0,2031,"CH4",0,0,"Strategy TX:BASE","BGR","bulgaria","SISEPUEDE",0,NA
0,0,"CCSQ:CH4","CCSQ","CCSQ",0,2032,"CH4",0,0,"Strategy TX:BASE","BGR","bulgaria","SISEPUEDE",0,NA
0,0,"CCSQ:CH4","CCSQ","CCSQ",0,2033,"CH4",0,0,"Strategy TX:BASE","BGR","bulgaria","SISEPUEDE",0,NA
0,0,"CCSQ:CH4","CCSQ","CCSQ",0,2034,"CH4",0,0,"Strategy TX:BASE","BGR","bulgaria","SISEPUEDE",0,NA
0,0,"CCSQ:CH4","CCSQ","CCSQ",0,2035,"CH4",0,0,"Strategy TX:BASE","BGR","bulgaria","SISEPUEDE",0,NA
0,0,"CCSQ:CH4","CCSQ","CCSQ",0,2036,"CH4",0,0,"Strategy TX:BASE","BGR","bulgaria","SISEPUEDE",0,NA
0,0,"CCSQ:CH4","CCSQ","CCSQ",0,2037,"CH4",0,0,"Strategy TX:BASE","BGR","bulgaria","SISEPUEDE",0,NA
0,0,"CCSQ:CH4","CCSQ","CCSQ",0,2038,"CH4",0,0,"Strategy TX:BASE","BGR","bulgaria","SISEPUEDE",0,NA
0,0,"CCSQ:CH4","CCSQ","CCSQ",0,2039,"CH4",0,0,"Strategy TX:BASE","BGR","bulgaria","SISEPUEDE",0,NA
0,0,"CCSQ:CH4","CCSQ","CCSQ",0,2040,"CH4",0,0,"Strategy TX:BASE","BGR","bulgaria","SISEPUEDE",0,NA
0,0,"CCSQ:CH4","CCSQ","CCSQ",0,2041,"CH4",0,0,"Strategy TX:BASE","BGR","bulgaria","SISEPUEDE",0,NA
0,0,"CCSQ:CH4","CCSQ","CCSQ",0,2042,"CH4",0,0,"Strategy TX:BASE","BGR","bulgaria","SISEPUEDE",0,NA
0,0,"CCSQ:CH4","CCSQ","CCSQ",0,2043,"CH4",0,0,"Strategy TX:BASE","BGR","bulgaria","SISEPUEDE",0,NA
0,0,"CCSQ:CH4","CCSQ","CCSQ",0,2044,"CH4",0,0,"Strategy TX:BASE","BGR","bulgaria","SISEPUEDE",0,NA
0,0,"CCSQ:CH4","CCSQ","CCSQ",0,2045,"CH4",0,0,"Strategy TX:BASE","BGR","bulgaria","SISEPUEDE",0,NA
0,0,"CCSQ:CH4","CCSQ","CCSQ",0,2046,"CH4",0,0,"Strategy TX:BASE","BGR","bulgaria","SISEPUEDE",0,NA
0,0,"CCSQ:CH4","CCSQ","CCSQ",0,2047,"CH4",0,0,"Strategy TX:BASE","BGR","bulgaria","SISEPUEDE",0,NA
0,0,"CCSQ:CH4","CCSQ","CCSQ",0,2048,"CH4",0,0,"Strategy TX:BASE","BGR","bulgaria","SISEPUEDE",0,NA
0,0,"CCSQ:CH4","CCSQ","CCSQ",0,2049,"CH4",0,0,"Strategy TX:BASE","BGR","bulgaria","SISEPUEDE",0,NA
0,0,"CCSQ:CH4","CCSQ","CCSQ",0,2050,"CH4",0,0,"Strategy TX:BASE","BGR","bulgaria","SISEPUEDE",0,NA
0,0,"CCSQ:CO2","CCSQ","CCSQ",0,2022,"CO2",0,0,"Strategy TX:BASE","BGR","bulgaria","SISEPUEDE",0,NA
0,0,"CCSQ:CO2","CCSQ","CCSQ",0,2023,"CO2",0,0,"Strategy TX:BASE","BGR","bulgaria","SISEPUEDE",0,NA
0,0,"CCSQ:CO2","CCSQ","CCSQ",0,2024,"CO2",0,0,"Strategy TX:BASE","BGR","bulgaria","SISEPUEDE",0,NA
0,0,"CCSQ:CO2","CCSQ","CCSQ",0,2025,"CO2",0,0,"Strategy TX:BASE","BGR","bulgaria","SISEPUEDE",0,NA
0,0,"CCSQ:CO2","CCSQ","CCSQ",0,2026,"CO2",0,0,"Strategy TX:BASE","BGR","bulgaria","SISEPUEDE",0,NA
0,0,"CCSQ:CO2","CCSQ","CCSQ",0,2027,"CO2",0,0,"Strategy TX:BASE","BGR","bulgaria","SISEPUEDE",0,NA
0,0,"CCSQ:CO2","CCSQ","CCSQ",0,2028,"CO2",0,0,"Strategy TX:BASE","BGR","bulgaria","SISEPUEDE",0,NA
0,0,"CCSQ:CO2","CCSQ","CCSQ",0,2029,"CO2",0,0,"Strategy TX:BASE","BGR","bulgaria","SISEPUEDE",0,NA
0,0,"CCSQ:CO2","CCSQ","CCSQ",0,2030,"CO2",0,0,"Strategy TX:BASE","BGR","bulgaria","SISEPUEDE",0,NA
0,0,"CCSQ:CO2","CCSQ","CCSQ",0,2031,"CO2",0,0,"Strategy TX:BASE","BGR","bulgaria","SISEPUEDE",0,NA
0,0,"CCSQ:CO2","CCSQ","CCSQ",0,2032,"CO2",0,0,"Strategy TX:BASE","BGR","bulgaria","SISEPUEDE",0,NA
0,0,"CCSQ:CO2","CCSQ","CCSQ",0,2033,"CO2",0,0,"Strategy TX:BASE","BGR","bulgaria","SISEPUEDE",0,NA
0,0,"CCSQ:CO2","CCSQ","CCSQ",0,2034,"CO2",0,0,"Strategy TX:BASE","BGR","bulgaria","SISEPUEDE",0,NA
0,0,"CCSQ:CO2","CCSQ","CCSQ",0,2035,"CO2",0,0,"Strategy TX:BASE","BGR","bulgaria","SISEPUEDE",0,NA
0,0,"CCSQ:CO2","CCSQ","CCSQ",0,2036,"CO2",0,0,"Strategy TX:BASE","BGR","bulgaria","SISEPUEDE",0,NA
0,0,"CCSQ:CO2","CCSQ","CCSQ",0,2037,"CO2",0,0,"Strategy TX:BASE","BGR","bulgaria","SISEPUEDE",0,NA
0,0,"CCSQ:CO2","CCSQ","CCSQ",0,2038,"CO2",0,0,"Strategy TX:BASE","BGR","bulgaria","SISEPUEDE",0,NA
0,0,"CCSQ:CO2","CCSQ","CCSQ",0,2039,"CO2",0,0,"Strategy TX:BASE","BGR","bulgaria","SISEPUEDE",0,NA
0,0,"CCSQ:CO2","CCSQ","CCSQ",0,2040,"CO2",0,0,"Strategy TX:BASE","BGR","bulgaria","SISEPUEDE",0,NA
0,0,"CCSQ:CO2","CCSQ","CCSQ",0,2041,"CO2",0,0,"Strategy TX:BASE","BGR","bulgaria","SISEPUEDE",0,NA
0,0,"CCSQ:CO2","CCSQ","CCSQ",0,2042,"CO2",0,0,"Strategy TX:BASE","BGR","bulgaria","SISEPUEDE",0,NA
0,0,"CCSQ:CO2","CCSQ","CCSQ",0,2043,"CO2",0,0,"Strategy TX:BASE","BGR","bulgaria","SISEPUEDE",0,NA
0,0,"CCSQ:CO2","CCSQ","CCSQ",0,2044,"CO2",0,0,"Strategy TX:BASE","BGR","bulgaria","SISEPUEDE",0,NA
0,0,"CCSQ:CO2","CCSQ","CCSQ",0,2045,"CO2",0,0,"Strategy TX:BASE","BGR","bulgaria","SISEPUEDE",0,NA
0,0,"CCSQ:CO2","CCSQ","CCSQ",0,2046,"CO2",0,0,"Strategy TX:BASE","BGR","bulgaria","SISEPUEDE",0,NA
0,0,"CCSQ:CO2","CCSQ","CCSQ",0,2047,"CO2",0,0,"Strategy TX:BASE","BGR","bulgaria","SISEPUEDE",0,NA
0,0,"CCSQ:CO2","CCSQ","CCSQ",0,2048,"CO2",0,0,"Strategy TX:BASE","BGR","bulgaria","SISEPUEDE",0,NA
0,0,"CCSQ:CO2","CCSQ","CCSQ",0,2049,"CO2",0,0,"Strategy TX:BASE","BGR","bulgaria","SISEPUEDE",0,NA
0,0,"CCSQ:CO2","CCSQ","CCSQ",0,2050,"CO2",0,0,"Strategy TX:BASE","BGR","bulgaria","SISEPUEDE",0,NA
0,0,"CCSQ:N2O","CCSQ","CCSQ",0,2022,"N2O",0,0,"Strategy TX:BASE","BGR","bulgaria","SISEPUEDE",0,NA
0,0,"CCSQ:N2O","CCSQ","CCSQ",0,2023,"N2O",0,0,"Strategy TX:BASE","BGR","bulgaria","SISEPUEDE",0,NA
0,0,"CCSQ:N2O","CCSQ","CCSQ",0,2024,"N2O",0,0,"Strategy TX:BASE","BGR","bulgaria","SISEPUEDE",0,NA
0,0,"CCSQ:N2O","CCSQ","CCSQ",0,2025,"N2O",0,0,"Strategy TX:BASE","BGR","bulgaria","SISEPUEDE",0,NA
0,0,"CCSQ:N2O","CCSQ","CCSQ",0,2026,"N2O",0,0,"Strategy TX:BASE","BGR","bulgaria","SISEPUEDE",0,NA
0,0,"CCSQ:N2O","CCSQ","CCSQ",0,2027,"N2O",0,0,"Strategy TX:BASE","BGR","bulgaria","SISEPUEDE",0,NA
0,0,"CCSQ:N2O","CCSQ","CCSQ",0,2028,"N2O",0,0,"Strategy TX:BASE","BGR","bulgaria","SISEPUEDE",0,NA
0,0,"CCSQ:N2O","CCSQ","CCSQ",0,2029,"N2O",0,0,"Strategy TX:BASE","BGR","bulgaria","SISEPUEDE",0,NA
0,0,"CCSQ:N2O","CCSQ","CCSQ",0,2030,"N2O",0,0,"Strategy TX:BASE","BGR","bulgaria","SISEPUEDE",0,NA
0,0,"CCSQ:N2O","CCSQ","CCSQ",0,2031,"N2O",0,0,"Strategy TX:BASE","BGR","bulgaria","SISEPUEDE",0,NA
0,0,"CCSQ:N2O","CCSQ","CCSQ",0,2032,"N2O",0,0,"Strategy TX:BASE","BGR","bulgaria","SISEPUEDE",0,NA
0,0,"CCSQ:N2O","CCSQ","CCSQ",0,2033,"N2O",0,0,"Strategy TX:BASE","BGR","bulgaria","SISEPUEDE",0,NA
0,0,"CCSQ:N2O","CCSQ","CCSQ",0,2034,"N2O",0,0,"Strategy TX:BASE","BGR","bulgaria","SISEPUEDE",0,NA
0,0,"CCSQ:N2O","CCSQ","CCSQ",0,2035,"N2O",0,0,"Strategy TX:BASE","BGR","bulgaria","SISEPUEDE",0,NA
0,0,"CCSQ:N2O","CCSQ","CCSQ",0,2036,"N2O",0,0,"Strategy TX:BASE","BGR","bulgaria","SISEPUEDE",0,NA
0,0,"CCSQ:N2O","CCSQ","CCSQ",0,2037,"N2O",0,0,"Strategy TX:BASE","BGR","bulgaria","SISEPUEDE",0,NA
0,0,"CCSQ:N2O","CCSQ","CCSQ",0,2038,"N2O",0,0,"Strategy TX:BASE","BGR","bulgaria","SISEPUEDE",0,NA
0,0,"CCSQ:N2O","CCSQ","CCSQ",0,2039,"N2O",0,0,"Strategy TX:BASE","BGR","bulgaria","SISEPUEDE",0,NA
0,0,"CCSQ:N2O","CCSQ","CCSQ",0,2040,"N2O",0,0,"Strategy TX:BASE","BGR","bulgaria","SISEPUEDE",0,NA
0,0,"CCSQ:N2O","CCSQ","CCSQ",0,2041,"N2O",0,0,"Strategy TX:BASE","BGR","bulgaria","SISEPUEDE",0,NA
0,0,"CCSQ:N2O","CCSQ","CCSQ",0,2042,"N2O",0,0,"Strategy TX:BASE","BGR","bulgaria","SISEPUEDE",0,NA
0,0,"CCSQ:N2O","CCSQ","CCSQ",0,2043,"N2O",0,0,"Strategy TX:BASE","BGR","bulgaria","SISEPUEDE",0,NA
0,0,"CCSQ:N2O","CCSQ","CCSQ",0,2044,"N2O",0,0,"Strategy TX:BASE","BGR","bulgaria","SISEPUEDE",0,NA
0,0,"CCSQ:N2O","CCSQ","CCSQ",0,2045,"N2O",0,0,"Strategy TX:BASE","BGR","bulgaria","SISEPUEDE",0,NA
0,0,"CCSQ:N2O","CCSQ","CCSQ",0,2046,"N2O",0,0,"Strategy TX:BASE","BGR","bulgaria","SISEPUEDE",0,NA
0,0,"CCSQ:N2O","CCSQ","CCSQ",0,2047,"N2O",0,0,"Strategy TX:BASE","BGR","bulgaria","SISEPUEDE",0,NA
0,0,"CCSQ:N2O","CCSQ","CCSQ",0,2048,"N2O",0,0,"Strategy TX:BASE","BGR","bulgaria","SISEPUEDE",0,NA
0,0,"CCSQ:N2O","CCSQ","CCSQ",0,2049,"N2O",0,0,"Strategy TX:BASE","BGR","bulgaria","SISEPUEDE",0,NA
0,0,"CCSQ:N2O","CCSQ","CCSQ",0,2050,"N2O",0,0,"Strategy TX:BASE","BGR","bulgaria","SISEPUEDE",0,NA
0,0,"EN - Building:CH4","Energy","EN - Building",0.415001286,2022,"CH4",0,0,"Strategy TX:BASE","BGR","bulgaria","SISEPUEDE",0.415001286,NA
0,0,"EN - Building:CH4","Energy","EN - Building",0.414772257763771,2023,"CH4",0,0,"Strategy TX:BASE","BGR","bulgaria","SISEPUEDE",0.414772257763771,NA
0,0,"EN - Building:CH4","Energy","EN - Building",0.415659268726987,2024,"CH4",0,0,"Strategy TX:BASE","BGR","bulgaria","SISEPUEDE",0.415659268726987,NA
0,0,"EN - Building:CH4","Energy","EN - Building",0.416381444966093,2025,"CH4",0,0,"Strategy TX:BASE","BGR","bulgaria","SISEPUEDE",0.416381444966093,NA
0,0,"EN - Building:CH4","Energy","EN - Building",0.417645732295096,2026,"CH4",0,0,"Strategy TX:BASE","BGR","bulgaria","SISEPUEDE",0.417645732295096,NA
0,0,"EN - Building:CH4","Energy","EN - Building",0.419834952138594,2027,"CH4",0,0,"Strategy TX:BASE","BGR","bulgaria","SISEPUEDE",0.419834952138594,NA
0,0,"EN - Building:CH4","Energy","EN - Building",0.421358334868361,2028,"CH4",0,0,"Strategy TX:BASE","BGR","bulgaria","SISEPUEDE",0.421358334868361,NA
0,0,"EN - Building:CH4","Energy","EN - Building",0.423126352523493,2029,"CH4",0,0,"Strategy TX:BASE","BGR","bulgaria","SISEPUEDE",0.423126352523493,NA
0,0,"EN - Building:CH4","Energy","EN - Building",0.425457828967565,2030,"CH4",0,0,"Strategy TX:BASE","BGR","bulgaria","SISEPUEDE",0.425457828967565,NA
0,0,"EN - Building:CH4","Energy","EN - Building",0.42816748200833,2031,"CH4",0,0,"Strategy TX:BASE","BGR","bulgaria","SISEPUEDE",0.42816748200833,NA
0,0,"EN - Building:CH4","Energy","EN - Building",0.431429165771505,2032,"CH4",0,0,"Strategy TX:BASE","BGR","bulgaria","SISEPUEDE",0.431429165771505,NA
0,0,"EN - Building:CH4","Energy","EN - Building",0.435226371376095,2033,"CH4",0,0,"Strategy TX:BASE","BGR","bulgaria","SISEPUEDE",0.435226371376095,NA
0,0,"EN - Building:CH4","Energy","EN - Building",0.439522936371714,2034,"CH4",0,0,"Strategy TX:BASE","BGR","bulgaria","SISEPUEDE",0.439522936371714,NA
0,0,"EN - Building:CH4","Energy","EN - Building",0.444396394258294,2035,"CH4",0,0,"Strategy TX:BASE","BGR","bulgaria","SISEPUEDE",0.444396394258294,NA
0,0,"EN - Building:CH4","Energy","EN - Building",0.449450886090651,2036,"CH4",0,0,"Strategy TX:BASE","BGR","bulgaria","SISEPUEDE",0.449450886090651,NA
0,0,"EN - Building:CH4","Energy","EN - Building",0.454949962454992,2037,"CH4",0,0,"Strategy TX:BASE","BGR","bulgaria","SISEPUEDE",0.454949962454992,NA
0,0,"EN - Building:CH4","Energy","EN - Building",0.46085878441356,2038,"CH4",0,0,"Strategy TX:BASE","BGR","bulgaria","SISEPUEDE",0.46085878441356,NA
0,0,"EN - Building:CH4","Energy","EN - Building",0.467085651028852,2039,"CH4",0,0,"Strategy TX:BASE","BGR","bulgaria","SISEPUEDE",0.467085651028852,NA
0,0,"EN - Building:CH4","Energy","EN - Building",0.473800016863147,2040,"CH4",0,0,"Strategy TX:BASE","BGR","bulgaria","SISEPUEDE",0.473800016863147,NA
0,0,"EN - Building:CH4","Energy","EN - Building",0.480401340812793,2041,"CH4",0,0,"Strategy TX:BASE","BGR","bulgaria","SISEPUEDE",0.480401340812793,NA
0,0,"EN - Building:CH4","Energy","EN - Building",0.487404630869521,2042,"CH4",0,0,"Strategy TX:BASE","BGR","bulgaria","SISEPUEDE",0.487404630869521,NA
0,0,"EN - Building:CH4","Energy","EN - Building",0.494818073172927,2043,"CH4",0,0,"Strategy TX:BASE","BGR","bulgaria","SISEPUEDE",0.494818073172927,NA
0,0,"EN - Building:CH4","Energy","EN - Building",0.502626849015626,2044,"CH4",0,0,"Strategy TX:BASE","BGR","bulgaria","SISEPUEDE",0.502626849015626,NA
0,0,"EN - Building:CH4","Energy","EN - Building",0.510955109790421,2045,"CH4",0,0,"Strategy TX:BASE","BGR","bulgaria","SISEPUEDE",0.510955109790421,NA
0,0,"EN - Building:CH4","Energy","EN - Building",0.519322531448818,2046,"CH4",0,0,"Strategy TX:BASE","BGR","bulgaria","SISEPUEDE",0.519322531448818,NA
0,0,"EN - Building:CH4","Energy","EN - Building",0.528291489945982,2047,"CH4",0,0,"Strategy TX:BASE","BGR","bulgaria","SISEPUEDE",0.528291489945982,NA
0,0,"EN - Building:CH4","Energy","EN - Building",0.537704249008159,2048,"CH4",0,0,"Strategy TX:BASE","BGR","bulgaria","SISEPUEDE",0.537704249008159,NA
0,0,"EN - Building:CH4","Energy","EN - Building",0.547421311629588,2049,"CH4",0,0,"Strategy TX:BASE","BGR","bulgaria","SISEPUEDE",0.547421311629588,NA
0,0,"EN - Building:CH4","Energy","EN - Building",0.557309831229003,2050,"CH4",0,0,"Strategy TX:BASE","BGR","bulgaria","SISEPUEDE",0.557309831229003,NA
0,0,"EN - Building:CO2","Energy","EN - Building",1.695735954,2022,"CO2",0,0,"Strategy TX:BASE","BGR","bulgaria","SISEPUEDE",1.695735954,NA
0,0,"EN - Building:CO2","Energy","EN - Building",1.69923105797991,2023,"CO2",0,0,"Strategy TX:BASE","BGR","bulgaria","SISEPUEDE",1.69923105797991,NA
0,0,"EN - Building:CO2","Energy","EN - Building",1.7108409615925,2024,"CO2",0,0,"Strategy TX:BASE","BGR","bulgaria","SISEPUEDE",1.7108409615925,NA
0,0,"EN - Building:CO2","Energy","EN - Building",1.72163437497405,2025,"CO2",0,0,"Strategy TX:BASE","BGR","bulgaria","SISEPUEDE",1.72163437497405,NA
0,0,"EN - Building:CO2","Energy","EN - Building",1.73480573535642,2026,"CO2",0,0,"Strategy TX:BASE","BGR","bulgaria","SISEPUEDE",1.73480573535642,NA
0,0,"EN - Building:CO2","Energy","EN - Building",1.75263649947187,2027,"CO2",0,0,"Strategy TX:BASE","BGR","bulgaria","SISEPUEDE",1.75263649947187,NA
0,0,"EN - Building:CO2","Energy","EN - Building",1.76628488515799,2028,"CO2",0,0,"Strategy TX:BASE","BGR","bulgaria","SISEPUEDE",1.76628488515799,NA
0,0,"EN - Building:CO2","Energy","EN - Building",1.78072979597902,2029,"CO2",0,0,"Strategy TX:BASE","BGR","bulgaria","SISEPUEDE",1.78072979597902,NA
0,0,"EN - Building:CO2","Energy","EN - Building",1.79780974523635,2030,"CO2",0,0,"Strategy TX:BASE","BGR","bulgaria","SISEPUEDE",1.79780974523635,NA
0,0,"EN - Building:CO2","Energy","EN - Building",1.81653648276257,2031,"CO2",0,0,"Strategy TX:BASE","BGR","bulgaria","SISEPUEDE",1.81653648276257,NA
0,0,"EN - Building:CO2","Energy","EN - Building",1.83788005087018,2032,"CO2",0,0,"Strategy TX:BASE","BGR","bulgaria","SISEPUEDE",1.83788005087018,NA
0,0,"EN - Building:CO2","Energy","EN - Building",1.86175182381128,2033,"CO2",0,0,"Strategy TX:BASE","BGR","bulgaria","SISEPUEDE",1.86175182381128,NA
0,0,"EN - Building:CO2","Energy","EN - Building",1.88791570531306,2034,"CO2",0,0,"Strategy TX:BASE","BGR","bulgaria","SISEPUEDE",1.88791570531306,NA
0,0,"EN - Building:CO2","Energy","EN - Building",1.91646720359756,2035,"CO2",0,0,"Strategy TX:BASE","BGR","bulgaria","SISEPUEDE",1.91646720359756,NA
0,0,"EN - Building:CO2","Energy","EN - Building",1.94580359798009,2036,"CO2",0,0,"Strategy TX:BASE","BGR","bulgaria","SISEPUEDE",1.94580359798009,NA
0,0,"EN - Building:CO2","Energy","EN - Building",1.97735115539849,2037,"CO2",0,0,"Strategy TX:BASE","BGR","bulgaria","SISEPUEDE",1.97735115539849,NA
0,0,"EN - Building:CO2","Energy","EN - Building",2.01094040101847,2038,"CO2",0,0,"Strategy TX:BASE","BGR","bulgaria","SISEPUEDE",2.01094040101847,NA
0,0,"EN - Building:CO2","Energy","EN - Building",2.04604422561642,2039,"CO2",0,0,"Strategy TX:BASE","BGR","bulgaria","SISEPUEDE",2.04604422561642,NA
0,0,"EN - Building:CO2","Energy","EN - Building",2.08358766995757,2040,"CO2",0,0,"Strategy TX:BASE","BGR","bulgaria","SISEPUEDE",2.08358766995757,NA
0,0,"EN - Building:CO2","Energy","EN - Building",2.12048009187716,2041,"CO2",0,0,"Strategy TX:BASE","BGR","bulgaria","SISEPUEDE",2.12048009187716,NA
0,0,"EN - Building:CO2","Energy","EN - Building",2.15942710847108,2042,"CO2",0,0,"Strategy TX:BASE","BGR","bulgaria","SISEPUEDE",2.15942710847108,NA
0,0,"EN - Building:CO2","Energy","EN - Building",2.20050497374481,2043,"CO2",0,0,"Strategy TX:BASE","BGR","bulgaria","SISEPUEDE",2.20050497374481,NA
0,0,"EN - Building:CO2","Energy","EN - Building",2.2436651135708,2044,"CO2",0,0,"Strategy TX:BASE","BGR","bulgaria","SISEPUEDE",2.2436651135708,NA
0,0,"EN - Building:CO2","Energy","EN - Building",2.2895631866484,2045,"CO2",0,0,"Strategy TX:BASE","BGR","bulgaria","SISEPUEDE",2.2895631866484,NA
0,0,"EN - Building:CO2","Energy","EN - Building",2.33571888274511,2046,"CO2",0,0,"Strategy TX:BASE","BGR","bulgaria","SISEPUEDE",2.33571888274511,NA
0,0,"EN - Building:CO2","Energy","EN - Building",2.38509227403678,2047,"CO2",0,0,"Strategy TX:BASE","BGR","bulgaria","SISEPUEDE",2.38509227403678,NA
0,0,"EN - Building:CO2","Energy","EN - Building",2.43687753327867,2048,"CO2",0,0,"Strategy TX:BASE","BGR","bulgaria","SISEPUEDE",2.43687753327867,NA
0,0,"EN - Building:CO2","Energy","EN - Building",2.49034435952396,2049,"CO2",0,0,"Strategy TX:BASE","BGR","bulgaria","SISEPUEDE",2.49034435952396,NA
0,0,"EN - Building:CO2","Energy","EN - Building",2.54480514458727,2050,"CO2",0,0,"Strategy TX:BASE","BGR","bulgaria","SISEPUEDE",2.54480514458727,NA
0,0,"EN - Building:N2O","Energy","EN - Building",0.087103271,2022,"N2O",0,0,"Strategy TX:BASE","BGR","bulgaria","SISEPUEDE",0.087103271,NA
0,0,"EN - Building:N2O","Energy","EN - Building",0.0870436389703112,2023,"N2O",0,0,"Strategy TX:BASE","BGR","bulgaria","SISEPUEDE",0.0870436389703112,NA
0,0,"EN - Building:N2O","Energy","EN - Building",0.087208973564521,2024,"N2O",0,0,"Strategy TX:BASE","BGR","bulgaria","SISEPUEDE",0.087208973564521,NA
0,0,"EN - Building:N2O","Energy","EN - Building",0.0873400845709851,2025,"N2O",0,0,"Strategy TX:BASE","BGR","bulgaria","SISEPUEDE",0.0873400845709851,NA
0,0,"EN - Building:N2O","Energy","EN - Building",0.0875845526305532,2026,"N2O",0,0,"Strategy TX:BASE","BGR","bulgaria","SISEPUEDE",0.0875845526305532,NA
0,0,"EN - Building:N2O","Energy","EN - Building",0.0880208554052187,2027,"N2O",0,0,"Strategy TX:BASE","BGR","bulgaria","SISEPUEDE",0.0880208554052187,NA
0,0,"EN - Building:N2O","Energy","EN - Building",0.0883212219440287,2028,"N2O",0,0,"Strategy TX:BASE","BGR","bulgaria","SISEPUEDE",0.0883212219440287,NA
0,0,"EN - Building:N2O","Energy","EN - Building",0.0886734640195871,2029,"N2O",0,0,"Strategy TX:BASE","BGR","bulgaria","SISEPUEDE",0.0886734640195871,NA
0,0,"EN - Building:N2O","Energy","EN - Building",0.0891431005096038,2030,"N2O",0,0,"Strategy TX:BASE","BGR","bulgaria","SISEPUEDE",0.0891431005096038,NA
0,0,"EN - Building:N2O","Energy","EN - Building",0.0896918463468576,2031,"N2O",0,0,"Strategy TX:BASE","BGR","bulgaria","SISEPUEDE",0.0896918463468576,NA
0,0,"EN - Building:N2O","Energy","EN - Building",0.0903555136616416,2032,"N2O",0,0,"Strategy TX:BASE","BGR","bulgaria","SISEPUEDE",0.0903555136616416,NA
0,0,"EN - Building:N2O","Energy","EN - Building",0.0911306926963353,2033,"N2O",0,0,"Strategy TX:BASE","BGR","bulgaria","SISEPUEDE",0.0911306926963353,NA
0,0,"EN - Building:N2O","Energy","EN - Building",0.0920100239268579,2034,"N2O",0,0,"Strategy TX:BASE","BGR","bulgaria","SISEPUEDE",0.0920100239268579,NA
0,0,"EN - Building:N2O","Energy","EN - Building",0.093010358068699,2035,"N2O",0,0,"Strategy TX:BASE","BGR","bulgaria","SISEPUEDE",0.093010358068699,NA
0,0,"EN - Building:N2O","Energy","EN - Building",0.0940485709613578,2036,"N2O",0,0,"Strategy TX:BASE","BGR","bulgaria","SISEPUEDE",0.0940485709613578,NA
0,0,"EN - Building:N2O","Energy","EN - Building",0.0951790667294423,2037,"N2O",0,0,"Strategy TX:BASE","BGR","bulgaria","SISEPUEDE",0.0951790667294423,NA
0,0,"EN - Building:N2O","Energy","EN - Building",0.0963946039069324,2038,"N2O",0,0,"Strategy TX:BASE","BGR","bulgaria","SISEPUEDE",0.0963946039069324,NA
0,0,"EN - Building:N2O","Energy","EN - Building",0.0976763333797037,2039,"N2O",0,0,"Strategy TX:BASE","BGR","bulgaria","SISEPUEDE",0.0976763333797037,NA
0,0,"EN - Building:N2O","Energy","EN - Building",0.0990592143854268,2040,"N2O",0,0,"Strategy TX:BASE","BGR","bulgaria","SISEPUEDE",0.0990592143854268,NA
0,0,"EN - Building:N2O","Energy","EN - Building",0.100418862890891,2041,"N2O",0,0,"Strategy TX:BASE","BGR","bulgaria","SISEPUEDE",0.100418862890891,NA
0,0,"EN - Building:N2O","Energy","EN - Building",0.10186180336986,2042,"N2O",0,0,"Strategy TX:BASE","BGR","bulgaria","SISEPUEDE",0.10186180336986,NA
0,0,"EN - Building:N2O","Energy","EN - Building",0.103389642290593,2043,"N2O",0,0,"Strategy TX:BASE","BGR","bulgaria","SISEPUEDE",0.103389642290593,NA
0,0,"EN - Building:N2O","Energy","EN - Building",0.104999238151246,2044,"N2O",0,0,"Strategy TX:BASE","BGR","bulgaria","SISEPUEDE",0.104999238151246,NA
0,0,"EN - Building:N2O","Energy","EN - Building",0.106716261544814,2045,"N2O",0,0,"Strategy TX:BASE","BGR","bulgaria","SISEPUEDE",0.106716261544814,NA
0,0,"EN - Building:N2O","Energy","EN - Building",0.108441249592158,2046,"N2O",0,0,"Strategy TX:BASE","BGR","bulgaria","SISEPUEDE",0.108441249592158,NA
0,0,"EN - Building:N2O","Energy","EN - Building",0.110290509750218,2047,"N2O",0,0,"Strategy TX:BASE","BGR","bulgaria","SISEPUEDE",0.110290509750218,NA
0,0,"EN - Building:N2O","Energy","EN - Building",0.112231356163288,2048,"N2O",0,0,"Strategy TX:BASE","BGR","bulgaria","SISEPUEDE",0.112231356163288,NA
0,0,"EN - Building:N2O","Energy","EN - Building",0.114234928549918,2049,"N2O",0,0,"Strategy TX:BASE","BGR","bulgaria","SISEPUEDE",0.114234928549918,NA
0,0,"EN - Building:N2O","Energy","EN - Building",0.116273721970898,2050,"N2O",0,0,"Strategy TX:BASE","BGR","bulgaria","SISEPUEDE",0.116273721970898,NA
0,0,"EN - Electricity/Heat:CH4","Energy","EN - Electricity/Heat",0.023683908,2022,"CH4",0,0,"Strategy TX:BASE","BGR","bulgaria","SISEPUEDE",0.023683908,0.023683908
0,0,"EN - Electricity/Heat:CH4","Energy","EN - Electricity/Heat",0.0241146369789222,2023,"CH4",0,0,"Strategy TX:BASE","BGR","bulgaria","SISEPUEDE",0.021444853414312,0.0241146369789222
0,0,"EN - Electricity/Heat:CH4","Energy","EN - Electricity/Heat",0.0245468146873094,2024,"CH4",0,0,"Strategy TX:BASE","BGR","bulgaria","SISEPUEDE",0.0217903394991952,0.0245468146873094
0,0,"EN - Electricity/Heat:CH4","Energy","EN - Electricity/Heat",0.0249816699693638,2025,"CH4",0,0,"Strategy TX:BASE","BGR","bulgaria","SISEPUEDE",0.022098395336121,0.0249816699693638
0,0,"EN - Electricity/Heat:CH4","Energy","EN - Electricity/Heat",0.0254201576017601,2026,"CH4",0,0,"Strategy TX:BASE","BGR","bulgaria","SISEPUEDE",0.0226857073326923,0.0254201576017601
0,0,"EN - Electricity/Heat:CH4","Energy","EN - Electricity/Heat",0.0258628790439922,2027,"CH4",0,0,"Strategy TX:BASE","BGR","bulgaria","SISEPUEDE",0.0233527187921857,0.0258628790439922
0,0,"EN - Electricity/Heat:CH4","Energy","EN - Electricity/Heat",0.0263101754536007,2028,"CH4",0,0,"Strategy TX:BASE","BGR","bulgaria","SISEPUEDE",0.0238346142980957,0.0263101754536007
0,0,"EN - Electricity/Heat:CH4","Energy","EN - Electricity/Heat",0.026762267867434,2029,"CH4",0,0,"Strategy TX:BASE","BGR","bulgaria","SISEPUEDE",0.0242836018317696,0.026762267867434
0,0,"EN - Electricity/Heat:CH4","Energy","EN - Electricity/Heat",0.0272192788260835,2030,"CH4",0,0,"Strategy TX:BASE","BGR","bulgaria","SISEPUEDE",0.0247528203318447,0.0272192788260835
0,0,"EN - Electricity/Heat:CH4","Energy","EN - Electricity/Heat",0.0276812304333331,2031,"CH4",0,0,"Strategy TX:BASE","BGR","bulgaria","SISEPUEDE",0.0252168357490973,0.0276812304333331
0,0,"EN - Electricity/Heat:CH4","Energy","EN - Electricity/Heat",0.0281480519858729,2032,"CH4",0,0,"Strategy TX:BASE","BGR","bulgaria","SISEPUEDE",0.0256993743876986,0.0281480519858729
0,0,"EN - Electricity/Heat:CH4","Energy","EN - Electricity/Heat",0.0286195812631804,2033,"CH4",0,0,"Strategy TX:BASE","BGR","bulgaria","SISEPUEDE",0.0261970855545268,0.0286195812631804
0,0,"EN - Electricity/Heat:CH4","Energy","EN - Electricity/Heat",0.0290955743506992,2034,"CH4",0,0,"Strategy TX:BASE","BGR","bulgaria","SISEPUEDE",0.0267037215240771,0.0290955743506992
0,0,"EN - Electricity/Heat:CH4","Energy","EN - Electricity/Heat",0.0295757220035202,2035,"CH4",0,0,"Strategy TX:BASE","BGR","bulgaria","SISEPUEDE",0.0272204871050954,0.0295757220035202
0,0,"EN - Electricity/Heat:CH4","Energy","EN - Electricity/Heat",0.0300596687981825,2036,"CH4",0,0,"Strategy TX:BASE","BGR","bulgaria","SISEPUEDE",0.0277188342826993,0.0300596687981825
0,0,"EN - Electricity/Heat:CH4","Energy","EN - Electricity/Heat",0.0305470360188788,2037,"CH4",0,0,"Strategy TX:BASE","BGR","bulgaria","SISEPUEDE",0.028226565198603,0.0305470360188788
0,0,"EN - Electricity/Heat:CH4","Energy","EN - Electricity/Heat",0.0310374306576947,2038,"CH4",0,0,"Strategy TX:BASE","BGR","bulgaria","SISEPUEDE",0.028739869828997,0.0310374306576947
0,0,"EN - Electricity/Heat:CH4","Energy","EN - Electricity/Heat",0.0315304581419179,2039,"CH4",0,0,"Strategy TX:BASE","BGR","bulgaria","SISEPUEDE",0.0292499026119985,0.0315304581419179
0,0,"EN - Electricity/Heat:CH4","Energy","EN - Electricity/Heat",0.0320257366527836,2040,"CH4",0,0,"Strategy TX:BASE","BGR","bulgaria","SISEPUEDE",0.0297721618999041,0.0320257366527836
0,0,"EN - Electricity/Heat:CH4","Energy","EN - Electricity/Heat",0.0325229077537855,2041,"CH4",0,0,"Strategy TX:BASE","BGR","bulgaria","SISEPUEDE",0.0302562599245064,0.0325229077537855
0,0,"EN - Electricity/Heat:CH4","Energy","EN - Electricity/Heat",0.033021653253662,2042,"CH4",0,0,"Strategy TX:BASE","BGR","bulgaria","SISEPUEDE",0.0307463773800991,0.033021653253662
0,0,"EN - Electricity/Heat:CH4","Energy","EN - Electricity/Heat",0.033521687035723,2043,"CH4",0,0,"Strategy TX:BASE","BGR","bulgaria","SISEPUEDE",0.0312427207162094,0.033521687035723
0,0,"EN - Electricity/Heat:CH4","Energy","EN - Electricity/Heat",0.0340227496653227,2044,"CH4",0,0,"Strategy TX:BASE","BGR","bulgaria","SISEPUEDE",0.0317435896638836,0.0340227496653227
0,0,"EN - Electricity/Heat:CH4","Energy","EN - Electricity/Heat",0.0345246060833305,2045,"CH4",0,0,"Strategy TX:BASE","BGR","bulgaria","SISEPUEDE",0.0322577095660866,0.0345246060833305
0,0,"EN - Electricity/Heat:CH4","Energy","EN - Electricity/Heat",0.0350270454850798,2046,"CH4",0,0,"Strategy TX:BASE","BGR","bulgaria","SISEPUEDE",0.0327499211655166,0.0350270454850798
0,0,"EN - Electricity/Heat:CH4","Energy","EN - Electricity/Heat",0.0355298889850461,2047,"CH4",0,0,"Strategy TX:BASE","BGR","bulgaria","SISEPUEDE",0.0332598662452426,0.0355298889850461
0,0,"EN - Electricity/Heat:CH4","Energy","EN - Electricity/Heat",0.0360329832244698,2048,"CH4",0,0,"Strategy TX:BASE","BGR","bulgaria","SISEPUEDE",0.0337756873112036,0.0360329832244698
0,0,"EN - Electricity/Heat:CH4","Energy","EN - Electricity/Heat",0.0365362048098443,2049,"CH4",0,0,"Strategy TX:BASE","BGR","bulgaria","SISEPUEDE",0.0342880009046315,0.0365362048098443
0,0,"EN - Electricity/Heat:CH4","Energy","EN - Electricity/Heat",0.037039468267182,2050,"CH4",0,0,"Strategy TX:BASE","BGR","bulgaria","SISEPUEDE",0.0347884962643188,0.037039468267182
0,0,"EN - Electricity/Heat:CO2","Energy","EN - Electricity/Heat",25.09105165,2022,"CO2",0,0,"Strategy TX:BASE","BGR","bulgaria","SISEPUEDE",25.09105165,25.09105165
0,0,"EN - Electricity/Heat:CO2","Energy","EN - Electricity/Heat",25.6052014410943,2023,"CO2",0,0,"Strategy TX:BASE","BGR","bulgaria","SISEPUEDE",25.6052014410943,25.6052014410943
0,0,"EN - Electricity/Heat:CO2","Energy","EN - Electricity/Heat",26.1203670265254,2024,"CO2",0,0,"Strategy TX:BASE","BGR","bulgaria","SISEPUEDE",26.1203670265254,26.1203670265254
0,0,"EN - Electricity/Heat:CO2","Energy","EN - Electricity/Heat",26.637469367143,2025,"CO2",0,0,"Strategy TX:BASE","BGR","bulgaria","SISEPUEDE",26.637469367143,26.637469367143
0,0,"EN - Electricity/Heat:CO2","Energy","EN - Electricity/Heat",27.1572480511138,2026,"CO2",0,0,"Strategy TX:BASE","BGR","bulgaria","SISEPUEDE",27.1572480511138,27.1572480511138
0,0,"EN - Electricity/Heat:CO2","Energy","EN - Electricity/Heat",27.6801481523123,2027,"CO2",0,0,"Strategy TX:BASE","BGR","bulgaria","SISEPUEDE",27.6801481523123,27.6801481523123
0,0,"EN - Electricity/Heat:CO2","Energy","EN - Electricity/Heat",28.2064094197374,2028,"CO2",0,0,"Strategy TX:BASE","BGR","bulgaria","SISEPUEDE",28.2064094197374,28.2064094197374
0,0,"EN - Electricity/Heat:CO2","Energy","EN - Electricity/Heat",28.7362100851754,2029,"CO2",0,0,"Strategy TX:BASE","BGR","bulgaria","SISEPUEDE",28.7362100851754,28.7362100851754
0,0,"EN - Electricity/Heat:CO2","Energy","EN - Electricity/Heat",29.2696778704133,2030,"CO2",0,0,"Strategy TX:BASE","BGR","bulgaria","SISEPUEDE",29.2696778704133,29.2696778704133
0,0,"EN - Electricity/Heat:CO2","Energy","EN - Electricity/Heat",29.8068756624993,2031,"CO2",0,0,"Strategy TX:BASE","BGR","bulgaria","SISEPUEDE",29.8068756624993,29.8068756624993
0,0,"EN - Electricity/Heat:CO2","Energy","EN - Electricity/Heat",30.3477993653132,2032,"CO2",0,0,"Strategy TX:BASE","BGR","bulgaria","SISEPUEDE",30.3477993653132,30.3477993653132
0,0,"EN - Electricity/Heat:CO2","Energy","EN - Electricity/Heat",30.8923698806022,2033,"CO2",0,0,"Strategy TX:BASE","BGR","bulgaria","SISEPUEDE",30.8923698806022,30.8923698806022
0,0,"EN - Electricity/Heat:CO2","Energy","EN - Electricity/Heat",31.4404360110721,2034,"CO2",0,0,"Strategy TX:BASE","BGR","bulgaria","SISEPUEDE",31.4404360110721,31.4404360110721
0,0,"EN - Electricity/Heat:CO2","Energy","EN - Electricity/Heat",31.9917859552017,2035,"CO2",0,0,"Strategy TX:BASE","BGR","bulgaria","SISEPUEDE",31.9917859552017,31.9917859552017
0,0,"EN - Electricity/Heat:CO2","Energy","EN - Electricity/Heat",32.5461630404243,2036,"CO2",0,0,"Strategy TX:BASE","BGR","bulgaria","SISEPUEDE",32.5461630404243,32.5461630404243
0,0,"EN - Electricity/Heat:CO2","Energy","EN - Electricity/Heat",33.1032865851072,2037,"CO2",0,0,"Strategy TX:BASE","BGR","bulgaria","SISEPUEDE",33.1032865851072,33.1032865851072
0,0,"EN - Electricity/Heat:CO2","Energy","EN - Electricity/Heat",33.6628579376689,2038,"CO2",0,0,"Strategy TX:BASE","BGR","bulgaria","SISEPUEDE",33.6628579376689,33.6628579376689
0,0,"EN - Electricity/Heat:CO2","Energy","EN - Electricity/Heat",34.2245715732144,2039,"CO2",0,0,"Strategy TX:BASE","BGR","bulgaria","SISEPUEDE",34.2245715732144,34.2245715732144
0,0,"EN - Electricity/Heat:CO2","Energy","EN - Electricity/Heat",34.7881287313434,2040,"CO2",0,0,"Strategy TX:BASE","BGR","bulgaria","SISEPUEDE",34.7881287313434,34.7881287313434
0,0,"EN - Electricity/Heat:CO2","Energy","EN - Electricity/Heat",35.3532474906909,2041,"CO2",0,0,"Strategy TX:BASE","BGR","bulgaria","SISEPUEDE",35.3532474906909,35.3532474906909
0,0,"EN - Electricity/Heat:CO2","Energy","EN - Electricity/Heat",35.9196804622184,2042,"CO2",0,0,"Strategy TX:BASE","BGR","bulgaria","SISEPUEDE",35.9196804622184,35.9196804622184
0,0,"EN - Electricity/Heat:CO2","Energy","EN - Electricity/Heat",36.4872045481941,2043,"CO2",0,0,"Strategy TX:BASE","BGR","bulgaria","SISEPUEDE",36.4872045481941,36.4872045481941
0,0,"EN - Electricity/Heat:CO2","Energy","EN - Electricity/Heat",37.0556142582655,2044,"CO2",0,0,"Strategy TX:BASE","BGR","bulgaria","SISEPUEDE",37.0556142582655,37.0556142582655
0,0,"EN - Electricity/Heat:CO2","Energy","EN - Electricity/Heat",37.6247188763111,2045,"CO2",0,0,"Strategy TX:BASE","BGR","bulgaria","SISEPUEDE",37.6247188763111,37.6247188763111
0,0,"EN - Electricity/Heat:CO2","Energy","EN - Electricity/Heat",38.1943424064634,2046,"CO2",0,0,"Strategy TX:BASE","BGR","bulgaria","SISEPUEDE",38.1943424064634,38.1943424064634
0,0,"EN - Electricity/Heat:CO2","Energy","EN - Electricity/Heat",38.7643326082285,2047,"CO2",0,0,"Strategy TX:BASE","BGR","bulgaria","SISEPUEDE",38.7643326082285,38.7643326082285
0,0,"EN - Electricity/Heat:CO2","Energy","EN - Electricity/Heat",39.3345542779801,2048,"CO2",0,0,"Strategy TX:BASE","BGR","bulgaria","SISEPUEDE",39.3345542779801,39.3345542779801
0,0,"EN - Electricity/Heat:CO2","Energy","EN - Electricity/Heat",39.9048950219762,2049,"CO2",0,0,"Strategy TX:BASE","BGR","bulgaria","SISEPUEDE",39.9048950219762,39.9048950219762
0,0,"EN - Electricity/Heat:CO2","Energy","EN - Electricity/Heat",40.4752751877312,2050,"CO2",0,0,"Strategy TX:BASE","BGR","bulgaria","SISEPUEDE",40.4752751877312,40.4752751877312
0,0,"EN - Electricity/Heat:N2O","Energy","EN - Electricity/Heat",0.106404361,2022,"N2O",0,0,"Strategy TX:BASE","BGR","bulgaria","SISEPUEDE",0.106404361,0.106404361
0,0,"EN - Electricity/Heat:N2O","Energy","EN - Electricity/Heat",0.108516886643135,2023,"N2O",0,0,"Strategy TX:BASE","BGR","bulgaria","SISEPUEDE",0.108516886643135,0.108516886643135
0,0,"EN - Electricity/Heat:N2O","Energy","EN - Electricity/Heat",0.11063444533338,2024,"N2O",0,0,"Strategy TX:BASE","BGR","bulgaria","SISEPUEDE",0.11063444533338,0.11063444533338
0,0,"EN - Electricity/Heat:N2O","Energy","EN - Electricity/Heat",0.112761497102835,2025,"N2O",0,0,"Strategy TX:BASE","BGR","bulgaria","SISEPUEDE",0.112761497102835,0.112761497102835
0,0,"EN - Electricity/Heat:N2O","Energy","EN - Electricity/Heat",0.114901589133745,2026,"N2O",0,0,"Strategy TX:BASE","BGR","bulgaria","SISEPUEDE",0.114901589133745,0.114901589133745
0,0,"EN - Electricity/Heat:N2O","Energy","EN - Electricity/Heat",0.11705690390383,2027,"N2O",0,0,"Strategy TX:BASE","BGR","bulgaria","SISEPUEDE",0.11705690390383,0.11705690390383
0,0,"EN - Electricity/Heat:N2O","Energy","EN - Electricity/Heat",0.119228651332625,2028,"N2O",0,0,"Strategy TX:BASE","BGR","bulgaria","SISEPUEDE",0.119228651332625,0.119228651332625
0,0,"EN - Electricity/Heat:N2O","Energy","EN - Electricity/Heat",0.121417687728048,2029,"N2O",0,0,"Strategy TX:BASE","BGR","bulgaria","SISEPUEDE",0.121417687728048,0.121417687728048
0,0,"EN - Electricity/Heat:N2O","Energy","EN - Electricity/Heat",0.123624578464148,2030,"N2O",0,0,"Strategy TX:BASE","BGR","bulgaria","SISEPUEDE",0.123624578464148,0.123624578464148
0,0,"EN - Electricity/Heat:N2O","Energy","EN - Electricity/Heat",0.125849553268954,2031,"N2O",0,0,"Strategy TX:BASE","BGR","bulgaria","SISEPUEDE",0.125849553268954,0.125849553268954
0,0,"EN - Electricity/Heat:N2O","Energy","EN - Electricity/Heat",0.128092510792608,2032,"N2O",0,0,"Strategy TX:BASE","BGR","bulgaria","SISEPUEDE",0.128092510792608,0.128092510792608
0,0,"EN - Electricity/Heat:N2O","Energy","EN - Electricity/Heat",0.13035299708623,2033,"N2O",0,0,"Strategy TX:BASE","BGR","bulgaria","SISEPUEDE",0.13035299708623,0.13035299708623
0,0,"EN - Electricity/Heat:N2O","Energy","EN - Electricity/Heat",0.13263022819481,2034,"N2O",0,0,"Strategy TX:BASE","BGR","bulgaria","SISEPUEDE",0.13263022819481,0.13263022819481
0,0,"EN - Electricity/Heat:N2O","Energy","EN - Electricity/Heat",0.13492314720655,2035,"N2O",0,0,"Strategy TX:BASE","BGR","bulgaria","SISEPUEDE",0.13492314720655,0.13492314720655
0,0,"EN - Electricity/Heat:N2O","Energy","EN - Electricity/Heat",0.137230497668114,2036,"N2O",0,0,"Strategy TX:BASE","BGR","bulgaria","SISEPUEDE",0.137230497668114,0.137230497668114
0,0,"EN - Electricity/Heat:N2O","Energy","EN - Electricity/Heat",0.139550917194369,2037,"N2O",0,0,"Strategy TX:BASE","BGR","bulgaria","SISEPUEDE",0.139550917194369,0.139550917194369
0,0,"EN - Electricity/Heat:N2O","Energy","EN - Electricity/Heat",0.141882968038857,2038,"N2O",0,0,"Strategy TX:BASE","BGR","bulgaria","SISEPUEDE",0.141882968038857,0.141882968038857
0,0,"EN - Electricity/Heat:N2O","Energy","EN - Electricity/Heat",0.14422518779314,2039,"N2O",0,0,"Strategy TX:BASE","BGR","bulgaria","SISEPUEDE",0.14422518779314,0.14422518779314
0,0,"EN - Electricity/Heat:N2O","Energy","EN - Electricity/Heat",0.146576149821979,2040,"N2O",0,0,"Strategy TX:BASE","BGR","bulgaria","SISEPUEDE",0.146576149821979,0.146576149821979
0,0,"EN - Electricity/Heat:N2O","Energy","EN - Electricity/Heat",0.148934508049886,2041,"N2O",0,0,"Strategy TX:BASE","BGR","bulgaria","SISEPUEDE",0.148934508049886,0.148934508049886
0,0,"EN - Electricity/Heat:N2O","Energy","EN - Electricity/Heat",0.151299072922995,2042,"N2O",0,0,"Strategy TX:BASE","BGR","bulgaria","SISEPUEDE",0.151299072922995,0.151299072922995
0,0,"EN - Electricity/Heat:N2O","Energy","EN - Electricity/Heat",0.15366877013008,2043,"N2O",0,0,"Strategy TX:BASE","BGR","bulgaria","SISEPUEDE",0.15366877013008,0.15366877013008
0,0,"EN - Electricity/Heat:N2O","Energy","EN - Electricity/Heat",0.156042613734156,2044,"N2O",0,0,"Strategy TX:BASE","BGR","bulgaria","SISEPUEDE",0.156042613734156,0.156042613734156
0,0,"EN - Electricity/Heat:N2O","Energy","EN - Electricity/Heat",0.158419695030366,2045,"N2O",0,0,"Strategy TX:BASE","BGR","bulgaria","SISEPUEDE",0.158419695030366,0.158419695030366
0,0,"EN - Electricity/Heat:N2O","Energy","EN - Electricity/Heat",0.160799182733205,2046,"N2O",0,0,"Strategy TX:BASE","BGR","bulgaria","SISEPUEDE",0.160799182733205,0.160799182733205
0,0,"EN - Electricity/Heat:N2O","Energy","EN - Electricity/Heat",0.163180360922466,2047,"N2O",0,0,"Strategy TX:BASE","BGR","bulgaria","SISEPUEDE",0.163180360922466,0.163180360922466
0,0,"EN - Electricity/Heat:N2O","Energy","EN - Electricity/Heat",0.165562601028798,2048,"N2O",0,0,"Strategy TX:BASE","BGR","bulgaria","SISEPUEDE",0.165562601028798,0.165562601028798
0,0,"EN - Electricity/Heat:N2O","Energy","EN - Electricity/Heat",0.167945385901264,2049,"N2O",0,0,"Strategy TX:BASE","BGR","bulgaria","SISEPUEDE",0.167945385901264,0.167945385901264
0,0,"EN - Electricity/Heat:N2O","Energy","EN - Electricity/Heat",0.170328351185417,2050,"N2O",0,0,"Strategy TX:BASE","BGR","bulgaria","SISEPUEDE",0.170328351185417,0.170328351185417
0,0,"EN - Fugitive Emissions:CH4","Energy","EN - Fugitive Emissions",1.125721545,2022,"CH4",0,0,"Strategy TX:BASE","BGR","bulgaria","SISEPUEDE",1.125721545,NA
0,0,"EN - Fugitive Emissions:CH4","Energy","EN - Fugitive Emissions",1.0790959628931,2023,"CH4",0,0,"Strategy TX:BASE","BGR","bulgaria","SISEPUEDE",1.0790959628931,NA
0,0,"EN - Fugitive Emissions:CH4","Energy","EN - Fugitive Emissions",1.09436898711628,2024,"CH4",0,0,"Strategy TX:BASE","BGR","bulgaria","SISEPUEDE",1.09436898711628,NA
0,0,"EN - Fugitive Emissions:CH4","Energy","EN - Fugitive Emissions",1.10771136340806,2025,"CH4",0,0,"Strategy TX:BASE","BGR","bulgaria","SISEPUEDE",1.10771136340806,NA
0,0,"EN - Fugitive Emissions:CH4","Energy","EN - Fugitive Emissions",1.1327430366735,2026,"CH4",0,0,"Strategy TX:BASE","BGR","bulgaria","SISEPUEDE",1.1327430366735,NA
0,0,"EN - Fugitive Emissions:CH4","Energy","EN - Fugitive Emissions",1.16139059301445,2027,"CH4",0,0,"Strategy TX:BASE","BGR","bulgaria","SISEPUEDE",1.16139059301445,NA
0,0,"EN - Fugitive Emissions:CH4","Energy","EN - Fugitive Emissions",1.18145430923849,2028,"CH4",0,0,"Strategy TX:BASE","BGR","bulgaria","SISEPUEDE",1.18145430923849,NA
0,0,"EN - Fugitive Emissions:CH4","Energy","EN - Fugitive Emissions",1.19996806383067,2029,"CH4",0,0,"Strategy TX:BASE","BGR","bulgaria","SISEPUEDE",1.19996806383067,NA
0,0,"EN - Fugitive Emissions:CH4","Energy","EN - Fugitive Emissions",1.21938299101975,2030,"CH4",0,0,"Strategy TX:BASE","BGR","bulgaria","SISEPUEDE",1.21938299101975,NA
0,0,"EN - Fugitive Emissions:CH4","Energy","EN - Fugitive Emissions",1.2385322172714,2031,"CH4",0,0,"Strategy TX:BASE","BGR","bulgaria","SISEPUEDE",1.2385322172714,NA
0,0,"EN - Fugitive Emissions:CH4","Energy","EN - Fugitive Emissions",1.25850713875791,2032,"CH4",0,0,"Strategy TX:BASE","BGR","bulgaria","SISEPUEDE",1.25850713875791,NA
0,0,"EN - Fugitive Emissions:CH4","Energy","EN - Fugitive Emissions",1.27915380660565,2033,"CH4",0,0,"Strategy TX:BASE","BGR","bulgaria","SISEPUEDE",1.27915380660565,NA
0,0,"EN - Fugitive Emissions:CH4","Energy","EN - Fugitive Emissions",1.30017733405058,2034,"CH4",0,0,"Strategy TX:BASE","BGR","bulgaria","SISEPUEDE",1.30017733405058,NA
0,0,"EN - Fugitive Emissions:CH4","Energy","EN - Fugitive Emissions",1.32162424783301,2035,"CH4",0,0,"Strategy TX:BASE","BGR","bulgaria","SISEPUEDE",1.32162424783301,NA
0,0,"EN - Fugitive Emissions:CH4","Energy","EN - Fugitive Emissions",1.3422159202102,2036,"CH4",0,0,"Strategy TX:BASE","BGR","bulgaria","SISEPUEDE",1.3422159202102,NA
0,0,"EN - Fugitive Emissions:CH4","Energy","EN - Fugitive Emissions",1.36322658974194,2037,"CH4",0,0,"Strategy TX:BASE","BGR","bulgaria","SISEPUEDE",1.36322658974194,NA
0,0,"EN - Fugitive Emissions:CH4","Energy","EN - Fugitive Emissions",1.38448398702879,2038,"CH4",0,0,"Strategy TX:BASE","BGR","bulgaria","SISEPUEDE",1.38448398702879,NA
0,0,"EN - Fugitive Emissions:CH4","Energy","EN - Fugitive Emissions",1.40558390244059,2039,"CH4",0,0,"Strategy TX:BASE","BGR","bulgaria","SISEPUEDE",1.40558390244059,NA
0,0,"EN - Fugitive Emissions:CH4","Energy","EN - Fugitive Emissions",1.42723569018232,2040,"CH4",0,0,"Strategy TX:BASE","BGR","bulgaria","SISEPUEDE",1.42723569018232,NA
0,0,"EN - Fugitive Emissions:CH4","Energy","EN - Fugitive Emissions",1.44715009015627,2041,"CH4",0,0,"Strategy TX:BASE","BGR","bulgaria","SISEPUEDE",1.44715009015627,NA
0,0,"EN - Fugitive Emissions:CH4","Energy","EN - Fugitive Emissions",1.46734216512923,2042,"CH4",0,0,"Strategy TX:BASE","BGR","bulgaria","SISEPUEDE",1.46734216512923,NA
0,0,"EN - Fugitive Emissions:CH4","Energy","EN - Fugitive Emissions",1.48782412881864,2043,"CH4",0,0,"Strategy TX:BASE","BGR","bulgaria","SISEPUEDE",1.48782412881864,NA
0,0,"EN - Fugitive Emissions:CH4","Energy","EN - Fugitive Emissions",1.50852139035717,2044,"CH4",0,0,"Strategy TX:BASE","BGR","bulgaria","SISEPUEDE",1.50852139035717,NA
0,0,"EN - Fugitive Emissions:CH4","Energy","EN - Fugitive Emissions",1.529831592427,2045,"CH4",0,0,"Strategy TX:BASE","BGR","bulgaria","SISEPUEDE",1.529831592427,NA
0,0,"EN - Fugitive Emissions:CH4","Energy","EN - Fugitive Emissions",1.55016074026611,2046,"CH4",0,0,"Strategy TX:BASE","BGR","bulgaria","SISEPUEDE",1.55016074026611,NA
0,0,"EN - Fugitive Emissions:CH4","Energy","EN - Fugitive Emissions",1.57131267348717,2047,"CH4",0,0,"Strategy TX:BASE","BGR","bulgaria","SISEPUEDE",1.57131267348717,NA
0,0,"EN - Fugitive Emissions:CH4","Energy","EN - Fugitive Emissions",1.59275048112147,2048,"CH4",0,0,"Strategy TX:BASE","BGR","bulgaria","SISEPUEDE",1.59275048112147,NA
0,0,"EN - Fugitive Emissions:CH4","Energy","EN - Fugitive Emissions",1.61404915093395,2049,"CH4",0,0,"Strategy TX:BASE","BGR","bulgaria","SISEPUEDE",1.61404915093395,NA
0,0,"EN - Fugitive Emissions:CH4","Energy","EN - Fugitive Emissions",1.63483362616337,2050,"CH4",0,0,"Strategy TX:BASE","BGR","bulgaria","SISEPUEDE",1.63483362616337,NA
0,0,"EN - Fugitive Emissions:CO2","Energy","EN - Fugitive Emissions",2.463175335,2022,"CO2",0,0,"Strategy TX:BASE","BGR","bulgaria","SISEPUEDE",2.463175335,NA
0,0,"EN - Fugitive Emissions:CO2","Energy","EN - Fugitive Emissions",2.44695242532476,2023,"CO2",0,0,"Strategy TX:BASE","BGR","bulgaria","SISEPUEDE",2.44695242532476,NA
0,0,"EN - Fugitive Emissions:CO2","Energy","EN - Fugitive Emissions",2.47403579334474,2024,"CO2",0,0,"Strategy TX:BASE","BGR","bulgaria","SISEPUEDE",2.47403579334474,NA
0,0,"EN - Fugitive Emissions:CO2","Energy","EN - Fugitive Emissions",2.49619151226731,2025,"CO2",0,0,"Strategy TX:BASE","BGR","bulgaria","SISEPUEDE",2.49619151226731,NA
0,0,"EN - Fugitive Emissions:CO2","Energy","EN - Fugitive Emissions",2.52952721318382,2026,"CO2",0,0,"Strategy TX:BASE","BGR","bulgaria","SISEPUEDE",2.52952721318382,NA
0,0,"EN - Fugitive Emissions:CO2","Energy","EN - Fugitive Emissions",2.56859656188515,2027,"CO2",0,0,"Strategy TX:BASE","BGR","bulgaria","SISEPUEDE",2.56859656188515,NA
0,0,"EN - Fugitive Emissions:CO2","Energy","EN - Fugitive Emissions",2.59230002810376,2028,"CO2",0,0,"Strategy TX:BASE","BGR","bulgaria","SISEPUEDE",2.59230002810376,NA
0,0,"EN - Fugitive Emissions:CO2","Energy","EN - Fugitive Emissions",2.61294744542092,2029,"CO2",0,0,"Strategy TX:BASE","BGR","bulgaria","SISEPUEDE",2.61294744542092,NA
0,0,"EN - Fugitive Emissions:CO2","Energy","EN - Fugitive Emissions",2.6347935595155,2030,"CO2",0,0,"Strategy TX:BASE","BGR","bulgaria","SISEPUEDE",2.6347935595155,NA
0,0,"EN - Fugitive Emissions:CO2","Energy","EN - Fugitive Emissions",2.65586402266915,2031,"CO2",0,0,"Strategy TX:BASE","BGR","bulgaria","SISEPUEDE",2.65586402266915,NA
0,0,"EN - Fugitive Emissions:CO2","Energy","EN - Fugitive Emissions",2.67802546445511,2032,"CO2",0,0,"Strategy TX:BASE","BGR","bulgaria","SISEPUEDE",2.67802546445511,NA
0,0,"EN - Fugitive Emissions:CO2","Energy","EN - Fugitive Emissions",2.70101669090539,2033,"CO2",0,0,"Strategy TX:BASE","BGR","bulgaria","SISEPUEDE",2.70101669090539,NA
0,0,"EN - Fugitive Emissions:CO2","Energy","EN - Fugitive Emissions",2.72427073820659,2034,"CO2",0,0,"Strategy TX:BASE","BGR","bulgaria","SISEPUEDE",2.72427073820659,NA
0,0,"EN - Fugitive Emissions:CO2","Energy","EN - Fugitive Emissions",2.74783627773131,2035,"CO2",0,0,"Strategy TX:BASE","BGR","bulgaria","SISEPUEDE",2.74783627773131,NA
0,0,"EN - Fugitive Emissions:CO2","Energy","EN - Fugitive Emissions",2.76976832727758,2036,"CO2",0,0,"Strategy TX:BASE","BGR","bulgaria","SISEPUEDE",2.76976832727758,NA
0,0,"EN - Fugitive Emissions:CO2","Energy","EN - Fugitive Emissions",2.79219389239141,2037,"CO2",0,0,"Strategy TX:BASE","BGR","bulgaria","SISEPUEDE",2.79219389239141,NA
0,0,"EN - Fugitive Emissions:CO2","Energy","EN - Fugitive Emissions",2.8148400185328,2038,"CO2",0,0,"Strategy TX:BASE","BGR","bulgaria","SISEPUEDE",2.8148400185328,NA
0,0,"EN - Fugitive Emissions:CO2","Energy","EN - Fugitive Emissions",2.8370485622416,2039,"CO2",0,0,"Strategy TX:BASE","BGR","bulgaria","SISEPUEDE",2.8370485622416,NA
0,0,"EN - Fugitive Emissions:CO2","Energy","EN - Fugitive Emissions",2.85998920174645,2040,"CO2",0,0,"Strategy TX:BASE","BGR","bulgaria","SISEPUEDE",2.85998920174645,NA
0,0,"EN - Fugitive Emissions:CO2","Energy","EN - Fugitive Emissions",2.87999618283829,2041,"CO2",0,0,"Strategy TX:BASE","BGR","bulgaria","SISEPUEDE",2.87999618283829,NA
0,0,"EN - Fugitive Emissions:CO2","Energy","EN - Fugitive Emissions",2.90034277292775,2042,"CO2",0,0,"Strategy TX:BASE","BGR","bulgaria","SISEPUEDE",2.90034277292775,NA
0,0,"EN - Fugitive Emissions:CO2","Energy","EN - Fugitive Emissions",2.92106186780866,2043,"CO2",0,0,"Strategy TX:BASE","BGR","bulgaria","SISEPUEDE",2.92106186780866,NA
0,0,"EN - Fugitive Emissions:CO2","Energy","EN - Fugitive Emissions",2.94204696930695,2044,"CO2",0,0,"Strategy TX:BASE","BGR","bulgaria","SISEPUEDE",2.94204696930695,NA
0,0,"EN - Fugitive Emissions:CO2","Energy","EN - Fugitive Emissions",2.96393606710791,2045,"CO2",0,0,"Strategy TX:BASE","BGR","bulgaria","SISEPUEDE",2.96393606710791,NA
0,0,"EN - Fugitive Emissions:CO2","Energy","EN - Fugitive Emissions",2.98421907886756,2046,"CO2",0,0,"Strategy TX:BASE","BGR","bulgaria","SISEPUEDE",2.98421907886756,NA
0,0,"EN - Fugitive Emissions:CO2","Energy","EN - Fugitive Emissions",3.00576593109101,2047,"CO2",0,0,"Strategy TX:BASE","BGR","bulgaria","SISEPUEDE",3.00576593109101,NA
0,0,"EN - Fugitive Emissions:CO2","Energy","EN - Fugitive Emissions",3.02773510307767,2048,"CO2",0,0,"Strategy TX:BASE","BGR","bulgaria","SISEPUEDE",3.02773510307767,NA
0,0,"EN - Fugitive Emissions:CO2","Energy","EN - Fugitive Emissions",3.04946602982404,2049,"CO2",0,0,"Strategy TX:BASE","BGR","bulgaria","SISEPUEDE",3.04946602982404,NA
0,0,"EN - Fugitive Emissions:CO2","Energy","EN - Fugitive Emissions",3.07038577688205,2050,"CO2",0,0,"Strategy TX:BASE","BGR","bulgaria","SISEPUEDE",3.07038577688205,NA
0,0,"EN - Fugitive Emissions:N2O","Energy","EN - Fugitive Emissions",0.000855997,2022,"N2O",0,0,"Strategy TX:BASE","BGR","bulgaria","SISEPUEDE",0.000855997,NA
0,0,"EN - Fugitive Emissions:N2O","Energy","EN - Fugitive Emissions",0.000848183987982708,2023,"N2O",0,0,"Strategy TX:BASE","BGR","bulgaria","SISEPUEDE",0.000848183987982708,NA
0,0,"EN - Fugitive Emissions:N2O","Energy","EN - Fugitive Emissions",0.000858091290221836,2024,"N2O",0,0,"Strategy TX:BASE","BGR","bulgaria","SISEPUEDE",0.000858091290221836,NA
0,0,"EN - Fugitive Emissions:N2O","Energy","EN - Fugitive Emissions",0.000866234616797153,2025,"N2O",0,0,"Strategy TX:BASE","BGR","bulgaria","SISEPUEDE",0.000866234616797153,NA
0,0,"EN - Fugitive Emissions:N2O","Energy","EN - Fugitive Emissions",0.000878716465339885,2026,"N2O",0,0,"Strategy TX:BASE","BGR","bulgaria","SISEPUEDE",0.000878716465339885,NA
0,0,"EN - Fugitive Emissions:N2O","Energy","EN - Fugitive Emissions",0.000893312718916164,2027,"N2O",0,0,"Strategy TX:BASE","BGR","bulgaria","SISEPUEDE",0.000893312718916164,NA
0,0,"EN - Fugitive Emissions:N2O","Energy","EN - Fugitive Emissions",0.00090229088084733,2028,"N2O",0,0,"Strategy TX:BASE","BGR","bulgaria","SISEPUEDE",0.00090229088084733,NA
0,0,"EN - Fugitive Emissions:N2O","Energy","EN - Fugitive Emissions",0.000910158431362564,2029,"N2O",0,0,"Strategy TX:BASE","BGR","bulgaria","SISEPUEDE",0.000910158431362564,NA
0,0,"EN - Fugitive Emissions:N2O","Energy","EN - Fugitive Emissions",0.000918474206262583,2030,"N2O",0,0,"Strategy TX:BASE","BGR","bulgaria","SISEPUEDE",0.000918474206262583,NA
0,0,"EN - Fugitive Emissions:N2O","Energy","EN - Fugitive Emissions",0.000926513536068685,2031,"N2O",0,0,"Strategy TX:BASE","BGR","bulgaria","SISEPUEDE",0.000926513536068685,NA
0,0,"EN - Fugitive Emissions:N2O","Energy","EN - Fugitive Emissions",0.000934960996884909,2032,"N2O",0,0,"Strategy TX:BASE","BGR","bulgaria","SISEPUEDE",0.000934960996884909,NA
0,0,"EN - Fugitive Emissions:N2O","Energy","EN - Fugitive Emissions",0.000943720725769034,2033,"N2O",0,0,"Strategy TX:BASE","BGR","bulgaria","SISEPUEDE",0.000943720725769034,NA
0,0,"EN - Fugitive Emissions:N2O","Energy","EN - Fugitive Emissions",0.000952586459416645,2034,"N2O",0,0,"Strategy TX:BASE","BGR","bulgaria","SISEPUEDE",0.000952586459416645,NA
0,0,"EN - Fugitive Emissions:N2O","Energy","EN - Fugitive Emissions",0.000961576868105952,2035,"N2O",0,0,"Strategy TX:BASE","BGR","bulgaria","SISEPUEDE",0.000961576868105952,NA
0,0,"EN - Fugitive Emissions:N2O","Energy","EN - Fugitive Emissions",0.000969972297160103,2036,"N2O",0,0,"Strategy TX:BASE","BGR","bulgaria","SISEPUEDE",0.000969972297160103,NA
0,0,"EN - Fugitive Emissions:N2O","Energy","EN - Fugitive Emissions",0.000978554124072821,2037,"N2O",0,0,"Strategy TX:BASE","BGR","bulgaria","SISEPUEDE",0.000978554124072821,NA
0,0,"EN - Fugitive Emissions:N2O","Energy","EN - Fugitive Emissions",0.000987221668642643,2038,"N2O",0,0,"Strategy TX:BASE","BGR","bulgaria","SISEPUEDE",0.000987221668642643,NA
0,0,"EN - Fugitive Emissions:N2O","Energy","EN - Fugitive Emissions",0.000995732725545828,2039,"N2O",0,0,"Strategy TX:BASE","BGR","bulgaria","SISEPUEDE",0.000995732725545828,NA
0,0,"EN - Fugitive Emissions:N2O","Energy","EN - Fugitive Emissions",0.00100451734130978,2040,"N2O",0,0,"Strategy TX:BASE","BGR","bulgaria","SISEPUEDE",0.00100451734130978,NA
0,0,"EN - Fugitive Emissions:N2O","Energy","EN - Fugitive Emissions",0.0010122247651358,2041,"N2O",0,0,"Strategy TX:BASE","BGR","bulgaria","SISEPUEDE",0.0010122247651358,NA
0,0,"EN - Fugitive Emissions:N2O","Energy","EN - Fugitive Emissions",0.00102005980084399,2042,"N2O",0,0,"Strategy TX:BASE","BGR","bulgaria","SISEPUEDE",0.00102005980084399,NA
0,0,"EN - Fugitive Emissions:N2O","Energy","EN - Fugitive Emissions",0.00102803417025543,2043,"N2O",0,0,"Strategy TX:BASE","BGR","bulgaria","SISEPUEDE",0.00102803417025543,NA
0,0,"EN - Fugitive Emissions:N2O","Energy","EN - Fugitive Emissions",0.00103610824537265,2044,"N2O",0,0,"Strategy TX:BASE","BGR","bulgaria","SISEPUEDE",0.00103610824537265,NA
0,0,"EN - Fugitive Emissions:N2O","Energy","EN - Fugitive Emissions",0.0010445170385806,2045,"N2O",0,0,"Strategy TX:BASE","BGR","bulgaria","SISEPUEDE",0.0010445170385806,NA
0,0,"EN - Fugitive Emissions:N2O","Energy","EN - Fugitive Emissions",0.0010523345343876,2046,"N2O",0,0,"Strategy TX:BASE","BGR","bulgaria","SISEPUEDE",0.0010523345343876,NA
0,0,"EN - Fugitive Emissions:N2O","Energy","EN - Fugitive Emissions",0.00106061860172791,2047,"N2O",0,0,"Strategy TX:BASE","BGR","bulgaria","SISEPUEDE",0.00106061860172791,NA
0,0,"EN - Fugitive Emissions:N2O","Energy","EN - Fugitive Emissions",0.00106905866416645,2048,"N2O",0,0,"Strategy TX:BASE","BGR","bulgaria","SISEPUEDE",0.00106905866416645,NA
0,0,"EN - Fugitive Emissions:N2O","Energy","EN - Fugitive Emissions",0.00107741079694676,2049,"N2O",0,0,"Strategy TX:BASE","BGR","bulgaria","SISEPUEDE",0.00107741079694676,NA
0,0,"EN - Fugitive Emissions:N2O","Energy","EN - Fugitive Emissions",0.00108546315507928,2050,"N2O",0,0,"Strategy TX:BASE","BGR","bulgaria","SISEPUEDE",0.00108546315507928,NA
0,0,"EN - Manufacturing/Construction:CH4","Energy","EN - Manufacturing/Construction",0.018077663,2022,"CH4",0,0,"Strategy TX:BASE","BGR","bulgaria","SISEPUEDE",0.018077663,NA
0,0,"EN - Manufacturing/Construction:CH4","Energy","EN - Manufacturing/Construction",0.0182076454131581,2023,"CH4",0,0,"Strategy TX:BASE","BGR","bulgaria","SISEPUEDE",0.0182076454131581,NA
0,0,"EN - Manufacturing/Construction:CH4","Energy","EN - Manufacturing/Construction",0.0183840353131595,2024,"CH4",0,0,"Strategy TX:BASE","BGR","bulgaria","SISEPUEDE",0.0183840353131595,NA
0,0,"EN - Manufacturing/Construction:CH4","Energy","EN - Manufacturing/Construction",0.0185139254950343,2025,"CH4",0,0,"Strategy TX:BASE","BGR","bulgaria","SISEPUEDE",0.0185139254950343,NA
0,0,"EN - Manufacturing/Construction:CH4","Energy","EN - Manufacturing/Construction",0.0186329874906394,2026,"CH4",0,0,"Strategy TX:BASE","BGR","bulgaria","SISEPUEDE",0.0186329874906394,NA
0,0,"EN - Manufacturing/Construction:CH4","Energy","EN - Manufacturing/Construction",0.018778797019992,2027,"CH4",0,0,"Strategy TX:BASE","BGR","bulgaria","SISEPUEDE",0.018778797019992,NA
0,0,"EN - Manufacturing/Construction:CH4","Energy","EN - Manufacturing/Construction",0.0188223889268378,2028,"CH4",0,0,"Strategy TX:BASE","BGR","bulgaria","SISEPUEDE",0.0188223889268378,NA
0,0,"EN - Manufacturing/Construction:CH4","Energy","EN - Manufacturing/Construction",0.018840519677789,2029,"CH4",0,0,"Strategy TX:BASE","BGR","bulgaria","SISEPUEDE",0.018840519677789,NA
0,0,"EN - Manufacturing/Construction:CH4","Energy","EN - Manufacturing/Construction",0.0188592811321873,2030,"CH4",0,0,"Strategy TX:BASE","BGR","bulgaria","SISEPUEDE",0.0188592811321873,NA
0,0,"EN - Manufacturing/Construction:CH4","Energy","EN - Manufacturing/Construction",0.0188672604060924,2031,"CH4",0,0,"Strategy TX:BASE","BGR","bulgaria","SISEPUEDE",0.0188672604060924,NA
0,0,"EN - Manufacturing/Construction:CH4","Energy","EN - Manufacturing/Construction",0.0188753948624851,2032,"CH4",0,0,"Strategy TX:BASE","BGR","bulgaria","SISEPUEDE",0.0188753948624851,NA
0,0,"EN - Manufacturing/Construction:CH4","Energy","EN - Manufacturing/Construction",0.0188820992784123,2033,"CH4",0,0,"Strategy TX:BASE","BGR","bulgaria","SISEPUEDE",0.0188820992784123,NA
0,0,"EN - Manufacturing/Construction:CH4","Energy","EN - Manufacturing/Construction",0.0188859165700816,2034,"CH4",0,0,"Strategy TX:BASE","BGR","bulgaria","SISEPUEDE",0.0188859165700816,NA
0,0,"EN - Manufacturing/Construction:CH4","Energy","EN - Manufacturing/Construction",0.0188852115299189,2035,"CH4",0,0,"Strategy TX:BASE","BGR","bulgaria","SISEPUEDE",0.0188852115299189,NA
0,0,"EN - Manufacturing/Construction:CH4","Energy","EN - Manufacturing/Construction",0.0188706005257846,2036,"CH4",0,0,"Strategy TX:BASE","BGR","bulgaria","SISEPUEDE",0.0188706005257846,NA
0,0,"EN - Manufacturing/Construction:CH4","Energy","EN - Manufacturing/Construction",0.0188535433266747,2037,"CH4",0,0,"Strategy TX:BASE","BGR","bulgaria","SISEPUEDE",0.0188535433266747,NA
0,0,"EN - Manufacturing/Construction:CH4","Energy","EN - Manufacturing/Construction",0.0188326718727315,2038,"CH4",0,0,"Strategy TX:BASE","BGR","bulgaria","SISEPUEDE",0.0188326718727315,NA
0,0,"EN - Manufacturing/Construction:CH4","Energy","EN - Manufacturing/Construction",0.0188047174041065,2039,"CH4",0,0,"Strategy TX:BASE","BGR","bulgaria","SISEPUEDE",0.0188047174041065,NA
0,0,"EN - Manufacturing/Construction:CH4","Energy","EN - Manufacturing/Construction",0.0187756224894533,2040,"CH4",0,0,"Strategy TX:BASE","BGR","bulgaria","SISEPUEDE",0.0187756224894533,NA
0,0,"EN - Manufacturing/Construction:CH4","Energy","EN - Manufacturing/Construction",0.0187280620149624,2041,"CH4",0,0,"Strategy TX:BASE","BGR","bulgaria","SISEPUEDE",0.0187280620149624,NA
0,0,"EN - Manufacturing/Construction:CH4","Energy","EN - Manufacturing/Construction",0.0186780243893259,2042,"CH4",0,0,"Strategy TX:BASE","BGR","bulgaria","SISEPUEDE",0.0186780243893259,NA
0,0,"EN - Manufacturing/Construction:CH4","Energy","EN - Manufacturing/Construction",0.0186257070477035,2043,"CH4",0,0,"Strategy TX:BASE","BGR","bulgaria","SISEPUEDE",0.0186257070477035,NA
0,0,"EN - Manufacturing/Construction:CH4","Energy","EN - Manufacturing/Construction",0.018570656529587,2044,"CH4",0,0,"Strategy TX:BASE","BGR","bulgaria","SISEPUEDE",0.018570656529587,NA
0,0,"EN - Manufacturing/Construction:CH4","Energy","EN - Manufacturing/Construction",0.0185157000875441,2045,"CH4",0,0,"Strategy TX:BASE","BGR","bulgaria","SISEPUEDE",0.0185157000875441,NA
0,0,"EN - Manufacturing/Construction:CH4","Energy","EN - Manufacturing/Construction",0.0184499754312092,2046,"CH4",0,0,"Strategy TX:BASE","BGR","bulgaria","SISEPUEDE",0.0184499754312092,NA
0,0,"EN - Manufacturing/Construction:CH4","Energy","EN - Manufacturing/Construction",0.018385968040428,2047,"CH4",0,0,"Strategy TX:BASE","BGR","bulgaria","SISEPUEDE",0.018385968040428,NA
0,0,"EN - Manufacturing/Construction:CH4","Energy","EN - Manufacturing/Construction",0.0183200290544126,2048,"CH4",0,0,"Strategy TX:BASE","BGR","bulgaria","SISEPUEDE",0.0183200290544126,NA
0,0,"EN - Manufacturing/Construction:CH4","Energy","EN - Manufacturing/Construction",0.0182495100839612,2049,"CH4",0,0,"Strategy TX:BASE","BGR","bulgaria","SISEPUEDE",0.0182495100839612,NA
0,0,"EN - Manufacturing/Construction:CH4","Energy","EN - Manufacturing/Construction",0.0181723010736054,2050,"CH4",0,0,"Strategy TX:BASE","BGR","bulgaria","SISEPUEDE",0.0181723010736054,NA
0,0,"EN - Manufacturing/Construction:CO2","Energy","EN - Manufacturing/Construction",4.932055857,2022,"CO2",0,0,"Strategy TX:BASE","BGR","bulgaria","SISEPUEDE",4.932055857,NA
0,0,"EN - Manufacturing/Construction:CO2","Energy","EN - Manufacturing/Construction",4.96929423546623,2023,"CO2",0,0,"Strategy TX:BASE","BGR","bulgaria","SISEPUEDE",4.96929423546623,NA
0,0,"EN - Manufacturing/Construction:CO2","Energy","EN - Manufacturing/Construction",5.01332591029743,2024,"CO2",0,0,"Strategy TX:BASE","BGR","bulgaria","SISEPUEDE",5.01332591029743,NA
0,0,"EN - Manufacturing/Construction:CO2","Energy","EN - Manufacturing/Construction",5.04501913211328,2025,"CO2",0,0,"Strategy TX:BASE","BGR","bulgaria","SISEPUEDE",5.04501913211328,NA
0,0,"EN - Manufacturing/Construction:CO2","Energy","EN - Manufacturing/Construction",5.07378800085388,2026,"CO2",0,0,"Strategy TX:BASE","BGR","bulgaria","SISEPUEDE",5.07378800085388,NA
0,0,"EN - Manufacturing/Construction:CO2","Energy","EN - Manufacturing/Construction",5.10955243836827,2027,"CO2",0,0,"Strategy TX:BASE","BGR","bulgaria","SISEPUEDE",5.10955243836827,NA
0,0,"EN - Manufacturing/Construction:CO2","Energy","EN - Manufacturing/Construction",5.11832186243619,2028,"CO2",0,0,"Strategy TX:BASE","BGR","bulgaria","SISEPUEDE",5.11832186243619,NA
0,0,"EN - Manufacturing/Construction:CO2","Energy","EN - Manufacturing/Construction",5.12034610549482,2029,"CO2",0,0,"Strategy TX:BASE","BGR","bulgaria","SISEPUEDE",5.12034610549482,NA
0,0,"EN - Manufacturing/Construction:CO2","Energy","EN - Manufacturing/Construction",5.12250077780332,2030,"CO2",0,0,"Strategy TX:BASE","BGR","bulgaria","SISEPUEDE",5.12250077780332,NA
0,0,"EN - Manufacturing/Construction:CO2","Energy","EN - Manufacturing/Construction",5.12178363985444,2031,"CO2",0,0,"Strategy TX:BASE","BGR","bulgaria","SISEPUEDE",5.12178363985444,NA
0,0,"EN - Manufacturing/Construction:CO2","Energy","EN - Manufacturing/Construction",5.1210717909104,2032,"CO2",0,0,"Strategy TX:BASE","BGR","bulgaria","SISEPUEDE",5.1210717909104,NA
0,0,"EN - Manufacturing/Construction:CO2","Energy","EN - Manufacturing/Construction",5.11994742876079,2033,"CO2",0,0,"Strategy TX:BASE","BGR","bulgaria","SISEPUEDE",5.11994742876079,NA
0,0,"EN - Manufacturing/Construction:CO2","Energy","EN - Manufacturing/Construction",5.11779848984262,2034,"CO2",0,0,"Strategy TX:BASE","BGR","bulgaria","SISEPUEDE",5.11779848984262,NA
0,0,"EN - Manufacturing/Construction:CO2","Energy","EN - Manufacturing/Construction",5.11432145558029,2035,"CO2",0,0,"Strategy TX:BASE","BGR","bulgaria","SISEPUEDE",5.11432145558029,NA
0,0,"EN - Manufacturing/Construction:CO2","Energy","EN - Manufacturing/Construction",5.10718488890408,2036,"CO2",0,0,"Strategy TX:BASE","BGR","bulgaria","SISEPUEDE",5.10718488890408,NA
0,0,"EN - Manufacturing/Construction:CO2","Energy","EN - Manufacturing/Construction",5.0993953851398,2037,"CO2",0,0,"Strategy TX:BASE","BGR","bulgaria","SISEPUEDE",5.0993953851398,NA
0,0,"EN - Manufacturing/Construction:CO2","Energy","EN - Manufacturing/Construction",5.09059675559063,2038,"CO2",0,0,"Strategy TX:BASE","BGR","bulgaria","SISEPUEDE",5.09059675559063,NA
0,0,"EN - Manufacturing/Construction:CO2","Energy","EN - Manufacturing/Construction",5.07993548176477,2039,"CO2",0,0,"Strategy TX:BASE","BGR","bulgaria","SISEPUEDE",5.07993548176477,NA
0,0,"EN - Manufacturing/Construction:CO2","Energy","EN - Manufacturing/Construction",5.06896743855633,2040,"CO2",0,0,"Strategy TX:BASE","BGR","bulgaria","SISEPUEDE",5.06896743855633,NA
0,0,"EN - Manufacturing/Construction:CO2","Energy","EN - Manufacturing/Construction",5.05317790221629,2041,"CO2",0,0,"Strategy TX:BASE","BGR","bulgaria","SISEPUEDE",5.05317790221629,NA
0,0,"EN - Manufacturing/Construction:CO2","Energy","EN - Manufacturing/Construction",5.0367434047022,2042,"CO2",0,0,"Strategy TX:BASE","BGR","bulgaria","SISEPUEDE",5.0367434047022,NA
0,0,"EN - Manufacturing/Construction:CO2","Energy","EN - Manufacturing/Construction",5.01971764385541,2043,"CO2",0,0,"Strategy TX:BASE","BGR","bulgaria","SISEPUEDE",5.01971764385541,NA
0,0,"EN - Manufacturing/Construction:CO2","Energy","EN - Manufacturing/Construction",5.00198464352592,2044,"CO2",0,0,"Strategy TX:BASE","BGR","bulgaria","SISEPUEDE",5.00198464352592,NA
0,0,"EN - Manufacturing/Construction:CO2","Energy","EN - Manufacturing/Construction",4.98428071635674,2045,"CO2",0,0,"Strategy TX:BASE","BGR","bulgaria","SISEPUEDE",4.98428071635674,NA
0,0,"EN - Manufacturing/Construction:CO2","Energy","EN - Manufacturing/Construction",4.96378534030355,2046,"CO2",0,0,"Strategy TX:BASE","BGR","bulgaria","SISEPUEDE",4.96378534030355,NA
0,0,"EN - Manufacturing/Construction:CO2","Energy","EN - Manufacturing/Construction",4.94374550917451,2047,"CO2",0,0,"Strategy TX:BASE","BGR","bulgaria","SISEPUEDE",4.94374550917451,NA
0,0,"EN - Manufacturing/Construction:CO2","Energy","EN - Manufacturing/Construction",4.92321408867022,2048,"CO2",0,0,"Strategy TX:BASE","BGR","bulgaria","SISEPUEDE",4.92321408867022,NA
0,0,"EN - Manufacturing/Construction:CO2","Energy","EN - Manufacturing/Construction",4.90150559292382,2049,"CO2",0,0,"Strategy TX:BASE","BGR","bulgaria","SISEPUEDE",4.90150559292382,NA
0,0,"EN - Manufacturing/Construction:CO2","Energy","EN - Manufacturing/Construction",4.87807635949637,2050,"CO2",0,0,"Strategy TX:BASE","BGR","bulgaria","SISEPUEDE",4.87807635949637,NA
0,0,"EN - Manufacturing/Construction:N2O","Energy","EN - Manufacturing/Construction",0.023924889,2022,"N2O",0,0,"Strategy TX:BASE","BGR","bulgaria","SISEPUEDE",0.023924889,NA
0,0,"EN - Manufacturing/Construction:N2O","Energy","EN - Manufacturing/Construction",0.0240730030370621,2023,"N2O",0,0,"Strategy TX:BASE","BGR","bulgaria","SISEPUEDE",0.0240730030370621,NA
0,0,"EN - Manufacturing/Construction:N2O","Energy","EN - Manufacturing/Construction",0.0243054201144682,2024,"N2O",0,0,"Strategy TX:BASE","BGR","bulgaria","SISEPUEDE",0.0243054201144682,NA
0,0,"EN - Manufacturing/Construction:N2O","Energy","EN - Manufacturing/Construction",0.024476047775419,2025,"N2O",0,0,"Strategy TX:BASE","BGR","bulgaria","SISEPUEDE",0.024476047775419,NA
0,0,"EN - Manufacturing/Construction:N2O","Energy","EN - Manufacturing/Construction",0.0246322360101727,2026,"N2O",0,0,"Strategy TX:BASE","BGR","bulgaria","SISEPUEDE",0.0246322360101727,NA
0,0,"EN - Manufacturing/Construction:N2O","Energy","EN - Manufacturing/Construction",0.0248238796727862,2027,"N2O",0,0,"Strategy TX:BASE","BGR","bulgaria","SISEPUEDE",0.0248238796727862,NA
0,0,"EN - Manufacturing/Construction:N2O","Energy","EN - Manufacturing/Construction",0.0248798763260353,2028,"N2O",0,0,"Strategy TX:BASE","BGR","bulgaria","SISEPUEDE",0.0248798763260353,NA
0,0,"EN - Manufacturing/Construction:N2O","Energy","EN - Manufacturing/Construction",0.024902055350857,2029,"N2O",0,0,"Strategy TX:BASE","BGR","bulgaria","SISEPUEDE",0.024902055350857,NA
0,0,"EN - Manufacturing/Construction:N2O","Energy","EN - Manufacturing/Construction",0.0249250327662173,2030,"N2O",0,0,"Strategy TX:BASE","BGR","bulgaria","SISEPUEDE",0.0249250327662173,NA
0,0,"EN - Manufacturing/Construction:N2O","Energy","EN - Manufacturing/Construction",0.0249336711440075,2031,"N2O",0,0,"Strategy TX:BASE","BGR","bulgaria","SISEPUEDE",0.0249336711440075,NA
0,0,"EN - Manufacturing/Construction:N2O","Energy","EN - Manufacturing/Construction",0.0249424765318304,2032,"N2O",0,0,"Strategy TX:BASE","BGR","bulgaria","SISEPUEDE",0.0249424765318304,NA
0,0,"EN - Manufacturing/Construction:N2O","Energy","EN - Manufacturing/Construction",0.0249493459568266,2033,"N2O",0,0,"Strategy TX:BASE","BGR","bulgaria","SISEPUEDE",0.0249493459568266,NA
0,0,"EN - Manufacturing/Construction:N2O","Energy","EN - Manufacturing/Construction",0.0249520519077901,2034,"N2O",0,0,"Strategy TX:BASE","BGR","bulgaria","SISEPUEDE",0.0249520519077901,NA
0,0,"EN - Manufacturing/Construction:N2O","Energy","EN - Manufacturing/Construction",0.024948597649251,2035,"N2O",0,0,"Strategy TX:BASE","BGR","bulgaria","SISEPUEDE",0.024948597649251,NA
0,0,"EN - Manufacturing/Construction:N2O","Energy","EN - Manufacturing/Construction",0.0249266954536972,2036,"N2O",0,0,"Strategy TX:BASE","BGR","bulgaria","SISEPUEDE",0.0249266954536972,NA
0,0,"EN - Manufacturing/Construction:N2O","Energy","EN - Manufacturing/Construction",0.0249015368030665,2037,"N2O",0,0,"Strategy TX:BASE","BGR","bulgaria","SISEPUEDE",0.0249015368030665,NA
0,0,"EN - Manufacturing/Construction:N2O","Energy","EN - Manufacturing/Construction",0.0248713108200536,2038,"N2O",0,0,"Strategy TX:BASE","BGR","bulgaria","SISEPUEDE",0.0248713108200536,NA
0,0,"EN - Manufacturing/Construction:N2O","Energy","EN - Manufacturing/Construction",0.0248316891133383,2039,"N2O",0,0,"Strategy TX:BASE","BGR","bulgaria","SISEPUEDE",0.0248316891133383,NA
0,0,"EN - Manufacturing/Construction:N2O","Energy","EN - Manufacturing/Construction",0.0247905457000936,2040,"N2O",0,0,"Strategy TX:BASE","BGR","bulgaria","SISEPUEDE",0.0247905457000936,NA
0,0,"EN - Manufacturing/Construction:N2O","Energy","EN - Manufacturing/Construction",0.0247249434070302,2041,"N2O",0,0,"Strategy TX:BASE","BGR","bulgaria","SISEPUEDE",0.0247249434070302,NA
0,0,"EN - Manufacturing/Construction:N2O","Energy","EN - Manufacturing/Construction",0.024656059110072,2042,"N2O",0,0,"Strategy TX:BASE","BGR","bulgaria","SISEPUEDE",0.024656059110072,NA
0,0,"EN - Manufacturing/Construction:N2O","Energy","EN - Manufacturing/Construction",0.0245841560995399,2043,"N2O",0,0,"Strategy TX:BASE","BGR","bulgaria","SISEPUEDE",0.0245841560995399,NA
0,0,"EN - Manufacturing/Construction:N2O","Energy","EN - Manufacturing/Construction",0.0245086360117254,2044,"N2O",0,0,"Strategy TX:BASE","BGR","bulgaria","SISEPUEDE",0.0245086360117254,NA
0,0,"EN - Manufacturing/Construction:N2O","Energy","EN - Manufacturing/Construction",0.024433241330322,2045,"N2O",0,0,"Strategy TX:BASE","BGR","bulgaria","SISEPUEDE",0.024433241330322,NA
0,0,"EN - Manufacturing/Construction:N2O","Energy","EN - Manufacturing/Construction",0.0243436015600599,2046,"N2O",0,0,"Strategy TX:BASE","BGR","bulgaria","SISEPUEDE",0.0243436015600599,NA
0,0,"EN - Manufacturing/Construction:N2O","Energy","EN - Manufacturing/Construction",0.0242562393643453,2047,"N2O",0,0,"Strategy TX:BASE","BGR","bulgaria","SISEPUEDE",0.0242562393643453,NA
0,0,"EN - Manufacturing/Construction:N2O","Energy","EN - Manufacturing/Construction",0.0241663277924857,2048,"N2O",0,0,"Strategy TX:BASE","BGR","bulgaria","SISEPUEDE",0.0241663277924857,NA
0,0,"EN - Manufacturing/Construction:N2O","Energy","EN - Manufacturing/Construction",0.0240703655465339,2049,"N2O",0,0,"Strategy TX:BASE","BGR","bulgaria","SISEPUEDE",0.0240703655465339,NA
0,0,"EN - Manufacturing/Construction:N2O","Energy","EN - Manufacturing/Construction",0.0239655655854946,2050,"N2O",0,0,"Strategy TX:BASE","BGR","bulgaria","SISEPUEDE",0.0239655655854946,NA
0,0,"EN - Other:CH4","Energy","EN - Other",0,2022,"CH4",0,0,"Strategy TX:BASE","BGR","bulgaria","SISEPUEDE",0,NA
0,0,"EN - Other:CH4","Energy","EN - Other",0,2023,"CH4",0,0,"Strategy TX:BASE","BGR","bulgaria","SISEPUEDE",0,NA
0,0,"EN - Other:CH4","Energy","EN - Other",0,2024,"CH4",0,0,"Strategy TX:BASE","BGR","bulgaria","SISEPUEDE",0,NA
0,0,"EN - Other:CH4","Energy","EN - Other",0,2025,"CH4",0,0,"Strategy TX:BASE","BGR","bulgaria","SISEPUEDE",0,NA
0,0,"EN - Other:CH4","Energy","EN - Other",0,2026,"CH4",0,0,"Strategy TX:BASE","BGR","bulgaria","SISEPUEDE",0,NA
0,0,"EN - Other:CH4","Energy","EN - Other",0,2027,"CH4",0,0,"Strategy TX:BASE","BGR","bulgaria","SISEPUEDE",0,NA
0,0,"EN - Other:CH4","Energy","EN - Other",0,2028,"CH4",0,0,"Strategy TX:BASE","BGR","bulgaria","SISEPUEDE",0,NA
0,0,"EN - Other:CH4","Energy","EN - Other",0,2029,"CH4",0,0,"Strategy TX:BASE","BGR","bulgaria","SISEPUEDE",0,NA
0,0,"EN - Other:CH4","Energy","EN - Other",0,2030,"CH4",0,0,"Strategy TX:BASE","BGR","bulgaria","SISEPUEDE",0,NA
0,0,"EN - Other:CH4","Energy","EN - Other",0,2031,"CH4",0,0,"Strategy TX:BASE","BGR","bulgaria","SISEPUEDE",0,NA
0,0,"EN - Other:CH4","Energy","EN - Other",0,2032,"CH4",0,0,"Strategy TX:BASE","BGR","bulgaria","SISEPUEDE",0,NA
0,0,"EN - Other:CH4","Energy","EN - Other",0,2033,"CH4",0,0,"Strategy TX:BASE","BGR","bulgaria","SISEPUEDE",0,NA
0,0,"EN - Other:CH4","Energy","EN - Other",0,2034,"CH4",0,0,"Strategy TX:BASE","BGR","bulgaria","SISEPUEDE",0,NA
0,0,"EN - Other:CH4","Energy","EN - Other",0,2035,"CH4",0,0,"Strategy TX:BASE","BGR","bulgaria","SISEPUEDE",0,NA
0,0,"EN - Other:CH4","Energy","EN - Other",0,2036,"CH4",0,0,"Strategy TX:BASE","BGR","bulgaria","SISEPUEDE",0,NA
0,0,"EN - Other:CH4","Energy","EN - Other",0,2037,"CH4",0,0,"Strategy TX:BASE","BGR","bulgaria","SISEPUEDE",0,NA
0,0,"EN - Other:CH4","Energy","EN - Other",0,2038,"CH4",0,0,"Strategy TX:BASE","BGR","bulgaria","SISEPUEDE",0,NA
0,0,"EN - Other:CH4","Energy","EN - Other",0,2039,"CH4",0,0,"Strategy TX:BASE","BGR","bulgaria","SISEPUEDE",0,NA
0,0,"EN - Other:CH4","Energy","EN - Other",0,2040,"CH4",0,0,"Strategy TX:BASE","BGR","bulgaria","SISEPUEDE",0,NA
0,0,"EN - Other:CH4","Energy","EN - Other",0,2041,"CH4",0,0,"Strategy TX:BASE","BGR","bulgaria","SISEPUEDE",0,NA
0,0,"EN - Other:CH4","Energy","EN - Other",0,2042,"CH4",0,0,"Strategy TX:BASE","BGR","bulgaria","SISEPUEDE",0,NA
0,0,"EN - Other:CH4","Energy","EN - Other",0,2043,"CH4",0,0,"Strategy TX:BASE","BGR","bulgaria","SISEPUEDE",0,NA
0,0,"EN - Other:CH4","Energy","EN - Other",0,2044,"CH4",0,0,"Strategy TX:BASE","BGR","bulgaria","SISEPUEDE",0,NA
0,0,"EN - Other:CH4","Energy","EN - Other",0,2045,"CH4",0,0,"Strategy TX:BASE","BGR","bulgaria","SISEPUEDE",0,NA
0,0,"EN - Other:CH4","Energy","EN - Other",0,2046,"CH4",0,0,"Strategy TX:BASE","BGR","bulgaria","SISEPUEDE",0,NA
0,0,"EN - Other:CH4","Energy","EN - Other",0,2047,"CH4",0,0,"Strategy TX:BASE","BGR","bulgaria","SISEPUEDE",0,NA
0,0,"EN - Other:CH4","Energy","EN - Other",0,2048,"CH4",0,0,"Strategy TX:BASE","BGR","bulgaria","SISEPUEDE",0,NA
0,0,"EN - Other:CH4","Energy","EN - Other",0,2049,"CH4",0,0,"Strategy TX:BASE","BGR","bulgaria","SISEPUEDE",0,NA
0,0,"EN - Other:CH4","Energy","EN - Other",0,2050,"CH4",0,0,"Strategy TX:BASE","BGR","bulgaria","SISEPUEDE",0,NA
0,0,"EN - Other:CO2","Energy","EN - Other",0,2022,"CO2",0,0,"Strategy TX:BASE","BGR","bulgaria","SISEPUEDE",0,NA
0,0,"EN - Other:CO2","Energy","EN - Other",0,2023,"CO2",0,0,"Strategy TX:BASE","BGR","bulgaria","SISEPUEDE",0,NA
0,0,"EN - Other:CO2","Energy","EN - Other",0,2024,"CO2",0,0,"Strategy TX:BASE","BGR","bulgaria","SISEPUEDE",0,NA
0,0,"EN - Other:CO2","Energy","EN - Other",0,2025,"CO2",0,0,"Strategy TX:BASE","BGR","bulgaria","SISEPUEDE",0,NA
0,0,"EN - Other:CO2","Energy","EN - Other",0,2026,"CO2",0,0,"Strategy TX:BASE","BGR","bulgaria","SISEPUEDE",0,NA
0,0,"EN - Other:CO2","Energy","EN - Other",0,2027,"CO2",0,0,"Strategy TX:BASE","BGR","bulgaria","SISEPUEDE",0,NA
0,0,"EN - Other:CO2","Energy","EN - Other",0,2028,"CO2",0,0,"Strategy TX:BASE","BGR","bulgaria","SISEPUEDE",0,NA
0,0,"EN - Other:CO2","Energy","EN - Other",0,2029,"CO2",0,0,"Strategy TX:BASE","BGR","bulgaria","SISEPUEDE",0,NA
0,0,"EN - Other:CO2","Energy","EN - Other",0,2030,"CO2",0,0,"Strategy TX:BASE","BGR","bulgaria","SISEPUEDE",0,NA
0,0,"EN - Other:CO2","Energy","EN - Other",0,2031,"CO2",0,0,"Strategy TX:BASE","BGR","bulgaria","SISEPUEDE",0,NA
0,0,"EN - Other:CO2","Energy","EN - Other",0,2032,"CO2",0,0,"Strategy TX:BASE","BGR","bulgaria","SISEPUEDE",0,NA
0,0,"EN - Other:CO2","Energy","EN - Other",0,2033,"CO2",0,0,"Strategy TX:BASE","BGR","bulgaria","SISEPUEDE",0,NA
0,0,"EN - Other:CO2","Energy","EN - Other",0,2034,"CO2",0,0,"Strategy TX:BASE","BGR","bulgaria","SISEPUEDE",0,NA
0,0,"EN - Other:CO2","Energy","EN - Other",0,2035,"CO2",0,0,"Strategy TX:BASE","BGR","bulgaria","SISEPUEDE",0,NA
0,0,"EN - Other:CO2","Energy","EN - Other",0,2036,"CO2",0,0,"Strategy TX:BASE","BGR","bulgaria","SISEPUEDE",0,NA
0,0,"EN - Other:CO2","Energy","EN - Other",0,2037,"CO2",0,0,"Strategy TX:BASE","BGR","bulgaria","SISEPUEDE",0,NA
0,0,"EN - Other:CO2","Energy","EN - Other",0,2038,"CO2",0,0,"Strategy TX:BASE","BGR","bulgaria","SISEPUEDE",0,NA
0,0,"EN - Other:CO2","Energy","EN - Other",0,2039,"CO2",0,0,"Strategy TX:BASE","BGR","bulgaria","SISEPUEDE",0,NA
0,0,"EN - Other:CO2","Energy","EN - Other",0,2040,"CO2",0,0,"Strategy TX:BASE","BGR","bulgaria","SISEPUEDE",0,NA
0,0,"EN - Other:CO2","Energy","EN - Other",0,2041,"CO2",0,0,"Strategy TX:BASE","BGR","bulgaria","SISEPUEDE",0,NA
0,0,"EN - Other:CO2","Energy","EN - Other",0,2042,"CO2",0,0,"Strategy TX:BASE","BGR","bulgaria","SISEPUEDE",0,NA
0,0,"EN - Other:CO2","Energy","EN - Other",0,2043,"CO2",0,0,"Strategy TX:BASE","BGR","bulgaria","SISEPUEDE",0,NA
0,0,"EN - Other:CO2","Energy","EN - Other",0,2044,"CO2",0,0,"Strategy TX:BASE","BGR","bulgaria","SISEPUEDE",0,NA
0,0,"EN - Other:CO2","Energy","EN - Other",0,2045,"CO2",0,0,"Strategy TX:BASE","BGR","bulgaria","SISEPUEDE",0,NA
0,0,"EN - Other:CO2","Energy","EN - Other",0,2046,"CO2",0,0,"Strategy TX:BASE","BGR","bulgaria","SISEPUEDE",0,NA
0,0,"EN - Other:CO2","Energy","EN - Other",0,2047,"CO2",0,0,"Strategy TX:BASE","BGR","bulgaria","SISEPUEDE",0,NA
0,0,"EN - Other:CO2","Energy","EN - Other",0,2048,"CO2",0,0,"Strategy TX:BASE","BGR","bulgaria","SISEPUEDE",0,NA
0,0,"EN - Other:CO2","Energy","EN - Other",0,2049,"CO2",0,0,"Strategy TX:BASE","BGR","bulgaria","SISEPUEDE",0,NA
0,0,"EN - Other:CO2","Energy","EN - Other",0,2050,"CO2",0,0,"Strategy TX:BASE","BGR","bulgaria","SISEPUEDE",0,NA
0,0,"EN - Other:N2O","Energy","EN - Other",0,2022,"N2O",0,0,"Strategy TX:BASE","BGR","bulgaria","SISEPUEDE",0,NA
0,0,"EN - Other:N2O","Energy","EN - Other",0,2023,"N2O",0,0,"Strategy TX:BASE","BGR","bulgaria","SISEPUEDE",0,NA
0,0,"EN - Other:N2O","Energy","EN - Other",0,2024,"N2O",0,0,"Strategy TX:BASE","BGR","bulgaria","SISEPUEDE",0,NA
0,0,"EN - Other:N2O","Energy","EN - Other",0,2025,"N2O",0,0,"Strategy TX:BASE","BGR","bulgaria","SISEPUEDE",0,NA
0,0,"EN - Other:N2O","Energy","EN - Other",0,2026,"N2O",0,0,"Strategy TX:BASE","BGR","bulgaria","SISEPUEDE",0,NA
0,0,"EN - Other:N2O","Energy","EN - Other",0,2027,"N2O",0,0,"Strategy TX:BASE","BGR","bulgaria","SISEPUEDE",0,NA
0,0,"EN - Other:N2O","Energy","EN - Other",0,2028,"N2O",0,0,"Strategy TX:BASE","BGR","bulgaria","SISEPUEDE",0,NA
0,0,"EN - Other:N2O","Energy","EN - Other",0,2029,"N2O",0,0,"Strategy TX:BASE","BGR","bulgaria","SISEPUEDE",0,NA
0,0,"EN - Other:N2O","Energy","EN - Other",0,2030,"N2O",0,0,"Strategy TX:BASE","BGR","bulgaria","SISEPUEDE",0,NA
0,0,"EN - Other:N2O","Energy","EN - Other",0,2031,"N2O",0,0,"Strategy TX:BASE","BGR","bulgaria","SISEPUEDE",0,NA
0,0,"EN - Other:N2O","Energy","EN - Other",0,2032,"N2O",0,0,"Strategy TX:BASE","BGR","bulgaria","SISEPUEDE",0,NA
0,0,"EN - Other:N2O","Energy","EN - Other",0,2033,"N2O",0,0,"Strategy TX:BASE","BGR","bulgaria","SISEPUEDE",0,NA
0,0,"EN - Other:N2O","Energy","EN - Other",0,2034,"N2O",0,0,"Strategy TX:BASE","BGR","bulgaria","SISEPUEDE",0,NA
0,0,"EN - Other:N2O","Energy","EN - Other",0,2035,"N2O",0,0,"Strategy TX:BASE","BGR","bulgaria","SISEPUEDE",0,NA
0,0,"EN - Other:N2O","Energy","EN - Other",0,2036,"N2O",0,0,"Strategy TX:BASE","BGR","bulgaria","SISEPUEDE",0,NA
0,0,"EN - Other:N2O","Energy","EN - Other",0,2037,"N2O",0,0,"Strategy TX:BASE","BGR","bulgaria","SISEPUEDE",0,NA
0,0,"EN - Other:N2O","Energy","EN - Other",0,2038,"N2O",0,0,"Strategy TX:BASE","BGR","bulgaria","SISEPUEDE",0,NA
0,0,"EN - Other:N2O","Energy","EN - Other",0,2039,"N2O",0,0,"Strategy TX:BASE","BGR","bulgaria","SISEPUEDE",0,NA
0,0,"EN - Other:N2O","Energy","EN - Other",0,2040,"N2O",0,0,"Strategy TX:BASE","BGR","bulgaria","SISEPUEDE",0,NA
0,0,"EN - Other:N2O","Energy","EN - Other",0,2041,"N2O",0,0,"Strategy TX:BASE","BGR","bulgaria","SISEPUEDE",0,NA
0,0,"EN - Other:N2O","Energy","EN - Other",0,2042,"N2O",0,0,"Strategy TX:BASE","BGR","bulgaria","SISEPUEDE",0,NA
0,0,"EN - Other:N2O","Energy","EN - Other",0,2043,"N2O",0,0,"Strategy TX:BASE","BGR","bulgaria","SISEPUEDE",0,NA
0,0,"EN - Other:N2O","Energy","EN - Other",0,2044,"N2O",0,0,"Strategy TX:BASE","BGR","bulgaria","SISEPUEDE",0,NA
0,0,"EN - Other:N2O","Energy","EN - Other",0,2045,"N2O",0,0,"Strategy TX:BASE","BGR","bulgaria","SISEPUEDE",0,NA
0,0,"EN - Other:N2O","Energy","EN - Other",0,2046,"N2O",0,0,"Strategy TX:BASE","BGR","bulgaria","SISEPUEDE",0,NA
0,0,"EN - Other:N2O","Energy","EN - Other",0,2047,"N2O",0,0,"Strategy TX:BASE","BGR","bulgaria","SISEPUEDE",0,NA
0,0,"EN - Other:N2O","Energy","EN - Other",0,2048,"N2O",0,0,"Strategy TX:BASE","BGR","bulgaria","SISEPUEDE",0,NA
0,0,"EN - Other:N2O","Energy","EN - Other",0,2049,"N2O",0,0,"Strategy TX:BASE","BGR","bulgaria","SISEPUEDE",0,NA
0,0,"EN - Other:N2O","Energy","EN - Other",0,2050,"N2O",0,0,"Strategy TX:BASE","BGR","bulgaria","SISEPUEDE",0,NA
0,0,"EN - Transportation:CH4","Energy","EN - Transportation",0.0506598140000001,2022,"CH4",0,0,"Strategy TX:BASE","BGR","bulgaria","SISEPUEDE",0.0506598140000001,NA
0,0,"EN - Transportation:CH4","Energy","EN - Transportation",0.0518532246907753,2023,"CH4",0,0,"Strategy TX:BASE","BGR","bulgaria","SISEPUEDE",0.0518532246907753,NA
0,0,"EN - Transportation:CH4","Energy","EN - Transportation",0.0540390450146702,2024,"CH4",0,0,"Strategy TX:BASE","BGR","bulgaria","SISEPUEDE",0.0540390450146702,NA
0,0,"EN - Transportation:CH4","Energy","EN - Transportation",0.0560924778188647,2025,"CH4",0,0,"Strategy TX:BASE","BGR","bulgaria","SISEPUEDE",0.0560924778188647,NA
0,0,"EN - Transportation:CH4","Energy","EN - Transportation",0.0581716467202628,2026,"CH4",0,0,"Strategy TX:BASE","BGR","bulgaria","SISEPUEDE",0.0581716467202628,NA
0,0,"EN - Transportation:CH4","Energy","EN - Transportation",0.0604816991169461,2027,"CH4",0,0,"Strategy TX:BASE","BGR","bulgaria","SISEPUEDE",0.0604816991169461,NA
0,0,"EN - Transportation:CH4","Energy","EN - Transportation",0.0623023814938624,2028,"CH4",0,0,"Strategy TX:BASE","BGR","bulgaria","SISEPUEDE",0.0623023814938624,NA
0,0,"EN - Transportation:CH4","Energy","EN - Transportation",0.0640265080857445,2029,"CH4",0,0,"Strategy TX:BASE","BGR","bulgaria","SISEPUEDE",0.0640265080857445,NA
0,0,"EN - Transportation:CH4","Energy","EN - Transportation",0.065800092093403,2030,"CH4",0,0,"Strategy TX:BASE","BGR","bulgaria","SISEPUEDE",0.065800092093403,NA
0,0,"EN - Transportation:CH4","Energy","EN - Transportation",0.0675506140522468,2031,"CH4",0,0,"Strategy TX:BASE","BGR","bulgaria","SISEPUEDE",0.0675506140522468,NA
0,0,"EN - Transportation:CH4","Energy","EN - Transportation",0.0693423765873052,2032,"CH4",0,0,"Strategy TX:BASE","BGR","bulgaria","SISEPUEDE",0.0693423765873052,NA
0,0,"EN - Transportation:CH4","Energy","EN - Transportation",0.0711630812811547,2033,"CH4",0,0,"Strategy TX:BASE","BGR","bulgaria","SISEPUEDE",0.0711630812811547,NA
0,0,"EN - Transportation:CH4","Energy","EN - Transportation",0.0729886690277379,2034,"CH4",0,0,"Strategy TX:BASE","BGR","bulgaria","SISEPUEDE",0.0729886690277379,NA
0,0,"EN - Transportation:CH4","Energy","EN - Transportation",0.0747952685667539,2035,"CH4",0,0,"Strategy TX:BASE","BGR","bulgaria","SISEPUEDE",0.0747952685667539,NA
0,0,"EN - Transportation:CH4","Energy","EN - Transportation",0.0765304178496807,2036,"CH4",0,0,"Strategy TX:BASE","BGR","bulgaria","SISEPUEDE",0.0765304178496807,NA
0,0,"EN - Transportation:CH4","Energy","EN - Transportation",0.0782728450993762,2037,"CH4",0,0,"Strategy TX:BASE","BGR","bulgaria","SISEPUEDE",0.0782728450993762,NA
0,0,"EN - Transportation:CH4","Energy","EN - Transportation",0.0800114893036951,2038,"CH4",0,0,"Strategy TX:BASE","BGR","bulgaria","SISEPUEDE",0.0800114893036951,NA
0,0,"EN - Transportation:CH4","Energy","EN - Transportation",0.0817162463814215,2039,"CH4",0,0,"Strategy TX:BASE","BGR","bulgaria","SISEPUEDE",0.0817162463814215,NA
0,0,"EN - Transportation:CH4","Energy","EN - Transportation",0.0834333012420448,2040,"CH4",0,0,"Strategy TX:BASE","BGR","bulgaria","SISEPUEDE",0.0834333012420448,NA
0,0,"EN - Transportation:CH4","Energy","EN - Transportation",0.0850209796902597,2041,"CH4",0,0,"Strategy TX:BASE","BGR","bulgaria","SISEPUEDE",0.0850209796902597,NA
0,0,"EN - Transportation:CH4","Energy","EN - Transportation",0.086606234215693,2042,"CH4",0,0,"Strategy TX:BASE","BGR","bulgaria","SISEPUEDE",0.086606234215693,NA
0,0,"EN - Transportation:CH4","Energy","EN - Transportation",0.0881919997692583,2043,"CH4",0,0,"Strategy TX:BASE","BGR","bulgaria","SISEPUEDE",0.0881919997692583,NA
0,0,"EN - Transportation:CH4","Energy","EN - Transportation",0.0897754557502092,2044,"CH4",0,0,"Strategy TX:BASE","BGR","bulgaria","SISEPUEDE",0.0897754557502092,NA
0,0,"EN - Transportation:CH4","Energy","EN - Transportation",0.0913819507339874,2045,"CH4",0,0,"Strategy TX:BASE","BGR","bulgaria","SISEPUEDE",0.0913819507339874,NA
0,0,"EN - Transportation:CH4","Energy","EN - Transportation",0.0929133020324842,2046,"CH4",0,0,"Strategy TX:BASE","BGR","bulgaria","SISEPUEDE",0.0929133020324842,NA
0,0,"EN - Transportation:CH4","Energy","EN - Transportation",0.0944841469016777,2047,"CH4",0,0,"Strategy TX:BASE","BGR","bulgaria","SISEPUEDE",0.0944841469016777,NA
0,0,"EN - Transportation:CH4","Energy","EN - Transportation",0.0960619499821953,2048,"CH4",0,0,"Strategy TX:BASE","BGR","bulgaria","SISEPUEDE",0.0960619499821953,NA
0,0,"EN - Transportation:CH4","Energy","EN - Transportation",0.0976201596984452,2049,"CH4",0,0,"Strategy TX:BASE","BGR","bulgaria","SISEPUEDE",0.0976201596984452,NA
0,0,"EN - Transportation:CH4","Energy","EN - Transportation",0.0991362207863071,2050,"CH4",0,0,"Strategy TX:BASE","BGR","bulgaria","SISEPUEDE",0.0991362207863071,NA
0,0,"EN - Transportation:CO2","Energy","EN - Transportation",10.31481115,2022,"CO2",0,0,"Strategy TX:BASE","BGR","bulgaria","SISEPUEDE",10.31481115,NA
0,0,"EN - Transportation:CO2","Energy","EN - Transportation",10.6005608504996,2023,"CO2",0,0,"Strategy TX:BASE","BGR","bulgaria","SISEPUEDE",10.6005608504996,NA
0,0,"EN - Transportation:CO2","Energy","EN - Transportation",11.1263027751142,2024,"CO2",0,0,"Strategy TX:BASE","BGR","bulgaria","SISEPUEDE",11.1263027751142,NA
0,0,"EN - Transportation:CO2","Energy","EN - Transportation",11.6299936321334,2025,"CO2",0,0,"Strategy TX:BASE","BGR","bulgaria","SISEPUEDE",11.6299936321334,NA
0,0,"EN - Transportation:CO2","Energy","EN - Transportation",12.1466468340788,2026,"CO2",0,0,"Strategy TX:BASE","BGR","bulgaria","SISEPUEDE",12.1466468340788,NA
0,0,"EN - Transportation:CO2","Energy","EN - Transportation",12.7268456553773,2027,"CO2",0,0,"Strategy TX:BASE","BGR","bulgaria","SISEPUEDE",12.7268456553773,NA
0,0,"EN - Transportation:CO2","Energy","EN - Transportation",13.1948091294606,2028,"CO2",0,0,"Strategy TX:BASE","BGR","bulgaria","SISEPUEDE",13.1948091294606,NA
0,0,"EN - Transportation:CO2","Energy","EN - Transportation",13.6441067309091,2029,"CO2",0,0,"Strategy TX:BASE","BGR","bulgaria","SISEPUEDE",13.6441067309091,NA
0,0,"EN - Transportation:CO2","Energy","EN - Transportation",14.1110979311414,2030,"CO2",0,0,"Strategy TX:BASE","BGR","bulgaria","SISEPUEDE",14.1110979311414,NA
0,0,"EN - Transportation:CO2","Energy","EN - Transportation",14.5777431939883,2031,"CO2",0,0,"Strategy TX:BASE","BGR","bulgaria","SISEPUEDE",14.5777431939883,NA
0,0,"EN - Transportation:CO2","Energy","EN - Transportation",15.0605365504043,2032,"CO2",0,0,"Strategy TX:BASE","BGR","bulgaria","SISEPUEDE",15.0605365504043,NA
0,0,"EN - Transportation:CO2","Energy","EN - Transportation",15.5565950811552,2033,"CO2",0,0,"Strategy TX:BASE","BGR","bulgaria","SISEPUEDE",15.5565950811552,NA
0,0,"EN - Transportation:CO2","Energy","EN - Transportation",16.0595289001613,2034,"CO2",0,0,"Strategy TX:BASE","BGR","bulgaria","SISEPUEDE",16.0595289001613,NA
0,0,"EN - Transportation:CO2","Energy","EN - Transportation",16.5607073144857,2035,"CO2",0,0,"Strategy TX:BASE","BGR","bulgaria","SISEPUEDE",16.5607073144857,NA
0,0,"EN - Transportation:CO2","Energy","EN - Transportation",17.0493500926353,2036,"CO2",0,0,"Strategy TX:BASE","BGR","bulgaria","SISEPUEDE",17.0493500926353,NA
0,0,"EN - Transportation:CO2","Energy","EN - Transportation",17.5464320761069,2037,"CO2",0,0,"Strategy TX:BASE","BGR","bulgaria","SISEPUEDE",17.5464320761069,NA
0,0,"EN - Transportation:CO2","Energy","EN - Transportation",18.0490857408417,2038,"CO2",0,0,"Strategy TX:BASE","BGR","bulgaria","SISEPUEDE",18.0490857408417,NA
0,0,"EN - Transportation:CO2","Energy","EN - Transportation",18.5485730464931,2039,"CO2",0,0,"Strategy TX:BASE","BGR","bulgaria","SISEPUEDE",18.5485730464931,NA
0,0,"EN - Transportation:CO2","Energy","EN - Transportation",19.0575575898862,2040,"CO2",0,0,"Strategy TX:BASE","BGR","bulgaria","SISEPUEDE",19.0575575898862,NA
0,0,"EN - Transportation:CO2","Energy","EN - Transportation",19.5372068322213,2041,"CO2",0,0,"Strategy TX:BASE","BGR","bulgaria","SISEPUEDE",19.5372068322213,NA
0,0,"EN - Transportation:CO2","Energy","EN - Transportation",20.0221520430857,2042,"CO2",0,0,"Strategy TX:BASE","BGR","bulgaria","SISEPUEDE",20.0221520430857,NA
0,0,"EN - Transportation:CO2","Energy","EN - Transportation",20.5133845125212,2043,"CO2",0,0,"Strategy TX:BASE","BGR","bulgaria","SISEPUEDE",20.5133845125212,NA
0,0,"EN - Transportation:CO2","Energy","EN - Transportation",21.0102402064979,2044,"CO2",0,0,"Strategy TX:BASE","BGR","bulgaria","SISEPUEDE",21.0102402064979,NA
0,0,"EN - Transportation:CO2","Energy","EN - Transportation",21.5198062151018,2045,"CO2",0,0,"Strategy TX:BASE","BGR","bulgaria","SISEPUEDE",21.5198062151018,NA
0,0,"EN - Transportation:CO2","Energy","EN - Transportation",22.0141047494882,2046,"CO2",0,0,"Strategy TX:BASE","BGR","bulgaria","SISEPUEDE",22.0141047494882,NA
0,0,"EN - Transportation:CO2","Energy","EN - Transportation",22.5259219837154,2047,"CO2",0,0,"Strategy TX:BASE","BGR","bulgaria","SISEPUEDE",22.5259219837154,NA
0,0,"EN - Transportation:CO2","Energy","EN - Transportation",23.045921163469,2048,"CO2",0,0,"Strategy TX:BASE","BGR","bulgaria","SISEPUEDE",23.045921163469,NA
0,0,"EN - Transportation:CO2","Energy","EN - Transportation",23.5660421684442,2049,"CO2",0,0,"Strategy TX:BASE","BGR","bulgaria","SISEPUEDE",23.5660421684442,NA
0,0,"EN - Transportation:CO2","Energy","EN - Transportation",24.0792980178562,2050,"CO2",0,0,"Strategy TX:BASE","BGR","bulgaria","SISEPUEDE",24.0792980178562,NA
0,0,"EN - Transportation:N2O","Energy","EN - Transportation",0.089264459,2022,"N2O",0,0,"Strategy TX:BASE","BGR","bulgaria","SISEPUEDE",0.089264459,NA
0,0,"EN - Transportation:N2O","Energy","EN - Transportation",0.0915932441869694,2023,"N2O",0,0,"Strategy TX:BASE","BGR","bulgaria","SISEPUEDE",0.0915932441869694,NA
0,0,"EN - Transportation:N2O","Energy","EN - Transportation",0.0958685144946337,2024,"N2O",0,0,"Strategy TX:BASE","BGR","bulgaria","SISEPUEDE",0.0958685144946337,NA
0,0,"EN - Transportation:N2O","Energy","EN - Transportation",0.0999363242112372,2025,"N2O",0,0,"Strategy TX:BASE","BGR","bulgaria","SISEPUEDE",0.0999363242112372,NA
0,0,"EN - Transportation:N2O","Energy","EN - Transportation",0.104089955151194,2026,"N2O",0,0,"Strategy TX:BASE","BGR","bulgaria","SISEPUEDE",0.104089955151194,NA
0,0,"EN - Transportation:N2O","Energy","EN - Transportation",0.108736851824181,2027,"N2O",0,0,"Strategy TX:BASE","BGR","bulgaria","SISEPUEDE",0.108736851824181,NA
0,0,"EN - Transportation:N2O","Energy","EN - Transportation",0.112455807110762,2028,"N2O",0,0,"Strategy TX:BASE","BGR","bulgaria","SISEPUEDE",0.112455807110762,NA
0,0,"EN - Transportation:N2O","Energy","EN - Transportation",0.116009814084158,2029,"N2O",0,0,"Strategy TX:BASE","BGR","bulgaria","SISEPUEDE",0.116009814084158,NA
0,0,"EN - Transportation:N2O","Energy","EN - Transportation",0.119690717945563,2030,"N2O",0,0,"Strategy TX:BASE","BGR","bulgaria","SISEPUEDE",0.119690717945563,NA
0,0,"EN - Transportation:N2O","Energy","EN - Transportation",0.123353589803194,2031,"N2O",0,0,"Strategy TX:BASE","BGR","bulgaria","SISEPUEDE",0.123353589803194,NA
0,0,"EN - Transportation:N2O","Energy","EN - Transportation",0.127129451579709,2032,"N2O",0,0,"Strategy TX:BASE","BGR","bulgaria","SISEPUEDE",0.127129451579709,NA
0,0,"EN - Transportation:N2O","Energy","EN - Transportation",0.130994607931906,2033,"N2O",0,0,"Strategy TX:BASE","BGR","bulgaria","SISEPUEDE",0.130994607931906,NA
0,0,"EN - Transportation:N2O","Energy","EN - Transportation",0.134898830327193,2034,"N2O",0,0,"Strategy TX:BASE","BGR","bulgaria","SISEPUEDE",0.134898830327193,NA
0,0,"EN - Transportation:N2O","Energy","EN - Transportation",0.138780331082749,2035,"N2O",0,0,"Strategy TX:BASE","BGR","bulgaria","SISEPUEDE",0.138780331082749,NA
0,0,"EN - Transportation:N2O","Energy","EN - Transportation",0.142546087480682,2036,"N2O",0,0,"Strategy TX:BASE","BGR","bulgaria","SISEPUEDE",0.142546087480682,NA
0,0,"EN - Transportation:N2O","Energy","EN - Transportation",0.146360662844725,2037,"N2O",0,0,"Strategy TX:BASE","BGR","bulgaria","SISEPUEDE",0.146360662844725,NA
0,0,"EN - Transportation:N2O","Energy","EN - Transportation",0.150201384089609,2038,"N2O",0,0,"Strategy TX:BASE","BGR","bulgaria","SISEPUEDE",0.150201384089609,NA
0,0,"EN - Transportation:N2O","Energy","EN - Transportation",0.154001619998741,2039,"N2O",0,0,"Strategy TX:BASE","BGR","bulgaria","SISEPUEDE",0.154001619998741,NA
0,0,"EN - Transportation:N2O","Energy","EN - Transportation",0.157859828733452,2040,"N2O",0,0,"Strategy TX:BASE","BGR","bulgaria","SISEPUEDE",0.157859828733452,NA
0,0,"EN - Transportation:N2O","Energy","EN - Transportation",0.161474239947663,2041,"N2O",0,0,"Strategy TX:BASE","BGR","bulgaria","SISEPUEDE",0.161474239947663,NA
0,0,"EN - Transportation:N2O","Energy","EN - Transportation",0.165114491396907,2042,"N2O",0,0,"Strategy TX:BASE","BGR","bulgaria","SISEPUEDE",0.165114491396907,NA
0,0,"EN - Transportation:N2O","Energy","EN - Transportation",0.168787858664308,2043,"N2O",0,0,"Strategy TX:BASE","BGR","bulgaria","SISEPUEDE",0.168787858664308,NA
0,0,"EN - Transportation:N2O","Energy","EN - Transportation",0.172488948799284,2044,"N2O",0,0,"Strategy TX:BASE","BGR","bulgaria","SISEPUEDE",0.172488948799284,NA
0,0,"EN - Transportation:N2O","Energy","EN - Transportation",0.176272533442007,2045,"N2O",0,0,"Strategy TX:BASE","BGR","bulgaria","SISEPUEDE",0.176272533442007,NA
0,0,"EN - Transportation:N2O","Energy","EN - Transportation",0.179923929520032,2046,"N2O",0,0,"Strategy TX:BASE","BGR","bulgaria","SISEPUEDE",0.179923929520032,NA
0,0,"EN - Transportation:N2O","Energy","EN - Transportation",0.183694510747633,2047,"N2O",0,0,"Strategy TX:BASE","BGR","bulgaria","SISEPUEDE",0.183694510747633,NA
0,0,"EN - Transportation:N2O","Energy","EN - Transportation",0.187512815995683,2048,"N2O",0,0,"Strategy TX:BASE","BGR","bulgaria","SISEPUEDE",0.187512815995683,NA
0,0,"EN - Transportation:N2O","Energy","EN - Transportation",0.191318232294106,2049,"N2O",0,0,"Strategy TX:BASE","BGR","bulgaria","SISEPUEDE",0.191318232294106,NA
0,0,"EN - Transportation:N2O","Energy","EN - Transportation",0.195058540462148,2050,"N2O",0,0,"Strategy TX:BASE","BGR","bulgaria","SISEPUEDE",0.195058540462148,NA
0,0,"IN - Industrial Processes:CH4","Industrial Processes","IN - Industrial Processes",0,2022,"CH4",0,0,"Strategy TX:BASE","BGR","bulgaria","SISEPUEDE",0,NA
0,0,"IN - Industrial Processes:CH4","Industrial Processes","IN - Industrial Processes",0,2023,"CH4",0,0,"Strategy TX:BASE","BGR","bulgaria","SISEPUEDE",0,NA
0,0,"IN - Industrial Processes:CH4","Industrial Processes","IN - Industrial Processes",0,2024,"CH4",0,0,"Strategy TX:BASE","BGR","bulgaria","SISEPUEDE",0,NA
0,0,"IN - Industrial Processes:CH4","Industrial Processes","IN - Industrial Processes",0,2025,"CH4",0,0,"Strategy TX:BASE","BGR","bulgaria","SISEPUEDE",0,NA
0,0,"IN - Industrial Processes:CH4","Industrial Processes","IN - Industrial Processes",0,2026,"CH4",0,0,"Strategy TX:BASE","BGR","bulgaria","SISEPUEDE",0,NA
0,0,"IN - Industrial Processes:CH4","Industrial Processes","IN - Industrial Processes",0,2027,"CH4",0,0,"Strategy TX:BASE","BGR","bulgaria","SISEPUEDE",0,NA
0,0,"IN - Industrial Processes:CH4","Industrial Processes","IN - Industrial Processes",0,2028,"CH4",0,0,"Strategy TX:BASE","BGR","bulgaria","SISEPUEDE",0,NA
0,0,"IN - Industrial Processes:CH4","Industrial Processes","IN - Industrial Processes",0,2029,"CH4",0,0,"Strategy TX:BASE","BGR","bulgaria","SISEPUEDE",0,NA
0,0,"IN - Industrial Processes:CH4","Industrial Processes","IN - Industrial Processes",0,2030,"CH4",0,0,"Strategy TX:BASE","BGR","bulgaria","SISEPUEDE",0,NA
0,0,"IN - Industrial Processes:CH4","Industrial Processes","IN - Industrial Processes",0,2031,"CH4",0,0,"Strategy TX:BASE","BGR","bulgaria","SISEPUEDE",0,NA
0,0,"IN - Industrial Processes:CH4","Industrial Processes","IN - Industrial Processes",0,2032,"CH4",0,0,"Strategy TX:BASE","BGR","bulgaria","SISEPUEDE",0,NA
0,0,"IN - Industrial Processes:CH4","Industrial Processes","IN - Industrial Processes",0,2033,"CH4",0,0,"Strategy TX:BASE","BGR","bulgaria","SISEPUEDE",0,NA
0,0,"IN - Industrial Processes:CH4","Industrial Processes","IN - Industrial Processes",0,2034,"CH4",0,0,"Strategy TX:BASE","BGR","bulgaria","SISEPUEDE",0,NA
0,0,"IN - Industrial Processes:CH4","Industrial Processes","IN - Industrial Processes",0,2035,"CH4",0,0,"Strategy TX:BASE","BGR","bulgaria","SISEPUEDE",0,NA
0,0,"IN - Industrial Processes:CH4","Industrial Processes","IN - Industrial Processes",0,2036,"CH4",0,0,"Strategy TX:BASE","BGR","bulgaria","SISEPUEDE",0,NA
0,0,"IN - Industrial Processes:CH4","Industrial Processes","IN - Industrial Processes",0,2037,"CH4",0,0,"Strategy TX:BASE","BGR","bulgaria","SISEPUEDE",0,NA
0,0,"IN - Industrial Processes:CH4","Industrial Processes","IN - Industrial Processes",0,2038,"CH4",0,0,"Strategy TX:BASE","BGR","bulgaria","SISEPUEDE",0,NA
0,0,"IN - Industrial Processes:CH4","Industrial Processes","IN - Industrial Processes",0,2039,"CH4",0,0,"Strategy TX:BASE","BGR","bulgaria","SISEPUEDE",0,NA
0,0,"IN - Industrial Processes:CH4","Industrial Processes","IN - Industrial Processes",0,2040,"CH4",0,0,"Strategy TX:BASE","BGR","bulgaria","SISEPUEDE",0,NA
0,0,"IN - Industrial Processes:CH4","Industrial Processes","IN - Industrial Processes",0,2041,"CH4",0,0,"Strategy TX:BASE","BGR","bulgaria","SISEPUEDE",0,NA
0,0,"IN - Industrial Processes:CH4","Industrial Processes","IN - Industrial Processes",0,2042,"CH4",0,0,"Strategy TX:BASE","BGR","bulgaria","SISEPUEDE",0,NA
0,0,"IN - Industrial Processes:CH4","Industrial Processes","IN - Industrial Processes",0,2043,"CH4",0,0,"Strategy TX:BASE","BGR","bulgaria","SISEPUEDE",0,NA
0,0,"IN - Industrial Processes:CH4","Industrial Processes","IN - Industrial Processes",0,2044,"CH4",0,0,"Strategy TX:BASE","BGR","bulgaria","SISEPUEDE",0,NA
0,0,"IN - Industrial Processes:CH4","Industrial Processes","IN - Industrial Processes",0,2045,"CH4",0,0,"Strategy TX:BASE","BGR","bulgaria","SISEPUEDE",0,NA
0,0,"IN - Industrial Processes:CH4","Industrial Processes","IN - Industrial Processes",0,2046,"CH4",0,0,"Strategy TX:BASE","BGR","bulgaria","SISEPUEDE",0,NA
0,0,"IN - Industrial Processes:CH4","Industrial Processes","IN - Industrial Processes",0,2047,"CH4",0,0,"Strategy TX:BASE","BGR","bulgaria","SISEPUEDE",0,NA
0,0,"IN - Industrial Processes:CH4","Industrial Processes","IN - Industrial Processes",0,2048,"CH4",0,0,"Strategy TX:BASE","BGR","bulgaria","SISEPUEDE",0,NA
0,0,"IN - Industrial Processes:CH4","Industrial Processes","IN - Industrial Processes",0,2049,"CH4",0,0,"Strategy TX:BASE","BGR","bulgaria","SISEPUEDE",0,NA
0,0,"IN - Industrial Processes:CH4","Industrial Processes","IN - Industrial Processes",0,2050,"CH4",0,0,"Strategy TX:BASE","BGR","bulgaria","SISEPUEDE",0,NA
0,0,"IN - Industrial Processes:CO2","Industrial Processes","IN - Industrial Processes",3.77808,2022,"CO2",0,0,"Strategy TX:BASE","BGR","bulgaria","SISEPUEDE",3.77808,NA
0,0,"IN - Industrial Processes:CO2","Industrial Processes","IN - Industrial Processes",3.78940429985666,2023,"CO2",0,0,"Strategy TX:BASE","BGR","bulgaria","SISEPUEDE",3.78940429985666,NA
0,0,"IN - Industrial Processes:CO2","Industrial Processes","IN - Industrial Processes",3.83239190883757,2024,"CO2",0,0,"Strategy TX:BASE","BGR","bulgaria","SISEPUEDE",3.83239190883757,NA
0,0,"IN - Industrial Processes:CO2","Industrial Processes","IN - Industrial Processes",3.86786741788449,2025,"CO2",0,0,"Strategy TX:BASE","BGR","bulgaria","SISEPUEDE",3.86786741788449,NA
0,0,"IN - Industrial Processes:CO2","Industrial Processes","IN - Industrial Processes",3.9016323160248,2026,"CO2",0,0,"Strategy TX:BASE","BGR","bulgaria","SISEPUEDE",3.9016323160248,NA
0,0,"IN - Industrial Processes:CO2","Industrial Processes","IN - Industrial Processes",3.93989381989704,2027,"CO2",0,0,"Strategy TX:BASE","BGR","bulgaria","SISEPUEDE",3.93989381989704,NA
0,0,"IN - Industrial Processes:CO2","Industrial Processes","IN - Industrial Processes",3.96131288616852,2028,"CO2",0,0,"Strategy TX:BASE","BGR","bulgaria","SISEPUEDE",3.96131288616852,NA
0,0,"IN - Industrial Processes:CO2","Industrial Processes","IN - Industrial Processes",3.97851291731394,2029,"CO2",0,0,"Strategy TX:BASE","BGR","bulgaria","SISEPUEDE",3.97851291731394,NA
0,0,"IN - Industrial Processes:CO2","Industrial Processes","IN - Industrial Processes",3.99580203781102,2030,"CO2",0,0,"Strategy TX:BASE","BGR","bulgaria","SISEPUEDE",3.99580203781102,NA
0,0,"IN - Industrial Processes:CO2","Industrial Processes","IN - Industrial Processes",4.01127391148788,2031,"CO2",0,0,"Strategy TX:BASE","BGR","bulgaria","SISEPUEDE",4.01127391148788,NA
0,0,"IN - Industrial Processes:CO2","Industrial Processes","IN - Industrial Processes",4.02674005308617,2032,"CO2",0,0,"Strategy TX:BASE","BGR","bulgaria","SISEPUEDE",4.02674005308617,NA
0,0,"IN - Industrial Processes:CO2","Industrial Processes","IN - Industrial Processes",4.04193025287475,2033,"CO2",0,0,"Strategy TX:BASE","BGR","bulgaria","SISEPUEDE",4.04193025287475,NA
0,0,"IN - Industrial Processes:CO2","Industrial Processes","IN - Industrial Processes",4.05636209549944,2034,"CO2",0,0,"Strategy TX:BASE","BGR","bulgaria","SISEPUEDE",4.05636209549944,NA
0,0,"IN - Industrial Processes:CO2","Industrial Processes","IN - Industrial Processes",4.06984835903546,2035,"CO2",0,0,"Strategy TX:BASE","BGR","bulgaria","SISEPUEDE",4.06984835903546,NA
0,0,"IN - Industrial Processes:CO2","Industrial Processes","IN - Industrial Processes",4.08095463209682,2036,"CO2",0,0,"Strategy TX:BASE","BGR","bulgaria","SISEPUEDE",4.08095463209682,NA
0,0,"IN - Industrial Processes:CO2","Industrial Processes","IN - Industrial Processes",4.09160230288485,2037,"CO2",0,0,"Strategy TX:BASE","BGR","bulgaria","SISEPUEDE",4.09160230288485,NA
0,0,"IN - Industrial Processes:CO2","Industrial Processes","IN - Industrial Processes",4.10155409780552,2038,"CO2",0,0,"Strategy TX:BASE","BGR","bulgaria","SISEPUEDE",4.10155409780552,NA
0,0,"IN - Industrial Processes:CO2","Industrial Processes","IN - Industrial Processes",4.11023972547719,2039,"CO2",0,0,"Strategy TX:BASE","BGR","bulgaria","SISEPUEDE",4.11023972547719,NA
0,0,"IN - Industrial Processes:CO2","Industrial Processes","IN - Industrial Processes",4.11866388763296,2040,"CO2",0,0,"Strategy TX:BASE","BGR","bulgaria","SISEPUEDE",4.11866388763296,NA
0,0,"IN - Industrial Processes:CO2","Industrial Processes","IN - Industrial Processes",4.1238664326934,2041,"CO2",0,0,"Strategy TX:BASE","BGR","bulgaria","SISEPUEDE",4.1238664326934,NA
0,0,"IN - Industrial Processes:CO2","Industrial Processes","IN - Industrial Processes",4.12856045463045,2042,"CO2",0,0,"Strategy TX:BASE","BGR","bulgaria","SISEPUEDE",4.12856045463045,NA
0,0,"IN - Industrial Processes:CO2","Industrial Processes","IN - Industrial Processes",4.13277739654765,2043,"CO2",0,0,"Strategy TX:BASE","BGR","bulgaria","SISEPUEDE",4.13277739654765,NA
0,0,"IN - Industrial Processes:CO2","Industrial Processes","IN - Industrial Processes",4.13643623671563,2044,"CO2",0,0,"Strategy TX:BASE","BGR","bulgaria","SISEPUEDE",4.13643623671563,NA
0,0,"IN - Industrial Processes:CO2","Industrial Processes","IN - Industrial Processes",4.1400195498444,2045,"CO2",0,0,"Strategy TX:BASE","BGR","bulgaria","SISEPUEDE",4.1400195498444,NA
0,0,"IN - Industrial Processes:CO2","Industrial Processes","IN - Industrial Processes",4.14164383169924,2046,"CO2",0,0,"Strategy TX:BASE","BGR","bulgaria","SISEPUEDE",4.14164383169924,NA
0,0,"IN - Industrial Processes:CO2","Industrial Processes","IN - Industrial Processes",4.14346493683748,2047,"CO2",0,0,"Strategy TX:BASE","BGR","bulgaria","SISEPUEDE",4.14346493683748,NA
0,0,"IN - Industrial Processes:CO2","Industrial Processes","IN - Industrial Processes",4.1448476004177,2048,"CO2",0,0,"Strategy TX:BASE","BGR","bulgaria","SISEPUEDE",4.1448476004177,NA
0,0,"IN - Industrial Processes:CO2","Industrial Processes","IN - Industrial Processes",4.14532217185274,2049,"CO2",0,0,"Strategy TX:BASE","BGR","bulgaria","SISEPUEDE",4.14532217185274,NA
0,0,"IN - Industrial Processes:CO2","Industrial Processes","IN - Industrial Processes",4.14450933197499,2050,"CO2",0,0,"Strategy TX:BASE","BGR","bulgaria","SISEPUEDE",4.14450933197499,NA
0,0,"IN - Industrial Processes:HFC","Industrial Processes","IN - Industrial Processes",0.70185,2022,"HFC",0,0,"Strategy TX:BASE","BGR","bulgaria","SISEPUEDE",0.70185,NA
0,0,"IN - Industrial Processes:HFC","Industrial Processes","IN - Industrial Processes",0.681667166012999,2023,"HFC",0,0,"Strategy TX:BASE","BGR","bulgaria","SISEPUEDE",0.681667166012999,NA
0,0,"IN - Industrial Processes:HFC","Industrial Processes","IN - Industrial Processes",0.667172318226512,2024,"HFC",0,0,"Strategy TX:BASE","BGR","bulgaria","SISEPUEDE",0.667172318226512,NA
0,0,"IN - Industrial Processes:HFC","Industrial Processes","IN - Industrial Processes",0.65076973412015,2025,"HFC",0,0,"Strategy TX:BASE","BGR","bulgaria","SISEPUEDE",0.65076973412015,NA
0,0,"IN - Industrial Processes:HFC","Industrial Processes","IN - Industrial Processes",0.633626619648435,2026,"HFC",0,0,"Strategy TX:BASE","BGR","bulgaria","SISEPUEDE",0.633626619648435,NA
0,0,"IN - Industrial Processes:HFC","Industrial Processes","IN - Industrial Processes",0.616811891981093,2027,"HFC",0,0,"Strategy TX:BASE","BGR","bulgaria","SISEPUEDE",0.616811891981093,NA
0,0,"IN - Industrial Processes:HFC","Industrial Processes","IN - Industrial Processes",0.596794506252411,2028,"HFC",0,0,"Strategy TX:BASE","BGR","bulgaria","SISEPUEDE",0.596794506252411,NA
0,0,"IN - Industrial Processes:HFC","Industrial Processes","IN - Industrial Processes",0.5758494971874,2029,"HFC",0,0,"Strategy TX:BASE","BGR","bulgaria","SISEPUEDE",0.5758494971874,NA
0,0,"IN - Industrial Processes:HFC","Industrial Processes","IN - Industrial Processes",0.55469525778273,2030,"HFC",0,0,"Strategy TX:BASE","BGR","bulgaria","SISEPUEDE",0.55469525778273,NA
0,0,"IN - Industrial Processes:HFC","Industrial Processes","IN - Industrial Processes",0.533056848609509,2031,"HFC",0,0,"Strategy TX:BASE","BGR","bulgaria","SISEPUEDE",0.533056848609509,NA
0,0,"IN - Industrial Processes:HFC","Industrial Processes","IN - Industrial Processes",0.511212518331543,2032,"HFC",0,0,"Strategy TX:BASE","BGR","bulgaria","SISEPUEDE",0.511212518331543,NA
0,0,"IN - Industrial Processes:HFC","Industrial Processes","IN - Industrial Processes",0.489127730444963,2033,"HFC",0,0,"Strategy TX:BASE","BGR","bulgaria","SISEPUEDE",0.489127730444963,NA
0,0,"IN - Industrial Processes:HFC","Industrial Processes","IN - Industrial Processes",0.466749555878839,2034,"HFC",0,0,"Strategy TX:BASE","BGR","bulgaria","SISEPUEDE",0.466749555878839,NA
0,0,"IN - Industrial Processes:HFC","Industrial Processes","IN - Industrial Processes",0.444074110896749,2035,"HFC",0,0,"Strategy TX:BASE","BGR","bulgaria","SISEPUEDE",0.444074110896749,NA
0,0,"IN - Industrial Processes:HFC","Industrial Processes","IN - Industrial Processes",0.420947600722614,2036,"HFC",0,0,"Strategy TX:BASE","BGR","bulgaria","SISEPUEDE",0.420947600722614,NA
0,0,"IN - Industrial Processes:HFC","Industrial Processes","IN - Industrial Processes",0.397616838594448,2037,"HFC",0,0,"Strategy TX:BASE","BGR","bulgaria","SISEPUEDE",0.397616838594448,NA
0,0,"IN - Industrial Processes:HFC","Industrial Processes","IN - Industrial Processes",0.374063742345363,2038,"HFC",0,0,"Strategy TX:BASE","BGR","bulgaria","SISEPUEDE",0.374063742345363,NA
0,0,"IN - Industrial Processes:HFC","Industrial Processes","IN - Industrial Processes",0.35025068153481,2039,"HFC",0,0,"Strategy TX:BASE","BGR","bulgaria","SISEPUEDE",0.35025068153481,NA
0,0,"IN - Industrial Processes:HFC","Industrial Processes","IN - Industrial Processes",0.32628795625234,2040,"HFC",0,0,"Strategy TX:BASE","BGR","bulgaria","SISEPUEDE",0.32628795625234,NA
0,0,"IN - Industrial Processes:HFC","Industrial Processes","IN - Industrial Processes",0.30194123301326,2041,"HFC",0,0,"Strategy TX:BASE","BGR","bulgaria","SISEPUEDE",0.30194123301326,NA
0,0,"IN - Industrial Processes:HFC","Industrial Processes","IN - Industrial Processes",0.277471212323207,2042,"HFC",0,0,"Strategy TX:BASE","BGR","bulgaria","SISEPUEDE",0.277471212323207,NA
0,0,"IN - Industrial Processes:HFC","Industrial Processes","IN - Industrial Processes",0.252890143851838,2043,"HFC",0,0,"Strategy TX:BASE","BGR","bulgaria","SISEPUEDE",0.252890143851838,NA
0,0,"IN - Industrial Processes:HFC","Industrial Processes","IN - Industrial Processes",0.228198967219742,2044,"HFC",0,0,"Strategy TX:BASE","BGR","bulgaria","SISEPUEDE",0.228198967219742,NA
0,0,"IN - Industrial Processes:HFC","Industrial Processes","IN - Industrial Processes",0.203435243596564,2045,"HFC",0,0,"Strategy TX:BASE","BGR","bulgaria","SISEPUEDE",0.203435243596564,NA
0,0,"IN - Industrial Processes:HFC","Industrial Processes","IN - Industrial Processes",0.178511855996889,2046,"HFC",0,0,"Strategy TX:BASE","BGR","bulgaria","SISEPUEDE",0.178511855996889,NA
0,0,"IN - Industrial Processes:HFC","Industrial Processes","IN - Industrial Processes",0.153553749130142,2047,"HFC",0,0,"Strategy TX:BASE","BGR","bulgaria","SISEPUEDE",0.153553749130142,NA
0,0,"IN - Industrial Processes:HFC","Industrial Processes","IN - Industrial Processes",0.128533129257526,2048,"HFC",0,0,"Strategy TX:BASE","BGR","bulgaria","SISEPUEDE",0.128533129257526,NA
0,0,"IN - Industrial Processes:HFC","Industrial Processes","IN - Industrial Processes",0.103447260840198,2049,"HFC",0,0,"Strategy TX:BASE","BGR","bulgaria","SISEPUEDE",0.103447260840198,NA
0,0,"IN - Industrial Processes:HFC","Industrial Processes","IN - Industrial Processes",0.0783106835546463,2050,"HFC",0,0,"Strategy TX:BASE","BGR","bulgaria","SISEPUEDE",0.0783106835546463,NA
0,0,"IN - Industrial Processes:N2O","Industrial Processes","IN - Industrial Processes",0.07987,2022,"N2O",0,0,"Strategy TX:BASE","BGR","bulgaria","SISEPUEDE",0.07987,NA
0,0,"IN - Industrial Processes:N2O","Industrial Processes","IN - Industrial Processes",0.0795452686155098,2023,"N2O",0,0,"Strategy TX:BASE","BGR","bulgaria","SISEPUEDE",0.0795452686155098,NA
0,0,"IN - Industrial Processes:N2O","Industrial Processes","IN - Industrial Processes",0.0793924747852802,2024,"N2O",0,0,"Strategy TX:BASE","BGR","bulgaria","SISEPUEDE",0.0793924747852802,NA
0,0,"IN - Industrial Processes:N2O","Industrial Processes","IN - Industrial Processes",0.0792034399193293,2025,"N2O",0,0,"Strategy TX:BASE","BGR","bulgaria","SISEPUEDE",0.0792034399193293,NA
0,0,"IN - Industrial Processes:N2O","Industrial Processes","IN - Industrial Processes",0.0790098956654246,2026,"N2O",0,0,"Strategy TX:BASE","BGR","bulgaria","SISEPUEDE",0.0790098956654246,NA
0,0,"IN - Industrial Processes:N2O","Industrial Processes","IN - Industrial Processes",0.0788452455670434,2027,"N2O",0,0,"Strategy TX:BASE","BGR","bulgaria","SISEPUEDE",0.0788452455670434,NA
0,0,"IN - Industrial Processes:N2O","Industrial Processes","IN - Industrial Processes",0.0785944917215927,2028,"N2O",0,0,"Strategy TX:BASE","BGR","bulgaria","SISEPUEDE",0.0785944917215927,NA
0,0,"IN - Industrial Processes:N2O","Industrial Processes","IN - Industrial Processes",0.0783254262187613,2029,"N2O",0,0,"Strategy TX:BASE","BGR","bulgaria","SISEPUEDE",0.0783254262187613,NA
0,0,"IN - Industrial Processes:N2O","Industrial Processes","IN - Industrial Processes",0.0780612500468408,2030,"N2O",0,0,"Strategy TX:BASE","BGR","bulgaria","SISEPUEDE",0.0780612500468408,NA
0,0,"IN - Industrial Processes:N2O","Industrial Processes","IN - Industrial Processes",0.0777916015914171,2031,"N2O",0,0,"Strategy TX:BASE","BGR","bulgaria","SISEPUEDE",0.0777916015914171,NA
0,0,"IN - Industrial Processes:N2O","Industrial Processes","IN - Industrial Processes",0.0775263334719877,2032,"N2O",0,0,"Strategy TX:BASE","BGR","bulgaria","SISEPUEDE",0.0775263334719877,NA
0,0,"IN - Industrial Processes:N2O","Industrial Processes","IN - Industrial Processes",0.0772640173219431,2033,"N2O",0,0,"Strategy TX:BASE","BGR","bulgaria","SISEPUEDE",0.0772640173219431,NA
0,0,"IN - Industrial Processes:N2O","Industrial Processes","IN - Industrial Processes",0.0770020785583557,2034,"N2O",0,0,"Strategy TX:BASE","BGR","bulgaria","SISEPUEDE",0.0770020785583557,NA
0,0,"IN - Industrial Processes:N2O","Industrial Processes","IN - Industrial Processes",0.0767398622936342,2035,"N2O",0,0,"Strategy TX:BASE","BGR","bulgaria","SISEPUEDE",0.0767398622936342,NA
0,0,"IN - Industrial Processes:N2O","Industrial Processes","IN - Industrial Processes",0.0764687571713508,2036,"N2O",0,0,"Strategy TX:BASE","BGR","bulgaria","SISEPUEDE",0.0764687571713508,NA
0,0,"IN - Industrial Processes:N2O","Industrial Processes","IN - Industrial Processes",0.0761993663295747,2037,"N2O",0,0,"Strategy TX:BASE","BGR","bulgaria","SISEPUEDE",0.0761993663295747,NA
0,0,"IN - Industrial Processes:N2O","Industrial Processes","IN - Industrial Processes",0.0759303441658881,2038,"N2O",0,0,"Strategy TX:BASE","BGR","bulgaria","SISEPUEDE",0.0759303441658881,NA
0,0,"IN - Industrial Processes:N2O","Industrial Processes","IN - Industrial Processes",0.0756585016634318,2039,"N2O",0,0,"Strategy TX:BASE","BGR","bulgaria","SISEPUEDE",0.0756585016634318,NA
0,0,"IN - Industrial Processes:N2O","Industrial Processes","IN - Industrial Processes",0.0753894544919973,2040,"N2O",0,0,"Strategy TX:BASE","BGR","bulgaria","SISEPUEDE",0.0753894544919973,NA
0,0,"IN - Industrial Processes:N2O","Industrial Processes","IN - Industrial Processes",0.0751061757875167,2041,"N2O",0,0,"Strategy TX:BASE","BGR","bulgaria","SISEPUEDE",0.0751061757875167,NA
0,0,"IN - Industrial Processes:N2O","Industrial Processes","IN - Industrial Processes",0.074824029054531,2042,"N2O",0,0,"Strategy TX:BASE","BGR","bulgaria","SISEPUEDE",0.074824029054531,NA
0,0,"IN - Industrial Processes:N2O","Industrial Processes","IN - Industrial Processes",0.0745431384581135,2043,"N2O",0,0,"Strategy TX:BASE","BGR","bulgaria","SISEPUEDE",0.0745431384581135,NA
0,0,"IN - Industrial Processes:N2O","Industrial Processes","IN - Industrial Processes",0.0742629806997494,2044,"N2O",0,0,"Strategy TX:BASE","BGR","bulgaria","SISEPUEDE",0.0742629806997494,NA
0,0,"IN - Industrial Processes:N2O","Industrial Processes","IN - Industrial Processes",0.0739863560270264,2045,"N2O",0,0,"Strategy TX:BASE","BGR","bulgaria","SISEPUEDE",0.0739863560270264,NA
0,0,"IN - Industrial Processes:N2O","Industrial Processes","IN - Industrial Processes",0.073702134791376,2046,"N2O",0,0,"Strategy TX:BASE","BGR","bulgaria","SISEPUEDE",0.073702134791376,NA
0,0,"IN - Industrial Processes:N2O","Industrial Processes","IN - Industrial Processes",0.0734229109755494,2047,"N2O",0,0,"Strategy TX:BASE","BGR","bulgaria","SISEPUEDE",0.0734229109755494,NA
0,0,"IN - Industrial Processes:N2O","Industrial Processes","IN - Industrial Processes",0.0731449221359154,2048,"N2O",0,0,"Strategy TX:BASE","BGR","bulgaria","SISEPUEDE",0.0731449221359154,NA
0,0,"IN - Industrial Processes:N2O","Industrial Processes","IN - Industrial Processes",0.0728653279350005,2049,"N2O",0,0,"Strategy TX:BASE","BGR","bulgaria","SISEPUEDE",0.0728653279350005,NA
0,0,"IN - Industrial Processes:N2O","Industrial Processes","IN - Industrial Processes",0.072581748617658,2050,"N2O",0,0,"Strategy TX:BASE","BGR","bulgaria","SISEPUEDE",0.072581748617658,NA
0,0,"IN - Industrial Processes:OTHER_FCS","Industrial Processes","IN - Industrial Processes",0,2022,"OTHER_FCS",0,0,"Strategy TX:BASE","BGR","bulgaria","SISEPUEDE",0,NA
0,0,"IN - Industrial Processes:OTHER_FCS","Industrial Processes","IN - Industrial Processes",0,2023,"OTHER_FCS",0,0,"Strategy TX:BASE","BGR","bulgaria","SISEPUEDE",0,NA
0,0,"IN - Industrial Processes:OTHER_FCS","Industrial Processes","IN - Industrial Processes",0,2024,"OTHER_FCS",0,0,"Strategy TX:BASE","BGR","bulgaria","SISEPUEDE",0,NA
0,0,"IN - Industrial Processes:OTHER_FCS","Industrial Processes","IN - Industrial Processes",0,2025,"OTHER_FCS",0,0,"Strategy TX:BASE","BGR","bulgaria","SISEPUEDE",0,NA
0,0,"IN - Industrial Processes:OTHER_FCS","Industrial Processes","IN - Industrial Processes",0,2026,"OTHER_FCS",0,0,"Strategy TX:BASE","BGR","bulgaria","SISEPUEDE",0,NA
0,0,"IN - Industrial Processes:OTHER_FCS","Industrial Processes","IN - Industrial Processes",0,2027,"OTHER_FCS",0,0,"Strategy TX:BASE","BGR","bulgaria","SISEPUEDE",0,NA
0,0,"IN - Industrial Processes:OTHER_FCS","Industrial Processes","IN - Industrial Processes",0,2028,"OTHER_FCS",0,0,"Strategy TX:BASE","BGR","bulgaria","SISEPUEDE",0,NA
0,0,"IN - Industrial Processes:OTHER_FCS","Industrial Processes","IN - Industrial Processes",0,2029,"OTHER_FCS",0,0,"Strategy TX:BASE","BGR","bulgaria","SISEPUEDE",0,NA
0,0,"IN - Industrial Processes:OTHER_FCS","Industrial Processes","IN - Industrial Processes",0,2030,"OTHER_FCS",0,0,"Strategy TX:BASE","BGR","bulgaria","SISEPUEDE",0,NA
0,0,"IN - Industrial Processes:OTHER_FCS","Industrial Processes","IN - Industrial Processes",0,2031,"OTHER_FCS",0,0,"Strategy TX:BASE","BGR","bulgaria","SISEPUEDE",0,NA
0,0,"IN - Industrial Processes:OTHER_FCS","Industrial Processes","IN - Industrial Processes",0,2032,"OTHER_FCS",0,0,"Strategy TX:BASE","BGR","bulgaria","SISEPUEDE",0,NA
0,0,"IN - Industrial Processes:OTHER_FCS","Industrial Processes","IN - Industrial Processes",0,2033,"OTHER_FCS",0,0,"Strategy TX:BASE","BGR","bulgaria","SISEPUEDE",0,NA
0,0,"IN - Industrial Processes:OTHER_FCS","Industrial Processes","IN - Industrial Processes",0,2034,"OTHER_FCS",0,0,"Strategy TX:BASE","BGR","bulgaria","SISEPUEDE",0,NA
0,0,"IN - Industrial Processes:OTHER_FCS","Industrial Processes","IN - Industrial Processes",0,2035,"OTHER_FCS",0,0,"Strategy TX:BASE","BGR","bulgaria","SISEPUEDE",0,NA
0,0,"IN - Industrial Processes:OTHER_FCS","Industrial Processes","IN - Industrial Processes",0,2036,"OTHER_FCS",0,0,"Strategy TX:BASE","BGR","bulgaria","SISEPUEDE",0,NA
0,0,"IN - Industrial Processes:OTHER_FCS","Industrial Processes","IN - Industrial Processes",0,2037,"OTHER_FCS",0,0,"Strategy TX:BASE","BGR","bulgaria","SISEPUEDE",0,NA
0,0,"IN - Industrial Processes:OTHER_FCS","Industrial Processes","IN - Industrial Processes",0,2038,"OTHER_FCS",0,0,"Strategy TX:BASE","BGR","bulgaria","SISEPUEDE",0,NA
0,0,"IN - Industrial Processes:OTHER_FCS","Industrial Processes","IN - Industrial Processes",0,2039,"OTHER_FCS",0,0,"Strategy TX:BASE","BGR","bulgaria","SISEPUEDE",0,NA
0,0,"IN - Industrial Processes:OTHER_FCS","Industrial Processes","IN - Industrial Processes",0,2040,"OTHER_FCS",0,0,"Strategy TX:BASE","BGR","bulgaria","SISEPUEDE",0,NA
0,0,"IN - Industrial Processes:OTHER_FCS","Industrial Processes","IN - Industrial Processes",0,2041,"OTHER_FCS",0,0,"Strategy TX:BASE","BGR","bulgaria","SISEPUEDE",0,NA
0,0,"IN - Industrial Processes:OTHER_FCS","Industrial Processes","IN - Industrial Processes",0,2042,"OTHER_FCS",0,0,"Strategy TX:BASE","BGR","bulgaria","SISEPUEDE",0,NA
0,0,"IN - Industrial Processes:OTHER_FCS","Industrial Processes","IN - Industrial Processes",0,2043,"OTHER_FCS",0,0,"Strategy TX:BASE","BGR","bulgaria","SISEPUEDE",0,NA
0,0,"IN - Industrial Processes:OTHER_FCS","Industrial Processes","IN - Industrial Processes",0,2044,"OTHER_FCS",0,0,"Strategy TX:BASE","BGR","bulgaria","SISEPUEDE",0,NA
0,0,"IN - Industrial Processes:OTHER_FCS","Industrial Processes","IN - Industrial Processes",0,2045,"OTHER_FCS",0,0,"Strategy TX:BASE","BGR","bulgaria","SISEPUEDE",0,NA
0,0,"IN - Industrial Processes:OTHER_FCS","Industrial Processes","IN - Industrial Processes",0,2046,"OTHER_FCS",0,0,"Strategy TX:BASE","BGR","bulgaria","SISEPUEDE",0,NA
0,0,"IN - Industrial Processes:OTHER_FCS","Industrial Processes","IN - Industrial Processes",0,2047,"OTHER_FCS",0,0,"Strategy TX:BASE","BGR","bulgaria","SISEPUEDE",0,NA
0,0,"IN - Industrial Processes:OTHER_FCS","Industrial Processes","IN - Industrial Processes",0,2048,"OTHER_FCS",0,0,"Strategy TX:BASE","BGR","bulgaria","SISEPUEDE",0,NA
0,0,"IN - Industrial Processes:OTHER_FCS","Industrial Processes","IN - Industrial Processes",0,2049,"OTHER_FCS",0,0,"Strategy TX:BASE","BGR","bulgaria","SISEPUEDE",0,NA
0,0,"IN - Industrial Processes:OTHER_FCS","Industrial Processes","IN - Industrial Processes",0,2050,"OTHER_FCS",0,0,"Strategy TX:BASE","BGR","bulgaria","SISEPUEDE",0,NA
0,0,"IN - Industrial Processes:PFC","Industrial Processes","IN - Industrial Processes",1e-05,2022,"PFC",0,0,"Strategy TX:BASE","BGR","bulgaria","SISEPUEDE",1e-05,NA
0,0,"IN - Industrial Processes:PFC","Industrial Processes","IN - Industrial Processes",1.00216539e-05,2023,"PFC",0,0,"Strategy TX:BASE","BGR","bulgaria","SISEPUEDE",1.00216539e-05,NA
0,0,"IN - Industrial Processes:PFC","Industrial Processes","IN - Industrial Processes",1.01206778621859e-05,2024,"PFC",0,0,"Strategy TX:BASE","BGR","bulgaria","SISEPUEDE",1.01206778621859e-05,NA
0,0,"IN - Industrial Processes:PFC","Industrial Processes","IN - Industrial Processes",1.02005806139079e-05,2025,"PFC",0,0,"Strategy TX:BASE","BGR","bulgaria","SISEPUEDE",1.02005806139079e-05,NA
0,0,"IN - Industrial Processes:PFC","Industrial Processes","IN - Industrial Processes",1.02760496095799e-05,2026,"PFC",0,0,"Strategy TX:BASE","BGR","bulgaria","SISEPUEDE",1.02760496095799e-05,NA
0,0,"IN - Industrial Processes:PFC","Industrial Processes","IN - Industrial Processes",1.03622810798786e-05,2027,"PFC",0,0,"Strategy TX:BASE","BGR","bulgaria","SISEPUEDE",1.03622810798786e-05,NA
0,0,"IN - Industrial Processes:PFC","Industrial Processes","IN - Industrial Processes",1.04070711717601e-05,2028,"PFC",0,0,"Strategy TX:BASE","BGR","bulgaria","SISEPUEDE",1.04070711717601e-05,NA
0,0,"IN - Industrial Processes:PFC","Industrial Processes","IN - Industrial Processes",1.04415037918407e-05,2029,"PFC",0,0,"Strategy TX:BASE","BGR","bulgaria","SISEPUEDE",1.04415037918407e-05,NA
0,0,"IN - Industrial Processes:PFC","Industrial Processes","IN - Industrial Processes",1.04760990867095e-05,2030,"PFC",0,0,"Strategy TX:BASE","BGR","bulgaria","SISEPUEDE",1.04760990867095e-05,NA
0,0,"IN - Industrial Processes:PFC","Industrial Processes","IN - Industrial Processes",1.05062246651992e-05,2031,"PFC",0,0,"Strategy TX:BASE","BGR","bulgaria","SISEPUEDE",1.05062246651992e-05,NA
0,0,"IN - Industrial Processes:PFC","Industrial Processes","IN - Industrial Processes",1.0536298268862e-05,2032,"PFC",0,0,"Strategy TX:BASE","BGR","bulgaria","SISEPUEDE",1.0536298268862e-05,NA
0,0,"IN - Industrial Processes:PFC","Industrial Processes","IN - Industrial Processes",1.0565676749379e-05,2033,"PFC",0,0,"Strategy TX:BASE","BGR","bulgaria","SISEPUEDE",1.0565676749379e-05,NA
0,0,"IN - Industrial Processes:PFC","Industrial Processes","IN - Industrial Processes",1.05932292868263e-05,2034,"PFC",0,0,"Strategy TX:BASE","BGR","bulgaria","SISEPUEDE",1.05932292868263e-05,NA
0,0,"IN - Industrial Processes:PFC","Industrial Processes","IN - Industrial Processes",1.06186873179422e-05,2035,"PFC",0,0,"Strategy TX:BASE","BGR","bulgaria","SISEPUEDE",1.06186873179422e-05,NA
0,0,"IN - Industrial Processes:PFC","Industrial Processes","IN - Industrial Processes",1.06383464855266e-05,2036,"PFC",0,0,"Strategy TX:BASE","BGR","bulgaria","SISEPUEDE",1.06383464855266e-05,NA
0,0,"IN - Industrial Processes:PFC","Industrial Processes","IN - Industrial Processes",1.06568586494169e-05,2037,"PFC",0,0,"Strategy TX:BASE","BGR","bulgaria","SISEPUEDE",1.06568586494169e-05,NA
0,0,"IN - Industrial Processes:PFC","Industrial Processes","IN - Industrial Processes",1.06736583263958e-05,2038,"PFC",0,0,"Strategy TX:BASE","BGR","bulgaria","SISEPUEDE",1.06736583263958e-05,NA
0,0,"IN - Industrial Processes:PFC","Industrial Processes","IN - Industrial Processes",1.06874110786282e-05,2039,"PFC",0,0,"Strategy TX:BASE","BGR","bulgaria","SISEPUEDE",1.06874110786282e-05,NA
0,0,"IN - Industrial Processes:PFC","Industrial Processes","IN - Industrial Processes",1.0700535859632e-05,2040,"PFC",0,0,"Strategy TX:BASE","BGR","bulgaria","SISEPUEDE",1.0700535859632e-05,NA
0,0,"IN - Industrial Processes:PFC","Industrial Processes","IN - Industrial Processes",1.0705888506483e-05,2041,"PFC",0,0,"Strategy TX:BASE","BGR","bulgaria","SISEPUEDE",1.0705888506483e-05,NA
0,0,"IN - Industrial Processes:PFC","Industrial Processes","IN - Industrial Processes",1.07100157911863e-05,2042,"PFC",0,0,"Strategy TX:BASE","BGR","bulgaria","SISEPUEDE",1.07100157911863e-05,NA
0,0,"IN - Industrial Processes:PFC","Industrial Processes","IN - Industrial Processes",1.07129871456163e-05,2043,"PFC",0,0,"Strategy TX:BASE","BGR","bulgaria","SISEPUEDE",1.07129871456163e-05,NA
0,0,"IN - Industrial Processes:PFC","Industrial Processes","IN - Industrial Processes",1.07146042622039e-05,2044,"PFC",0,0,"Strategy TX:BASE","BGR","bulgaria","SISEPUEDE",1.07146042622039e-05,NA
0,0,"IN - Industrial Processes:PFC","Industrial Processes","IN - Industrial Processes",1.0716034891159e-05,2045,"PFC",0,0,"Strategy TX:BASE","BGR","bulgaria","SISEPUEDE",1.0716034891159e-05,NA
0,0,"IN - Industrial Processes:PFC","Industrial Processes","IN - Industrial Processes",1.07127529183629e-05,2046,"PFC",0,0,"Strategy TX:BASE","BGR","bulgaria","SISEPUEDE",1.07127529183629e-05,NA
0,0,"IN - Industrial Processes:PFC","Industrial Processes","IN - Industrial Processes",1.07099342582843e-05,2047,"PFC",0,0,"Strategy TX:BASE","BGR","bulgaria","SISEPUEDE",1.07099342582843e-05,NA
0,0,"IN - Industrial Processes:PFC","Industrial Processes","IN - Industrial Processes",1.07060573570757e-05,2048,"PFC",0,0,"Strategy TX:BASE","BGR","bulgaria","SISEPUEDE",1.07060573570757e-05,NA
0,0,"IN - Industrial Processes:PFC","Industrial Processes","IN - Industrial Processes",1.07000081090085e-05,2049,"PFC",0,0,"Strategy TX:BASE","BGR","bulgaria","SISEPUEDE",1.07000081090085e-05,NA
0,0,"IN - Industrial Processes:PFC","Industrial Processes","IN - Industrial Processes",1.06908849471086e-05,2050,"PFC",0,0,"Strategy TX:BASE","BGR","bulgaria","SISEPUEDE",1.06908849471086e-05,NA
0,0,"IN - Industrial Processes:SF6","Industrial Processes","IN - Industrial Processes",0.02396,2022,"SF6",0,0,"Strategy TX:BASE","BGR","bulgaria","SISEPUEDE",0.02396,NA
0,0,"IN - Industrial Processes:SF6","Industrial Processes","IN - Industrial Processes",0.0243734102706767,2023,"SF6",0,0,"Strategy TX:BASE","BGR","bulgaria","SISEPUEDE",0.0243734102706767,NA
0,0,"IN - Industrial Processes:SF6","Industrial Processes","IN - Industrial Processes",0.0251592491720216,2024,"SF6",0,0,"Strategy TX:BASE","BGR","bulgaria","SISEPUEDE",0.0251592491720216,NA
0,0,"IN - Industrial Processes:SF6","Industrial Processes","IN - Industrial Processes",0.0258743601660642,2025,"SF6",0,0,"Strategy TX:BASE","BGR","bulgaria","SISEPUEDE",0.0258743601660642,NA
0,0,"IN - Industrial Processes:SF6","Industrial Processes","IN - Industrial Processes",0.0265856476054073,2026,"SF6",0,0,"Strategy TX:BASE","BGR","bulgaria","SISEPUEDE",0.0265856476054073,NA
0,0,"IN - Industrial Processes:SF6","Industrial Processes","IN - Industrial Processes",0.0273686098638605,2027,"SF6",0,0,"Strategy TX:BASE","BGR","bulgaria","SISEPUEDE",0.0273686098638605,NA
0,0,"IN - Industrial Processes:SF6","Industrial Processes","IN - Industrial Processes",0.0279587793582542,2028,"SF6",0,0,"Strategy TX:BASE","BGR","bulgaria","SISEPUEDE",0.0279587793582542,NA
0,0,"IN - Industrial Processes:SF6","Industrial Processes","IN - Industrial Processes",0.0285070667965418,2029,"SF6",0,0,"Strategy TX:BASE","BGR","bulgaria","SISEPUEDE",0.0285070667965418,NA
0,0,"IN - Industrial Processes:SF6","Industrial Processes","IN - Industrial Processes",0.0290668908040974,2030,"SF6",0,0,"Strategy TX:BASE","BGR","bulgaria","SISEPUEDE",0.0290668908040974,NA
0,0,"IN - Industrial Processes:SF6","Industrial Processes","IN - Industrial Processes",0.0296134419566527,2031,"SF6",0,0,"Strategy TX:BASE","BGR","bulgaria","SISEPUEDE",0.0296134419566527,NA
0,0,"IN - Industrial Processes:SF6","Industrial Processes","IN - Industrial Processes",0.0301700114694302,2032,"SF6",0,0,"Strategy TX:BASE","BGR","bulgaria","SISEPUEDE",0.0301700114694302,NA
0,0,"IN - Industrial Processes:SF6","Industrial Processes","IN - Industrial Processes",0.0307331810534177,2033,"SF6",0,0,"Strategy TX:BASE","BGR","bulgaria","SISEPUEDE",0.0307331810534177,NA
0,0,"IN - Industrial Processes:SF6","Industrial Processes","IN - Industrial Processes",0.0312965308796042,2034,"SF6",0,0,"Strategy TX:BASE","BGR","bulgaria","SISEPUEDE",0.0312965308796042,NA
0,0,"IN - Industrial Processes:SF6","Industrial Processes","IN - Industrial Processes",0.0318581990240938,2035,"SF6",0,0,"Strategy TX:BASE","BGR","bulgaria","SISEPUEDE",0.0318581990240938,NA
0,0,"IN - Industrial Processes:SF6","Industrial Processes","IN - Industrial Processes",0.032396073153672,2036,"SF6",0,0,"Strategy TX:BASE","BGR","bulgaria","SISEPUEDE",0.032396073153672,NA
0,0,"IN - Industrial Processes:SF6","Industrial Processes","IN - Industrial Processes",0.032936435122962,2037,"SF6",0,0,"Strategy TX:BASE","BGR","bulgaria","SISEPUEDE",0.032936435122962,NA
0,0,"IN - Industrial Processes:SF6","Industrial Processes","IN - Industrial Processes",0.0334757105099306,2038,"SF6",0,0,"Strategy TX:BASE","BGR","bulgaria","SISEPUEDE",0.0334757105099306,NA
0,0,"IN - Industrial Processes:SF6","Industrial Processes","IN - Industrial Processes",0.034005392957109,2039,"SF6",0,0,"Strategy TX:BASE","BGR","bulgaria","SISEPUEDE",0.034005392957109,NA
0,0,"IN - Industrial Processes:SF6","Industrial Processes","IN - Industrial Processes",0.0345398584462591,2040,"SF6",0,0,"Strategy TX:BASE","BGR","bulgaria","SISEPUEDE",0.0345398584462591,NA
0,0,"IN - Industrial Processes:SF6","Industrial Processes","IN - Industrial Processes",0.0350339125830874,2041,"SF6",0,0,"Strategy TX:BASE","BGR","bulgaria","SISEPUEDE",0.0350339125830874,NA
0,0,"IN - Industrial Processes:SF6","Industrial Processes","IN - Industrial Processes",0.0355275430184164,2042,"SF6",0,0,"Strategy TX:BASE","BGR","bulgaria","SISEPUEDE",0.0355275430184164,NA
0,0,"IN - Industrial Processes:SF6","Industrial Processes","IN - Industrial Processes",0.0360209801537622,2043,"SF6",0,0,"Strategy TX:BASE","BGR","bulgaria","SISEPUEDE",0.0360209801537622,NA
0,0,"IN - Industrial Processes:SF6","Industrial Processes","IN - Industrial Processes",0.0365127092384093,2044,"SF6",0,0,"Strategy TX:BASE","BGR","bulgaria","SISEPUEDE",0.0365127092384093,NA
0,0,"IN - Industrial Processes:SF6","Industrial Processes","IN - Industrial Processes",0.037010268404999,2045,"SF6",0,0,"Strategy TX:BASE","BGR","bulgaria","SISEPUEDE",0.037010268404999,NA
0,0,"IN - Industrial Processes:SF6","Industrial Processes","IN - Industrial Processes",0.0374830371999777,2046,"SF6",0,0,"Strategy TX:BASE","BGR","bulgaria","SISEPUEDE",0.0374830371999777,NA
0,0,"IN - Industrial Processes:SF6","Industrial Processes","IN - Industrial Processes",0.0379653626427,2047,"SF6",0,0,"Strategy TX:BASE","BGR","bulgaria","SISEPUEDE",0.0379653626427,NA
0,0,"IN - Industrial Processes:SF6","Industrial Processes","IN - Industrial Processes",0.0384468691198661,2048,"SF6",0,0,"Strategy TX:BASE","BGR","bulgaria","SISEPUEDE",0.0384468691198661,NA
0,0,"IN - Industrial Processes:SF6","Industrial Processes","IN - Industrial Processes",0.0389194909330622,2049,"SF6",0,0,"Strategy TX:BASE","BGR","bulgaria","SISEPUEDE",0.0389194909330622,NA
0,0,"IN - Industrial Processes:SF6","Industrial Processes","IN - Industrial Processes",0.0393762616971728,2050,"SF6",0,0,"Strategy TX:BASE","BGR","bulgaria","SISEPUEDE",0.0393762616971728,NA
0,0,"LULUCF - Cropland:CO2","Land Use, Land Use Change, and Forestry","LULUCF - Cropland",0.35592,2022,"CO2",0,0,"Strategy TX:BASE","BGR","bulgaria","SISEPUEDE",0.35592,NA
0,0,"LULUCF - Cropland:CO2","Land Use, Land Use Change, and Forestry","LULUCF - Cropland",0.357954696441386,2023,"CO2",0,0,"Strategy TX:BASE","BGR","bulgaria","SISEPUEDE",0.357954696441386,NA
0,0,"LULUCF - Cropland:CO2","Land Use, Land Use Change, and Forestry","LULUCF - Cropland",0.372025281955377,2024,"CO2",0,0,"Strategy TX:BASE","BGR","bulgaria","SISEPUEDE",0.372025281955377,NA
0,0,"LULUCF - Cropland:CO2","Land Use, Land Use Change, and Forestry","LULUCF - Cropland",0.386017782316264,2025,"CO2",0,0,"Strategy TX:BASE","BGR","bulgaria","SISEPUEDE",0.386017782316264,NA
0,0,"LULUCF - Cropland:CO2","Land Use, Land Use Change, and Forestry","LULUCF - Cropland",0.399931524694214,2026,"CO2",0,0,"Strategy TX:BASE","BGR","bulgaria","SISEPUEDE",0.399931524694214,NA
0,0,"LULUCF - Cropland:CO2","Land Use, Land Use Change, and Forestry","LULUCF - Cropland",0.41376632295553,2027,"CO2",0,0,"Strategy TX:BASE","BGR","bulgaria","SISEPUEDE",0.41376632295553,NA
0,0,"LULUCF - Cropland:CO2","Land Use, Land Use Change, and Forestry","LULUCF - Cropland",0.427522189623837,2028,"CO2",0,0,"Strategy TX:BASE","BGR","bulgaria","SISEPUEDE",0.427522189623837,NA
0,0,"LULUCF - Cropland:CO2","Land Use, Land Use Change, and Forestry","LULUCF - Cropland",0.441199355696793,2029,"CO2",0,0,"Strategy TX:BASE","BGR","bulgaria","SISEPUEDE",0.441199355696793,NA
0,0,"LULUCF - Cropland:CO2","Land Use, Land Use Change, and Forestry","LULUCF - Cropland",0.454798215516645,2030,"CO2",0,0,"Strategy TX:BASE","BGR","bulgaria","SISEPUEDE",0.454798215516645,NA
0,0,"LULUCF - Cropland:CO2","Land Use, Land Use Change, and Forestry","LULUCF - Cropland",0.468319427231307,2031,"CO2",0,0,"Strategy TX:BASE","BGR","bulgaria","SISEPUEDE",0.468319427231307,NA
0,0,"LULUCF - Cropland:CO2","Land Use, Land Use Change, and Forestry","LULUCF - Cropland",0.481763664797582,2032,"CO2",0,0,"Strategy TX:BASE","BGR","bulgaria","SISEPUEDE",0.481763664797582,NA
0,0,"LULUCF - Cropland:CO2","Land Use, Land Use Change, and Forestry","LULUCF - Cropland",0.495131826470849,2033,"CO2",0,0,"Strategy TX:BASE","BGR","bulgaria","SISEPUEDE",0.495131826470849,NA
0,0,"LULUCF - Cropland:CO2","Land Use, Land Use Change, and Forestry","LULUCF - Cropland",0.508424758695458,2034,"CO2",0,0,"Strategy TX:BASE","BGR","bulgaria","SISEPUEDE",0.508424758695458,NA
0,0,"LULUCF - Cropland:CO2","Land Use, Land Use Change, and Forestry","LULUCF - Cropland",0.521643516017992,2035,"CO2",0,0,"Strategy TX:BASE","BGR","bulgaria","SISEPUEDE",0.521643516017992,NA
0,0,"LULUCF - Cropland:CO2","Land Use, Land Use Change, and Forestry","LULUCF - Cropland",0.534789168973919,2036,"CO2",0,0,"Strategy TX:BASE","BGR","bulgaria","SISEPUEDE",0.534789168973919,NA
0,0,"LULUCF - Cropland:CO2","Land Use, Land Use Change, and Forestry","LULUCF - Cropland",0.547862756489854,2037,"CO2",0,0,"Strategy TX:BASE","BGR","bulgaria","SISEPUEDE",0.547862756489854,NA
0,0,"LULUCF - Cropland:CO2","Land Use, Land Use Change, and Forestry","LULUCF - Cropland",0.560865416134825,2038,"CO2",0,0,"Strategy TX:BASE","BGR","bulgaria","SISEPUEDE",0.560865416134825,NA
0,0,"LULUCF - Cropland:CO2","Land Use, Land Use Change, and Forestry","LULUCF - Cropland",0.573798313026214,2039,"CO2",0,0,"Strategy TX:BASE","BGR","bulgaria","SISEPUEDE",0.573798313026214,NA
0,0,"LULUCF - Cropland:CO2","Land Use, Land Use Change, and Forestry","LULUCF - Cropland",0.586662540752796,2040,"CO2",0,0,"Strategy TX:BASE","BGR","bulgaria","SISEPUEDE",0.586662540752796,NA
0,0,"LULUCF - Cropland:CO2","Land Use, Land Use Change, and Forestry","LULUCF - Cropland",0.599459282208298,2041,"CO2",0,0,"Strategy TX:BASE","BGR","bulgaria","SISEPUEDE",0.599459282208298,NA
0,0,"LULUCF - Cropland:CO2","Land Use, Land Use Change, and Forestry","LULUCF - Cropland",0.612189625812322,2042,"CO2",0,0,"Strategy TX:BASE","BGR","bulgaria","SISEPUEDE",0.612189625812322,NA
0,0,"LULUCF - Cropland:CO2","Land Use, Land Use Change, and Forestry","LULUCF - Cropland",0.624854752354287,2043,"CO2",0,0,"Strategy TX:BASE","BGR","bulgaria","SISEPUEDE",0.624854752354287,NA
0,0,"LULUCF - Cropland:CO2","Land Use, Land Use Change, and Forestry","LULUCF - Cropland",0.63745566425434,2044,"CO2",0,0,"Strategy TX:BASE","BGR","bulgaria","SISEPUEDE",0.63745566425434,NA
0,0,"LULUCF - Cropland:CO2","Land Use, Land Use Change, and Forestry","LULUCF - Cropland",0.649993546114615,2045,"CO2",0,0,"Strategy TX:BASE","BGR","bulgaria","SISEPUEDE",0.649993546114615,NA
0,0,"LULUCF - Cropland:CO2","Land Use, Land Use Change, and Forestry","LULUCF - Cropland",0.662469393638974,2046,"CO2",0,0,"Strategy TX:BASE","BGR","bulgaria","SISEPUEDE",0.662469393638974,NA
0,0,"LULUCF - Cropland:CO2","Land Use, Land Use Change, and Forestry","LULUCF - Cropland",0.674884215905039,2047,"CO2",0,0,"Strategy TX:BASE","BGR","bulgaria","SISEPUEDE",0.674884215905039,NA
0,0,"LULUCF - Cropland:CO2","Land Use, Land Use Change, and Forestry","LULUCF - Cropland",0.687239018777765,2048,"CO2",0,0,"Strategy TX:BASE","BGR","bulgaria","SISEPUEDE",0.687239018777765,NA
0,0,"LULUCF - Cropland:CO2","Land Use, Land Use Change, and Forestry","LULUCF - Cropland",0.699534724525516,2049,"CO2",0,0,"Strategy TX:BASE","BGR","bulgaria","SISEPUEDE",0.699534724525516,NA
0,0,"LULUCF - Cropland:CO2","Land Use, Land Use Change, and Forestry","LULUCF - Cropland",0.699932122723781,2050,"CO2",0,0,"Strategy TX:BASE","BGR","bulgaria","SISEPUEDE",0.699932122723781,NA
0,0,"LULUCF - Forest Land:CH4","Land Use, Land Use Change, and Forestry","LULUCF - Forest Land",0,2022,"CH4",0,0,"Strategy TX:BASE","BGR","bulgaria","SISEPUEDE",0,NA
0,0,"LULUCF - Forest Land:CH4","Land Use, Land Use Change, and Forestry","LULUCF - Forest Land",0,2023,"CH4",0,0,"Strategy TX:BASE","BGR","bulgaria","SISEPUEDE",0,NA
0,0,"LULUCF - Forest Land:CH4","Land Use, Land Use Change, and Forestry","LULUCF - Forest Land",0,2024,"CH4",0,0,"Strategy TX:BASE","BGR","bulgaria","SISEPUEDE",0,NA
0,0,"LULUCF - Forest Land:CH4","Land Use, Land Use Change, and Forestry","LULUCF - Forest Land",0,2025,"CH4",0,0,"Strategy TX:BASE","BGR","bulgaria","SISEPUEDE",0,NA
0,0,"LULUCF - Forest Land:CH4","Land Use, Land Use Change, and Forestry","LULUCF - Forest Land",0,2026,"CH4",0,0,"Strategy TX:BASE","BGR","bulgaria","SISEPUEDE",0,NA
0,0,"LULUCF - Forest Land:CH4","Land Use, Land Use Change, and Forestry","LULUCF - Forest Land",0,2027,"CH4",0,0,"Strategy TX:BASE","BGR","bulgaria","SISEPUEDE",0,NA
0,0,"LULUCF - Forest Land:CH4","Land Use, Land Use Change, and Forestry","LULUCF - Forest Land",0,2028,"CH4",0,0,"Strategy TX:BASE","BGR","bulgaria","SISEPUEDE",0,NA
0,0,"LULUCF - Forest Land:CH4","Land Use, Land Use Change, and Forestry","LULUCF - Forest Land",0,2029,"CH4",0,0,"Strategy TX:BASE","BGR","bulgaria","SISEPUEDE",0,NA
0,0,"LULUCF - Forest Land:CH4","Land Use, Land Use Change, and Forestry","LULUCF - Forest Land",0,2030,"CH4",0,0,"Strategy TX:BASE","BGR","bulgaria","SISEPUEDE",0,NA
0,0,"LULUCF - Forest Land:CH4","Land Use, Land Use Change, and Forestry","LULUCF - Forest Land",0,2031,"CH4",0,0,"Strategy TX:BASE","BGR","bulgaria","SISEPUEDE",0,NA
0,0,"LULUCF - Forest Land:CH4","Land Use, Land Use Change, and Forestry","LULUCF - Forest Land",0,2032,"CH4",0,0,"Strategy TX:BASE","BGR","bulgaria","SISEPUEDE",0,NA
0,0,"LULUCF - Forest Land:CH4","Land Use, Land Use Change, and Forestry","LULUCF - Forest Land",0,2033,"CH4",0,0,"Strategy TX:BASE","BGR","bulgaria","SISEPUEDE",0,NA
0,0,"LULUCF - Forest Land:CH4","Land Use, Land Use Change, and Forestry","LULUCF - Forest Land",0,2034,"CH4",0,0,"Strategy TX:BASE","BGR","bulgaria","SISEPUEDE",0,NA
0,0,"LULUCF - Forest Land:CH4","Land Use, Land Use Change, and Forestry","LULUCF - Forest Land",0,2035,"CH4",0,0,"Strategy TX:BASE","BGR","bulgaria","SISEPUEDE",0,NA
0,0,"LULUCF - Forest Land:CH4","Land Use, Land Use Change, and Forestry","LULUCF - Forest Land",0,2036,"CH4",0,0,"Strategy TX:BASE","BGR","bulgaria","SISEPUEDE",0,NA
0,0,"LULUCF - Forest Land:CH4","Land Use, Land Use Change, and Forestry","LULUCF - Forest Land",0,2037,"CH4",0,0,"Strategy TX:BASE","BGR","bulgaria","SISEPUEDE",0,NA
0,0,"LULUCF - Forest Land:CH4","Land Use, Land Use Change, and Forestry","LULUCF - Forest Land",0,2038,"CH4",0,0,"Strategy TX:BASE","BGR","bulgaria","SISEPUEDE",0,NA
0,0,"LULUCF - Forest Land:CH4","Land Use, Land Use Change, and Forestry","LULUCF - Forest Land",0,2039,"CH4",0,0,"Strategy TX:BASE","BGR","bulgaria","SISEPUEDE",0,NA
0,0,"LULUCF - Forest Land:CH4","Land Use, Land Use Change, and Forestry","LULUCF - Forest Land",0,2040,"CH4",0,0,"Strategy TX:BASE","BGR","bulgaria","SISEPUEDE",0,NA
0,0,"LULUCF - Forest Land:CH4","Land Use, Land Use Change, and Forestry","LULUCF - Forest Land",0,2041,"CH4",0,0,"Strategy TX:BASE","BGR","bulgaria","SISEPUEDE",0,NA
0,0,"LULUCF - Forest Land:CH4","Land Use, Land Use Change, and Forestry","LULUCF - Forest Land",0,2042,"CH4",0,0,"Strategy TX:BASE","BGR","bulgaria","SISEPUEDE",0,NA
0,0,"LULUCF - Forest Land:CH4","Land Use, Land Use Change, and Forestry","LULUCF - Forest Land",0,2043,"CH4",0,0,"Strategy TX:BASE","BGR","bulgaria","SISEPUEDE",0,NA
0,0,"LULUCF - Forest Land:CH4","Land Use, Land Use Change, and Forestry","LULUCF - Forest Land",0,2044,"CH4",0,0,"Strategy TX:BASE","BGR","bulgaria","SISEPUEDE",0,NA
0,0,"LULUCF - Forest Land:CH4","Land Use, Land Use Change, and Forestry","LULUCF - Forest Land",0,2045,"CH4",0,0,"Strategy TX:BASE","BGR","bulgaria","SISEPUEDE",0,NA
0,0,"LULUCF - Forest Land:CH4","Land Use, Land Use Change, and Forestry","LULUCF - Forest Land",0,2046,"CH4",0,0,"Strategy TX:BASE","BGR","bulgaria","SISEPUEDE",0,NA
0,0,"LULUCF - Forest Land:CH4","Land Use, Land Use Change, and Forestry","LULUCF - Forest Land",0,2047,"CH4",0,0,"Strategy TX:BASE","BGR","bulgaria","SISEPUEDE",0,NA
0,0,"LULUCF - Forest Land:CH4","Land Use, Land Use Change, and Forestry","LULUCF - Forest Land",0,2048,"CH4",0,0,"Strategy TX:BASE","BGR","bulgaria","SISEPUEDE",0,NA
0,0,"LULUCF - Forest Land:CH4","Land Use, Land Use Change, and Forestry","LULUCF - Forest Land",0,2049,"CH4",0,0,"Strategy TX:BASE","BGR","bulgaria","SISEPUEDE",0,NA
0,0,"LULUCF - Forest Land:CH4","Land Use, Land Use Change, and Forestry","LULUCF - Forest Land",0,2050,"CH4",0,0,"Strategy TX:BASE","BGR","bulgaria","SISEPUEDE",0,NA
0,0,"LULUCF - Forest Land:CO2","Land Use, Land Use Change, and Forestry","LULUCF - Forest Land",-8.34498,2022,"CO2",0,0,"Strategy TX:BASE","BGR","bulgaria","SISEPUEDE",-8.34498,NA
0,0,"LULUCF - Forest Land:CO2","Land Use, Land Use Change, and Forestry","LULUCF - Forest Land",-8.34206763687769,2023,"CO2",0,0,"Strategy TX:BASE","BGR","bulgaria","SISEPUEDE",-8.34206763687769,NA
0,0,"LULUCF - Forest Land:CO2","Land Use, Land Use Change, and Forestry","LULUCF - Forest Land",-8.3390914819518,2024,"CO2",0,0,"Strategy TX:BASE","BGR","bulgaria","SISEPUEDE",-8.3390914819518,NA
0,0,"LULUCF - Forest Land:CO2","Land Use, Land Use Change, and Forestry","LULUCF - Forest Land",-8.33595882806342,2025,"CO2",0,0,"Strategy TX:BASE","BGR","bulgaria","SISEPUEDE",-8.33595882806342,NA
0,0,"LULUCF - Forest Land:CO2","Land Use, Land Use Change, and Forestry","LULUCF - Forest Land",-8.33266950625966,2026,"CO2",0,0,"Strategy TX:BASE","BGR","bulgaria","SISEPUEDE",-8.33266950625966,NA
0,0,"LULUCF - Forest Land:CO2","Land Use, Land Use Change, and Forestry","LULUCF - Forest Land",-8.32922372730767,2027,"CO2",0,0,"Strategy TX:BASE","BGR","bulgaria","SISEPUEDE",-8.32922372730767,NA
0,0,"LULUCF - Forest Land:CO2","Land Use, Land Use Change, and Forestry","LULUCF - Forest Land",-8.32562202868749,2028,"CO2",0,0,"Strategy TX:BASE","BGR","bulgaria","SISEPUEDE",-8.32562202868749,NA
0,0,"LULUCF - Forest Land:CO2","Land Use, Land Use Change, and Forestry","LULUCF - Forest Land",-8.32186522726248,2029,"CO2",0,0,"Strategy TX:BASE","BGR","bulgaria","SISEPUEDE",-8.32186522726248,NA
0,0,"LULUCF - Forest Land:CO2","Land Use, Land Use Change, and Forestry","LULUCF - Forest Land",-8.31795437729754,2030,"CO2",0,0,"Strategy TX:BASE","BGR","bulgaria","SISEPUEDE",-8.31795437729754,NA
0,0,"LULUCF - Forest Land:CO2","Land Use, Land Use Change, and Forestry","LULUCF - Forest Land",-8.31389073321507,2031,"CO2",0,0,"Strategy TX:BASE","BGR","bulgaria","SISEPUEDE",-8.31389073321507,NA
0,0,"LULUCF - Forest Land:CO2","Land Use, Land Use Change, and Forestry","LULUCF - Forest Land",-8.30967571666694,2032,"CO2",0,0,"Strategy TX:BASE","BGR","bulgaria","SISEPUEDE",-8.30967571666694,NA
0,0,"LULUCF - Forest Land:CO2","Land Use, Land Use Change, and Forestry","LULUCF - Forest Land",-8.30531088733921,2033,"CO2",0,0,"Strategy TX:BASE","BGR","bulgaria","SISEPUEDE",-8.30531088733921,NA
0,0,"LULUCF - Forest Land:CO2","Land Use, Land Use Change, and Forestry","LULUCF - Forest Land",-8.30079791726875,2034,"CO2",0,0,"Strategy TX:BASE","BGR","bulgaria","SISEPUEDE",-8.30079791726875,NA
0,0,"LULUCF - Forest Land:CO2","Land Use, Land Use Change, and Forestry","LULUCF - Forest Land",-8.29613856817454,2035,"CO2",0,0,"Strategy TX:BASE","BGR","bulgaria","SISEPUEDE",-8.29613856817454,NA
0,0,"LULUCF - Forest Land:CO2","Land Use, Land Use Change, and Forestry","LULUCF - Forest Land",-8.29133467160884,2036,"CO2",0,0,"Strategy TX:BASE","BGR","bulgaria","SISEPUEDE",-8.29133467160884,NA
0,0,"LULUCF - Forest Land:CO2","Land Use, Land Use Change, and Forestry","LULUCF - Forest Land",-8.28638811154605,2037,"CO2",0,0,"Strategy TX:BASE","BGR","bulgaria","SISEPUEDE",-8.28638811154605,NA
0,0,"LULUCF - Forest Land:CO2","Land Use, Land Use Change, and Forestry","LULUCF - Forest Land",-8.28130080912965,2038,"CO2",0,0,"Strategy TX:BASE","BGR","bulgaria","SISEPUEDE",-8.28130080912965,NA
0,0,"LULUCF - Forest Land:CO2","Land Use, Land Use Change, and Forestry","LULUCF - Forest Land",-8.2760747094589,2039,"CO2",0,0,"Strategy TX:BASE","BGR","bulgaria","SISEPUEDE",-8.2760747094589,NA
0,0,"LULUCF - Forest Land:CO2","Land Use, Land Use Change, and Forestry","LULUCF - Forest Land",-8.27071177011438,2040,"CO2",0,0,"Strategy TX:BASE","BGR","bulgaria","SISEPUEDE",-8.27071177011438,NA
0,0,"LULUCF - Forest Land:CO2","Land Use, Land Use Change, and Forestry","LULUCF - Forest Land",-8.26521395121515,2041,"CO2",0,0,"Strategy TX:BASE","BGR","bulgaria","SISEPUEDE",-8.26521395121515,NA
0,0,"LULUCF - Forest Land:CO2","Land Use, Land Use Change, and Forestry","LULUCF - Forest Land",-8.25958320691881,2042,"CO2",0,0,"Strategy TX:BASE","BGR","bulgaria","SISEPUEDE",-8.25958320691881,NA
0,0,"LULUCF - Forest Land:CO2","Land Use, Land Use Change, and Forestry","LULUCF - Forest Land",-8.25382147812051,2043,"CO2",0,0,"Strategy TX:BASE","BGR","bulgaria","SISEPUEDE",-8.25382147812051,NA
0,0,"LULUCF - Forest Land:CO2","Land Use, Land Use Change, and Forestry","LULUCF - Forest Land",-8.24793068632173,2044,"CO2",0,0,"Strategy TX:BASE","BGR","bulgaria","SISEPUEDE",-8.24793068632173,NA
0,0,"LULUCF - Forest Land:CO2","Land Use, Land Use Change, and Forestry","LULUCF - Forest Land",-8.24191272835399,2045,"CO2",0,0,"Strategy TX:BASE","BGR","bulgaria","SISEPUEDE",-8.24191272835399,NA
0,0,"LULUCF - Forest Land:CO2","Land Use, Land Use Change, and Forestry","LULUCF - Forest Land",-8.23576947213575,2046,"CO2",0,0,"Strategy TX:BASE","BGR","bulgaria","SISEPUEDE",-8.23576947213575,NA
0,0,"LULUCF - Forest Land:CO2","Land Use, Land Use Change, and Forestry","LULUCF - Forest Land",-8.22950275304645,2047,"CO2",0,0,"Strategy TX:BASE","BGR","bulgaria","SISEPUEDE",-8.22950275304645,NA
0,0,"LULUCF - Forest Land:CO2","Land Use, Land Use Change, and Forestry","LULUCF - Forest Land",-8.22311437103408,2048,"CO2",0,0,"Strategy TX:BASE","BGR","bulgaria","SISEPUEDE",-8.22311437103408,NA
0,0,"LULUCF - Forest Land:CO2","Land Use, Land Use Change, and Forestry","LULUCF - Forest Land",-8.21660608834204,2049,"CO2",0,0,"Strategy TX:BASE","BGR","bulgaria","SISEPUEDE",-8.21660608834204,NA
0,0,"LULUCF - Forest Land:CO2","Land Use, Land Use Change, and Forestry","LULUCF - Forest Land",-8.20997962769167,2050,"CO2",0,0,"Strategy TX:BASE","BGR","bulgaria","SISEPUEDE",-8.20997962769167,NA
0,0,"LULUCF - Grassland:CO2","Land Use, Land Use Change, and Forestry","LULUCF - Grassland",-0.83481,2022,"CO2",0,0,"Strategy TX:BASE","BGR","bulgaria","SISEPUEDE",-0.83481,NA
0,0,"LULUCF - Grassland:CO2","Land Use, Land Use Change, and Forestry","LULUCF - Grassland",-0.833063306045243,2023,"CO2",0,0,"Strategy TX:BASE","BGR","bulgaria","SISEPUEDE",-0.833063306045243,NA
0,0,"LULUCF - Grassland:CO2","Land Use, Land Use Change, and Forestry","LULUCF - Grassland",-0.831329821515173,2024,"CO2",0,0,"Strategy TX:BASE","BGR","bulgaria","SISEPUEDE",-0.831329821515173,NA
0,0,"LULUCF - Grassland:CO2","Land Use, Land Use Change, and Forestry","LULUCF - Grassland",-0.829609420787795,2025,"CO2",0,0,"Strategy TX:BASE","BGR","bulgaria","SISEPUEDE",-0.829609420787795,NA
0,0,"LULUCF - Grassland:CO2","Land Use, Land Use Change, and Forestry","LULUCF - Grassland",-0.827901980278541,2026,"CO2",0,0,"Strategy TX:BASE","BGR","bulgaria","SISEPUEDE",-0.827901980278541,NA
0,0,"LULUCF - Grassland:CO2","Land Use, Land Use Change, and Forestry","LULUCF - Grassland",-0.826207377196174,2027,"CO2",0,0,"Strategy TX:BASE","BGR","bulgaria","SISEPUEDE",-0.826207377196174,NA
0,0,"LULUCF - Grassland:CO2","Land Use, Land Use Change, and Forestry","LULUCF - Grassland",-0.824525490338471,2028,"CO2",0,0,"Strategy TX:BASE","BGR","bulgaria","SISEPUEDE",-0.824525490338471,NA
0,0,"LULUCF - Grassland:CO2","Land Use, Land Use Change, and Forestry","LULUCF - Grassland",-0.822856200006997,2029,"CO2",0,0,"Strategy TX:BASE","BGR","bulgaria","SISEPUEDE",-0.822856200006997,NA
0,0,"LULUCF - Grassland:CO2","Land Use, Land Use Change, and Forestry","LULUCF - Grassland",-0.821199387769321,2030,"CO2",0,0,"Strategy TX:BASE","BGR","bulgaria","SISEPUEDE",-0.821199387769321,NA
0,0,"LULUCF - Grassland:CO2","Land Use, Land Use Change, and Forestry","LULUCF - Grassland",-0.81955493649243,2031,"CO2",0,0,"Strategy TX:BASE","BGR","bulgaria","SISEPUEDE",-0.81955493649243,NA
0,0,"LULUCF - Grassland:CO2","Land Use, Land Use Change, and Forestry","LULUCF - Grassland",-0.817922730562569,2032,"CO2",0,0,"Strategy TX:BASE","BGR","bulgaria","SISEPUEDE",-0.817922730562569,NA
0,0,"LULUCF - Grassland:CO2","Land Use, Land Use Change, and Forestry","LULUCF - Grassland",-0.816302655399659,2033,"CO2",0,0,"Strategy TX:BASE","BGR","bulgaria","SISEPUEDE",-0.816302655399659,NA
0,0,"LULUCF - Grassland:CO2","Land Use, Land Use Change, and Forestry","LULUCF - Grassland",-0.814694598084014,2034,"CO2",0,0,"Strategy TX:BASE","BGR","bulgaria","SISEPUEDE",-0.814694598084014,NA
0,0,"LULUCF - Grassland:CO2","Land Use, Land Use Change, and Forestry","LULUCF - Grassland",-0.813098446484741,2035,"CO2",0,0,"Strategy TX:BASE","BGR","bulgaria","SISEPUEDE",-0.813098446484741,NA
0,0,"LULUCF - Grassland:CO2","Land Use, Land Use Change, and Forestry","LULUCF - Grassland",-0.81151409022305,2036,"CO2",0,0,"Strategy TX:BASE","BGR","bulgaria","SISEPUEDE",-0.81151409022305,NA
0,0,"LULUCF - Grassland:CO2","Land Use, Land Use Change, and Forestry","LULUCF - Grassland",-0.809941419828767,2037,"CO2",0,0,"Strategy TX:BASE","BGR","bulgaria","SISEPUEDE",-0.809941419828767,NA
0,0,"LULUCF - Grassland:CO2","Land Use, Land Use Change, and Forestry","LULUCF - Grassland",-0.808380327354102,2038,"CO2",0,0,"Strategy TX:BASE","BGR","bulgaria","SISEPUEDE",-0.808380327354102,NA
0,0,"LULUCF - Grassland:CO2","Land Use, Land Use Change, and Forestry","LULUCF - Grassland",-0.806830705899694,2039,"CO2",0,0,"Strategy TX:BASE","BGR","bulgaria","SISEPUEDE",-0.806830705899694,NA
0,0,"LULUCF - Grassland:CO2","Land Use, Land Use Change, and Forestry","LULUCF - Grassland",-0.805292449723959,2040,"CO2",0,0,"Strategy TX:BASE","BGR","bulgaria","SISEPUEDE",-0.805292449723959,NA
0,0,"LULUCF - Grassland:CO2","Land Use, Land Use Change, and Forestry","LULUCF - Grassland",-0.803765454478059,2041,"CO2",0,0,"Strategy TX:BASE","BGR","bulgaria","SISEPUEDE",-0.803765454478059,NA
0,0,"LULUCF - Grassland:CO2","Land Use, Land Use Change, and Forestry","LULUCF - Grassland",-0.802249616871506,2042,"CO2",0,0,"Strategy TX:BASE","BGR","bulgaria","SISEPUEDE",-0.802249616871506,NA
0,0,"LULUCF - Grassland:CO2","Land Use, Land Use Change, and Forestry","LULUCF - Grassland",-0.800744834752502,2043,"CO2",0,0,"Strategy TX:BASE","BGR","bulgaria","SISEPUEDE",-0.800744834752502,NA
0,0,"LULUCF - Grassland:CO2","Land Use, Land Use Change, and Forestry","LULUCF - Grassland",-0.799251007291625,2044,"CO2",0,0,"Strategy TX:BASE","BGR","bulgaria","SISEPUEDE",-0.799251007291625,NA
0,0,"LULUCF - Grassland:CO2","Land Use, Land Use Change, and Forestry","LULUCF - Grassland",-0.797768034403879,2045,"CO2",0,0,"Strategy TX:BASE","BGR","bulgaria","SISEPUEDE",-0.797768034403879,NA
0,0,"LULUCF - Grassland:CO2","Land Use, Land Use Change, and Forestry","LULUCF - Grassland",-0.796295817667857,2046,"CO2",0,0,"Strategy TX:BASE","BGR","bulgaria","SISEPUEDE",-0.796295817667857,NA
0,0,"LULUCF - Grassland:CO2","Land Use, Land Use Change, and Forestry","LULUCF - Grassland",-0.794834259439724,2047,"CO2",0,0,"Strategy TX:BASE","BGR","bulgaria","SISEPUEDE",-0.794834259439724,NA
0,0,"LULUCF - Grassland:CO2","Land Use, Land Use Change, and Forestry","LULUCF - Grassland",-0.793383263260899,2048,"CO2",0,0,"Strategy TX:BASE","BGR","bulgaria","SISEPUEDE",-0.793383263260899,NA
0,0,"LULUCF - Grassland:CO2","Land Use, Land Use Change, and Forestry","LULUCF - Grassland",-0.791942733690935,2049,"CO2",0,0,"Strategy TX:BASE","BGR","bulgaria","SISEPUEDE",-0.791942733690935,NA
0,0,"LULUCF - Grassland:CO2","Land Use, Land Use Change, and Forestry","LULUCF - Grassland",-0.790512576453999,2050,"CO2",0,0,"Strategy TX:BASE","BGR","bulgaria","SISEPUEDE",-0.790512576453999,NA
0,0,"LULUCF - HWP:CO2","Land Use, Land Use Change, and Forestry","LULUCF - HWP",-0.97025,2022,"CO2",0,0,"Strategy TX:BASE","BGR","bulgaria","SISEPUEDE",-0.97025,NA
0,0,"LULUCF - HWP:CO2","Land Use, Land Use Change, and Forestry","LULUCF - HWP",-1.10459440626831,2023,"CO2",0,0,"Strategy TX:BASE","BGR","bulgaria","SISEPUEDE",-1.10459440626831,NA
0,0,"LULUCF - HWP:CO2","Land Use, Land Use Change, and Forestry","LULUCF - HWP",-1.08859484588892,2024,"CO2",0,0,"Strategy TX:BASE","BGR","bulgaria","SISEPUEDE",-1.08859484588892,NA
0,0,"LULUCF - HWP:CO2","Land Use, Land Use Change, and Forestry","LULUCF - HWP",-1.14187562154664,2025,"CO2",0,0,"Strategy TX:BASE","BGR","bulgaria","SISEPUEDE",-1.14187562154664,NA
0,0,"LULUCF - HWP:CO2","Land Use, Land Use Change, and Forestry","LULUCF - HWP",-1.17791077627574,2026,"CO2",0,0,"Strategy TX:BASE","BGR","bulgaria","SISEPUEDE",-1.17791077627574,NA
0,0,"LULUCF - HWP:CO2","Land Use, Land Use Change, and Forestry","LULUCF - HWP",-1.20994881729464,2027,"CO2",0,0,"Strategy TX:BASE","BGR","bulgaria","SISEPUEDE",-1.20994881729464,NA
0,0,"LULUCF - HWP:CO2","Land Use, Land Use Change, and Forestry","LULUCF - HWP",-1.250975449798,2028,"CO2",0,0,"Strategy TX:BASE","BGR","bulgaria","SISEPUEDE",-1.250975449798,NA
0,0,"LULUCF - HWP:CO2","Land Use, Land Use Change, and Forestry","LULUCF - HWP",-1.25577735448051,2029,"CO2",0,0,"Strategy TX:BASE","BGR","bulgaria","SISEPUEDE",-1.25577735448051,NA
0,0,"LULUCF - HWP:CO2","Land Use, Land Use Change, and Forestry","LULUCF - HWP",-1.25255922494643,2030,"CO2",0,0,"Strategy TX:BASE","BGR","bulgaria","SISEPUEDE",-1.25255922494643,NA
0,0,"LULUCF - HWP:CO2","Land Use, Land Use Change, and Forestry","LULUCF - HWP",-1.25040894577825,2031,"CO2",0,0,"Strategy TX:BASE","BGR","bulgaria","SISEPUEDE",-1.25040894577825,NA
0,0,"LULUCF - HWP:CO2","Land Use, Land Use Change, and Forestry","LULUCF - HWP",-1.24506582482611,2032,"CO2",0,0,"Strategy TX:BASE","BGR","bulgaria","SISEPUEDE",-1.24506582482611,NA
0,0,"LULUCF - HWP:CO2","Land Use, Land Use Change, and Forestry","LULUCF - HWP",-1.24028559177115,2033,"CO2",0,0,"Strategy TX:BASE","BGR","bulgaria","SISEPUEDE",-1.24028559177115,NA
0,0,"LULUCF - HWP:CO2","Land Use, Land Use Change, and Forestry","LULUCF - HWP",-1.23535117791586,2034,"CO2",0,0,"Strategy TX:BASE","BGR","bulgaria","SISEPUEDE",-1.23535117791586,NA
0,0,"LULUCF - HWP:CO2","Land Use, Land Use Change, and Forestry","LULUCF - HWP",-1.22920709845526,2035,"CO2",0,0,"Strategy TX:BASE","BGR","bulgaria","SISEPUEDE",-1.22920709845526,NA
0,0,"LULUCF - HWP:CO2","Land Use, Land Use Change, and Forestry","LULUCF - HWP",-1.22161128685043,2036,"CO2",0,0,"Strategy TX:BASE","BGR","bulgaria","SISEPUEDE",-1.22161128685043,NA
0,0,"LULUCF - HWP:CO2","Land Use, Land Use Change, and Forestry","LULUCF - HWP",-1.20940756185458,2037,"CO2",0,0,"Strategy TX:BASE","BGR","bulgaria","SISEPUEDE",-1.20940756185458,NA
0,0,"LULUCF - HWP:CO2","Land Use, Land Use Change, and Forestry","LULUCF - HWP",-1.19673778783863,2038,"CO2",0,0,"Strategy TX:BASE","BGR","bulgaria","SISEPUEDE",-1.19673778783863,NA
0,0,"LULUCF - HWP:CO2","Land Use, Land Use Change, and Forestry","LULUCF - HWP",-1.183074582406,2039,"CO2",0,0,"Strategy TX:BASE","BGR","bulgaria","SISEPUEDE",-1.183074582406,NA
0,0,"LULUCF - HWP:CO2","Land Use, Land Use Change, and Forestry","LULUCF - HWP",-1.16727382053027,2040,"CO2",0,0,"Strategy TX:BASE","BGR","bulgaria","SISEPUEDE",-1.16727382053027,NA
0,0,"LULUCF - HWP:CO2","Land Use, Land Use Change, and Forestry","LULUCF - HWP",-1.15146154180874,2041,"CO2",0,0,"Strategy TX:BASE","BGR","bulgaria","SISEPUEDE",-1.15146154180874,NA
0,0,"LULUCF - HWP:CO2","Land Use, Land Use Change, and Forestry","LULUCF - HWP",-1.12948672220896,2042,"CO2",0,0,"Strategy TX:BASE","BGR","bulgaria","SISEPUEDE",-1.12948672220896,NA
0,0,"LULUCF - HWP:CO2","Land Use, Land Use Change, and Forestry","LULUCF - HWP",-1.10720236579449,2043,"CO2",0,0,"Strategy TX:BASE","BGR","bulgaria","SISEPUEDE",-1.10720236579449,NA
0,0,"LULUCF - HWP:CO2","Land Use, Land Use Change, and Forestry","LULUCF - HWP",-1.08461958691089,2044,"CO2",0,0,"Strategy TX:BASE","BGR","bulgaria","SISEPUEDE",-1.08461958691089,NA
0,0,"LULUCF - HWP:CO2","Land Use, Land Use Change, and Forestry","LULUCF - HWP",-1.06153643323667,2045,"CO2",0,0,"Strategy TX:BASE","BGR","bulgaria","SISEPUEDE",-1.06153643323667,NA
0,0,"LULUCF - HWP:CO2","Land Use, Land Use Change, and Forestry","LULUCF - HWP",-1.03893991129396,2046,"CO2",0,0,"Strategy TX:BASE","BGR","bulgaria","SISEPUEDE",-1.03893991129396,NA
0,0,"LULUCF - HWP:CO2","Land Use, Land Use Change, and Forestry","LULUCF - HWP",-1.01290989478035,2047,"CO2",0,0,"Strategy TX:BASE","BGR","bulgaria","SISEPUEDE",-1.01290989478035,NA
0,0,"LULUCF - HWP:CO2","Land Use, Land Use Change, and Forestry","LULUCF - HWP",-0.988014871248282,2048,"CO2",0,0,"Strategy TX:BASE","BGR","bulgaria","SISEPUEDE",-0.988014871248282,NA
0,0,"LULUCF - HWP:CO2","Land Use, Land Use Change, and Forestry","LULUCF - HWP",-0.962866829667618,2049,"CO2",0,0,"Strategy TX:BASE","BGR","bulgaria","SISEPUEDE",-0.962866829667618,NA
0,0,"LULUCF - HWP:CO2","Land Use, Land Use Change, and Forestry","LULUCF - HWP",-0.936508270556588,2050,"CO2",0,0,"Strategy TX:BASE","BGR","bulgaria","SISEPUEDE",-0.936508270556588,NA
0,0,"LULUCF - Other Land:CO2","Land Use, Land Use Change, and Forestry","LULUCF - Other Land",0,2022,"CO2",0,0,"Strategy TX:BASE","BGR","bulgaria","SISEPUEDE",0,NA
0,0,"LULUCF - Other Land:CO2","Land Use, Land Use Change, and Forestry","LULUCF - Other Land",0,2023,"CO2",0,0,"Strategy TX:BASE","BGR","bulgaria","SISEPUEDE",0,NA
0,0,"LULUCF - Other Land:CO2","Land Use, Land Use Change, and Forestry","LULUCF - Other Land",0,2024,"CO2",0,0,"Strategy TX:BASE","BGR","bulgaria","SISEPUEDE",0,NA
0,0,"LULUCF - Other Land:CO2","Land Use, Land Use Change, and Forestry","LULUCF - Other Land",0,2025,"CO2",0,0,"Strategy TX:BASE","BGR","bulgaria","SISEPUEDE",0,NA
0,0,"LULUCF - Other Land:CO2","Land Use, Land Use Change, and Forestry","LULUCF - Other Land",0,2026,"CO2",0,0,"Strategy TX:BASE","BGR","bulgaria","SISEPUEDE",0,NA
0,0,"LULUCF - Other Land:CO2","Land Use, Land Use Change, and Forestry","LULUCF - Other Land",0,2027,"CO2",0,0,"Strategy TX:BASE","BGR","bulgaria","SISEPUEDE",0,NA
0,0,"LULUCF - Other Land:CO2","Land Use, Land Use Change, and Forestry","LULUCF - Other Land",0,2028,"CO2",0,0,"Strategy TX:BASE","BGR","bulgaria","SISEPUEDE",0,NA
0,0,"LULUCF - Other Land:CO2","Land Use, Land Use Change, and Forestry","LULUCF - Other Land",0,2029,"CO2",0,0,"Strategy TX:BASE","BGR","bulgaria","SISEPUEDE",0,NA
0,0,"LULUCF - Other Land:CO2","Land Use, Land Use Change, and Forestry","LULUCF - Other Land",0,2030,"CO2",0,0,"Strategy TX:BASE","BGR","bulgaria","SISEPUEDE",0,NA
0,0,"LULUCF - Other Land:CO2","Land Use, Land Use Change, and Forestry","LULUCF - Other Land",0,2031,"CO2",0,0,"Strategy TX:BASE","BGR","bulgaria","SISEPUEDE",0,NA
0,0,"LULUCF - Other Land:CO2","Land Use, Land Use Change, and Forestry","LULUCF - Other Land",0,2032,"CO2",0,0,"Strategy TX:BASE","BGR","bulgaria","SISEPUEDE",0,NA
0,0,"LULUCF - Other Land:CO2","Land Use, Land Use Change, and Forestry","LULUCF - Other Land",0,2033,"CO2",0,0,"Strategy TX:BASE","BGR","bulgaria","SISEPUEDE",0,NA
0,0,"LULUCF - Other Land:CO2","Land Use, Land Use Change, and Forestry","LULUCF - Other Land",0,2034,"CO2",0,0,"Strategy TX:BASE","BGR","bulgaria","SISEPUEDE",0,NA
0,0,"LULUCF - Other Land:CO2","Land Use, Land Use Change, and Forestry","LULUCF - Other Land",0,2035,"CO2",0,0,"Strategy TX:BASE","BGR","bulgaria","SISEPUEDE",0,NA
0,0,"LULUCF - Other Land:CO2","Land Use, Land Use Change, and Forestry","LULUCF - Other Land",0,2036,"CO2",0,0,"Strategy TX:BASE","BGR","bulgaria","SISEPUEDE",0,NA
0,0,"LULUCF - Other Land:CO2","Land Use, Land Use Change, and Forestry","LULUCF - Other Land",0,2037,"CO2",0,0,"Strategy TX:BASE","BGR","bulgaria","SISEPUEDE",0,NA
0,0,"LULUCF - Other Land:CO2","Land Use, Land Use Change, and Forestry","LULUCF - Other Land",0,2038,"CO2",0,0,"Strategy TX:BASE","BGR","bulgaria","SISEPUEDE",0,NA
0,0,"LULUCF - Other Land:CO2","Land Use, Land Use Change, and Forestry","LULUCF - Other Land",0,2039,"CO2",0,0,"Strategy TX:BASE","BGR","bulgaria","SISEPUEDE",0,NA
0,0,"LULUCF - Other Land:CO2","Land Use, Land Use Change, and Forestry","LULUCF - Other Land",0,2040,"CO2",0,0,"Strategy TX:BASE","BGR","bulgaria","SISEPUEDE",0,NA
0,0,"LULUCF - Other Land:CO2","Land Use, Land Use Change, and Forestry","LULUCF - Other Land",0,2041,"CO2",0,0,"Strategy TX:BASE","BGR","bulgaria","SISEPUEDE",0,NA
0,0,"LULUCF - Other Land:CO2","Land Use, Land Use Change, and Forestry","LULUCF - Other Land",0,2042,"CO2",0,0,"Strategy TX:BASE","BGR","bulgaria","SISEPUEDE",0,NA
0,0,"LULUCF - Other Land:CO2","Land Use, Land Use Change, and Forestry","LULUCF - Other Land",0,2043,"CO2",0,0,"Strategy TX:BASE","BGR","bulgaria","SISEPUEDE",0,NA
0,0,"LULUCF - Other Land:CO2","Land Use, Land Use Change, and Forestry","LULUCF - Other Land",0,2044,"CO2",0,0,"Strategy TX:BASE","BGR","bulgaria","SISEPUEDE",0,NA
0,0,"LULUCF - Other Land:CO2","Land Use, Land Use Change, and Forestry","LULUCF - Other Land",0,2045,"CO2",0,0,"Strategy TX:BASE","BGR","bulgaria","SISEPUEDE",0,NA
0,0,"LULUCF - Other Land:CO2","Land Use, Land Use Change, and Forestry","LULUCF - Other Land",0,2046,"CO2",0,0,"Strategy TX:BASE","BGR","bulgaria","SISEPUEDE",0,NA
0,0,"LULUCF - Other Land:CO2","Land Use, Land Use Change, and Forestry","LULUCF - Other Land",0,2047,"CO2",0,0,"Strategy TX:BASE","BGR","bulgaria","SISEPUEDE",0,NA
0,0,"LULUCF - Other Land:CO2","Land Use, Land Use Change, and Forestry","LULUCF - Other Land",0,2048,"CO2",0,0,"Strategy TX:BASE","BGR","bulgaria","SISEPUEDE",0,NA
0,0,"LULUCF - Other Land:CO2","Land Use, Land Use Change, and Forestry","LULUCF - Other Land",0,2049,"CO2",0,0,"Strategy TX:BASE","BGR","bulgaria","SISEPUEDE",0,NA
0,0,"LULUCF - Other Land:CO2","Land Use, Land Use Change, and Forestry","LULUCF - Other Land",0,2050,"CO2",0,0,"Strategy TX:BASE","BGR","bulgaria","SISEPUEDE",0,NA
0,0,"LULUCF - Settlements:CO2","Land Use, Land Use Change, and Forestry","LULUCF - Settlements",0.17311,2022,"CO2",0,0,"Strategy TX:BASE","BGR","bulgaria","SISEPUEDE",0.17311,NA
0,0,"LULUCF - Settlements:CO2","Land Use, Land Use Change, and Forestry","LULUCF - Settlements",0.172994377551605,2023,"CO2",0,0,"Strategy TX:BASE","BGR","bulgaria","SISEPUEDE",0.172994377551605,NA
0,0,"LULUCF - Settlements:CO2","Land Use, Land Use Change, and Forestry","LULUCF - Settlements",0.172878839478617,2024,"CO2",0,0,"Strategy TX:BASE","BGR","bulgaria","SISEPUEDE",0.172878839478617,NA
0,0,"LULUCF - Settlements:CO2","Land Use, Land Use Change, and Forestry","LULUCF - Settlements",0.172761453161296,2025,"CO2",0,0,"Strategy TX:BASE","BGR","bulgaria","SISEPUEDE",0.172761453161296,NA
0,0,"LULUCF - Settlements:CO2","Land Use, Land Use Change, and Forestry","LULUCF - Settlements",0.172642239586592,2026,"CO2",0,0,"Strategy TX:BASE","BGR","bulgaria","SISEPUEDE",0.172642239586592,NA
0,0,"LULUCF - Settlements:CO2","Land Use, Land Use Change, and Forestry","LULUCF - Settlements",0.172521196836703,2027,"CO2",0,0,"Strategy TX:BASE","BGR","bulgaria","SISEPUEDE",0.172521196836703,NA
0,0,"LULUCF - Settlements:CO2","Land Use, Land Use Change, and Forestry","LULUCF - Settlements",0.172398318998523,2028,"CO2",0,0,"Strategy TX:BASE","BGR","bulgaria","SISEPUEDE",0.172398318998523,NA
0,0,"LULUCF - Settlements:CO2","Land Use, Land Use Change, and Forestry","LULUCF - Settlements",0.172273616300834,2029,"CO2",0,0,"Strategy TX:BASE","BGR","bulgaria","SISEPUEDE",0.172273616300834,NA
0,0,"LULUCF - Settlements:CO2","Land Use, Land Use Change, and Forestry","LULUCF - Settlements",0.172147096045801,2030,"CO2",0,0,"Strategy TX:BASE","BGR","bulgaria","SISEPUEDE",0.172147096045801,NA
0,0,"LULUCF - Settlements:CO2","Land Use, Land Use Change, and Forestry","LULUCF - Settlements",0.172018757411779,2031,"CO2",0,0,"Strategy TX:BASE","BGR","bulgaria","SISEPUEDE",0.172018757411779,NA
0,0,"LULUCF - Settlements:CO2","Land Use, Land Use Change, and Forestry","LULUCF - Settlements",0.171888613305504,2032,"CO2",0,0,"Strategy TX:BASE","BGR","bulgaria","SISEPUEDE",0.171888613305504,NA
0,0,"LULUCF - Settlements:CO2","Land Use, Land Use Change, and Forestry","LULUCF - Settlements",0.171756647569554,2033,"CO2",0,0,"Strategy TX:BASE","BGR","bulgaria","SISEPUEDE",0.171756647569554,NA
0,0,"LULUCF - Settlements:CO2","Land Use, Land Use Change, and Forestry","LULUCF - Settlements",0.171622897780924,2034,"CO2",0,0,"Strategy TX:BASE","BGR","bulgaria","SISEPUEDE",0.171622897780924,NA
0,0,"LULUCF - Settlements:CO2","Land Use, Land Use Change, and Forestry","LULUCF - Settlements",0.171487337153023,2035,"CO2",0,0,"Strategy TX:BASE","BGR","bulgaria","SISEPUEDE",0.171487337153023,NA
0,0,"LULUCF - Settlements:CO2","Land Use, Land Use Change, and Forestry","LULUCF - Settlements",0.171349976981276,2036,"CO2",0,0,"Strategy TX:BASE","BGR","bulgaria","SISEPUEDE",0.171349976981276,NA
0,0,"LULUCF - Settlements:CO2","Land Use, Land Use Change, and Forestry","LULUCF - Settlements",0.171210833438893,2037,"CO2",0,0,"Strategy TX:BASE","BGR","bulgaria","SISEPUEDE",0.171210833438893,NA
0,0,"LULUCF - Settlements:CO2","Land Use, Land Use Change, and Forestry","LULUCF - Settlements",0.171069911232402,2038,"CO2",0,0,"Strategy TX:BASE","BGR","bulgaria","SISEPUEDE",0.171069911232402,NA
0,0,"LULUCF - Settlements:CO2","Land Use, Land Use Change, and Forestry","LULUCF - Settlements",0.170927198042894,2039,"CO2",0,0,"Strategy TX:BASE","BGR","bulgaria","SISEPUEDE",0.170927198042894,NA
0,0,"LULUCF - Settlements:CO2","Land Use, Land Use Change, and Forestry","LULUCF - Settlements",0.170782716904452,2040,"CO2",0,0,"Strategy TX:BASE","BGR","bulgaria","SISEPUEDE",0.170782716904452,NA
0,0,"LULUCF - Settlements:CO2","Land Use, Land Use Change, and Forestry","LULUCF - Settlements",0.170636456726612,2041,"CO2",0,0,"Strategy TX:BASE","BGR","bulgaria","SISEPUEDE",0.170636456726612,NA
0,0,"LULUCF - Settlements:CO2","Land Use, Land Use Change, and Forestry","LULUCF - Settlements",0.170488441815161,2042,"CO2",0,0,"Strategy TX:BASE","BGR","bulgaria","SISEPUEDE",0.170488441815161,NA
0,0,"LULUCF - Settlements:CO2","Land Use, Land Use Change, and Forestry","LULUCF - Settlements",0.170338650591175,2043,"CO2",0,0,"Strategy TX:BASE","BGR","bulgaria","SISEPUEDE",0.170338650591175,NA
0,0,"LULUCF - Settlements:CO2","Land Use, Land Use Change, and Forestry","LULUCF - Settlements",0.170187122263091,2044,"CO2",0,0,"Strategy TX:BASE","BGR","bulgaria","SISEPUEDE",0.170187122263091,NA
0,0,"LULUCF - Settlements:CO2","Land Use, Land Use Change, and Forestry","LULUCF - Settlements",0.170033823664315,2045,"CO2",0,0,"Strategy TX:BASE","BGR","bulgaria","SISEPUEDE",0.170033823664315,NA
0,0,"LULUCF - Settlements:CO2","Land Use, Land Use Change, and Forestry","LULUCF - Settlements",0.169878781048815,2046,"CO2",0,0,"Strategy TX:BASE","BGR","bulgaria","SISEPUEDE",0.169878781048815,NA
0,0,"LULUCF - Settlements:CO2","Land Use, Land Use Change, and Forestry","LULUCF - Settlements",0.169721998877426,2047,"CO2",0,0,"Strategy TX:BASE","BGR","bulgaria","SISEPUEDE",0.169721998877426,NA
0,0,"LULUCF - Settlements:CO2","Land Use, Land Use Change, and Forestry","LULUCF - Settlements",0.169563483306775,2048,"CO2",0,0,"Strategy TX:BASE","BGR","bulgaria","SISEPUEDE",0.169563483306775,NA
0,0,"LULUCF - Settlements:CO2","Land Use, Land Use Change, and Forestry","LULUCF - Settlements",0.169403240523989,2049,"CO2",0,0,"Strategy TX:BASE","BGR","bulgaria","SISEPUEDE",0.169403240523989,NA
0,0,"LULUCF - Settlements:CO2","Land Use, Land Use Change, and Forestry","LULUCF - Settlements",0.169241266521236,2050,"CO2",0,0,"Strategy TX:BASE","BGR","bulgaria","SISEPUEDE",0.169241266521236,NA
0,0,"LULUCF - Wetlands:CH4","Land Use, Land Use Change, and Forestry","LULUCF - Wetlands",0,2022,"CH4",0,0,"Strategy TX:BASE","BGR","bulgaria","SISEPUEDE",0,NA
0,0,"LULUCF - Wetlands:CH4","Land Use, Land Use Change, and Forestry","LULUCF - Wetlands",0,2023,"CH4",0,0,"Strategy TX:BASE","BGR","bulgaria","SISEPUEDE",0,NA
0,0,"LULUCF - Wetlands:CH4","Land Use, Land Use Change, and Forestry","LULUCF - Wetlands",0,2024,"CH4",0,0,"Strategy TX:BASE","BGR","bulgaria","SISEPUEDE",0,NA
0,0,"LULUCF - Wetlands:CH4","Land Use, Land Use Change, and Forestry","LULUCF - Wetlands",0,2025,"CH4",0,0,"Strategy TX:BASE","BGR","bulgaria","SISEPUEDE",0,NA
0,0,"LULUCF - Wetlands:CH4","Land Use, Land Use Change, and Forestry","LULUCF - Wetlands",0,2026,"CH4",0,0,"Strategy TX:BASE","BGR","bulgaria","SISEPUEDE",0,NA
0,0,"LULUCF - Wetlands:CH4","Land Use, Land Use Change, and Forestry","LULUCF - Wetlands",0,2027,"CH4",0,0,"Strategy TX:BASE","BGR","bulgaria","SISEPUEDE",0,NA
0,0,"LULUCF - Wetlands:CH4","Land Use, Land Use Change, and Forestry","LULUCF - Wetlands",0,2028,"CH4",0,0,"Strategy TX:BASE","BGR","bulgaria","SISEPUEDE",0,NA
0,0,"LULUCF - Wetlands:CH4","Land Use, Land Use Change, and Forestry","LULUCF - Wetlands",0,2029,"CH4",0,0,"Strategy TX:BASE","BGR","bulgaria","SISEPUEDE",0,NA
0,0,"LULUCF - Wetlands:CH4","Land Use, Land Use Change, and Forestry","LULUCF - Wetlands",0,2030,"CH4",0,0,"Strategy TX:BASE","BGR","bulgaria","SISEPUEDE",0,NA
0,0,"LULUCF - Wetlands:CH4","Land Use, Land Use Change, and Forestry","LULUCF - Wetlands",0,2031,"CH4",0,0,"Strategy TX:BASE","BGR","bulgaria","SISEPUEDE",0,NA
0,0,"LULUCF - Wetlands:CH4","Land Use, Land Use Change, and Forestry","LULUCF - Wetlands",0,2032,"CH4",0,0,"Strategy TX:BASE","BGR","bulgaria","SISEPUEDE",0,NA
0,0,"LULUCF - Wetlands:CH4","Land Use, Land Use Change, and Forestry","LULUCF - Wetlands",0,2033,"CH4",0,0,"Strategy TX:BASE","BGR","bulgaria","SISEPUEDE",0,NA
0,0,"LULUCF - Wetlands:CH4","Land Use, Land Use Change, and Forestry","LULUCF - Wetlands",0,2034,"CH4",0,0,"Strategy TX:BASE","BGR","bulgaria","SISEPUEDE",0,NA
0,0,"LULUCF - Wetlands:CH4","Land Use, Land Use Change, and Forestry","LULUCF - Wetlands",0,2035,"CH4",0,0,"Strategy TX:BASE","BGR","bulgaria","SISEPUEDE",0,NA
0,0,"LULUCF - Wetlands:CH4","Land Use, Land Use Change, and Forestry","LULUCF - Wetlands",0,2036,"CH4",0,0,"Strategy TX:BASE","BGR","bulgaria","SISEPUEDE",0,NA
0,0,"LULUCF - Wetlands:CH4","Land Use, Land Use Change, and Forestry","LULUCF - Wetlands",0,2037,"CH4",0,0,"Strategy TX:BASE","BGR","bulgaria","SISEPUEDE",0,NA
0,0,"LULUCF - Wetlands:CH4","Land Use, Land Use Change, and Forestry","LULUCF - Wetlands",0,2038,"CH4",0,0,"Strategy TX:BASE","BGR","bulgaria","SISEPUEDE",0,NA
0,0,"LULUCF - Wetlands:CH4","Land Use, Land Use Change, and Forestry","LULUCF - Wetlands",0,2039,"CH4",0,0,"Strategy TX:BASE","BGR","bulgaria","SISEPUEDE",0,NA
0,0,"LULUCF - Wetlands:CH4","Land Use, Land Use Change, and Forestry","LULUCF - Wetlands",0,2040,"CH4",0,0,"Strategy TX:BASE","BGR","bulgaria","SISEPUEDE",0,NA
0,0,"LULUCF - Wetlands:CH4","Land Use, Land Use Change, and Forestry","LULUCF - Wetlands",0,2041,"CH4",0,0,"Strategy TX:BASE","BGR","bulgaria","SISEPUEDE",0,NA
0,0,"LULUCF - Wetlands:CH4","Land Use, Land Use Change, and Forestry","LULUCF - Wetlands",0,2042,"CH4",0,0,"Strategy TX:BASE","BGR","bulgaria","SISEPUEDE",0,NA
0,0,"LULUCF - Wetlands:CH4","Land Use, Land Use Change, and Forestry","LULUCF - Wetlands",0,2043,"CH4",0,0,"Strategy TX:BASE","BGR","bulgaria","SISEPUEDE",0,NA
0,0,"LULUCF - Wetlands:CH4","Land Use, Land Use Change, and Forestry","LULUCF - Wetlands",0,2044,"CH4",0,0,"Strategy TX:BASE","BGR","bulgaria","SISEPUEDE",0,NA
0,0,"LULUCF - Wetlands:CH4","Land Use, Land Use Change, and Forestry","LULUCF - Wetlands",0,2045,"CH4",0,0,"Strategy TX:BASE","BGR","bulgaria","SISEPUEDE",0,NA
0,0,"LULUCF - Wetlands:CH4","Land Use, Land Use Change, and Forestry","LULUCF - Wetlands",0,2046,"CH4",0,0,"Strategy TX:BASE","BGR","bulgaria","SISEPUEDE",0,NA
0,0,"LULUCF - Wetlands:CH4","Land Use, Land Use Change, and Forestry","LULUCF - Wetlands",0,2047,"CH4",0,0,"Strategy TX:BASE","BGR","bulgaria","SISEPUEDE",0,NA
0,0,"LULUCF - Wetlands:CH4","Land Use, Land Use Change, and Forestry","LULUCF - Wetlands",0,2048,"CH4",0,0,"Strategy TX:BASE","BGR","bulgaria","SISEPUEDE",0,NA
0,0,"LULUCF - Wetlands:CH4","Land Use, Land Use Change, and Forestry","LULUCF - Wetlands",0,2049,"CH4",0,0,"Strategy TX:BASE","BGR","bulgaria","SISEPUEDE",0,NA
0,0,"LULUCF - Wetlands:CH4","Land Use, Land Use Change, and Forestry","LULUCF - Wetlands",0,2050,"CH4",0,0,"Strategy TX:BASE","BGR","bulgaria","SISEPUEDE",0,NA
0,0,"LULUCF - Wetlands:CO2","Land Use, Land Use Change, and Forestry","LULUCF - Wetlands",0.08098,2022,"CO2",0,0,"Strategy TX:BASE","BGR","bulgaria","SISEPUEDE",0.08098,NA
0,0,"LULUCF - Wetlands:CO2","Land Use, Land Use Change, and Forestry","LULUCF - Wetlands",0.0809259102473031,2023,"CO2",0,0,"Strategy TX:BASE","BGR","bulgaria","SISEPUEDE",0.0809259102473031,NA
0,0,"LULUCF - Wetlands:CO2","Land Use, Land Use Change, and Forestry","LULUCF - Wetlands",0.0808718662094838,2024,"CO2",0,0,"Strategy TX:BASE","BGR","bulgaria","SISEPUEDE",0.0808718662094838,NA
0,0,"LULUCF - Wetlands:CO2","Land Use, Land Use Change, and Forestry","LULUCF - Wetlands",0.0808169414832928,2025,"CO2",0,0,"Strategy TX:BASE","BGR","bulgaria","SISEPUEDE",0.0808169414832928,NA
0,0,"LULUCF - Wetlands:CO2","Land Use, Land Use Change, and Forestry","LULUCF - Wetlands",0.0807611812362901,2026,"CO2",0,0,"Strategy TX:BASE","BGR","bulgaria","SISEPUEDE",0.0807611812362901,NA
0,0,"LULUCF - Wetlands:CO2","Land Use, Land Use Change, and Forestry","LULUCF - Wetlands",0.0807045570229225,2027,"CO2",0,0,"Strategy TX:BASE","BGR","bulgaria","SISEPUEDE",0.0807045570229225,NA
0,0,"LULUCF - Wetlands:CO2","Land Use, Land Use Change, and Forestry","LULUCF - Wetlands",0.0806470745597438,2028,"CO2",0,0,"Strategy TX:BASE","BGR","bulgaria","SISEPUEDE",0.0806470745597438,NA
0,0,"LULUCF - Wetlands:CO2","Land Use, Land Use Change, and Forestry","LULUCF - Wetlands",0.0805887382513173,2029,"CO2",0,0,"Strategy TX:BASE","BGR","bulgaria","SISEPUEDE",0.0805887382513173,NA
0,0,"LULUCF - Wetlands:CO2","Land Use, Land Use Change, and Forestry","LULUCF - Wetlands",0.0805295584479648,2030,"CO2",0,0,"Strategy TX:BASE","BGR","bulgaria","SISEPUEDE",0.0805295584479648,NA
0,0,"LULUCF - Wetlands:CO2","Land Use, Land Use Change, and Forestry","LULUCF - Wetlands",0.0804695210637607,2031,"CO2",0,0,"Strategy TX:BASE","BGR","bulgaria","SISEPUEDE",0.0804695210637607,NA
0,0,"LULUCF - Wetlands:CO2","Land Use, Land Use Change, and Forestry","LULUCF - Wetlands",0.0804086380674276,2032,"CO2",0,0,"Strategy TX:BASE","BGR","bulgaria","SISEPUEDE",0.0804086380674276,NA
0,0,"LULUCF - Wetlands:CO2","Land Use, Land Use Change, and Forestry","LULUCF - Wetlands",0.0803469052264755,2033,"CO2",0,0,"Strategy TX:BASE","BGR","bulgaria","SISEPUEDE",0.0803469052264755,NA
0,0,"LULUCF - Wetlands:CO2","Land Use, Land Use Change, and Forestry","LULUCF - Wetlands",0.0802843365253214,2034,"CO2",0,0,"Strategy TX:BASE","BGR","bulgaria","SISEPUEDE",0.0802843365253214,NA
0,0,"LULUCF - Wetlands:CO2","Land Use, Land Use Change, and Forestry","LULUCF - Wetlands",0.0802209275356064,2035,"CO2",0,0,"Strategy TX:BASE","BGR","bulgaria","SISEPUEDE",0.0802209275356064,NA
0,0,"LULUCF - Wetlands:CO2","Land Use, Land Use Change, and Forestry","LULUCF - Wetlands",0.0801566702632366,2036,"CO2",0,0,"Strategy TX:BASE","BGR","bulgaria","SISEPUEDE",0.0801566702632366,NA
0,0,"LULUCF - Wetlands:CO2","Land Use, Land Use Change, and Forestry","LULUCF - Wetlands",0.0800915797363927,2037,"CO2",0,0,"Strategy TX:BASE","BGR","bulgaria","SISEPUEDE",0.0800915797363927,NA
0,0,"LULUCF - Wetlands:CO2","Land Use, Land Use Change, and Forestry","LULUCF - Wetlands",0.08002565618103,2038,"CO2",0,0,"Strategy TX:BASE","BGR","bulgaria","SISEPUEDE",0.08002565618103,NA
0,0,"LULUCF - Wetlands:CO2","Land Use, Land Use Change, and Forestry","LULUCF - Wetlands",0.0799588945574083,2039,"CO2",0,0,"Strategy TX:BASE","BGR","bulgaria","SISEPUEDE",0.0799588945574083,NA
0,0,"LULUCF - Wetlands:CO2","Land Use, Land Use Change, and Forestry","LULUCF - Wetlands",0.0798913042932784,2040,"CO2",0,0,"Strategy TX:BASE","BGR","bulgaria","SISEPUEDE",0.0798913042932784,NA
0,0,"LULUCF - Wetlands:CO2","Land Use, Land Use Change, and Forestry","LULUCF - Wetlands",0.079822883820074,2041,"CO2",0,0,"Strategy TX:BASE","BGR","bulgaria","SISEPUEDE",0.079822883820074,NA
0,0,"LULUCF - Wetlands:CO2","Land Use, Land Use Change, and Forestry","LULUCF - Wetlands",0.0797536435586111,2042,"CO2",0,0,"Strategy TX:BASE","BGR","bulgaria","SISEPUEDE",0.0797536435586111,NA
0,0,"LULUCF - Wetlands:CO2","Land Use, Land Use Change, and Forestry","LULUCF - Wetlands",0.0796835684599591,2043,"CO2",0,0,"Strategy TX:BASE","BGR","bulgaria","SISEPUEDE",0.0796835684599591,NA
0,0,"LULUCF - Wetlands:CO2","Land Use, Land Use Change, and Forestry","LULUCF - Wetlands",0.0796126863414399,2044,"CO2",0,0,"Strategy TX:BASE","BGR","bulgaria","SISEPUEDE",0.0796126863414399,NA
0,0,"LULUCF - Wetlands:CO2","Land Use, Land Use Change, and Forestry","LULUCF - Wetlands",0.0795409749617453,2045,"CO2",0,0,"Strategy TX:BASE","BGR","bulgaria","SISEPUEDE",0.0795409749617453,NA
0,0,"LULUCF - Wetlands:CO2","Land Use, Land Use Change, and Forestry","LULUCF - Wetlands",0.0794684441668603,2046,"CO2",0,0,"Strategy TX:BASE","BGR","bulgaria","SISEPUEDE",0.0794684441668603,NA
0,0,"LULUCF - Wetlands:CO2","Land Use, Land Use Change, and Forestry","LULUCF - Wetlands",0.0793951025855537,2047,"CO2",0,0,"Strategy TX:BASE","BGR","bulgaria","SISEPUEDE",0.0793951025855537,NA
0,0,"LULUCF - Wetlands:CO2","Land Use, Land Use Change, and Forestry","LULUCF - Wetlands",0.0793209461613663,2048,"CO2",0,0,"Strategy TX:BASE","BGR","bulgaria","SISEPUEDE",0.0793209461613663,NA
0,0,"LULUCF - Wetlands:CO2","Land Use, Land Use Change, and Forestry","LULUCF - Wetlands",0.0792459917670266,2049,"CO2",0,0,"Strategy TX:BASE","BGR","bulgaria","SISEPUEDE",0.0792459917670266,NA
0,0,"LULUCF - Wetlands:CO2","Land Use, Land Use Change, and Forestry","LULUCF - Wetlands",0.0791702211356685,2050,"CO2",0,0,"Strategy TX:BASE","BGR","bulgaria","SISEPUEDE",0.0791702211356685,NA
0,0,"Waste - Solid Waste:CH4","Waste","Waste - Solid Waste",2.171526,2022,"CH4",0,0,"Strategy TX:BASE","BGR","bulgaria","SISEPUEDE",2.171526,NA
0,0,"Waste - Solid Waste:CH4","Waste","Waste - Solid Waste",2.2221967654721,2023,"CH4",0,0,"Strategy TX:BASE","BGR","bulgaria","SISEPUEDE",2.2221967654721,NA
0,0,"Waste - Solid Waste:CH4","Waste","Waste - Solid Waste",2.26737380583031,2024,"CH4",0,0,"Strategy TX:BASE","BGR","bulgaria","SISEPUEDE",2.26737380583031,NA
0,0,"Waste - Solid Waste:CH4","Waste","Waste - Solid Waste",2.30744541178179,2025,"CH4",0,0,"Strategy TX:BASE","BGR","bulgaria","SISEPUEDE",2.30744541178179,NA
0,0,"Waste - Solid Waste:CH4","Waste","Waste - Solid Waste",2.34257989384286,2026,"CH4",0,0,"Strategy TX:BASE","BGR","bulgaria","SISEPUEDE",2.34257989384286,NA
0,0,"Waste - Solid Waste:CH4","Waste","Waste - Solid Waste",2.37335965205904,2027,"CH4",0,0,"Strategy TX:BASE","BGR","bulgaria","SISEPUEDE",2.37335965205904,NA
0,0,"Waste - Solid Waste:CH4","Waste","Waste - Solid Waste",2.40034516534661,2028,"CH4",0,0,"Strategy TX:BASE","BGR","bulgaria","SISEPUEDE",2.40034516534661,NA
0,0,"Waste - Solid Waste:CH4","Waste","Waste - Solid Waste",2.42366134524988,2029,"CH4",0,0,"Strategy TX:BASE","BGR","bulgaria","SISEPUEDE",2.42366134524988,NA
0,0,"Waste - Solid Waste:CH4","Waste","Waste - Solid Waste",2.4437361305135,2030,"CH4",0,0,"Strategy TX:BASE","BGR","bulgaria","SISEPUEDE",2.4437361305135,NA
0,0,"Waste - Solid Waste:CH4","Waste","Waste - Solid Waste",2.46099091399798,2031,"CH4",0,0,"Strategy TX:BASE","BGR","bulgaria","SISEPUEDE",2.46099091399798,NA
0,0,"Waste - Solid Waste:CH4","Waste","Waste - Solid Waste",2.47576700230462,2032,"CH4",0,0,"Strategy TX:BASE","BGR","bulgaria","SISEPUEDE",2.47576700230462,NA
0,0,"Waste - Solid Waste:CH4","Waste","Waste - Solid Waste",2.48839001599146,2033,"CH4",0,0,"Strategy TX:BASE","BGR","bulgaria","SISEPUEDE",2.48839001599146,NA
0,0,"Waste - Solid Waste:CH4","Waste","Waste - Solid Waste",2.4991541134247,2034,"CH4",0,0,"Strategy TX:BASE","BGR","bulgaria","SISEPUEDE",2.4991541134247,NA
0,0,"Waste - Solid Waste:CH4","Waste","Waste - Solid Waste",2.50835892940947,2035,"CH4",0,0,"Strategy TX:BASE","BGR","bulgaria","SISEPUEDE",2.50835892940947,NA
0,0,"Waste - Solid Waste:CH4","Waste","Waste - Solid Waste",2.5164412165136,2036,"CH4",0,0,"Strategy TX:BASE","BGR","bulgaria","SISEPUEDE",2.5164412165136,NA
0,0,"Waste - Solid Waste:CH4","Waste","Waste - Solid Waste",2.52348832537761,2037,"CH4",0,0,"Strategy TX:BASE","BGR","bulgaria","SISEPUEDE",2.52348832537761,NA
0,0,"Waste - Solid Waste:CH4","Waste","Waste - Solid Waste",2.52960146813463,2038,"CH4",0,0,"Strategy TX:BASE","BGR","bulgaria","SISEPUEDE",2.52960146813463,NA
0,0,"Waste - Solid Waste:CH4","Waste","Waste - Solid Waste",2.53487267655157,2039,"CH4",0,0,"Strategy TX:BASE","BGR","bulgaria","SISEPUEDE",2.53487267655157,NA
0,0,"Waste - Solid Waste:CH4","Waste","Waste - Solid Waste",2.53941351104299,2040,"CH4",0,0,"Strategy TX:BASE","BGR","bulgaria","SISEPUEDE",2.53941351104299,NA
0,0,"Waste - Solid Waste:CH4","Waste","Waste - Solid Waste",2.54332442995889,2041,"CH4",0,0,"Strategy TX:BASE","BGR","bulgaria","SISEPUEDE",2.54332442995889,NA
0,0,"Waste - Solid Waste:CH4","Waste","Waste - Solid Waste",2.5466182454365,2042,"CH4",0,0,"Strategy TX:BASE","BGR","bulgaria","SISEPUEDE",2.5466182454365,NA
0,0,"Waste - Solid Waste:CH4","Waste","Waste - Solid Waste",2.54935957927862,2043,"CH4",0,0,"Strategy TX:BASE","BGR","bulgaria","SISEPUEDE",2.54935957927862,NA
0,0,"Waste - Solid Waste:CH4","Waste","Waste - Solid Waste",2.55159624628649,2044,"CH4",0,0,"Strategy TX:BASE","BGR","bulgaria","SISEPUEDE",2.55159624628649,NA
0,0,"Waste - Solid Waste:CH4","Waste","Waste - Solid Waste",2.55336370544278,2045,"CH4",0,0,"Strategy TX:BASE","BGR","bulgaria","SISEPUEDE",2.55336370544278,NA
0,0,"Waste - Solid Waste:CH4","Waste","Waste - Solid Waste",2.55470849279779,2046,"CH4",0,0,"Strategy TX:BASE","BGR","bulgaria","SISEPUEDE",2.55470849279779,NA
0,0,"Waste - Solid Waste:CH4","Waste","Waste - Solid Waste",2.55562363632388,2047,"CH4",0,0,"Strategy TX:BASE","BGR","bulgaria","SISEPUEDE",2.55562363632388,NA
0,0,"Waste - Solid Waste:CH4","Waste","Waste - Solid Waste",2.55614940508442,2048,"CH4",0,0,"Strategy TX:BASE","BGR","bulgaria","SISEPUEDE",2.55614940508442,NA
0,0,"Waste - Solid Waste:CH4","Waste","Waste - Solid Waste",2.55630876441698,2049,"CH4",0,0,"Strategy TX:BASE","BGR","bulgaria","SISEPUEDE",2.55630876441698,NA
0,0,"Waste - Solid Waste:CH4","Waste","Waste - Solid Waste",2.55611951308047,2050,"CH4",0,0,"Strategy TX:BASE","BGR","bulgaria","SISEPUEDE",2.55611951308047,NA
0,0,"Waste - Solid Waste:CO2","Waste","Waste - Solid Waste",0.01186,2022,"CO2",0,0,"Strategy TX:BASE","BGR","bulgaria","SISEPUEDE",0.01186,NA
0,0,"Waste - Solid Waste:CO2","Waste","Waste - Solid Waste",0.0120539682248938,2023,"CO2",0,0,"Strategy TX:BASE","BGR","bulgaria","SISEPUEDE",0.0120539682248938,NA
0,0,"Waste - Solid Waste:CO2","Waste","Waste - Solid Waste",0.0124199188318074,2024,"CO2",0,0,"Strategy TX:BASE","BGR","bulgaria","SISEPUEDE",0.0124199188318074,NA
0,0,"Waste - Solid Waste:CO2","Waste","Waste - Solid Waste",0.0127514498140955,2025,"CO2",0,0,"Strategy TX:BASE","BGR","bulgaria","SISEPUEDE",0.0127514498140955,NA
0,0,"Waste - Solid Waste:CO2","Waste","Waste - Solid Waste",0.0130813853556553,2026,"CO2",0,0,"Strategy TX:BASE","BGR","bulgaria","SISEPUEDE",0.0130813853556553,NA
0,0,"Waste - Solid Waste:CO2","Waste","Waste - Solid Waste",0.0134449839827123,2027,"CO2",0,0,"Strategy TX:BASE","BGR","bulgaria","SISEPUEDE",0.0134449839827123,NA
0,0,"Waste - Solid Waste:CO2","Waste","Waste - Solid Waste",0.0137183276153307,2028,"CO2",0,0,"Strategy TX:BASE","BGR","bulgaria","SISEPUEDE",0.0137183276153307,NA
0,0,"Waste - Solid Waste:CO2","Waste","Waste - Solid Waste",0.0139724404083787,2029,"CO2",0,0,"Strategy TX:BASE","BGR","bulgaria","SISEPUEDE",0.0139724404083787,NA
0,0,"Waste - Solid Waste:CO2","Waste","Waste - Solid Waste",0.014232267706918,2030,"CO2",0,0,"Strategy TX:BASE","BGR","bulgaria","SISEPUEDE",0.014232267706918,NA
0,0,"Waste - Solid Waste:CO2","Waste","Waste - Solid Waste",0.0144862064115502,2031,"CO2",0,0,"Strategy TX:BASE","BGR","bulgaria","SISEPUEDE",0.0144862064115502,NA
0,0,"Waste - Solid Waste:CO2","Waste","Waste - Solid Waste",0.0147451702898858,2032,"CO2",0,0,"Strategy TX:BASE","BGR","bulgaria","SISEPUEDE",0.0147451702898858,NA
0,0,"Waste - Solid Waste:CO2","Waste","Waste - Solid Waste",0.0150076132834785,2033,"CO2",0,0,"Strategy TX:BASE","BGR","bulgaria","SISEPUEDE",0.0150076132834785,NA
0,0,"Waste - Solid Waste:CO2","Waste","Waste - Solid Waste",0.0152706816565515,2034,"CO2",0,0,"Strategy TX:BASE","BGR","bulgaria","SISEPUEDE",0.0152706816565515,NA
0,0,"Waste - Solid Waste:CO2","Waste","Waste - Solid Waste",0.0155342872384354,2035,"CO2",0,0,"Strategy TX:BASE","BGR","bulgaria","SISEPUEDE",0.0155342872384354,NA
0,0,"Waste - Solid Waste:CO2","Waste","Waste - Solid Waste",0.0157869569109208,2036,"CO2",0,0,"Strategy TX:BASE","BGR","bulgaria","SISEPUEDE",0.0157869569109208,NA
0,0,"Waste - Solid Waste:CO2","Waste","Waste - Solid Waste",0.0160409901070119,2037,"CO2",0,0,"Strategy TX:BASE","BGR","bulgaria","SISEPUEDE",0.0160409901070119,NA
0,0,"Waste - Solid Waste:CO2","Waste","Waste - Solid Waste",0.0162947197282364,2038,"CO2",0,0,"Strategy TX:BASE","BGR","bulgaria","SISEPUEDE",0.0162947197282364,NA
0,0,"Waste - Solid Waste:CO2","Waste","Waste - Solid Waste",0.0165442954764061,2039,"CO2",0,0,"Strategy TX:BASE","BGR","bulgaria","SISEPUEDE",0.0165442954764061,NA
0,0,"Waste - Solid Waste:CO2","Waste","Waste - Solid Waste",0.0167964313247954,2040,"CO2",0,0,"Strategy TX:BASE","BGR","bulgaria","SISEPUEDE",0.0167964313247954,NA
0,0,"Waste - Solid Waste:CO2","Waste","Waste - Solid Waste",0.0170297390801842,2041,"CO2",0,0,"Strategy TX:BASE","BGR","bulgaria","SISEPUEDE",0.0170297390801842,NA
0,0,"Waste - Solid Waste:CO2","Waste","Waste - Solid Waste",0.0172630457848152,2042,"CO2",0,0,"Strategy TX:BASE","BGR","bulgaria","SISEPUEDE",0.0172630457848152,NA
0,0,"Waste - Solid Waste:CO2","Waste","Waste - Solid Waste",0.0174964156465907,2043,"CO2",0,0,"Strategy TX:BASE","BGR","bulgaria","SISEPUEDE",0.0174964156465907,NA
0,0,"Waste - Solid Waste:CO2","Waste","Waste - Solid Waste",0.0177291012407914,2044,"CO2",0,0,"Strategy TX:BASE","BGR","bulgaria","SISEPUEDE",0.0177291012407914,NA
0,0,"Waste - Solid Waste:CO2","Waste","Waste - Solid Waste",0.0179646863438847,2045,"CO2",0,0,"Strategy TX:BASE","BGR","bulgaria","SISEPUEDE",0.0179646863438847,NA
0,0,"Waste - Solid Waste:CO2","Waste","Waste - Solid Waste",0.01818866137395,2046,"CO2",0,0,"Strategy TX:BASE","BGR","bulgaria","SISEPUEDE",0.01818866137395,NA
0,0,"Waste - Solid Waste:CO2","Waste","Waste - Solid Waste",0.0184172387728397,2047,"CO2",0,0,"Strategy TX:BASE","BGR","bulgaria","SISEPUEDE",0.0184172387728397,NA
0,0,"Waste - Solid Waste:CO2","Waste","Waste - Solid Waste",0.0186455180886946,2048,"CO2",0,0,"Strategy TX:BASE","BGR","bulgaria","SISEPUEDE",0.0186455180886946,NA
0,0,"Waste - Solid Waste:CO2","Waste","Waste - Solid Waste",0.0188697134745382,2049,"CO2",0,0,"Strategy TX:BASE","BGR","bulgaria","SISEPUEDE",0.0188697134745382,NA
0,0,"Waste - Solid Waste:CO2","Waste","Waste - Solid Waste",0.0190865243023158,2050,"CO2",0,0,"Strategy TX:BASE","BGR","bulgaria","SISEPUEDE",0.0190865243023158,NA
0,0,"Waste - Solid Waste:N2O","Waste","Waste - Solid Waste",0.005539,2022,"N2O",0,0,"Strategy TX:BASE","BGR","bulgaria","SISEPUEDE",0.005539,NA
0,0,"Waste - Solid Waste:N2O","Waste","Waste - Solid Waste",0.00552769166518824,2023,"N2O",0,0,"Strategy TX:BASE","BGR","bulgaria","SISEPUEDE",0.00552769166518824,NA
0,0,"Waste - Solid Waste:N2O","Waste","Waste - Solid Waste",0.00550914072945356,2024,"N2O",0,0,"Strategy TX:BASE","BGR","bulgaria","SISEPUEDE",0.00550914072945356,NA
0,0,"Waste - Solid Waste:N2O","Waste","Waste - Solid Waste",0.00548232388834881,2025,"N2O",0,0,"Strategy TX:BASE","BGR","bulgaria","SISEPUEDE",0.00548232388834881,NA
0,0,"Waste - Solid Waste:N2O","Waste","Waste - Solid Waste",0.00545510781121031,2026,"N2O",0,0,"Strategy TX:BASE","BGR","bulgaria","SISEPUEDE",0.00545510781121031,NA
0,0,"Waste - Solid Waste:N2O","Waste","Waste - Solid Waste",0.00542858480518876,2027,"N2O",0,0,"Strategy TX:BASE","BGR","bulgaria","SISEPUEDE",0.00542858480518876,NA
0,0,"Waste - Solid Waste:N2O","Waste","Waste - Solid Waste",0.00539736484996581,2028,"N2O",0,0,"Strategy TX:BASE","BGR","bulgaria","SISEPUEDE",0.00539736484996581,NA
0,0,"Waste - Solid Waste:N2O","Waste","Waste - Solid Waste",0.00536642988201046,2029,"N2O",0,0,"Strategy TX:BASE","BGR","bulgaria","SISEPUEDE",0.00536642988201046,NA
0,0,"Waste - Solid Waste:N2O","Waste","Waste - Solid Waste",0.00533646399632655,2030,"N2O",0,0,"Strategy TX:BASE","BGR","bulgaria","SISEPUEDE",0.00533646399632655,NA
0,0,"Waste - Solid Waste:N2O","Waste","Waste - Solid Waste",0.00530714955456377,2031,"N2O",0,0,"Strategy TX:BASE","BGR","bulgaria","SISEPUEDE",0.00530714955456377,NA
0,0,"Waste - Solid Waste:N2O","Waste","Waste - Solid Waste",0.00527889852628152,2032,"N2O",0,0,"Strategy TX:BASE","BGR","bulgaria","SISEPUEDE",0.00527889852628152,NA
0,0,"Waste - Solid Waste:N2O","Waste","Waste - Solid Waste",0.0052519067929336,2033,"N2O",0,0,"Strategy TX:BASE","BGR","bulgaria","SISEPUEDE",0.0052519067929336,NA
0,0,"Waste - Solid Waste:N2O","Waste","Waste - Solid Waste",0.00522680197351595,2034,"N2O",0,0,"Strategy TX:BASE","BGR","bulgaria","SISEPUEDE",0.00522680197351595,NA
0,0,"Waste - Solid Waste:N2O","Waste","Waste - Solid Waste",0.00520720671318305,2035,"N2O",0,0,"Strategy TX:BASE","BGR","bulgaria","SISEPUEDE",0.00520720671318305,NA
0,0,"Waste - Solid Waste:N2O","Waste","Waste - Solid Waste",0.00518773798470583,2036,"N2O",0,0,"Strategy TX:BASE","BGR","bulgaria","SISEPUEDE",0.00518773798470583,NA
0,0,"Waste - Solid Waste:N2O","Waste","Waste - Solid Waste",0.00516867552026613,2037,"N2O",0,0,"Strategy TX:BASE","BGR","bulgaria","SISEPUEDE",0.00516867552026613,NA
0,0,"Waste - Solid Waste:N2O","Waste","Waste - Solid Waste",0.0051500294498809,2038,"N2O",0,0,"Strategy TX:BASE","BGR","bulgaria","SISEPUEDE",0.0051500294498809,NA
0,0,"Waste - Solid Waste:N2O","Waste","Waste - Solid Waste",0.00513236988670356,2039,"N2O",0,0,"Strategy TX:BASE","BGR","bulgaria","SISEPUEDE",0.00513236988670356,NA
0,0,"Waste - Solid Waste:N2O","Waste","Waste - Solid Waste",0.00511574090012568,2040,"N2O",0,0,"Strategy TX:BASE","BGR","bulgaria","SISEPUEDE",0.00511574090012568,NA
0,0,"Waste - Solid Waste:N2O","Waste","Waste - Solid Waste",0.00509885788377019,2041,"N2O",0,0,"Strategy TX:BASE","BGR","bulgaria","SISEPUEDE",0.00509885788377019,NA
0,0,"Waste - Solid Waste:N2O","Waste","Waste - Solid Waste",0.00508248641778644,2042,"N2O",0,0,"Strategy TX:BASE","BGR","bulgaria","SISEPUEDE",0.00508248641778644,NA
0,0,"Waste - Solid Waste:N2O","Waste","Waste - Solid Waste",0.00506643703707836,2043,"N2O",0,0,"Strategy TX:BASE","BGR","bulgaria","SISEPUEDE",0.00506643703707836,NA
0,0,"Waste - Solid Waste:N2O","Waste","Waste - Solid Waste",0.00505053982869175,2044,"N2O",0,0,"Strategy TX:BASE","BGR","bulgaria","SISEPUEDE",0.00505053982869175,NA
0,0,"Waste - Solid Waste:N2O","Waste","Waste - Solid Waste",0.00503507469328584,2045,"N2O",0,0,"Strategy TX:BASE","BGR","bulgaria","SISEPUEDE",0.00503507469328584,NA
0,0,"Waste - Solid Waste:N2O","Waste","Waste - Solid Waste",0.00501919951868744,2046,"N2O",0,0,"Strategy TX:BASE","BGR","bulgaria","SISEPUEDE",0.00501919951868744,NA
0,0,"Waste - Solid Waste:N2O","Waste","Waste - Solid Waste",0.00500360335097655,2047,"N2O",0,0,"Strategy TX:BASE","BGR","bulgaria","SISEPUEDE",0.00500360335097655,NA
0,0,"Waste - Solid Waste:N2O","Waste","Waste - Solid Waste",0.00498807889116361,2048,"N2O",0,0,"Strategy TX:BASE","BGR","bulgaria","SISEPUEDE",0.00498807889116361,NA
0,0,"Waste - Solid Waste:N2O","Waste","Waste - Solid Waste",0.00497259780356412,2049,"N2O",0,0,"Strategy TX:BASE","BGR","bulgaria","SISEPUEDE",0.00497259780356412,NA
0,0,"Waste - Solid Waste:N2O","Waste","Waste - Solid Waste",0.00495701585317131,2050,"N2O",0,0,"Strategy TX:BASE","BGR","bulgaria","SISEPUEDE",0.00495701585317131,NA
0,0,"Waste - Wastewater Treatment:CH4","Waste","Waste - Wastewater Treatment",0.503,2022,"CH4",0,0,"Strategy TX:BASE","BGR","bulgaria","SISEPUEDE",0.503,NA
0,0,"Waste - Wastewater Treatment:CH4","Waste","Waste - Wastewater Treatment",0.50677748323275,2023,"CH4",0,0,"Strategy TX:BASE","BGR","bulgaria","SISEPUEDE",0.50677748323275,NA
0,0,"Waste - Wastewater Treatment:CH4","Waste","Waste - Wastewater Treatment",0.514259645958995,2024,"CH4",0,0,"Strategy TX:BASE","BGR","bulgaria","SISEPUEDE",0.514259645958995,NA
0,0,"Waste - Wastewater Treatment:CH4","Waste","Waste - Wastewater Treatment",0.520498597656911,2025,"CH4",0,0,"Strategy TX:BASE","BGR","bulgaria","SISEPUEDE",0.520498597656911,NA
0,0,"Waste - Wastewater Treatment:CH4","Waste","Waste - Wastewater Treatment",0.526612082328952,2026,"CH4",0,0,"Strategy TX:BASE","BGR","bulgaria","SISEPUEDE",0.526612082328952,NA
0,0,"Waste - Wastewater Treatment:CH4","Waste","Waste - Wastewater Treatment",0.533420882524398,2027,"CH4",0,0,"Strategy TX:BASE","BGR","bulgaria","SISEPUEDE",0.533420882524398,NA
0,0,"Waste - Wastewater Treatment:CH4","Waste","Waste - Wastewater Treatment",0.5379886110041,2028,"CH4",0,0,"Strategy TX:BASE","BGR","bulgaria","SISEPUEDE",0.5379886110041,NA
0,0,"Waste - Wastewater Treatment:CH4","Waste","Waste - Wastewater Treatment",0.542104811017944,2029,"CH4",0,0,"Strategy TX:BASE","BGR","bulgaria","SISEPUEDE",0.542104811017944,NA
0,0,"Waste - Wastewater Treatment:CH4","Waste","Waste - Wastewater Treatment",0.54634389084152,2030,"CH4",0,0,"Strategy TX:BASE","BGR","bulgaria","SISEPUEDE",0.54634389084152,NA
0,0,"Waste - Wastewater Treatment:CH4","Waste","Waste - Wastewater Treatment",0.550444351443287,2031,"CH4",0,0,"Strategy TX:BASE","BGR","bulgaria","SISEPUEDE",0.550444351443287,NA
0,0,"Waste - Wastewater Treatment:CH4","Waste","Waste - Wastewater Treatment",0.554660162371461,2032,"CH4",0,0,"Strategy TX:BASE","BGR","bulgaria","SISEPUEDE",0.554660162371461,NA
0,0,"Waste - Wastewater Treatment:CH4","Waste","Waste - Wastewater Treatment",0.558968191337453,2033,"CH4",0,0,"Strategy TX:BASE","BGR","bulgaria","SISEPUEDE",0.558968191337453,NA
0,0,"Waste - Wastewater Treatment:CH4","Waste","Waste - Wastewater Treatment",0.563338964357468,2034,"CH4",0,0,"Strategy TX:BASE","BGR","bulgaria","SISEPUEDE",0.563338964357468,NA
0,0,"Waste - Wastewater Treatment:CH4","Waste","Waste - Wastewater Treatment",0.567942943656749,2035,"CH4",0,0,"Strategy TX:BASE","BGR","bulgaria","SISEPUEDE",0.567942943656749,NA
0,0,"Waste - Wastewater Treatment:CH4","Waste","Waste - Wastewater Treatment",0.57229386346686,2036,"CH4",0,0,"Strategy TX:BASE","BGR","bulgaria","SISEPUEDE",0.57229386346686,NA
0,0,"Waste - Wastewater Treatment:CH4","Waste","Waste - Wastewater Treatment",0.576663268442457,2037,"CH4",0,0,"Strategy TX:BASE","BGR","bulgaria","SISEPUEDE",0.576663268442457,NA
0,0,"Waste - Wastewater Treatment:CH4","Waste","Waste - Wastewater Treatment",0.58101803478487,2038,"CH4",0,0,"Strategy TX:BASE","BGR","bulgaria","SISEPUEDE",0.58101803478487,NA
0,0,"Waste - Wastewater Treatment:CH4","Waste","Waste - Wastewater Treatment",0.585307676600727,2039,"CH4",0,0,"Strategy TX:BASE","BGR","bulgaria","SISEPUEDE",0.585307676600727,NA
0,0,"Waste - Wastewater Treatment:CH4","Waste","Waste - Wastewater Treatment",0.589673930323285,2040,"CH4",0,0,"Strategy TX:BASE","BGR","bulgaria","SISEPUEDE",0.589673930323285,NA
0,0,"Waste - Wastewater Treatment:CH4","Waste","Waste - Wastewater Treatment",0.593620108433512,2041,"CH4",0,0,"Strategy TX:BASE","BGR","bulgaria","SISEPUEDE",0.593620108433512,NA
0,0,"Waste - Wastewater Treatment:CH4","Waste","Waste - Wastewater Treatment",0.597569836357353,2042,"CH4",0,0,"Strategy TX:BASE","BGR","bulgaria","SISEPUEDE",0.597569836357353,NA
0,0,"Waste - Wastewater Treatment:CH4","Waste","Waste - Wastewater Treatment",0.601515974411414,2043,"CH4",0,0,"Strategy TX:BASE","BGR","bulgaria","SISEPUEDE",0.601515974411414,NA
0,0,"Waste - Wastewater Treatment:CH4","Waste","Waste - Wastewater Treatment",0.605435771268165,2044,"CH4",0,0,"Strategy TX:BASE","BGR","bulgaria","SISEPUEDE",0.605435771268165,NA
0,0,"Waste - Wastewater Treatment:CH4","Waste","Waste - Wastewater Treatment",0.60941567466408,2045,"CH4",0,0,"Strategy TX:BASE","BGR","bulgaria","SISEPUEDE",0.60941567466408,NA
0,0,"Waste - Wastewater Treatment:CH4","Waste","Waste - Wastewater Treatment",0.613123637483759,2046,"CH4",0,0,"Strategy TX:BASE","BGR","bulgaria","SISEPUEDE",0.613123637483759,NA
0,0,"Waste - Wastewater Treatment:CH4","Waste","Waste - Wastewater Treatment",0.616919782235506,2047,"CH4",0,0,"Strategy TX:BASE","BGR","bulgaria","SISEPUEDE",0.616919782235506,NA
0,0,"Waste - Wastewater Treatment:CH4","Waste","Waste - Wastewater Treatment",0.6206959318134,2048,"CH4",0,0,"Strategy TX:BASE","BGR","bulgaria","SISEPUEDE",0.6206959318134,NA
0,0,"Waste - Wastewater Treatment:CH4","Waste","Waste - Wastewater Treatment",0.624376014955417,2049,"CH4",0,0,"Strategy TX:BASE","BGR","bulgaria","SISEPUEDE",0.624376014955417,NA
0,0,"Waste - Wastewater Treatment:CH4","Waste","Waste - Wastewater Treatment",0.627888519390303,2050,"CH4",0,0,"Strategy TX:BASE","BGR","bulgaria","SISEPUEDE",0.627888519390303,NA
0,0,"Waste - Wastewater Treatment:N2O","Waste","Waste - Wastewater Treatment",0.00043,2022,"N2O",0,0,"Strategy TX:BASE","BGR","bulgaria","SISEPUEDE",0.00043,NA
0,0,"Waste - Wastewater Treatment:N2O","Waste","Waste - Wastewater Treatment",0.000432085197672451,2023,"N2O",0,0,"Strategy TX:BASE","BGR","bulgaria","SISEPUEDE",0.000432085197672451,NA
0,0,"Waste - Wastewater Treatment:N2O","Waste","Waste - Wastewater Treatment",0.000436867052476584,2024,"N2O",0,0,"Strategy TX:BASE","BGR","bulgaria","SISEPUEDE",0.000436867052476584,NA
0,0,"Waste - Wastewater Treatment:N2O","Waste","Waste - Wastewater Treatment",0.000440143058660888,2025,"N2O",0,0,"Strategy TX:BASE","BGR","bulgaria","SISEPUEDE",0.000440143058660888,NA
0,0,"Waste - Wastewater Treatment:N2O","Waste","Waste - Wastewater Treatment",0.000443286338391947,2026,"N2O",0,0,"Strategy TX:BASE","BGR","bulgaria","SISEPUEDE",0.000443286338391947,NA
0,0,"Waste - Wastewater Treatment:N2O","Waste","Waste - Wastewater Treatment",0.000446995539274631,2027,"N2O",0,0,"Strategy TX:BASE","BGR","bulgaria","SISEPUEDE",0.000446995539274631,NA
0,0,"Waste - Wastewater Treatment:N2O","Waste","Waste - Wastewater Treatment",0.000448704321338226,2028,"N2O",0,0,"Strategy TX:BASE","BGR","bulgaria","SISEPUEDE",0.000448704321338226,NA
0,0,"Waste - Wastewater Treatment:N2O","Waste","Waste - Wastewater Treatment",0.000450078645008923,2029,"N2O",0,0,"Strategy TX:BASE","BGR","bulgaria","SISEPUEDE",0.000450078645008923,NA
0,0,"Waste - Wastewater Treatment:N2O","Waste","Waste - Wastewater Treatment",0.000451597280910159,2030,"N2O",0,0,"Strategy TX:BASE","BGR","bulgaria","SISEPUEDE",0.000451597280910159,NA
0,0,"Waste - Wastewater Treatment:N2O","Waste","Waste - Wastewater Treatment",0.000453042790741345,2031,"N2O",0,0,"Strategy TX:BASE","BGR","bulgaria","SISEPUEDE",0.000453042790741345,NA
0,0,"Waste - Wastewater Treatment:N2O","Waste","Waste - Wastewater Treatment",0.000454631709780141,2032,"N2O",0,0,"Strategy TX:BASE","BGR","bulgaria","SISEPUEDE",0.000454631709780141,NA
0,0,"Waste - Wastewater Treatment:N2O","Waste","Waste - Wastewater Treatment",0.000456358661769297,2033,"N2O",0,0,"Strategy TX:BASE","BGR","bulgaria","SISEPUEDE",0.000456358661769297,NA
0,0,"Waste - Wastewater Treatment:N2O","Waste","Waste - Wastewater Treatment",0.000458233695431091,2034,"N2O",0,0,"Strategy TX:BASE","BGR","bulgaria","SISEPUEDE",0.000458233695431091,NA
0,0,"Waste - Wastewater Treatment:N2O","Waste","Waste - Wastewater Treatment",0.000460588002107431,2035,"N2O",0,0,"Strategy TX:BASE","BGR","bulgaria","SISEPUEDE",0.000460588002107431,NA
0,0,"Waste - Wastewater Treatment:N2O","Waste","Waste - Wastewater Treatment",0.000462752242733194,2036,"N2O",0,0,"Strategy TX:BASE","BGR","bulgaria","SISEPUEDE",0.000462752242733194,NA
0,0,"Waste - Wastewater Treatment:N2O","Waste","Waste - Wastewater Treatment",0.000464946699254906,2037,"N2O",0,0,"Strategy TX:BASE","BGR","bulgaria","SISEPUEDE",0.000464946699254906,NA
0,0,"Waste - Wastewater Treatment:N2O","Waste","Waste - Wastewater Treatment",0.000467147676142221,2038,"N2O",0,0,"Strategy TX:BASE","BGR","bulgaria","SISEPUEDE",0.000467147676142221,NA
0,0,"Waste - Wastewater Treatment:N2O","Waste","Waste - Wastewater Treatment",0.000469348920328403,2039,"N2O",0,0,"Strategy TX:BASE","BGR","bulgaria","SISEPUEDE",0.000469348920328403,NA
0,0,"Waste - Wastewater Treatment:N2O","Waste","Waste - Wastewater Treatment",0.000471658619609658,2040,"N2O",0,0,"Strategy TX:BASE","BGR","bulgaria","SISEPUEDE",0.000471658619609658,NA
0,0,"Waste - Wastewater Treatment:N2O","Waste","Waste - Wastewater Treatment",0.000473637541421776,2041,"N2O",0,0,"Strategy TX:BASE","BGR","bulgaria","SISEPUEDE",0.000473637541421776,NA
0,0,"Waste - Wastewater Treatment:N2O","Waste","Waste - Wastewater Treatment",0.000475642645670729,2042,"N2O",0,0,"Strategy TX:BASE","BGR","bulgaria","SISEPUEDE",0.000475642645670729,NA
0,0,"Waste - Wastewater Treatment:N2O","Waste","Waste - Wastewater Treatment",0.000477657145727779,2043,"N2O",0,0,"Strategy TX:BASE","BGR","bulgaria","SISEPUEDE",0.000477657145727779,NA
0,0,"Waste - Wastewater Treatment:N2O","Waste","Waste - Wastewater Treatment",0.000479656578991017,2044,"N2O",0,0,"Strategy TX:BASE","BGR","bulgaria","SISEPUEDE",0.000479656578991017,NA
0,0,"Waste - Wastewater Treatment:N2O","Waste","Waste - Wastewater Treatment",0.00048171979745046,2045,"N2O",0,0,"Strategy TX:BASE","BGR","bulgaria","SISEPUEDE",0.00048171979745046,NA
0,0,"Waste - Wastewater Treatment:N2O","Waste","Waste - Wastewater Treatment",0.00048355663665014,2046,"N2O",0,0,"Strategy TX:BASE","BGR","bulgaria","SISEPUEDE",0.00048355663665014,NA
0,0,"Waste - Wastewater Treatment:N2O","Waste","Waste - Wastewater Treatment",0.000485470509649836,2047,"N2O",0,0,"Strategy TX:BASE","BGR","bulgaria","SISEPUEDE",0.000485470509649836,NA
0,0,"Waste - Wastewater Treatment:N2O","Waste","Waste - Wastewater Treatment",0.000487369952038412,2048,"N2O",0,0,"Strategy TX:BASE","BGR","bulgaria","SISEPUEDE",0.000487369952038412,NA
0,0,"Waste - Wastewater Treatment:N2O","Waste","Waste - Wastewater Treatment",0.000489198950023667,2049,"N2O",0,0,"Strategy TX:BASE","BGR","bulgaria","SISEPUEDE",0.000489198950023667,NA
0,0,"Waste - Wastewater Treatment:N2O","Waste","Waste - Wastewater Treatment",0.000490897889295101,2050,"N2O",0,0,"Strategy TX:BASE","BGR","bulgaria","SISEPUEDE",0.000490897889295101,NA
6003,74074,"AG - Crops:CH4","Agriculture","AG - Crops",0.12515,2022,"CH4",0,0,"WEM","BGR","bulgaria","SISEPUEDE",0.12515,0.12515
6003,74074,"AG - Crops:CH4","Agriculture","AG - Crops",0.124305134019866,2023,"CH4",0,0,"WEM","BGR","bulgaria","SISEPUEDE",0.124305134019866,0.124305134019866
6003,74074,"AG - Crops:CH4","Agriculture","AG - Crops",0.123452367421066,2024,"CH4",0,0,"WEM","BGR","bulgaria","SISEPUEDE",0.123452367421066,0.123452367421066
6003,74074,"AG - Crops:CH4","Agriculture","AG - Crops",0.122583911468007,2025,"CH4",0,0,"WEM","BGR","bulgaria","SISEPUEDE",0.122583911468007,0.122583911468007
6003,74074,"AG - Crops:CH4","Agriculture","AG - Crops",0.121692497577319,2026,"CH4",0,0,"WEM","BGR","bulgaria","SISEPUEDE",0.121692497577319,0.121692497577319
6003,74074,"AG - Crops:CH4","Agriculture","AG - Crops",0.120771797416158,2027,"CH4",0,0,"WEM","BGR","bulgaria","SISEPUEDE",0.120771797416158,0.120771797416158
6003,74074,"AG - Crops:CH4","Agriculture","AG - Crops",0.119816859356854,2028,"CH4",0,0,"WEM","BGR","bulgaria","SISEPUEDE",0.119816859356854,0.119816859356854
6003,74074,"AG - Crops:CH4","Agriculture","AG - Crops",0.118824565227703,2029,"CH4",0,0,"WEM","BGR","bulgaria","SISEPUEDE",0.118824565227703,0.118824565227703
6003,74074,"AG - Crops:CH4","Agriculture","AG - Crops",0.11779338202603,2030,"CH4",0,0,"WEM","BGR","bulgaria","SISEPUEDE",0.11779338202603,0.11779338202603
6003,74074,"AG - Crops:CH4","Agriculture","AG - Crops",0.116723109613578,2031,"CH4",0,0,"WEM","BGR","bulgaria","SISEPUEDE",0.116723109613578,0.116723109613578
6003,74074,"AG - Crops:CH4","Agriculture","AG - Crops",0.115614612298024,2032,"CH4",0,0,"WEM","BGR","bulgaria","SISEPUEDE",0.115614612298024,0.115614612298024
6003,74074,"AG - Crops:CH4","Agriculture","AG - Crops",0.114469579535607,2033,"CH4",0,0,"WEM","BGR","bulgaria","SISEPUEDE",0.114469579535607,0.114469579535607
6003,74074,"AG - Crops:CH4","Agriculture","AG - Crops",0.113290315164437,2034,"CH4",0,0,"WEM","BGR","bulgaria","SISEPUEDE",0.113290315164437,0.113290315164437
6003,74074,"AG - Crops:CH4","Agriculture","AG - Crops",0.112079554062988,2035,"CH4",0,0,"WEM","BGR","bulgaria","SISEPUEDE",0.112079554062988,0.112079554062988
6003,74074,"AG - Crops:CH4","Agriculture","AG - Crops",0.110840304744839,2036,"CH4",0,0,"WEM","BGR","bulgaria","SISEPUEDE",0.110840304744839,0.110840304744839
6003,74074,"AG - Crops:CH4","Agriculture","AG - Crops",0.109575716131915,2037,"CH4",0,0,"WEM","BGR","bulgaria","SISEPUEDE",0.109575716131915,0.109575716131915
6003,74074,"AG - Crops:CH4","Agriculture","AG - Crops",0.108288966578034,2038,"CH4",0,0,"WEM","BGR","bulgaria","SISEPUEDE",0.108288966578034,0.108288966578034
6003,74074,"AG - Crops:CH4","Agriculture","AG - Crops",0.106983173127308,2039,"CH4",0,0,"WEM","BGR","bulgaria","SISEPUEDE",0.106983173127308,0.106983173127308
6003,74074,"AG - Crops:CH4","Agriculture","AG - Crops",0.105661318974149,2040,"CH4",0,0,"WEM","BGR","bulgaria","SISEPUEDE",0.105661318974149,0.105661318974149
6003,74074,"AG - Crops:CH4","Agriculture","AG - Crops",0.104326197130426,2041,"CH4",0,0,"WEM","BGR","bulgaria","SISEPUEDE",0.104326197130426,0.104326197130426
6003,74074,"AG - Crops:CH4","Agriculture","AG - Crops",0.102980368389502,2042,"CH4",0,0,"WEM","BGR","bulgaria","SISEPUEDE",0.102980368389502,0.102980368389502
6003,74074,"AG - Crops:CH4","Agriculture","AG - Crops",0.101626131796256,2043,"CH4",0,0,"WEM","BGR","bulgaria","SISEPUEDE",0.101626131796256,0.101626131796256
6003,74074,"AG - Crops:CH4","Agriculture","AG - Crops",0.100265505977822,2044,"CH4",0,0,"WEM","BGR","bulgaria","SISEPUEDE",0.100265505977822,0.100265505977822
6003,74074,"AG - Crops:CH4","Agriculture","AG - Crops",0.098900219853847,2045,"CH4",0,0,"WEM","BGR","bulgaria","SISEPUEDE",0.098900219853847,0.098900219853847
6003,74074,"AG - Crops:CH4","Agriculture","AG - Crops",0.097531711420823,2046,"CH4",0,0,"WEM","BGR","bulgaria","SISEPUEDE",0.097531711420823,0.097531711420823
6003,74074,"AG - Crops:CH4","Agriculture","AG - Crops",0.0961611334865837,2047,"CH4",0,0,"WEM","BGR","bulgaria","SISEPUEDE",0.0961611334865837,0.0961611334865837
6003,74074,"AG - Crops:CH4","Agriculture","AG - Crops",0.0947893654133414,2048,"CH4",0,0,"WEM","BGR","bulgaria","SISEPUEDE",0.0947893654133414,0.0947893654133414
6003,74074,"AG - Crops:CH4","Agriculture","AG - Crops",0.0934170301063492,2049,"CH4",0,0,"WEM","BGR","bulgaria","SISEPUEDE",0.0934170301063492,0.0934170301063492
6003,74074,"AG - Crops:CH4","Agriculture","AG - Crops",0.0920445156566238,2050,"CH4",0,0,"WEM","BGR","bulgaria","SISEPUEDE",0.0920445156566238,0.0920445156566238
6003,74074,"AG - Crops:CO2","Agriculture","AG - Crops",0.09423,2022,"CO2",0,0,"WEM","BGR","bulgaria","SISEPUEDE",0.09423,0.09423
6003,74074,"AG - Crops:CO2","Agriculture","AG - Crops",0.103077002222407,2023,"CO2",0,0,"WEM","BGR","bulgaria","SISEPUEDE",0.103077002222407,0.103077002222407
6003,74074,"AG - Crops:CO2","Agriculture","AG - Crops",0.111924575678221,2024,"CO2",0,0,"WEM","BGR","bulgaria","SISEPUEDE",0.111924575678221,0.111924575678221
6003,74074,"AG - Crops:CO2","Agriculture","AG - Crops",0.120774323982078,2025,"CO2",0,0,"WEM","BGR","bulgaria","SISEPUEDE",0.120774323982078,0.120774323982078
6003,74074,"AG - Crops:CO2","Agriculture","AG - Crops",0.129629235000824,2026,"CO2",0,0,"WEM","BGR","bulgaria","SISEPUEDE",0.129629235000824,0.129629235000824
6003,74074,"AG - Crops:CO2","Agriculture","AG - Crops",0.138493884758723,2027,"CO2",0,0,"WEM","BGR","bulgaria","SISEPUEDE",0.138493884758723,0.138493884758723
6003,74074,"AG - Crops:CO2","Agriculture","AG - Crops",0.147374470401829,2028,"CO2",0,0,"WEM","BGR","bulgaria","SISEPUEDE",0.147374470401829,0.147374470401829
6003,74074,"AG - Crops:CO2","Agriculture","AG - Crops",0.156278668323888,2029,"CO2",0,0,"WEM","BGR","bulgaria","SISEPUEDE",0.156278668323888,0.156278668323888
6003,74074,"AG - Crops:CO2","Agriculture","AG - Crops",0.165215333285275,2030,"CO2",0,0,"WEM","BGR","bulgaria","SISEPUEDE",0.165215333285275,0.165215333285275
6003,74074,"AG - Crops:CO2","Agriculture","AG - Crops",0.174194031592732,2031,"CO2",0,0,"WEM","BGR","bulgaria","SISEPUEDE",0.174194031592732,0.174194031592732
6003,74074,"AG - Crops:CO2","Agriculture","AG - Crops",0.183224420262352,2032,"CO2",0,0,"WEM","BGR","bulgaria","SISEPUEDE",0.183224420262352,0.183224420262352
6003,74074,"AG - Crops:CO2","Agriculture","AG - Crops",0.192315542041899,2033,"CO2",0,0,"WEM","BGR","bulgaria","SISEPUEDE",0.192315542041899,0.192315542041899
6003,74074,"AG - Crops:CO2","Agriculture","AG - Crops",0.201475042647408,2034,"CO2",0,0,"WEM","BGR","bulgaria","SISEPUEDE",0.201475042647408,0.201475042647408
6003,74074,"AG - Crops:CO2","Agriculture","AG - Crops",0.210708304140465,2035,"CO2",0,0,"WEM","BGR","bulgaria","SISEPUEDE",0.210708304140465,0.210708304140465
6003,74074,"AG - Crops:CO2","Agriculture","AG - Crops",0.220017481561347,2036,"CO2",0,0,"WEM","BGR","bulgaria","SISEPUEDE",0.220017481561347,0.220017481561347
6003,74074,"AG - Crops:CO2","Agriculture","AG - Crops",0.229402688069978,2037,"CO2",0,0,"WEM","BGR","bulgaria","SISEPUEDE",0.229402688069978,0.229402688069978
6003,74074,"AG - Crops:CO2","Agriculture","AG - Crops",0.238860919522421,2038,"CO2",0,0,"WEM","BGR","bulgaria","SISEPUEDE",0.238860919522421,0.238860919522421
6003,74074,"AG - Crops:CO2","Agriculture","AG - Crops",0.248386422587852,2039,"CO2",0,0,"WEM","BGR","bulgaria","SISEPUEDE",0.248386422587852,0.248386422587852
6003,74074,"AG - Crops:CO2","Agriculture","AG - Crops",0.257972653684003,2040,"CO2",0,0,"WEM","BGR","bulgaria","SISEPUEDE",0.257972653684003,0.257972653684003
6003,74074,"AG - Crops:CO2","Agriculture","AG - Crops",0.267612624549088,2041,"CO2",0,0,"WEM","BGR","bulgaria","SISEPUEDE",0.267612624549088,0.267612624549088
6003,74074,"AG - Crops:CO2","Agriculture","AG - Crops",0.277299178294979,2042,"CO2",0,0,"WEM","BGR","bulgaria","SISEPUEDE",0.277299178294979,0.277299178294979
6003,74074,"AG - Crops:CO2","Agriculture","AG - Crops",0.28702520548449,2043,"CO2",0,0,"WEM","BGR","bulgaria","SISEPUEDE",0.28702520548449,0.28702520548449
6003,74074,"AG - Crops:CO2","Agriculture","AG - Crops",0.296783812231457,2044,"CO2",0,0,"WEM","BGR","bulgaria","SISEPUEDE",0.296783812231457,0.296783812231457
6003,74074,"AG - Crops:CO2","Agriculture","AG - Crops",0.306568452159745,2045,"CO2",0,0,"WEM","BGR","bulgaria","SISEPUEDE",0.306568452159745,0.306568452159745
6003,74074,"AG - Crops:CO2","Agriculture","AG - Crops",0.3163730323711,2046,"CO2",0,0,"WEM","BGR","bulgaria","SISEPUEDE",0.3163730323711,0.3163730323711
6003,74074,"AG - Crops:CO2","Agriculture","AG - Crops",0.326192001782785,2047,"CO2",0,0,"WEM","BGR","bulgaria","SISEPUEDE",0.326192001782785,0.326192001782785
6003,74074,"AG - Crops:CO2","Agriculture","AG - Crops",0.336020428292352,2048,"CO2",0,0,"WEM","BGR","bulgaria","SISEPUEDE",0.336020428292352,0.336020428292352
6003,74074,"AG - Crops:CO2","Agriculture","AG - Crops",0.345854069675408,2049,"CO2",0,0,"WEM","BGR","bulgaria","SISEPUEDE",0.345854069675408,0.345854069675408
6003,74074,"AG - Crops:CO2","Agriculture","AG - Crops",0.35568961197382,2050,"CO2",0,0,"WEM","BGR","bulgaria","SISEPUEDE",0.35568961197382,0.35568961197382
6003,74074,"AG - Crops:N2O","Agriculture","AG - Crops",3.40272,2022,"N2O",0,0,"WEM","BGR","bulgaria","SISEPUEDE",3.40272,3.40272
6003,74074,"AG - Crops:N2O","Agriculture","AG - Crops",3.40138198472766,2023,"N2O",0,0,"WEM","BGR","bulgaria","SISEPUEDE",3.40138198472766,3.40138198472766
6003,74074,"AG - Crops:N2O","Agriculture","AG - Crops",3.39999826026842,2024,"N2O",0,0,"WEM","BGR","bulgaria","SISEPUEDE",3.39999826026842,3.39999826026842
6003,74074,"AG - Crops:N2O","Agriculture","AG - Crops",3.39852244477474,2025,"N2O",0,0,"WEM","BGR","bulgaria","SISEPUEDE",3.39852244477474,3.39852244477474
6003,74074,"AG - Crops:N2O","Agriculture","AG - Crops",3.39691007152876,2026,"N2O",0,0,"WEM","BGR","bulgaria","SISEPUEDE",3.39691007152876,3.39691007152876
6003,74074,"AG - Crops:N2O","Agriculture","AG - Crops",3.39512107445924,2027,"N2O",0,0,"WEM","BGR","bulgaria","SISEPUEDE",3.39512107445924,3.39512107445924
6003,74074,"AG - Crops:N2O","Agriculture","AG - Crops",3.39312228598178,2028,"N2O",0,0,"WEM","BGR","bulgaria","SISEPUEDE",3.39312228598178,3.39312228598178
6003,74074,"AG - Crops:N2O","Agriculture","AG - Crops",3.39089001954995,2029,"N2O",0,0,"WEM","BGR","bulgaria","SISEPUEDE",3.39089001954995,3.39089001954995
6003,74074,"AG - Crops:N2O","Agriculture","AG - Crops",3.38840819281048,2030,"N2O",0,0,"WEM","BGR","bulgaria","SISEPUEDE",3.38840819281048,3.38840819281048
6003,74074,"AG - Crops:N2O","Agriculture","AG - Crops",3.38566683599307,2031,"N2O",0,0,"WEM","BGR","bulgaria","SISEPUEDE",3.38566683599307,3.38566683599307
6003,74074,"AG - Crops:N2O","Agriculture","AG - Crops",3.38266131566635,2032,"N2O",0,0,"WEM","BGR","bulgaria","SISEPUEDE",3.38266131566635,3.38266131566635
6003,74074,"AG - Crops:N2O","Agriculture","AG - Crops",3.37939168636312,2033,"N2O",0,0,"WEM","BGR","bulgaria","SISEPUEDE",3.37939168636312,3.37939168636312
6003,74074,"AG - Crops:N2O","Agriculture","AG - Crops",3.37586209533702,2034,"N2O",0,0,"WEM","BGR","bulgaria","SISEPUEDE",3.37586209533702,3.37586209533702
6003,74074,"AG - Crops:N2O","Agriculture","AG - Crops",3.37208024153385,2035,"N2O",0,0,"WEM","BGR","bulgaria","SISEPUEDE",3.37208024153385,3.37208024153385
6003,74074,"AG - Crops:N2O","Agriculture","AG - Crops",3.36805689041369,2036,"N2O",0,0,"WEM","BGR","bulgaria","SISEPUEDE",3.36805689041369,3.36805689041369
6003,74074,"AG - Crops:N2O","Agriculture","AG - Crops",3.36380537208711,2037,"N2O",0,0,"WEM","BGR","bulgaria","SISEPUEDE",3.36380537208711,3.36380537208711
6003,74074,"AG - Crops:N2O","Agriculture","AG - Crops",3.35934119631187,2038,"N2O",0,0,"WEM","BGR","bulgaria","SISEPUEDE",3.35934119631187,3.35934119631187
6003,74074,"AG - Crops:N2O","Agriculture","AG - Crops",3.35468164123926,2039,"N2O",0,0,"WEM","BGR","bulgaria","SISEPUEDE",3.35468164123926,3.35468164123926
6003,74074,"AG - Crops:N2O","Agriculture","AG - Crops",3.34984530148936,2040,"N2O",0,0,"WEM","BGR","bulgaria","SISEPUEDE",3.34984530148936,3.34984530148936
6003,74074,"AG - Crops:N2O","Agriculture","AG - Crops",3.34485171621331,2041,"N2O",0,0,"WEM","BGR","bulgaria","SISEPUEDE",3.34485171621331,3.34485171621331
6003,74074,"AG - Crops:N2O","Agriculture","AG - Crops",3.33972101033605,2042,"N2O",0,0,"WEM","BGR","bulgaria","SISEPUEDE",3.33972101033605,3.33972101033605
6003,74074,"AG - Crops:N2O","Agriculture","AG - Crops",3.33447352149349,2043,"N2O",0,0,"WEM","BGR","bulgaria","SISEPUEDE",3.33447352149349,3.33447352149349
6003,74074,"AG - Crops:N2O","Agriculture","AG - Crops",3.32912941605715,2044,"N2O",0,0,"WEM","BGR","bulgaria","SISEPUEDE",3.32912941605715,3.32912941605715
6003,74074,"AG - Crops:N2O","Agriculture","AG - Crops",3.32370828263541,2045,"N2O",0,0,"WEM","BGR","bulgaria","SISEPUEDE",3.32370828263541,3.32370828263541
6003,74074,"AG - Crops:N2O","Agriculture","AG - Crops",3.31822869118961,2046,"N2O",0,0,"WEM","BGR","bulgaria","SISEPUEDE",3.31822869118961,3.31822869118961
6003,74074,"AG - Crops:N2O","Agriculture","AG - Crops",3.31270771016502,2047,"N2O",0,0,"WEM","BGR","bulgaria","SISEPUEDE",3.31270771016502,3.31270771016502
6003,74074,"AG - Crops:N2O","Agriculture","AG - Crops",3.30716036285896,2048,"N2O",0,0,"WEM","BGR","bulgaria","SISEPUEDE",3.30716036285896,3.30716036285896
6003,74074,"AG - Crops:N2O","Agriculture","AG - Crops",3.30159902369195,2049,"N2O",0,0,"WEM","BGR","bulgaria","SISEPUEDE",3.30159902369195,3.30159902369195
6003,74074,"AG - Crops:N2O","Agriculture","AG - Crops",3.29603273734375,2050,"N2O",0,0,"WEM","BGR","bulgaria","SISEPUEDE",3.29603273734375,3.29603273734375
6003,74074,"AG - Livestock:CH4","Agriculture","AG - Livestock",1.976805,2022,"CH4",0,0,"WEM","BGR","bulgaria","SISEPUEDE",1.976805,NA
6003,74074,"AG - Livestock:CH4","Agriculture","AG - Livestock",2.00879183727582,2023,"CH4",0,0,"WEM","BGR","bulgaria","SISEPUEDE",2.00879183727582,NA
6003,74074,"AG - Livestock:CH4","Agriculture","AG - Livestock",2.03967189325515,2024,"CH4",0,0,"WEM","BGR","bulgaria","SISEPUEDE",2.03967189325515,NA
6003,74074,"AG - Livestock:CH4","Agriculture","AG - Livestock",2.06997118178055,2025,"CH4",0,0,"WEM","BGR","bulgaria","SISEPUEDE",2.06997118178055,NA
6003,74074,"AG - Livestock:CH4","Agriculture","AG - Livestock",2.09983867999649,2026,"CH4",0,0,"WEM","BGR","bulgaria","SISEPUEDE",2.09983867999649,NA
6003,74074,"AG - Livestock:CH4","Agriculture","AG - Livestock",2.12920113227379,2027,"CH4",0,0,"WEM","BGR","bulgaria","SISEPUEDE",2.12920113227379,NA
6003,74074,"AG - Livestock:CH4","Agriculture","AG - Livestock",2.13056747829285,2028,"CH4",0,0,"WEM","BGR","bulgaria","SISEPUEDE",2.13056747829285,NA
6003,74074,"AG - Livestock:CH4","Agriculture","AG - Livestock",2.13093304534894,2029,"CH4",0,0,"WEM","BGR","bulgaria","SISEPUEDE",2.13093304534894,NA
6003,74074,"AG - Livestock:CH4","Agriculture","AG - Livestock",2.13025417456043,2030,"CH4",0,0,"WEM","BGR","bulgaria","SISEPUEDE",2.13025417456043,NA
6003,74074,"AG - Livestock:CH4","Agriculture","AG - Livestock",2.12858974756946,2031,"CH4",0,0,"WEM","BGR","bulgaria","SISEPUEDE",2.12858974756946,NA
6003,74074,"AG - Livestock:CH4","Agriculture","AG - Livestock",2.12594221871059,2032,"CH4",0,0,"WEM","BGR","bulgaria","SISEPUEDE",2.12594221871059,NA
6003,74074,"AG - Livestock:CH4","Agriculture","AG - Livestock",2.1223312432989,2033,"CH4",0,0,"WEM","BGR","bulgaria","SISEPUEDE",2.1223312432989,NA
6003,74074,"AG - Livestock:CH4","Agriculture","AG - Livestock",2.11781024097985,2034,"CH4",0,0,"WEM","BGR","bulgaria","SISEPUEDE",2.11781024097985,NA
6003,74074,"AG - Livestock:CH4","Agriculture","AG - Livestock",2.11248644513452,2035,"CH4",0,0,"WEM","BGR","bulgaria","SISEPUEDE",2.11248644513452,NA
6003,74074,"AG - Livestock:CH4","Agriculture","AG - Livestock",2.10626584098122,2036,"CH4",0,0,"WEM","BGR","bulgaria","SISEPUEDE",2.10626584098122,NA
6003,74074,"AG - Livestock:CH4","Agriculture","AG - Livestock",2.09913686945327,2037,"CH4",0,0,"WEM","BGR","bulgaria","SISEPUEDE",2.09913686945327,NA
6003,74074,"AG - Livestock:CH4","Agriculture","AG - Livestock",2.09111966365986,2038,"CH4",0,0,"WEM","BGR","bulgaria","SISEPUEDE",2.09111966365986,NA
6003,74074,"AG - Livestock:CH4","Agriculture","AG - Livestock",2.08225704678459,2039,"CH4",0,0,"WEM","BGR","bulgaria","SISEPUEDE",2.08225704678459,NA
6003,74074,"AG - Livestock:CH4","Agriculture","AG - Livestock",2.07254735394736,2040,"CH4",0,0,"WEM","BGR","bulgaria","SISEPUEDE",2.07254735394736,NA
6003,74074,"AG - Livestock:CH4","Agriculture","AG - Livestock",2.06202869952282,2041,"CH4",0,0,"WEM","BGR","bulgaria","SISEPUEDE",2.06202869952282,NA
6003,74074,"AG - Livestock:CH4","Agriculture","AG - Livestock",2.05068251057717,2042,"CH4",0,0,"WEM","BGR","bulgaria","SISEPUEDE",2.05068251057717,NA
6003,74074,"AG - Livestock:CH4","Agriculture","AG - Livestock",2.03852635784527,2043,"CH4",0,0,"WEM","BGR","bulgaria","SISEPUEDE",2.03852635784527,NA
6003,74074,"AG - Livestock:CH4","Agriculture","AG - Livestock",2.02556902585657,2044,"CH4",0,0,"WEM","BGR","bulgaria","SISEPUEDE",2.02556902585657,NA
6003,74074,"AG - Livestock:CH4","Agriculture","AG - Livestock",2.0118276363576,2045,"CH4",0,0,"WEM","BGR","bulgaria","SISEPUEDE",2.0118276363576,NA
6003,74074,"AG - Livestock:CH4","Agriculture","AG - Livestock",1.99732650635225,2046,"CH4",0,0,"WEM","BGR","bulgaria","SISEPUEDE",1.99732650635225,NA
6003,74074,"AG - Livestock:CH4","Agriculture","AG - Livestock",1.98206241450192,2047,"CH4",0,0,"WEM","BGR","bulgaria","SISEPUEDE",1.98206241450192,NA
6003,74074,"AG - Livestock:CH4","Agriculture","AG - Livestock",1.96605095858304,2048,"CH4",0,0,"WEM","BGR","bulgaria","SISEPUEDE",1.96605095858304,NA
6003,74074,"AG - Livestock:CH4","Agriculture","AG - Livestock",1.94931695555022,2049,"CH4",0,0,"WEM","BGR","bulgaria","SISEPUEDE",1.94931695555022,NA
6003,74074,"AG - Livestock:CH4","Agriculture","AG - Livestock",1.9318750656964,2050,"CH4",0,0,"WEM","BGR","bulgaria","SISEPUEDE",1.9318750656964,NA
6003,74074,"AG - Livestock:N2O","Agriculture","AG - Livestock",0.306905,2022,"N2O",0,0,"WEM","BGR","bulgaria","SISEPUEDE",0.306905,NA
6003,74074,"AG - Livestock:N2O","Agriculture","AG - Livestock",0.310677002591867,2023,"N2O",0,0,"WEM","BGR","bulgaria","SISEPUEDE",0.310677002591867,NA
6003,74074,"AG - Livestock:N2O","Agriculture","AG - Livestock",0.314431265683665,2024,"N2O",0,0,"WEM","BGR","bulgaria","SISEPUEDE",0.314431265683665,NA
6003,74074,"AG - Livestock:N2O","Agriculture","AG - Livestock",0.317947031796444,2025,"N2O",0,0,"WEM","BGR","bulgaria","SISEPUEDE",0.317947031796444,NA
6003,74074,"AG - Livestock:N2O","Agriculture","AG - Livestock",0.32137592627037,2026,"N2O",0,0,"WEM","BGR","bulgaria","SISEPUEDE",0.32137592627037,NA
6003,74074,"AG - Livestock:N2O","Agriculture","AG - Livestock",0.324754967531362,2027,"N2O",0,0,"WEM","BGR","bulgaria","SISEPUEDE",0.324754967531362,NA
6003,74074,"AG - Livestock:N2O","Agriculture","AG - Livestock",0.32542222853917,2028,"N2O",0,0,"WEM","BGR","bulgaria","SISEPUEDE",0.32542222853917,NA
6003,74074,"AG - Livestock:N2O","Agriculture","AG - Livestock",0.326014221041318,2029,"N2O",0,0,"WEM","BGR","bulgaria","SISEPUEDE",0.326014221041318,NA
6003,74074,"AG - Livestock:N2O","Agriculture","AG - Livestock",0.326554996449482,2030,"N2O",0,0,"WEM","BGR","bulgaria","SISEPUEDE",0.326554996449482,NA
6003,74074,"AG - Livestock:N2O","Agriculture","AG - Livestock",0.327038889747146,2031,"N2O",0,0,"WEM","BGR","bulgaria","SISEPUEDE",0.327038889747146,NA
6003,74074,"AG - Livestock:N2O","Agriculture","AG - Livestock",0.327480187539177,2032,"N2O",0,0,"WEM","BGR","bulgaria","SISEPUEDE",0.327480187539177,NA
6003,74074,"AG - Livestock:N2O","Agriculture","AG - Livestock",0.327882325566325,2033,"N2O",0,0,"WEM","BGR","bulgaria","SISEPUEDE",0.327882325566325,NA
6003,74074,"AG - Livestock:N2O","Agriculture","AG - Livestock",0.328257010669221,2034,"N2O",0,0,"WEM","BGR","bulgaria","SISEPUEDE",0.328257010669221,NA
6003,74074,"AG - Livestock:N2O","Agriculture","AG - Livestock",0.328658849115871,2035,"N2O",0,0,"WEM","BGR","bulgaria","SISEPUEDE",0.328658849115871,NA
6003,74074,"AG - Livestock:N2O","Agriculture","AG - Livestock",0.329005656293209,2036,"N2O",0,0,"WEM","BGR","bulgaria","SISEPUEDE",0.329005656293209,NA
6003,74074,"AG - Livestock:N2O","Agriculture","AG - Livestock",0.32930737758775,2037,"N2O",0,0,"WEM","BGR","bulgaria","SISEPUEDE",0.32930737758775,NA
6003,74074,"AG - Livestock:N2O","Agriculture","AG - Livestock",0.3295645280875,2038,"N2O",0,0,"WEM","BGR","bulgaria","SISEPUEDE",0.3295645280875,NA
6003,74074,"AG - Livestock:N2O","Agriculture","AG - Livestock",0.329786955593397,2039,"N2O",0,0,"WEM","BGR","bulgaria","SISEPUEDE",0.329786955593397,NA
6003,74074,"AG - Livestock:N2O","Agriculture","AG - Livestock",0.329977908902651,2040,"N2O",0,0,"WEM","BGR","bulgaria","SISEPUEDE",0.329977908902651,NA
6003,74074,"AG - Livestock:N2O","Agriculture","AG - Livestock",0.330116465319521,2041,"N2O",0,0,"WEM","BGR","bulgaria","SISEPUEDE",0.330116465319521,NA
6003,74074,"AG - Livestock:N2O","Agriculture","AG - Livestock",0.330218498515268,2042,"N2O",0,0,"WEM","BGR","bulgaria","SISEPUEDE",0.330218498515268,NA
6003,74074,"AG - Livestock:N2O","Agriculture","AG - Livestock",0.330283393780908,2043,"N2O",0,0,"WEM","BGR","bulgaria","SISEPUEDE",0.330283393780908,NA
6003,74074,"AG - Livestock:N2O","Agriculture","AG - Livestock",0.330310592038467,2044,"N2O",0,0,"WEM","BGR","bulgaria","SISEPUEDE",0.330310592038467,NA
6003,74074,"AG - Livestock:N2O","Agriculture","AG - Livestock",0.330305220717105,2045,"N2O",0,0,"WEM","BGR","bulgaria","SISEPUEDE",0.330305220717105,NA
6003,74074,"AG - Livestock:N2O","Agriculture","AG - Livestock",0.330254880794156,2046,"N2O",0,0,"WEM","BGR","bulgaria","SISEPUEDE",0.330254880794156,NA
6003,74074,"AG - Livestock:N2O","Agriculture","AG - Livestock",0.330173861658854,2047,"N2O",0,0,"WEM","BGR","bulgaria","SISEPUEDE",0.330173861658854,NA
6003,74074,"AG - Livestock:N2O","Agriculture","AG - Livestock",0.330058524970657,2048,"N2O",0,0,"WEM","BGR","bulgaria","SISEPUEDE",0.330058524970657,NA
6003,74074,"AG - Livestock:N2O","Agriculture","AG - Livestock",0.329909958369111,2049,"N2O",0,0,"WEM","BGR","bulgaria","SISEPUEDE",0.329909958369111,NA
6003,74074,"AG - Livestock:N2O","Agriculture","AG - Livestock",0.32972709245505,2050,"N2O",0,0,"WEM","BGR","bulgaria","SISEPUEDE",0.32972709245505,NA
6003,74074,"CCSQ:CH4","CCSQ","CCSQ",0,2022,"CH4",0,0,"WEM","BGR","bulgaria","SISEPUEDE",0,NA
6003,74074,"CCSQ:CH4","CCSQ","CCSQ",0,2023,"CH4",0,0,"WEM","BGR","bulgaria","SISEPUEDE",0,NA
6003,74074,"CCSQ:CH4","CCSQ","CCSQ",0,2024,"CH4",0,0,"WEM","BGR","bulgaria","SISEPUEDE",0,NA
6003,74074,"CCSQ:CH4","CCSQ","CCSQ",0,2025,"CH4",0,0,"WEM","BGR","bulgaria","SISEPUEDE",0,NA
6003,74074,"CCSQ:CH4","CCSQ","CCSQ",0,2026,"CH4",0,0,"WEM","BGR","bulgaria","SISEPUEDE",0,NA
6003,74074,"CCSQ:CH4","CCSQ","CCSQ",0,2027,"CH4",0,0,"WEM","BGR","bulgaria","SISEPUEDE",0,NA
6003,74074,"CCSQ:CH4","CCSQ","CCSQ",0,2028,"CH4",0,0,"WEM","BGR","bulgaria","SISEPUEDE",0,NA
6003,74074,"CCSQ:CH4","CCSQ","CCSQ",0,2029,"CH4",0,0,"WEM","BGR","bulgaria","SISEPUEDE",0,NA
6003,74074,"CCSQ:CH4","CCSQ","CCSQ",0,2030,"CH4",0,0,"WEM","BGR","bulgaria","SISEPUEDE",0,NA
6003,74074,"CCSQ:CH4","CCSQ","CCSQ",0,2031,"CH4",0,0,"WEM","BGR","bulgaria","SISEPUEDE",0,NA
6003,74074,"CCSQ:CH4","CCSQ","CCSQ",0,2032,"CH4",0,0,"WEM","BGR","bulgaria","SISEPUEDE",0,NA
6003,74074,"CCSQ:CH4","CCSQ","CCSQ",0,2033,"CH4",0,0,"WEM","BGR","bulgaria","SISEPUEDE",0,NA
6003,74074,"CCSQ:CH4","CCSQ","CCSQ",0,2034,"CH4",0,0,"WEM","BGR","bulgaria","SISEPUEDE",0,NA
6003,74074,"CCSQ:CH4","CCSQ","CCSQ",0,2035,"CH4",0,0,"WEM","BGR","bulgaria","SISEPUEDE",0,NA
6003,74074,"CCSQ:CH4","CCSQ","CCSQ",0,2036,"CH4",0,0,"WEM","BGR","bulgaria","SISEPUEDE",0,NA
6003,74074,"CCSQ:CH4","CCSQ","CCSQ",0,2037,"CH4",0,0,"WEM","BGR","bulgaria","SISEPUEDE",0,NA
6003,74074,"CCSQ:CH4","CCSQ","CCSQ",0,2038,"CH4",0,0,"WEM","BGR","bulgaria","SISEPUEDE",0,NA
6003,74074,"CCSQ:CH4","CCSQ","CCSQ",0,2039,"CH4",0,0,"WEM","BGR","bulgaria","SISEPUEDE",0,NA
6003,74074,"CCSQ:CH4","CCSQ","CCSQ",0,2040,"CH4",0,0,"WEM","BGR","bulgaria","SISEPUEDE",0,NA
6003,74074,"CCSQ:CH4","CCSQ","CCSQ",0,2041,"CH4",0,0,"WEM","BGR","bulgaria","SISEPUEDE",0,NA
6003,74074,"CCSQ:CH4","CCSQ","CCSQ",0,2042,"CH4",0,0,"WEM","BGR","bulgaria","SISEPUEDE",0,NA
6003,74074,"CCSQ:CH4","CCSQ","CCSQ",0,2043,"CH4",0,0,"WEM","BGR","bulgaria","SISEPUEDE",0,NA
6003,74074,"CCSQ:CH4","CCSQ","CCSQ",0,2044,"CH4",0,0,"WEM","BGR","bulgaria","SISEPUEDE",0,NA
6003,74074,"CCSQ:CH4","CCSQ","CCSQ",0,2045,"CH4",0,0,"WEM","BGR","bulgaria","SISEPUEDE",0,NA
6003,74074,"CCSQ:CH4","CCSQ","CCSQ",0,2046,"CH4",0,0,"WEM","BGR","bulgaria","SISEPUEDE",0,NA
6003,74074,"CCSQ:CH4","CCSQ","CCSQ",0,2047,"CH4",0,0,"WEM","BGR","bulgaria","SISEPUEDE",0,NA
6003,74074,"CCSQ:CH4","CCSQ","CCSQ",0,2048,"CH4",0,0,"WEM","BGR","bulgaria","SISEPUEDE",0,NA
6003,74074,"CCSQ:CH4","CCSQ","CCSQ",0,2049,"CH4",0,0,"WEM","BGR","bulgaria","SISEPUEDE",0,NA
6003,74074,"CCSQ:CH4","CCSQ","CCSQ",0,2050,"CH4",0,0,"WEM","BGR","bulgaria","SISEPUEDE",0,NA
6003,74074,"CCSQ:CO2","CCSQ","CCSQ",0,2022,"CO2",0,0,"WEM","BGR","bulgaria","SISEPUEDE",0,NA
6003,74074,"CCSQ:CO2","CCSQ","CCSQ",0,2023,"CO2",0,0,"WEM","BGR","bulgaria","SISEPUEDE",0,NA
6003,74074,"CCSQ:CO2","CCSQ","CCSQ",0,2024,"CO2",0,0,"WEM","BGR","bulgaria","SISEPUEDE",0,NA
6003,74074,"CCSQ:CO2","CCSQ","CCSQ",0,2025,"CO2",0,0,"WEM","BGR","bulgaria","SISEPUEDE",0,NA
6003,74074,"CCSQ:CO2","CCSQ","CCSQ",0,2026,"CO2",0,0,"WEM","BGR","bulgaria","SISEPUEDE",0,NA
6003,74074,"CCSQ:CO2","CCSQ","CCSQ",0,2027,"CO2",0,0,"WEM","BGR","bulgaria","SISEPUEDE",0,NA
6003,74074,"CCSQ:CO2","CCSQ","CCSQ",0,2028,"CO2",0,0,"WEM","BGR","bulgaria","SISEPUEDE",0,NA
6003,74074,"CCSQ:CO2","CCSQ","CCSQ",0,2029,"CO2",0,0,"WEM","BGR","bulgaria","SISEPUEDE",0,NA
6003,74074,"CCSQ:CO2","CCSQ","CCSQ",0,2030,"CO2",0,0,"WEM","BGR","bulgaria","SISEPUEDE",0,NA
6003,74074,"CCSQ:CO2","CCSQ","CCSQ",0,2031,"CO2",0,0,"WEM","BGR","bulgaria","SISEPUEDE",0,NA
6003,74074,"CCSQ:CO2","CCSQ","CCSQ",0,2032,"CO2",0,0,"WEM","BGR","bulgaria","SISEPUEDE",0,NA
6003,74074,"CCSQ:CO2","CCSQ","CCSQ",0,2033,"CO2",0,0,"WEM","BGR","bulgaria","SISEPUEDE",0,NA
6003,74074,"CCSQ:CO2","CCSQ","CCSQ",0,2034,"CO2",0,0,"WEM","BGR","bulgaria","SISEPUEDE",0,NA
6003,74074,"CCSQ:CO2","CCSQ","CCSQ",0,2035,"CO2",0,0,"WEM","BGR","bulgaria","SISEPUEDE",0,NA
6003,74074,"CCSQ:CO2","CCSQ","CCSQ",0,2036,"CO2",0,0,"WEM","BGR","bulgaria","SISEPUEDE",0,NA
6003,74074,"CCSQ:CO2","CCSQ","CCSQ",0,2037,"CO2",0,0,"WEM","BGR","bulgaria","SISEPUEDE",0,NA
6003,74074,"CCSQ:CO2","CCSQ","CCSQ",0,2038,"CO2",0,0,"WEM","BGR","bulgaria","SISEPUEDE",0,NA
6003,74074,"CCSQ:CO2","CCSQ","CCSQ",0,2039,"CO2",0,0,"WEM","BGR","bulgaria","SISEPUEDE",0,NA
6003,74074,"CCSQ:CO2","CCSQ","CCSQ",0,2040,"CO2",0,0,"WEM","BGR","bulgaria","SISEPUEDE",0,NA
6003,74074,"CCSQ:CO2","CCSQ","CCSQ",0,2041,"CO2",0,0,"WEM","BGR","bulgaria","SISEPUEDE",0,NA
6003,74074,"CCSQ:CO2","CCSQ","CCSQ",0,2042,"CO2",0,0,"WEM","BGR","bulgaria","SISEPUEDE",0,NA
6003,74074,"CCSQ:CO2","CCSQ","CCSQ",0,2043,"CO2",0,0,"WEM","BGR","bulgaria","SISEPUEDE",0,NA
6003,74074,"CCSQ:CO2","CCSQ","CCSQ",0,2044,"CO2",0,0,"WEM","BGR","bulgaria","SISEPUEDE",0,NA
6003,74074,"CCSQ:CO2","CCSQ","CCSQ",0,2045,"CO2",0,0,"WEM","BGR","bulgaria","SISEPUEDE",0,NA
6003,74074,"CCSQ:CO2","CCSQ","CCSQ",0,2046,"CO2",0,0,"WEM","BGR","bulgaria","SISEPUEDE",0,NA
6003,74074,"CCSQ:CO2","CCSQ","CCSQ",0,2047,"CO2",0,0,"WEM","BGR","bulgaria","SISEPUEDE",0,NA
6003,74074,"CCSQ:CO2","CCSQ","CCSQ",0,2048,"CO2",0,0,"WEM","BGR","bulgaria","SISEPUEDE",0,NA
6003,74074,"CCSQ:CO2","CCSQ","CCSQ",0,2049,"CO2",0,0,"WEM","BGR","bulgaria","SISEPUEDE",0,NA
6003,74074,"CCSQ:CO2","CCSQ","CCSQ",0,2050,"CO2",0,0,"WEM","BGR","bulgaria","SISEPUEDE",0,NA
6003,74074,"CCSQ:N2O","CCSQ","CCSQ",0,2022,"N2O",0,0,"WEM","BGR","bulgaria","SISEPUEDE",0,NA
6003,74074,"CCSQ:N2O","CCSQ","CCSQ",0,2023,"N2O",0,0,"WEM","BGR","bulgaria","SISEPUEDE",0,NA
6003,74074,"CCSQ:N2O","CCSQ","CCSQ",0,2024,"N2O",0,0,"WEM","BGR","bulgaria","SISEPUEDE",0,NA
6003,74074,"CCSQ:N2O","CCSQ","CCSQ",0,2025,"N2O",0,0,"WEM","BGR","bulgaria","SISEPUEDE",0,NA
6003,74074,"CCSQ:N2O","CCSQ","CCSQ",0,2026,"N2O",0,0,"WEM","BGR","bulgaria","SISEPUEDE",0,NA
6003,74074,"CCSQ:N2O","CCSQ","CCSQ",0,2027,"N2O",0,0,"WEM","BGR","bulgaria","SISEPUEDE",0,NA
6003,74074,"CCSQ:N2O","CCSQ","CCSQ",0,2028,"N2O",0,0,"WEM","BGR","bulgaria","SISEPUEDE",0,NA
6003,74074,"CCSQ:N2O","CCSQ","CCSQ",0,2029,"N2O",0,0,"WEM","BGR","bulgaria","SISEPUEDE",0,NA
6003,74074,"CCSQ:N2O","CCSQ","CCSQ",0,2030,"N2O",0,0,"WEM","BGR","bulgaria","SISEPUEDE",0,NA
6003,74074,"CCSQ:N2O","CCSQ","CCSQ",0,2031,"N2O",0,0,"WEM","BGR","bulgaria","SISEPUEDE",0,NA
6003,74074,"CCSQ:N2O","CCSQ","CCSQ",0,2032,"N2O",0,0,"WEM","BGR","bulgaria","SISEPUEDE",0,NA
6003,74074,"CCSQ:N2O","CCSQ","CCSQ",0,2033,"N2O",0,0,"WEM","BGR","bulgaria","SISEPUEDE",0,NA
6003,74074,"CCSQ:N2O","CCSQ","CCSQ",0,2034,"N2O",0,0,"WEM","BGR","bulgaria","SISEPUEDE",0,NA
6003,74074,"CCSQ:N2O","CCSQ","CCSQ",0,2035,"N2O",0,0,"WEM","BGR","bulgaria","SISEPUEDE",0,NA
6003,74074,"CCSQ:N2O","CCSQ","CCSQ",0,2036,"N2O",0,0,"WEM","BGR","bulgaria","SISEPUEDE",0,NA
6003,74074,"CCSQ:N2O","CCSQ","CCSQ",0,2037,"N2O",0,0,"WEM","BGR","bulgaria","SISEPUEDE",0,NA
6003,74074,"CCSQ:N2O","CCSQ","CCSQ",0,2038,"N2O",0,0,"WEM","BGR","bulgaria","SISEPUEDE",0,NA
6003,74074,"CCSQ:N2O","CCSQ","CCSQ",0,2039,"N2O",0,0,"WEM","BGR","bulgaria","SISEPUEDE",0,NA
6003,74074,"CCSQ:N2O","CCSQ","CCSQ",0,2040,"N2O",0,0,"WEM","BGR","bulgaria","SISEPUEDE",0,NA
6003,74074,"CCSQ:N2O","CCSQ","CCSQ",0,2041,"N2O",0,0,"WEM","BGR","bulgaria","SISEPUEDE",0,NA
6003,74074,"CCSQ:N2O","CCSQ","CCSQ",0,2042,"N2O",0,0,"WEM","BGR","bulgaria","SISEPUEDE",0,NA
6003,74074,"CCSQ:N2O","CCSQ","CCSQ",0,2043,"N2O",0,0,"WEM","BGR","bulgaria","SISEPUEDE",0,NA
6003,74074,"CCSQ:N2O","CCSQ","CCSQ",0,2044,"N2O",0,0,"WEM","BGR","bulgaria","SISEPUEDE",0,NA
6003,74074,"CCSQ:N2O","CCSQ","CCSQ",0,2045,"N2O",0,0,"WEM","BGR","bulgaria","SISEPUEDE",0,NA
6003,74074,"CCSQ:N2O","CCSQ","CCSQ",0,2046,"N2O",0,0,"WEM","BGR","bulgaria","SISEPUEDE",0,NA
6003,74074,"CCSQ:N2O","CCSQ","CCSQ",0,2047,"N2O",0,0,"WEM","BGR","bulgaria","SISEPUEDE",0,NA
6003,74074,"CCSQ:N2O","CCSQ","CCSQ",0,2048,"N2O",0,0,"WEM","BGR","bulgaria","SISEPUEDE",0,NA
6003,74074,"CCSQ:N2O","CCSQ","CCSQ",0,2049,"N2O",0,0,"WEM","BGR","bulgaria","SISEPUEDE",0,NA
6003,74074,"CCSQ:N2O","CCSQ","CCSQ",0,2050,"N2O",0,0,"WEM","BGR","bulgaria","SISEPUEDE",0,NA
6003,74074,"EN - Building:CH4","Energy","EN - Building",0.415001286,2022,"CH4",0,0,"WEM","BGR","bulgaria","SISEPUEDE",0.415001286,NA
6003,74074,"EN - Building:CH4","Energy","EN - Building",0.414772257763771,2023,"CH4",0,0,"WEM","BGR","bulgaria","SISEPUEDE",0.414772257763771,NA
6003,74074,"EN - Building:CH4","Energy","EN - Building",0.415659268726987,2024,"CH4",0,0,"WEM","BGR","bulgaria","SISEPUEDE",0.415659268726987,NA
6003,74074,"EN - Building:CH4","Energy","EN - Building",0.416381444966093,2025,"CH4",0,0,"WEM","BGR","bulgaria","SISEPUEDE",0.416381444966093,NA
6003,74074,"EN - Building:CH4","Energy","EN - Building",0.417645732295096,2026,"CH4",0,0,"WEM","BGR","bulgaria","SISEPUEDE",0.417645732295096,NA
6003,74074,"EN - Building:CH4","Energy","EN - Building",0.419834952138594,2027,"CH4",0,0,"WEM","BGR","bulgaria","SISEPUEDE",0.419834952138594,NA
6003,74074,"EN - Building:CH4","Energy","EN - Building",0.411781732160844,2028,"CH4",0,0,"WEM","BGR","bulgaria","SISEPUEDE",0.411781732160844,NA
6003,74074,"EN - Building:CH4","Energy","EN - Building",0.40388695096033,2029,"CH4",0,0,"WEM","BGR","bulgaria","SISEPUEDE",0.40388695096033,NA
6003,74074,"EN - Building:CH4","Energy","EN - Building",0.396430674148683,2030,"CH4",0,0,"WEM","BGR","bulgaria","SISEPUEDE",0.396430674148683,NA
6003,74074,"EN - Building:CH4","Energy","EN - Building",0.389206056297908,2031,"CH4",0,0,"WEM","BGR","bulgaria","SISEPUEDE",0.389206056297908,NA
6003,74074,"EN - Building:CH4","Energy","EN - Building",0.382340832922997,2032,"CH4",0,0,"WEM","BGR","bulgaria","SISEPUEDE",0.382340832922997,NA
6003,74074,"EN - Building:CH4","Energy","EN - Building",0.375782778748285,2033,"CH4",0,0,"WEM","BGR","bulgaria","SISEPUEDE",0.375782778748285,NA
6003,74074,"EN - Building:CH4","Energy","EN - Building",0.36946486356554,2034,"CH4",0,0,"WEM","BGR","bulgaria","SISEPUEDE",0.36946486356554,NA
6003,74074,"EN - Building:CH4","Energy","EN - Building",0.363416988882329,2035,"CH4",0,0,"WEM","BGR","bulgaria","SISEPUEDE",0.363416988882329,NA
6003,74074,"EN - Building:CH4","Energy","EN - Building",0.357284761235372,2036,"CH4",0,0,"WEM","BGR","bulgaria","SISEPUEDE",0.357284761235372,NA
6003,74074,"EN - Building:CH4","Energy","EN - Building",0.351258123428398,2037,"CH4",0,0,"WEM","BGR","bulgaria","SISEPUEDE",0.351258123428398,NA
6003,74074,"EN - Building:CH4","Energy","EN - Building",0.345280307843788,2038,"CH4",0,0,"WEM","BGR","bulgaria","SISEPUEDE",0.345280307843788,NA
6003,74074,"EN - Building:CH4","Energy","EN - Building",0.339256992370545,2039,"CH4",0,0,"WEM","BGR","bulgaria","SISEPUEDE",0.339256992370545,NA
6003,74074,"EN - Building:CH4","Energy","EN - Building",0.333284496372163,2040,"CH4",0,0,"WEM","BGR","bulgaria","SISEPUEDE",0.333284496372163,NA
6003,74074,"EN - Building:CH4","Energy","EN - Building",0.32692295928724,2041,"CH4",0,0,"WEM","BGR","bulgaria","SISEPUEDE",0.32692295928724,NA
6003,74074,"EN - Building:CH4","Energy","EN - Building",0.320516342343313,2042,"CH4",0,0,"WEM","BGR","bulgaria","SISEPUEDE",0.320516342343313,NA
6003,74074,"EN - Building:CH4","Energy","EN - Building",0.314041709693368,2043,"CH4",0,0,"WEM","BGR","bulgaria","SISEPUEDE",0.314041709693368,NA
6003,74074,"EN - Building:CH4","Energy","EN - Building",0.307461395435645,2044,"CH4",0,0,"WEM","BGR","bulgaria","SISEPUEDE",0.307461395435645,NA
6003,74074,"EN - Building:CH4","Energy","EN - Building",0.300820267788359,2045,"CH4",0,0,"WEM","BGR","bulgaria","SISEPUEDE",0.300820267788359,NA
6003,74074,"EN - Building:CH4","Energy","EN - Building",0.293812980072932,2046,"CH4",0,0,"WEM","BGR","bulgaria","SISEPUEDE",0.293812980072932,NA
6003,74074,"EN - Building:CH4","Energy","EN - Building",0.286738494301933,2047,"CH4",0,0,"WEM","BGR","bulgaria","SISEPUEDE",0.286738494301933,NA
6003,74074,"EN - Building:CH4","Energy","EN - Building",0.279473737614562,2048,"CH4",0,0,"WEM","BGR","bulgaria","SISEPUEDE",0.279473737614562,NA
6003,74074,"EN - Building:CH4","Energy","EN - Building",0.271919344792112,2049,"CH4",0,0,"WEM","BGR","bulgaria","SISEPUEDE",0.271919344792112,NA
6003,74074,"EN - Building:CH4","Energy","EN - Building",0.26399190654579,2050,"CH4",0,0,"WEM","BGR","bulgaria","SISEPUEDE",0.26399190654579,NA
6003,74074,"EN - Building:CO2","Energy","EN - Building",1.695735954,2022,"CO2",0,0,"WEM","BGR","bulgaria","SISEPUEDE",1.695735954,NA
6003,74074,"EN - Building:CO2","Energy","EN - Building",1.69923105797991,2023,"CO2",0,0,"WEM","BGR","bulgaria","SISEPUEDE",1.69923105797991,NA
6003,74074,"EN - Building:CO2","Energy","EN - Building",1.7108409615925,2024,"CO2",0,0,"WEM","BGR","bulgaria","SISEPUEDE",1.7108409615925,NA
6003,74074,"EN - Building:CO2","Energy","EN - Building",1.72163437497405,2025,"CO2",0,0,"WEM","BGR","bulgaria","SISEPUEDE",1.72163437497405,NA
6003,74074,"EN - Building:CO2","Energy","EN - Building",1.73480573535642,2026,"CO2",0,0,"WEM","BGR","bulgaria","SISEPUEDE",1.73480573535642,NA
6003,74074,"EN - Building:CO2","Energy","EN - Building",1.75263649947187,2027,"CO2",0,0,"WEM","BGR","bulgaria","SISEPUEDE",1.75263649947187,NA
6003,74074,"EN - Building:CO2","Energy","EN - Building",1.72524864462703,2028,"CO2",0,0,"WEM","BGR","bulgaria","SISEPUEDE",1.72524864462703,NA
6003,74074,"EN - Building:CO2","Energy","EN - Building",1.69795176811831,2029,"CO2",0,0,"WEM","BGR","bulgaria","SISEPUEDE",1.69795176811831,NA
6003,74074,"EN - Building:CO2","Energy","EN - Building",1.6723987227192,2030,"CO2",0,0,"WEM","BGR","bulgaria","SISEPUEDE",1.6723987227192,NA
6003,74074,"EN - Building:CO2","Energy","EN - Building",1.6475095044355,2031,"CO2",0,0,"WEM","BGR","bulgaria","SISEPUEDE",1.6475095044355,NA
6003,74074,"EN - Building:CO2","Energy","EN - Building",1.62402329427138,2032,"CO2",0,0,"WEM","BGR","bulgaria","SISEPUEDE",1.62402329427138,NA
6003,74074,"EN - Building:CO2","Energy","EN - Building",1.6016794963262,2033,"CO2",0,0,"WEM","BGR","bulgaria","SISEPUEDE",1.6016794963262,NA
6003,74074,"EN - Building:CO2","Energy","EN - Building",1.58010356583397,2034,"CO2",0,0,"WEM","BGR","bulgaria","SISEPUEDE",1.58010356583397,NA
6003,74074,"EN - Building:CO2","Energy","EN - Building",1.55921652753627,2035,"CO2",0,0,"WEM","BGR","bulgaria","SISEPUEDE",1.55921652753627,NA
6003,74074,"EN - Building:CO2","Energy","EN - Building",1.5375833500399,2036,"CO2",0,0,"WEM","BGR","bulgaria","SISEPUEDE",1.5375833500399,NA
6003,74074,"EN - Building:CO2","Energy","EN - Building",1.51623618746747,2037,"CO2",0,0,"WEM","BGR","bulgaria","SISEPUEDE",1.51623618746747,NA
6003,74074,"EN - Building:CO2","Energy","EN - Building",1.49489284408926,2038,"CO2",0,0,"WEM","BGR","bulgaria","SISEPUEDE",1.49489284408926,NA
6003,74074,"EN - Building:CO2","Energy","EN - Building",1.47303267049507,2039,"CO2",0,0,"WEM","BGR","bulgaria","SISEPUEDE",1.47303267049507,NA
6003,74074,"EN - Building:CO2","Energy","EN - Building",1.45118760863847,2040,"CO2",0,0,"WEM","BGR","bulgaria","SISEPUEDE",1.45118760863847,NA
6003,74074,"EN - Building:CO2","Energy","EN - Building",1.42711894271948,2041,"CO2",0,0,"WEM","BGR","bulgaria","SISEPUEDE",1.42711894271948,NA
6003,74074,"EN - Building:CO2","Energy","EN - Building",1.40261604084533,2042,"CO2",0,0,"WEM","BGR","bulgaria","SISEPUEDE",1.40261604084533,NA
6003,74074,"EN - Building:CO2","Energy","EN - Building",1.37757926177193,2043,"CO2",0,0,"WEM","BGR","bulgaria","SISEPUEDE",1.37757926177193,NA
6003,74074,"EN - Building:CO2","Energy","EN - Building",1.35182712108169,2044,"CO2",0,0,"WEM","BGR","bulgaria","SISEPUEDE",1.35182712108169,NA
6003,74074,"EN - Building:CO2","Energy","EN - Building",1.32558689393764,2045,"CO2",0,0,"WEM","BGR","bulgaria","SISEPUEDE",1.32558689393764,NA
6003,74074,"EN - Building:CO2","Energy","EN - Building",1.2972998714648,2046,"CO2",0,0,"WEM","BGR","bulgaria","SISEPUEDE",1.2972998714648,NA
6003,74074,"EN - Building:CO2","Energy","EN - Building",1.26850262344076,2047,"CO2",0,0,"WEM","BGR","bulgaria","SISEPUEDE",1.26850262344076,NA
6003,74074,"EN - Building:CO2","Energy","EN - Building",1.23856052658223,2048,"CO2",0,0,"WEM","BGR","bulgaria","SISEPUEDE",1.23856052658223,NA
6003,74074,"EN - Building:CO2","Energy","EN - Building",1.20695223010477,2049,"CO2",0,0,"WEM","BGR","bulgaria","SISEPUEDE",1.20695223010477,NA
6003,74074,"EN - Building:CO2","Energy","EN - Building",1.17324472072121,2050,"CO2",0,0,"WEM","BGR","bulgaria","SISEPUEDE",1.17324472072121,NA
6003,74074,"EN - Building:N2O","Energy","EN - Building",0.087103271,2022,"N2O",0,0,"WEM","BGR","bulgaria","SISEPUEDE",0.087103271,NA
6003,74074,"EN - Building:N2O","Energy","EN - Building",0.0870436389703112,2023,"N2O",0,0,"WEM","BGR","bulgaria","SISEPUEDE",0.0870436389703112,NA
6003,74074,"EN - Building:N2O","Energy","EN - Building",0.087208973564521,2024,"N2O",0,0,"WEM","BGR","bulgaria","SISEPUEDE",0.087208973564521,NA
6003,74074,"EN - Building:N2O","Energy","EN - Building",0.0873400845709851,2025,"N2O",0,0,"WEM","BGR","bulgaria","SISEPUEDE",0.0873400845709851,NA
6003,74074,"EN - Building:N2O","Energy","EN - Building",0.0875845526305532,2026,"N2O",0,0,"WEM","BGR","bulgaria","SISEPUEDE",0.0875845526305532,NA
6003,74074,"EN - Building:N2O","Energy","EN - Building",0.0880208554052187,2027,"N2O",0,0,"WEM","BGR","bulgaria","SISEPUEDE",0.0880208554052187,NA
6003,74074,"EN - Building:N2O","Energy","EN - Building",0.0863161916064203,2028,"N2O",0,0,"WEM","BGR","bulgaria","SISEPUEDE",0.0863161916064203,NA
6003,74074,"EN - Building:N2O","Energy","EN - Building",0.084646233919022,2029,"N2O",0,0,"WEM","BGR","bulgaria","SISEPUEDE",0.084646233919022,NA
6003,74074,"EN - Building:N2O","Energy","EN - Building",0.0830684375887851,2030,"N2O",0,0,"WEM","BGR","bulgaria","SISEPUEDE",0.0830684375887851,NA
6003,74074,"EN - Building:N2O","Energy","EN - Building",0.081540001220503,2031,"N2O",0,0,"WEM","BGR","bulgaria","SISEPUEDE",0.081540001220503,NA
6003,74074,"EN - Building:N2O","Energy","EN - Building",0.080087167939405,2032,"N2O",0,0,"WEM","BGR","bulgaria","SISEPUEDE",0.080087167939405,NA
6003,74074,"EN - Building:N2O","Energy","EN - Building",0.0786990995108924,2033,"N2O",0,0,"WEM","BGR","bulgaria","SISEPUEDE",0.0786990995108924,NA
6003,74074,"EN - Building:N2O","Energy","EN - Building",0.0773619898246985,2034,"N2O",0,0,"WEM","BGR","bulgaria","SISEPUEDE",0.0773619898246985,NA
6003,74074,"EN - Building:N2O","Energy","EN - Building",0.0760826397047691,2035,"N2O",0,0,"WEM","BGR","bulgaria","SISEPUEDE",0.0760826397047691,NA
6003,74074,"EN - Building:N2O","Energy","EN - Building",0.0747866325932951,2036,"N2O",0,0,"WEM","BGR","bulgaria","SISEPUEDE",0.0747866325932951,NA
6003,74074,"EN - Building:N2O","Energy","EN - Building",0.0735131668880471,2037,"N2O",0,0,"WEM","BGR","bulgaria","SISEPUEDE",0.0735131668880471,NA
6003,74074,"EN - Building:N2O","Energy","EN - Building",0.0722504589079483,2038,"N2O",0,0,"WEM","BGR","bulgaria","SISEPUEDE",0.0722504589079483,NA
6003,74074,"EN - Building:N2O","Energy","EN - Building",0.0709790645855866,2039,"N2O",0,0,"WEM","BGR","bulgaria","SISEPUEDE",0.0709790645855866,NA
6003,74074,"EN - Building:N2O","Energy","EN - Building",0.0697188390137123,2040,"N2O",0,0,"WEM","BGR","bulgaria","SISEPUEDE",0.0697188390137123,NA
6003,74074,"EN - Building:N2O","Energy","EN - Building",0.0683786130796492,2041,"N2O",0,0,"WEM","BGR","bulgaria","SISEPUEDE",0.0683786130796492,NA
6003,74074,"EN - Building:N2O","Energy","EN - Building",0.0670295779198241,2042,"N2O",0,0,"WEM","BGR","bulgaria","SISEPUEDE",0.0670295779198241,NA
6003,74074,"EN - Building:N2O","Energy","EN - Building",0.0656669350595966,2043,"N2O",0,0,"WEM","BGR","bulgaria","SISEPUEDE",0.0656669350595966,NA
6003,74074,"EN - Building:N2O","Energy","EN - Building",0.0642828508866257,2044,"N2O",0,0,"WEM","BGR","bulgaria","SISEPUEDE",0.0642828508866257,NA
6003,74074,"EN - Building:N2O","Energy","EN - Building",0.0628866279908425,2045,"N2O",0,0,"WEM","BGR","bulgaria","SISEPUEDE",0.0628866279908425,NA
6003,74074,"EN - Building:N2O","Energy","EN - Building",0.0614149897550771,2046,"N2O",0,0,"WEM","BGR","bulgaria","SISEPUEDE",0.0614149897550771,NA
6003,74074,"EN - Building:N2O","Energy","EN - Building",0.059929862434509,2047,"N2O",0,0,"WEM","BGR","bulgaria","SISEPUEDE",0.059929862434509,NA
6003,74074,"EN - Building:N2O","Energy","EN - Building",0.0584057584156696,2048,"N2O",0,0,"WEM","BGR","bulgaria","SISEPUEDE",0.0584057584156696,NA
6003,74074,"EN - Building:N2O","Energy","EN - Building",0.0568221232090903,2049,"N2O",0,0,"WEM","BGR","bulgaria","SISEPUEDE",0.0568221232090903,NA
6003,74074,"EN - Building:N2O","Energy","EN - Building",0.0551616908822812,2050,"N2O",0,0,"WEM","BGR","bulgaria","SISEPUEDE",0.0551616908822812,NA
6003,74074,"EN - Electricity/Heat:CH4","Energy","EN - Electricity/Heat",0.023683908,2022,"CH4",0,0,"WEM","BGR","bulgaria","SISEPUEDE",0.023683908,0.023683908
6003,74074,"EN - Electricity/Heat:CH4","Energy","EN - Electricity/Heat",0.0228106298760703,2023,"CH4",0,0,"WEM","BGR","bulgaria","SISEPUEDE",0.0214448534143129,0.0228106298760703
6003,74074,"EN - Electricity/Heat:CH4","Energy","EN - Electricity/Heat",0.021936495828022,2024,"CH4",0,0,"WEM","BGR","bulgaria","SISEPUEDE",0.0217903394991958,0.021936495828022
6003,74074,"EN - Electricity/Heat:CH4","Energy","EN - Electricity/Heat",0.0210589403973288,2025,"CH4",0,0,"WEM","BGR","bulgaria","SISEPUEDE",0.022098395336122,0.0210589403973288
6003,74074,"EN - Electricity/Heat:CH4","Energy","EN - Electricity/Heat",0.0201744508536406,2026,"CH4",0,0,"WEM","BGR","bulgaria","SISEPUEDE",0.0226857073326947,0.0201744508536406
6003,74074,"EN - Electricity/Heat:CH4","Energy","EN - Electricity/Heat",0.0192793082018249,2027,"CH4",0,0,"WEM","BGR","bulgaria","SISEPUEDE",0.0233527187921883,0.0192793082018249
6003,74074,"EN - Electricity/Heat:CH4","Energy","EN - Electricity/Heat",0.0183705070579303,2028,"CH4",0,0,"WEM","BGR","bulgaria","SISEPUEDE",0.0216441044203043,0.0183705070579303
6003,74074,"EN - Electricity/Heat:CH4","Energy","EN - Electricity/Heat",0.0174467319955052,2029,"CH4",0,0,"WEM","BGR","bulgaria","SISEPUEDE",0.0203824852553907,0.0174467319955052
6003,74074,"EN - Electricity/Heat:CH4","Energy","EN - Electricity/Heat",0.0165078576623312,2030,"CH4",0,0,"WEM","BGR","bulgaria","SISEPUEDE",0.0191387746896972,0.0165078576623312
6003,74074,"EN - Electricity/Heat:CH4","Energy","EN - Electricity/Heat",0.0155547376278583,2031,"CH4",0,0,"WEM","BGR","bulgaria","SISEPUEDE",0.0178984218963235,0.0155547376278583
6003,74074,"EN - Electricity/Heat:CH4","Energy","EN - Electricity/Heat",0.01458901386056,2032,"CH4",0,0,"WEM","BGR","bulgaria","SISEPUEDE",0.0166727939825229,0.01458901386056
6003,74074,"EN - Electricity/Heat:CH4","Energy","EN - Electricity/Heat",0.0136129372074587,2033,"CH4",0,0,"WEM","BGR","bulgaria","SISEPUEDE",0.0154586262130175,0.0136129372074587
6003,74074,"EN - Electricity/Heat:CH4","Energy","EN - Electricity/Heat",0.0126292049540345,2034,"CH4",0,0,"WEM","BGR","bulgaria","SISEPUEDE",0.0142520060880001,0.0126292049540345
6003,74074,"EN - Electricity/Heat:CH4","Energy","EN - Electricity/Heat",0.0116408120172771,2035,"CH4",0,0,"WEM","BGR","bulgaria","SISEPUEDE",0.0130524801589273,0.0116408120172771
6003,74074,"EN - Electricity/Heat:CH4","Energy","EN - Electricity/Heat",0.0106509116407663,2036,"CH4",0,0,"WEM","BGR","bulgaria","SISEPUEDE",0.0118497675959163,0.0106509116407663
6003,74074,"EN - Electricity/Heat:CH4","Energy","EN - Electricity/Heat",0.00966268343655163,2037,"CH4",0,0,"WEM","BGR","bulgaria","SISEPUEDE",0.0106537853992996,0.00966268343655163
6003,74074,"EN - Electricity/Heat:CH4","Energy","EN - Electricity/Heat",0.00867920037753588,2038,"CH4",0,0,"WEM","BGR","bulgaria","SISEPUEDE",0.00946250931117563,0.00867920037753588
6003,74074,"EN - Electricity/Heat:CH4","Energy","EN - Electricity/Heat",0.00770329895122982,2039,"CH4",0,0,"WEM","BGR","bulgaria","SISEPUEDE",0.00866695381313486,0.00770329895122982
6003,74074,"EN - Electricity/Heat:CH4","Energy","EN - Electricity/Heat",0.00673744928910904,2040,"CH4",0,0,"WEM","BGR","bulgaria","SISEPUEDE",0.00744992161771203,0.00673744928910904
6003,74074,"EN - Electricity/Heat:CH4","Energy","EN - Electricity/Heat",0.00578386788281906,2041,"CH4",0,0,"WEM","BGR","bulgaria","SISEPUEDE",0.00621608990642395,0.00578386788281906
6003,74074,"EN - Electricity/Heat:CH4","Energy","EN - Electricity/Heat",0.00484436059509205,2042,"CH4",0,0,"WEM","BGR","bulgaria","SISEPUEDE",0.00497476964744389,0.00484436059509205
6003,74074,"EN - Electricity/Heat:CH4","Energy","EN - Electricity/Heat",0.0039201475033062,2043,"CH4",0,0,"WEM","BGR","bulgaria","SISEPUEDE",0.00372323783884544,0.0039201475033062
6003,74074,"EN - Electricity/Heat:CH4","Energy","EN - Electricity/Heat",0.00301167426637872,2044,"CH4",0,0,"WEM","BGR","bulgaria","SISEPUEDE",0.00245571301326531,0.00301167426637872
6003,74074,"EN - Electricity/Heat:CH4","Energy","EN - Electricity/Heat",0.00211840755056776,2045,"CH4",0,0,"WEM","BGR","bulgaria","SISEPUEDE",0.00201250121759869,0.00211840755056776
6003,74074,"EN - Electricity/Heat:CH4","Energy","EN - Electricity/Heat",0.00123861062222957,2046,"CH4",0,0,"WEM","BGR","bulgaria","SISEPUEDE",0.00169258578624008,0.00123861062222957
6003,74074,"EN - Electricity/Heat:CH4","Energy","EN - Electricity/Heat",0.000369624632143557,2047,"CH4",0,0,"WEM","BGR","bulgaria","SISEPUEDE",0.00170978508332214,0.000369624632143557
6003,74074,"EN - Electricity/Heat:CH4","Energy","EN - Electricity/Heat",0,2048,"CH4",0,0,"WEM","BGR","bulgaria","SISEPUEDE",0.00173033905828928,0
6003,74074,"EN - Electricity/Heat:CH4","Energy","EN - Electricity/Heat",0,2049,"CH4",0,0,"WEM","BGR","bulgaria","SISEPUEDE",0.00178443965220102,0
6003,74074,"EN - Electricity/Heat:CH4","Energy","EN - Electricity/Heat",0,2050,"CH4",0,0,"WEM","BGR","bulgaria","SISEPUEDE",0.00174768041464886,0
6003,74074,"EN - Electricity/Heat:CO2","Energy","EN - Electricity/Heat",25.09105165,2022,"CO2",0,0,"WEM","BGR","bulgaria","SISEPUEDE",25.09105165,25.09105165
6003,74074,"EN - Electricity/Heat:CO2","Energy","EN - Electricity/Heat",24.1123011432461,2023,"CO2",0,0,"WEM","BGR","bulgaria","SISEPUEDE",24.1123011432461,24.1123011432461
6003,74074,"EN - Electricity/Heat:CO2","Energy","EN - Electricity/Heat",23.1318715273216,2024,"CO2",0,0,"WEM","BGR","bulgaria","SISEPUEDE",23.1318715273216,23.1318715273216
6003,74074,"EN - Electricity/Heat:CO2","Energy","EN - Electricity/Heat",22.1462270187473,2025,"CO2",0,0,"WEM","BGR","bulgaria","SISEPUEDE",22.1462270187473,22.1462270187473
6003,74074,"EN - Electricity/Heat:CO2","Energy","EN - Electricity/Heat",21.1508233675409,2026,"CO2",0,0,"WEM","BGR","bulgaria","SISEPUEDE",21.1508233675409,21.1508233675409
6003,74074,"EN - Electricity/Heat:CO2","Energy","EN - Electricity/Heat",20.1409339323878,2027,"CO2",0,0,"WEM","BGR","bulgaria","SISEPUEDE",20.1409339323878,20.1409339323878
6003,74074,"EN - Electricity/Heat:CO2","Energy","EN - Electricity/Heat",19.1126858590179,2028,"CO2",0,0,"WEM","BGR","bulgaria","SISEPUEDE",19.1126858590179,19.1126858590179
6003,74074,"EN - Electricity/Heat:CO2","Energy","EN - Electricity/Heat",18.0641618813284,2029,"CO2",0,0,"WEM","BGR","bulgaria","SISEPUEDE",18.0641618813284,18.0641618813284
6003,74074,"EN - Electricity/Heat:CO2","Energy","EN - Electricity/Heat",16.9948145226218,2030,"CO2",0,0,"WEM","BGR","bulgaria","SISEPUEDE",16.9948145226218,16.9948145226218
6003,74074,"EN - Electricity/Heat:CO2","Energy","EN - Electricity/Heat",15.9052202676927,2031,"CO2",0,0,"WEM","BGR","bulgaria","SISEPUEDE",15.9052202676927,15.9052202676927
6003,74074,"EN - Electricity/Heat:CO2","Energy","EN - Electricity/Heat",14.7968595612621,2032,"CO2",0,0,"WEM","BGR","bulgaria","SISEPUEDE",14.7968595612621,14.7968595612621
6003,74074,"EN - Electricity/Heat:CO2","Energy","EN - Electricity/Heat",13.6719121895018,2033,"CO2",0,0,"WEM","BGR","bulgaria","SISEPUEDE",13.6719121895018,13.6719121895018
6003,74074,"EN - Electricity/Heat:CO2","Energy","EN - Electricity/Heat",12.5330749548492,2034,"CO2",0,0,"WEM","BGR","bulgaria","SISEPUEDE",12.5330749548492,12.5330749548492
6003,74074,"EN - Electricity/Heat:CO2","Energy","EN - Electricity/Heat",11.3833979936161,2035,"CO2",0,0,"WEM","BGR","bulgaria","SISEPUEDE",11.3833979936161,11.3833979936161
6003,74074,"EN - Electricity/Heat:CO2","Energy","EN - Electricity/Heat",10.2261353242907,2036,"CO2",0,0,"WEM","BGR","bulgaria","SISEPUEDE",10.2261353242907,10.2261353242907
6003,74074,"EN - Electricity/Heat:CO2","Energy","EN - Electricity/Heat",9.06460735248512,2037,"CO2",0,0,"WEM","BGR","bulgaria","SISEPUEDE",9.06460735248512,9.06460735248512
6003,74074,"EN - Electricity/Heat:CO2","Energy","EN - Electricity/Heat",7.90206633024669,2038,"CO2",0,0,"WEM","BGR","bulgaria","SISEPUEDE",7.90206633024669,7.90206633024669
6003,74074,"EN - Electricity/Heat:CO2","Energy","EN - Electricity/Heat",6.74156947430395,2039,"CO2",0,0,"WEM","BGR","bulgaria","SISEPUEDE",6.74156947430395,6.74156947430395
6003,74074,"EN - Electricity/Heat:CO2","Energy","EN - Electricity/Heat",5.58585630442975,2040,"CO2",0,0,"WEM","BGR","bulgaria","SISEPUEDE",5.58585630442975,5.58585630442975
6003,74074,"EN - Electricity/Heat:CO2","Energy","EN - Electricity/Heat",4.4375139333608,2041,"CO2",0,0,"WEM","BGR","bulgaria","SISEPUEDE",4.4375139333608,4.4375139333608
6003,74074,"EN - Electricity/Heat:CO2","Energy","EN - Electricity/Heat",3.2988316759209,2042,"CO2",0,0,"WEM","BGR","bulgaria","SISEPUEDE",3.2988316759209,3.2988316759209
6003,74074,"EN - Electricity/Heat:CO2","Energy","EN - Electricity/Heat",2.17163951347052,2043,"CO2",0,0,"WEM","BGR","bulgaria","SISEPUEDE",2.17163951347052,2.17163951347052
6003,74074,"EN - Electricity/Heat:CO2","Energy","EN - Electricity/Heat",1.05713518290523,2044,"CO2",0,0,"WEM","BGR","bulgaria","SISEPUEDE",1.05713518290523,1.05713518290523
6003,74074,"EN - Electricity/Heat:CO2","Energy","EN - Electricity/Heat",0,2045,"CO2",0,0,"WEM","BGR","bulgaria","SISEPUEDE",0,0
6003,74074,"EN - Electricity/Heat:CO2","Energy","EN - Electricity/Heat",0,2046,"CO2",0,0,"WEM","BGR","bulgaria","SISEPUEDE",0,0
6003,74074,"EN - Electricity/Heat:CO2","Energy","EN - Electricity/Heat",0,2047,"CO2",0,0,"WEM","BGR","bulgaria","SISEPUEDE",0,0
6003,74074,"EN - Electricity/Heat:CO2","Energy","EN - Electricity/Heat",0,2048,"CO2",0,0,"WEM","BGR","bulgaria","SISEPUEDE",0,0
6003,74074,"EN - Electricity/Heat:CO2","Energy","EN - Electricity/Heat",0,2049,"CO2",0,0,"WEM","BGR","bulgaria","SISEPUEDE",0,0
6003,74074,"EN - Electricity/Heat:CO2","Energy","EN - Electricity/Heat",0,2050,"CO2",0,0,"WEM","BGR","bulgaria","SISEPUEDE",0,0
6003,74074,"EN - Electricity/Heat:N2O","Energy","EN - Electricity/Heat",0.106404361,2022,"N2O",0,0,"WEM","BGR","bulgaria","SISEPUEDE",0.106404361,0.106404361
6003,74074,"EN - Electricity/Heat:N2O","Energy","EN - Electricity/Heat",0.102282825777707,2023,"N2O",0,0,"WEM","BGR","bulgaria","SISEPUEDE",0.102282825777707,0.102282825777707
6003,74074,"EN - Electricity/Heat:N2O","Energy","EN - Electricity/Heat",0.098155115520672,2024,"N2O",0,0,"WEM","BGR","bulgaria","SISEPUEDE",0.098155115520672,0.098155115520672
6003,74074,"EN - Electricity/Heat:N2O","Energy","EN - Electricity/Heat",0.0940071703853304,2025,"N2O",0,0,"WEM","BGR","bulgaria","SISEPUEDE",0.0940071703853304,0.0940071703853304
6003,74074,"EN - Electricity/Heat:N2O","Energy","EN - Electricity/Heat",0.0898206091775411,2026,"N2O",0,0,"WEM","BGR","bulgaria","SISEPUEDE",0.0898206091775411,0.0898206091775411
6003,74074,"EN - Electricity/Heat:N2O","Energy","EN - Electricity/Heat",0.0855761993709885,2027,"N2O",0,0,"WEM","BGR","bulgaria","SISEPUEDE",0.0855761993709885,0.0855761993709885
6003,74074,"EN - Electricity/Heat:N2O","Energy","EN - Electricity/Heat",0.0812582034117871,2028,"N2O",0,0,"WEM","BGR","bulgaria","SISEPUEDE",0.0812582034117871,0.0812582034117871
6003,74074,"EN - Electricity/Heat:N2O","Energy","EN - Electricity/Heat",0.0768589974929181,2029,"N2O",0,0,"WEM","BGR","bulgaria","SISEPUEDE",0.0768589974929181,0.0768589974929181
6003,74074,"EN - Electricity/Heat:N2O","Energy","EN - Electricity/Heat",0.0723766365012868,2030,"N2O",0,0,"WEM","BGR","bulgaria","SISEPUEDE",0.0723766365012868,0.0723766365012868
6003,74074,"EN - Electricity/Heat:N2O","Energy","EN - Electricity/Heat",0.0678138367873099,2031,"N2O",0,0,"WEM","BGR","bulgaria","SISEPUEDE",0.0678138367873099,0.0678138367873099
6003,74074,"EN - Electricity/Heat:N2O","Energy","EN - Electricity/Heat",0.0631770643508274,2032,"N2O",0,0,"WEM","BGR","bulgaria","SISEPUEDE",0.0631770643508274,0.0631770643508274
6003,74074,"EN - Electricity/Heat:N2O","Energy","EN - Electricity/Heat",0.0584756846408593,2033,"N2O",0,0,"WEM","BGR","bulgaria","SISEPUEDE",0.0584756846408593,0.0584756846408593
6003,74074,"EN - Electricity/Heat:N2O","Energy","EN - Electricity/Heat",0.0537212026801756,2034,"N2O",0,0,"WEM","BGR","bulgaria","SISEPUEDE",0.0537212026801756,0.0537212026801756
6003,74074,"EN - Electricity/Heat:N2O","Energy","EN - Electricity/Heat",0.0489265781187424,2035,"N2O",0,0,"WEM","BGR","bulgaria","SISEPUEDE",0.0489265781187424,0.0489265781187424
6003,74074,"EN - Electricity/Heat:N2O","Energy","EN - Electricity/Heat",0.0441055966498705,2036,"N2O",0,0,"WEM","BGR","bulgaria","SISEPUEDE",0.0441055966498705,0.0441055966498705
6003,74074,"EN - Electricity/Heat:N2O","Energy","EN - Electricity/Heat",0.0392722881668463,2037,"N2O",0,0,"WEM","BGR","bulgaria","SISEPUEDE",0.0392722881668463,0.0392722881668463
6003,74074,"EN - Electricity/Heat:N2O","Energy","EN - Electricity/Heat",0.0344403539442572,2038,"N2O",0,0,"WEM","BGR","bulgaria","SISEPUEDE",0.0344403539442572,0.0344403539442572
6003,74074,"EN - Electricity/Heat:N2O","Energy","EN - Electricity/Heat",0.0296226224144059,2039,"N2O",0,0,"WEM","BGR","bulgaria","SISEPUEDE",0.0296226224144059,0.0296226224144059
6003,74074,"EN - Electricity/Heat:N2O","Energy","EN - Electricity/Heat",0.0248305191149335,2040,"N2O",0,0,"WEM","BGR","bulgaria","SISEPUEDE",0.0248305191149335,0.0248305191149335
6003,74074,"EN - Electricity/Heat:N2O","Energy","EN - Electricity/Heat",0.0200747359693836,2041,"N2O",0,0,"WEM","BGR","bulgaria","SISEPUEDE",0.0200747359693836,0.0200747359693836
6003,74074,"EN - Electricity/Heat:N2O","Energy","EN - Electricity/Heat",0.0153645993565686,2042,"N2O",0,0,"WEM","BGR","bulgaria","SISEPUEDE",0.0153645993565686,0.0153645993565686
6003,74074,"EN - Electricity/Heat:N2O","Energy","EN - Electricity/Heat",0.0107073673665455,2043,"N2O",0,0,"WEM","BGR","bulgaria","SISEPUEDE",0.0107073673665455,0.0107073673665455
6003,74074,"EN - Electricity/Heat:N2O","Energy","EN - Electricity/Heat",0.00610747633254172,2044,"N2O",0,0,"WEM","BGR","bulgaria","SISEPUEDE",0.00610747633254172,0.00610747633254172
6003,74074,"EN - Electricity/Heat:N2O","Energy","EN - Electricity/Heat",0.00156572385249702,2045,"N2O",0,0,"WEM","BGR","bulgaria","SISEPUEDE",0.00156572385249702,0.00156572385249702
6003,74074,"EN - Electricity/Heat:N2O","Energy","EN - Electricity/Heat",0,2046,"N2O",0,0,"WEM","BGR","bulgaria","SISEPUEDE",0,0
6003,74074,"EN - Electricity/Heat:N2O","Energy","EN - Electricity/Heat",0,2047,"N2O",0,0,"WEM","BGR","bulgaria","SISEPUEDE",0,0
6003,74074,"EN - Electricity/Heat:N2O","Energy","EN - Electricity/Heat",0,2048,"N2O",0,0,"WEM","BGR","bulgaria","SISEPUEDE",0,0
6003,74074,"EN - Electricity/Heat:N2O","Energy","EN - Electricity/Heat",0,2049,"N2O",0,0,"WEM","BGR","bulgaria","SISEPUEDE",0,0
6003,74074,"EN - Electricity/Heat:N2O","Energy","EN - Electricity/Heat",0,2050,"N2O",0,0,"WEM","BGR","bulgaria","SISEPUEDE",0,0
6003,74074,"EN - Fugitive Emissions:CH4","Energy","EN - Fugitive Emissions",1.125721545,2022,"CH4",0,0,"WEM","BGR","bulgaria","SISEPUEDE",1.125721545,NA
6003,74074,"EN - Fugitive Emissions:CH4","Energy","EN - Fugitive Emissions",1.07909596289309,2023,"CH4",0,0,"WEM","BGR","bulgaria","SISEPUEDE",1.07909596289309,NA
6003,74074,"EN - Fugitive Emissions:CH4","Energy","EN - Fugitive Emissions",1.09436898711625,2024,"CH4",0,0,"WEM","BGR","bulgaria","SISEPUEDE",1.09436898711625,NA
6003,74074,"EN - Fugitive Emissions:CH4","Energy","EN - Fugitive Emissions",1.10771136340815,2025,"CH4",0,0,"WEM","BGR","bulgaria","SISEPUEDE",1.10771136340815,NA
6003,74074,"EN - Fugitive Emissions:CH4","Energy","EN - Fugitive Emissions",1.13274303667357,2026,"CH4",0,0,"WEM","BGR","bulgaria","SISEPUEDE",1.13274303667357,NA
6003,74074,"EN - Fugitive Emissions:CH4","Energy","EN - Fugitive Emissions",1.16139059301448,2027,"CH4",0,0,"WEM","BGR","bulgaria","SISEPUEDE",1.16139059301448,NA
6003,74074,"EN - Fugitive Emissions:CH4","Energy","EN - Fugitive Emissions",1.09347977250868,2028,"CH4",0,0,"WEM","BGR","bulgaria","SISEPUEDE",1.09347977250868,NA
6003,74074,"EN - Fugitive Emissions:CH4","Energy","EN - Fugitive Emissions",1.04445805225438,2029,"CH4",0,0,"WEM","BGR","bulgaria","SISEPUEDE",1.04445805225438,NA
6003,74074,"EN - Fugitive Emissions:CH4","Energy","EN - Fugitive Emissions",0.996505436737628,2030,"CH4",0,0,"WEM","BGR","bulgaria","SISEPUEDE",0.996505436737628,NA
6003,74074,"EN - Fugitive Emissions:CH4","Energy","EN - Fugitive Emissions",0.948881867245462,2031,"CH4",0,0,"WEM","BGR","bulgaria","SISEPUEDE",0.948881867245462,NA
6003,74074,"EN - Fugitive Emissions:CH4","Energy","EN - Fugitive Emissions",0.902155623694912,2032,"CH4",0,0,"WEM","BGR","bulgaria","SISEPUEDE",0.902155623694912,NA
6003,74074,"EN - Fugitive Emissions:CH4","Energy","EN - Fugitive Emissions",0.856160198887747,2033,"CH4",0,0,"WEM","BGR","bulgaria","SISEPUEDE",0.856160198887747,NA
6003,74074,"EN - Fugitive Emissions:CH4","Energy","EN - Fugitive Emissions",0.810677351241879,2034,"CH4",0,0,"WEM","BGR","bulgaria","SISEPUEDE",0.810677351241879,NA
6003,74074,"EN - Fugitive Emissions:CH4","Energy","EN - Fugitive Emissions",0.765664098200726,2035,"CH4",0,0,"WEM","BGR","bulgaria","SISEPUEDE",0.765664098200726,NA
6003,74074,"EN - Fugitive Emissions:CH4","Energy","EN - Fugitive Emissions",0.720555753573165,2036,"CH4",0,0,"WEM","BGR","bulgaria","SISEPUEDE",0.720555753573165,NA
6003,74074,"EN - Fugitive Emissions:CH4","Energy","EN - Fugitive Emissions",0.675895367937923,2037,"CH4",0,0,"WEM","BGR","bulgaria","SISEPUEDE",0.675895367937923,NA
6003,74074,"EN - Fugitive Emissions:CH4","Energy","EN - Fugitive Emissions",0.631564995334656,2038,"CH4",0,0,"WEM","BGR","bulgaria","SISEPUEDE",0.631564995334656,NA
6003,74074,"EN - Fugitive Emissions:CH4","Energy","EN - Fugitive Emissions",0.520858923153451,2039,"CH4",0,0,"WEM","BGR","bulgaria","SISEPUEDE",0.520858923153451,NA
6003,74074,"EN - Fugitive Emissions:CH4","Energy","EN - Fugitive Emissions",0.468831299820221,2040,"CH4",0,0,"WEM","BGR","bulgaria","SISEPUEDE",0.468831299820221,NA
6003,74074,"EN - Fugitive Emissions:CH4","Energy","EN - Fugitive Emissions",0.416069301729839,2041,"CH4",0,0,"WEM","BGR","bulgaria","SISEPUEDE",0.416069301729839,NA
6003,74074,"EN - Fugitive Emissions:CH4","Energy","EN - Fugitive Emissions",0.363099237567978,2042,"CH4",0,0,"WEM","BGR","bulgaria","SISEPUEDE",0.363099237567978,NA
6003,74074,"EN - Fugitive Emissions:CH4","Energy","EN - Fugitive Emissions",0.309892945770754,2043,"CH4",0,0,"WEM","BGR","bulgaria","SISEPUEDE",0.309892945770754,NA
6003,74074,"EN - Fugitive Emissions:CH4","Energy","EN - Fugitive Emissions",0.256102640100199,2044,"CH4",0,0,"WEM","BGR","bulgaria","SISEPUEDE",0.256102640100199,NA
6003,74074,"EN - Fugitive Emissions:CH4","Energy","EN - Fugitive Emissions",0.201294112609084,2045,"CH4",0,0,"WEM","BGR","bulgaria","SISEPUEDE",0.201294112609084,NA
6003,74074,"EN - Fugitive Emissions:CH4","Energy","EN - Fugitive Emissions",0.177814844147043,2046,"CH4",0,0,"WEM","BGR","bulgaria","SISEPUEDE",0.177814844147043,NA
6003,74074,"EN - Fugitive Emissions:CH4","Energy","EN - Fugitive Emissions",0.176258877301187,2047,"CH4",0,0,"WEM","BGR","bulgaria","SISEPUEDE",0.176258877301187,NA
6003,74074,"EN - Fugitive Emissions:CH4","Energy","EN - Fugitive Emissions",0.174764509991795,2048,"CH4",0,0,"WEM","BGR","bulgaria","SISEPUEDE",0.174764509991795,NA
6003,74074,"EN - Fugitive Emissions:CH4","Energy","EN - Fugitive Emissions",0.173296634386505,2049,"CH4",0,0,"WEM","BGR","bulgaria","SISEPUEDE",0.173296634386505,NA
6003,74074,"EN - Fugitive Emissions:CH4","Energy","EN - Fugitive Emissions",0.171826452060392,2050,"CH4",0,0,"WEM","BGR","bulgaria","SISEPUEDE",0.171826452060392,NA
6003,74074,"EN - Fugitive Emissions:CO2","Energy","EN - Fugitive Emissions",2.463175335,2022,"CO2",0,0,"WEM","BGR","bulgaria","SISEPUEDE",2.463175335,NA
6003,74074,"EN - Fugitive Emissions:CO2","Energy","EN - Fugitive Emissions",2.44695242532477,2023,"CO2",0,0,"WEM","BGR","bulgaria","SISEPUEDE",2.44695242532477,NA
6003,74074,"EN - Fugitive Emissions:CO2","Energy","EN - Fugitive Emissions",2.47403579334474,2024,"CO2",0,0,"WEM","BGR","bulgaria","SISEPUEDE",2.47403579334474,NA
6003,74074,"EN - Fugitive Emissions:CO2","Energy","EN - Fugitive Emissions",2.49619151226743,2025,"CO2",0,0,"WEM","BGR","bulgaria","SISEPUEDE",2.49619151226743,NA
6003,74074,"EN - Fugitive Emissions:CO2","Energy","EN - Fugitive Emissions",2.5295272131839,2026,"CO2",0,0,"WEM","BGR","bulgaria","SISEPUEDE",2.5295272131839,NA
6003,74074,"EN - Fugitive Emissions:CO2","Energy","EN - Fugitive Emissions",2.56859656188521,2027,"CO2",0,0,"WEM","BGR","bulgaria","SISEPUEDE",2.56859656188521,NA
6003,74074,"EN - Fugitive Emissions:CO2","Energy","EN - Fugitive Emissions",2.83970407578119,2028,"CO2",0,0,"WEM","BGR","bulgaria","SISEPUEDE",2.83970407578119,NA
6003,74074,"EN - Fugitive Emissions:CO2","Energy","EN - Fugitive Emissions",3.1336556266151,2029,"CO2",0,0,"WEM","BGR","bulgaria","SISEPUEDE",3.1336556266151,NA
6003,74074,"EN - Fugitive Emissions:CO2","Energy","EN - Fugitive Emissions",3.43449387616294,2030,"CO2",0,0,"WEM","BGR","bulgaria","SISEPUEDE",3.43449387616294,NA
6003,74074,"EN - Fugitive Emissions:CO2","Energy","EN - Fugitive Emissions",3.73934797156008,2031,"CO2",0,0,"WEM","BGR","bulgaria","SISEPUEDE",3.73934797156008,NA
6003,74074,"EN - Fugitive Emissions:CO2","Energy","EN - Fugitive Emissions",4.05006059377127,2032,"CO2",0,0,"WEM","BGR","bulgaria","SISEPUEDE",4.05006059377127,NA
6003,74074,"EN - Fugitive Emissions:CO2","Energy","EN - Fugitive Emissions",4.3659860014276,2033,"CO2",0,0,"WEM","BGR","bulgaria","SISEPUEDE",4.3659860014276,NA
6003,74074,"EN - Fugitive Emissions:CO2","Energy","EN - Fugitive Emissions",4.68583547932487,2034,"CO2",0,0,"WEM","BGR","bulgaria","SISEPUEDE",4.68583547932487,NA
6003,74074,"EN - Fugitive Emissions:CO2","Energy","EN - Fugitive Emissions",5.00882440071418,2035,"CO2",0,0,"WEM","BGR","bulgaria","SISEPUEDE",5.00882440071418,NA
6003,74074,"EN - Fugitive Emissions:CO2","Energy","EN - Fugitive Emissions",5.33095793871909,2036,"CO2",0,0,"WEM","BGR","bulgaria","SISEPUEDE",5.33095793871909,NA
6003,74074,"EN - Fugitive Emissions:CO2","Energy","EN - Fugitive Emissions",5.65555651010423,2037,"CO2",0,0,"WEM","BGR","bulgaria","SISEPUEDE",5.65555651010423,NA
6003,74074,"EN - Fugitive Emissions:CO2","Energy","EN - Fugitive Emissions",5.98162432430589,2038,"CO2",0,0,"WEM","BGR","bulgaria","SISEPUEDE",5.98162432430589,NA
6003,74074,"EN - Fugitive Emissions:CO2","Energy","EN - Fugitive Emissions",1.64843724921972,2039,"CO2",0,0,"WEM","BGR","bulgaria","SISEPUEDE",1.64843724921972,NA
6003,74074,"EN - Fugitive Emissions:CO2","Energy","EN - Fugitive Emissions",1.58628115648955,2040,"CO2",0,0,"WEM","BGR","bulgaria","SISEPUEDE",1.58628115648955,NA
6003,74074,"EN - Fugitive Emissions:CO2","Energy","EN - Fugitive Emissions",1.52297949282775,2041,"CO2",0,0,"WEM","BGR","bulgaria","SISEPUEDE",1.52297949282775,NA
6003,74074,"EN - Fugitive Emissions:CO2","Energy","EN - Fugitive Emissions",1.46009151956838,2042,"CO2",0,0,"WEM","BGR","bulgaria","SISEPUEDE",1.46009151956838,NA
6003,74074,"EN - Fugitive Emissions:CO2","Energy","EN - Fugitive Emissions",1.39811448190666,2043,"CO2",0,0,"WEM","BGR","bulgaria","SISEPUEDE",1.39811448190666,NA
6003,74074,"EN - Fugitive Emissions:CO2","Energy","EN - Fugitive Emissions",1.3360631015026,2044,"CO2",0,0,"WEM","BGR","bulgaria","SISEPUEDE",1.3360631015026,NA
6003,74074,"EN - Fugitive Emissions:CO2","Energy","EN - Fugitive Emissions",1.27372237272159,2045,"CO2",0,0,"WEM","BGR","bulgaria","SISEPUEDE",1.27372237272159,NA
6003,74074,"EN - Fugitive Emissions:CO2","Energy","EN - Fugitive Emissions",1.24264734943645,2046,"CO2",0,0,"WEM","BGR","bulgaria","SISEPUEDE",1.24264734943645,NA
6003,74074,"EN - Fugitive Emissions:CO2","Energy","EN - Fugitive Emissions",1.23406973780933,2047,"CO2",0,0,"WEM","BGR","bulgaria","SISEPUEDE",1.23406973780933,NA
6003,74074,"EN - Fugitive Emissions:CO2","Energy","EN - Fugitive Emissions",1.22598457487175,2048,"CO2",0,0,"WEM","BGR","bulgaria","SISEPUEDE",1.22598457487175,NA
6003,74074,"EN - Fugitive Emissions:CO2","Energy","EN - Fugitive Emissions",1.21815161168922,2049,"CO2",0,0,"WEM","BGR","bulgaria","SISEPUEDE",1.21815161168922,NA
6003,74074,"EN - Fugitive Emissions:CO2","Energy","EN - Fugitive Emissions",1.21037422463093,2050,"CO2",0,0,"WEM","BGR","bulgaria","SISEPUEDE",1.21037422463093,NA
6003,74074,"EN - Fugitive Emissions:N2O","Energy","EN - Fugitive Emissions",0.000855997,2022,"N2O",0,0,"WEM","BGR","bulgaria","SISEPUEDE",0.000855997,NA
6003,74074,"EN - Fugitive Emissions:N2O","Energy","EN - Fugitive Emissions",0.000848183987982719,2023,"N2O",0,0,"WEM","BGR","bulgaria","SISEPUEDE",0.000848183987982719,NA
6003,74074,"EN - Fugitive Emissions:N2O","Energy","EN - Fugitive Emissions",0.000858091290221843,2024,"N2O",0,0,"WEM","BGR","bulgaria","SISEPUEDE",0.000858091290221843,NA
6003,74074,"EN - Fugitive Emissions:N2O","Energy","EN - Fugitive Emissions",0.00086623461679722,2025,"N2O",0,0,"WEM","BGR","bulgaria","SISEPUEDE",0.00086623461679722,NA
6003,74074,"EN - Fugitive Emissions:N2O","Energy","EN - Fugitive Emissions",0.000878716465340009,2026,"N2O",0,0,"WEM","BGR","bulgaria","SISEPUEDE",0.000878716465340009,NA
6003,74074,"EN - Fugitive Emissions:N2O","Energy","EN - Fugitive Emissions",0.000893312718916159,2027,"N2O",0,0,"WEM","BGR","bulgaria","SISEPUEDE",0.000893312718916159,NA
6003,74074,"EN - Fugitive Emissions:N2O","Energy","EN - Fugitive Emissions",0.000860199861694519,2028,"N2O",0,0,"WEM","BGR","bulgaria","SISEPUEDE",0.000860199861694519,NA
6003,74074,"EN - Fugitive Emissions:N2O","Energy","EN - Fugitive Emissions",0.000834245015131683,2029,"N2O",0,0,"WEM","BGR","bulgaria","SISEPUEDE",0.000834245015131683,NA
6003,74074,"EN - Fugitive Emissions:N2O","Energy","EN - Fugitive Emissions",0.00080919085338788,2030,"N2O",0,0,"WEM","BGR","bulgaria","SISEPUEDE",0.00080919085338788,NA
6003,74074,"EN - Fugitive Emissions:N2O","Energy","EN - Fugitive Emissions",0.000784466841374606,2031,"N2O",0,0,"WEM","BGR","bulgaria","SISEPUEDE",0.000784466841374606,NA
6003,74074,"EN - Fugitive Emissions:N2O","Energy","EN - Fugitive Emissions",0.000760520760161789,2032,"N2O",0,0,"WEM","BGR","bulgaria","SISEPUEDE",0.000760520760161789,NA
6003,74074,"EN - Fugitive Emissions:N2O","Energy","EN - Fugitive Emissions",0.000737230175902565,2033,"N2O",0,0,"WEM","BGR","bulgaria","SISEPUEDE",0.000737230175902565,NA
6003,74074,"EN - Fugitive Emissions:N2O","Energy","EN - Fugitive Emissions",0.000714405001162493,2034,"N2O",0,0,"WEM","BGR","bulgaria","SISEPUEDE",0.000714405001162493,NA
6003,74074,"EN - Fugitive Emissions:N2O","Energy","EN - Fugitive Emissions",0.000692008728480319,2035,"N2O",0,0,"WEM","BGR","bulgaria","SISEPUEDE",0.000692008728480319,NA
6003,74074,"EN - Fugitive Emissions:N2O","Energy","EN - Fugitive Emissions",0.000669614620841765,2036,"N2O",0,0,"WEM","BGR","bulgaria","SISEPUEDE",0.000669614620841765,NA
6003,74074,"EN - Fugitive Emissions:N2O","Energy","EN - Fugitive Emissions",0.000647673906137018,2037,"N2O",0,0,"WEM","BGR","bulgaria","SISEPUEDE",0.000647673906137018,NA
6003,74074,"EN - Fugitive Emissions:N2O","Energy","EN - Fugitive Emissions",0.000626095265750056,2038,"N2O",0,0,"WEM","BGR","bulgaria","SISEPUEDE",0.000626095265750056,NA
6003,74074,"EN - Fugitive Emissions:N2O","Energy","EN - Fugitive Emissions",0.000583983806467689,2039,"N2O",0,0,"WEM","BGR","bulgaria","SISEPUEDE",0.000583983806467689,NA
6003,74074,"EN - Fugitive Emissions:N2O","Energy","EN - Fugitive Emissions",0.000560462426153479,2040,"N2O",0,0,"WEM","BGR","bulgaria","SISEPUEDE",0.000560462426153479,NA
6003,74074,"EN - Fugitive Emissions:N2O","Energy","EN - Fugitive Emissions",0.000536518453563348,2041,"N2O",0,0,"WEM","BGR","bulgaria","SISEPUEDE",0.000536518453563348,NA
6003,74074,"EN - Fugitive Emissions:N2O","Energy","EN - Fugitive Emissions",0.000512705692286342,2042,"N2O",0,0,"WEM","BGR","bulgaria","SISEPUEDE",0.000512705692286342,NA
6003,74074,"EN - Fugitive Emissions:N2O","Energy","EN - Fugitive Emissions",0.000489191937792842,2043,"N2O",0,0,"WEM","BGR","bulgaria","SISEPUEDE",0.000489191937792842,NA
6003,74074,"EN - Fugitive Emissions:N2O","Energy","EN - Fugitive Emissions",0.000465626245367532,2044,"N2O",0,0,"WEM","BGR","bulgaria","SISEPUEDE",0.000465626245367532,NA
6003,74074,"EN - Fugitive Emissions:N2O","Energy","EN - Fugitive Emissions",0.000441915451448237,2045,"N2O",0,0,"WEM","BGR","bulgaria","SISEPUEDE",0.000441915451448237,NA
6003,74074,"EN - Fugitive Emissions:N2O","Energy","EN - Fugitive Emissions",0.000430277700535824,2046,"N2O",0,0,"WEM","BGR","bulgaria","SISEPUEDE",0.000430277700535824,NA
6003,74074,"EN - Fugitive Emissions:N2O","Energy","EN - Fugitive Emissions",0.000427298341655341,2047,"N2O",0,0,"WEM","BGR","bulgaria","SISEPUEDE",0.000427298341655341,NA
6003,74074,"EN - Fugitive Emissions:N2O","Energy","EN - Fugitive Emissions",0.000424489605574968,2048,"N2O",0,0,"WEM","BGR","bulgaria","SISEPUEDE",0.000424489605574968,NA
6003,74074,"EN - Fugitive Emissions:N2O","Energy","EN - Fugitive Emissions",0.000421768356340608,2049,"N2O",0,0,"WEM","BGR","bulgaria","SISEPUEDE",0.000421768356340608,NA
6003,74074,"EN - Fugitive Emissions:N2O","Energy","EN - Fugitive Emissions",0.000419066552969759,2050,"N2O",0,0,"WEM","BGR","bulgaria","SISEPUEDE",0.000419066552969759,NA
6003,74074,"EN - Manufacturing/Construction:CH4","Energy","EN - Manufacturing/Construction",0.018077663,2022,"CH4",0,0,"WEM","BGR","bulgaria","SISEPUEDE",0.018077663,NA
6003,74074,"EN - Manufacturing/Construction:CH4","Energy","EN - Manufacturing/Construction",0.0182076454131581,2023,"CH4",0,0,"WEM","BGR","bulgaria","SISEPUEDE",0.0182076454131581,NA
6003,74074,"EN - Manufacturing/Construction:CH4","Energy","EN - Manufacturing/Construction",0.0183840353131595,2024,"CH4",0,0,"WEM","BGR","bulgaria","SISEPUEDE",0.0183840353131595,NA
6003,74074,"EN - Manufacturing/Construction:CH4","Energy","EN - Manufacturing/Construction",0.0185139254950343,2025,"CH4",0,0,"WEM","BGR","bulgaria","SISEPUEDE",0.0185139254950343,NA
6003,74074,"EN - Manufacturing/Construction:CH4","Energy","EN - Manufacturing/Construction",0.0186329874906394,2026,"CH4",0,0,"WEM","BGR","bulgaria","SISEPUEDE",0.0186329874906394,NA
6003,74074,"EN - Manufacturing/Construction:CH4","Energy","EN - Manufacturing/Construction",0.018778797019992,2027,"CH4",0,0,"WEM","BGR","bulgaria","SISEPUEDE",0.018778797019992,NA
6003,74074,"EN - Manufacturing/Construction:CH4","Energy","EN - Manufacturing/Construction",0.0184632988360493,2028,"CH4",0,0,"WEM","BGR","bulgaria","SISEPUEDE",0.0184632988360493,NA
6003,74074,"EN - Manufacturing/Construction:CH4","Energy","EN - Manufacturing/Construction",0.0181459914151176,2029,"CH4",0,0,"WEM","BGR","bulgaria","SISEPUEDE",0.0181459914151176,NA
6003,74074,"EN - Manufacturing/Construction:CH4","Energy","EN - Manufacturing/Construction",0.0178513781644858,2030,"CH4",0,0,"WEM","BGR","bulgaria","SISEPUEDE",0.0178513781644858,NA
6003,74074,"EN - Manufacturing/Construction:CH4","Energy","EN - Manufacturing/Construction",0.0175679336176658,2031,"CH4",0,0,"WEM","BGR","bulgaria","SISEPUEDE",0.0175679336176658,NA
6003,74074,"EN - Manufacturing/Construction:CH4","Energy","EN - Manufacturing/Construction",0.0173050134753371,2032,"CH4",0,0,"WEM","BGR","bulgaria","SISEPUEDE",0.0173050134753371,NA
6003,74074,"EN - Manufacturing/Construction:CH4","Energy","EN - Manufacturing/Construction",0.0170600635076363,2033,"CH4",0,0,"WEM","BGR","bulgaria","SISEPUEDE",0.0170600635076363,NA
6003,74074,"EN - Manufacturing/Construction:CH4","Energy","EN - Manufacturing/Construction",0.0168308066307191,2034,"CH4",0,0,"WEM","BGR","bulgaria","SISEPUEDE",0.0168308066307191,NA
6003,74074,"EN - Manufacturing/Construction:CH4","Energy","EN - Manufacturing/Construction",0.0166147538635207,2035,"CH4",0,0,"WEM","BGR","bulgaria","SISEPUEDE",0.0166147538635207,NA
6003,74074,"EN - Manufacturing/Construction:CH4","Energy","EN - Manufacturing/Construction",0.0164031454333949,2036,"CH4",0,0,"WEM","BGR","bulgaria","SISEPUEDE",0.0164031454333949,NA
6003,74074,"EN - Manufacturing/Construction:CH4","Energy","EN - Manufacturing/Construction",0.016205587992442,2037,"CH4",0,0,"WEM","BGR","bulgaria","SISEPUEDE",0.016205587992442,NA
6003,74074,"EN - Manufacturing/Construction:CH4","Energy","EN - Manufacturing/Construction",0.0160202298820395,2038,"CH4",0,0,"WEM","BGR","bulgaria","SISEPUEDE",0.0160202298820395,NA
6003,74074,"EN - Manufacturing/Construction:CH4","Energy","EN - Manufacturing/Construction",0.0158436893012261,2039,"CH4",0,0,"WEM","BGR","bulgaria","SISEPUEDE",0.0158436893012261,NA
6003,74074,"EN - Manufacturing/Construction:CH4","Energy","EN - Manufacturing/Construction",0.0156836146799354,2040,"CH4",0,0,"WEM","BGR","bulgaria","SISEPUEDE",0.0156836146799354,NA
6003,74074,"EN - Manufacturing/Construction:CH4","Energy","EN - Manufacturing/Construction",0.0155216556153046,2041,"CH4",0,0,"WEM","BGR","bulgaria","SISEPUEDE",0.0155216556153046,NA
6003,74074,"EN - Manufacturing/Construction:CH4","Energy","EN - Manufacturing/Construction",0.0153711757572765,2042,"CH4",0,0,"WEM","BGR","bulgaria","SISEPUEDE",0.0153711757572765,NA
6003,74074,"EN - Manufacturing/Construction:CH4","Energy","EN - Manufacturing/Construction",0.0152398823957458,2043,"CH4",0,0,"WEM","BGR","bulgaria","SISEPUEDE",0.0152398823957458,NA
6003,74074,"EN - Manufacturing/Construction:CH4","Energy","EN - Manufacturing/Construction",0.0151185502576786,2044,"CH4",0,0,"WEM","BGR","bulgaria","SISEPUEDE",0.0151185502576786,NA
6003,74074,"EN - Manufacturing/Construction:CH4","Energy","EN - Manufacturing/Construction",0.0150141696616955,2045,"CH4",0,0,"WEM","BGR","bulgaria","SISEPUEDE",0.0150141696616955,NA
6003,74074,"EN - Manufacturing/Construction:CH4","Energy","EN - Manufacturing/Construction",0.0149285400426874,2046,"CH4",0,0,"WEM","BGR","bulgaria","SISEPUEDE",0.0149285400426874,NA
6003,74074,"EN - Manufacturing/Construction:CH4","Energy","EN - Manufacturing/Construction",0.0148550301291205,2047,"CH4",0,0,"WEM","BGR","bulgaria","SISEPUEDE",0.0148550301291205,NA
6003,74074,"EN - Manufacturing/Construction:CH4","Energy","EN - Manufacturing/Construction",0.0147903995696061,2048,"CH4",0,0,"WEM","BGR","bulgaria","SISEPUEDE",0.0147903995696061,NA
6003,74074,"EN - Manufacturing/Construction:CH4","Energy","EN - Manufacturing/Construction",0.0147322556789674,2049,"CH4",0,0,"WEM","BGR","bulgaria","SISEPUEDE",0.0147322556789674,NA
6003,74074,"EN - Manufacturing/Construction:CH4","Energy","EN - Manufacturing/Construction",0.0146786471285164,2050,"CH4",0,0,"WEM","BGR","bulgaria","SISEPUEDE",0.0146786471285164,NA
6003,74074,"EN - Manufacturing/Construction:CO2","Energy","EN - Manufacturing/Construction",4.932055857,2022,"CO2",0,0,"WEM","BGR","bulgaria","SISEPUEDE",4.932055857,NA
6003,74074,"EN - Manufacturing/Construction:CO2","Energy","EN - Manufacturing/Construction",4.96929423546623,2023,"CO2",0,0,"WEM","BGR","bulgaria","SISEPUEDE",4.96929423546623,NA
6003,74074,"EN - Manufacturing/Construction:CO2","Energy","EN - Manufacturing/Construction",5.01332591029743,2024,"CO2",0,0,"WEM","BGR","bulgaria","SISEPUEDE",5.01332591029743,NA
6003,74074,"EN - Manufacturing/Construction:CO2","Energy","EN - Manufacturing/Construction",5.04501913211328,2025,"CO2",0,0,"WEM","BGR","bulgaria","SISEPUEDE",5.04501913211328,NA
6003,74074,"EN - Manufacturing/Construction:CO2","Energy","EN - Manufacturing/Construction",5.07378800085388,2026,"CO2",0,0,"WEM","BGR","bulgaria","SISEPUEDE",5.07378800085388,NA
6003,74074,"EN - Manufacturing/Construction:CO2","Energy","EN - Manufacturing/Construction",5.10955243836827,2027,"CO2",0,0,"WEM","BGR","bulgaria","SISEPUEDE",5.10955243836827,NA
6003,74074,"EN - Manufacturing/Construction:CO2","Energy","EN - Manufacturing/Construction",5.02621623487901,2028,"CO2",0,0,"WEM","BGR","bulgaria","SISEPUEDE",5.02621623487901,NA
6003,74074,"EN - Manufacturing/Construction:CO2","Energy","EN - Manufacturing/Construction",4.94228808563272,2029,"CO2",0,0,"WEM","BGR","bulgaria","SISEPUEDE",4.94228808563272,NA
6003,74074,"EN - Manufacturing/Construction:CO2","Energy","EN - Manufacturing/Construction",4.86424409031391,2030,"CO2",0,0,"WEM","BGR","bulgaria","SISEPUEDE",4.86424409031391,NA
6003,74074,"EN - Manufacturing/Construction:CO2","Energy","EN - Manufacturing/Construction",4.78907399221041,2031,"CO2",0,0,"WEM","BGR","bulgaria","SISEPUEDE",4.78907399221041,NA
6003,74074,"EN - Manufacturing/Construction:CO2","Energy","EN - Manufacturing/Construction",4.71926484006828,2032,"CO2",0,0,"WEM","BGR","bulgaria","SISEPUEDE",4.71926484006828,NA
6003,74074,"EN - Manufacturing/Construction:CO2","Energy","EN - Manufacturing/Construction",4.65415445205255,2033,"CO2",0,0,"WEM","BGR","bulgaria","SISEPUEDE",4.65415445205255,NA
6003,74074,"EN - Manufacturing/Construction:CO2","Energy","EN - Manufacturing/Construction",4.59293605466496,2034,"CO2",0,0,"WEM","BGR","bulgaria","SISEPUEDE",4.59293605466496,NA
6003,74074,"EN - Manufacturing/Construction:CO2","Energy","EN - Manufacturing/Construction",4.53506640674896,2035,"CO2",0,0,"WEM","BGR","bulgaria","SISEPUEDE",4.53506640674896,NA
6003,74074,"EN - Manufacturing/Construction:CO2","Energy","EN - Manufacturing/Construction",4.47835873330972,2036,"CO2",0,0,"WEM","BGR","bulgaria","SISEPUEDE",4.47835873330972,NA
6003,74074,"EN - Manufacturing/Construction:CO2","Energy","EN - Manufacturing/Construction",4.42536770804115,2037,"CO2",0,0,"WEM","BGR","bulgaria","SISEPUEDE",4.42536770804115,NA
6003,74074,"EN - Manufacturing/Construction:CO2","Energy","EN - Manufacturing/Construction",4.375609292066,2038,"CO2",0,0,"WEM","BGR","bulgaria","SISEPUEDE",4.375609292066,NA
6003,74074,"EN - Manufacturing/Construction:CO2","Energy","EN - Manufacturing/Construction",4.32828603449748,2039,"CO2",0,0,"WEM","BGR","bulgaria","SISEPUEDE",4.32828603449748,NA
6003,74074,"EN - Manufacturing/Construction:CO2","Energy","EN - Manufacturing/Construction",4.29067483136579,2040,"CO2",0,0,"WEM","BGR","bulgaria","SISEPUEDE",4.29067483136579,NA
6003,74074,"EN - Manufacturing/Construction:CO2","Energy","EN - Manufacturing/Construction",4.25247877038781,2041,"CO2",0,0,"WEM","BGR","bulgaria","SISEPUEDE",4.25247877038781,NA
6003,74074,"EN - Manufacturing/Construction:CO2","Energy","EN - Manufacturing/Construction",4.21722141226,2042,"CO2",0,0,"WEM","BGR","bulgaria","SISEPUEDE",4.21722141226,NA
6003,74074,"EN - Manufacturing/Construction:CO2","Energy","EN - Manufacturing/Construction",4.18707294383014,2043,"CO2",0,0,"WEM","BGR","bulgaria","SISEPUEDE",4.18707294383014,NA
6003,74074,"EN - Manufacturing/Construction:CO2","Energy","EN - Manufacturing/Construction",4.159491395872,2044,"CO2",0,0,"WEM","BGR","bulgaria","SISEPUEDE",4.159491395872,NA
6003,74074,"EN - Manufacturing/Construction:CO2","Energy","EN - Manufacturing/Construction",4.13519127397641,2045,"CO2",0,0,"WEM","BGR","bulgaria","SISEPUEDE",4.13519127397641,NA
6003,74074,"EN - Manufacturing/Construction:CO2","Energy","EN - Manufacturing/Construction",4.11215032255632,2046,"CO2",0,0,"WEM","BGR","bulgaria","SISEPUEDE",4.11215032255632,NA
6003,74074,"EN - Manufacturing/Construction:CO2","Energy","EN - Manufacturing/Construction",4.09238590670123,2047,"CO2",0,0,"WEM","BGR","bulgaria","SISEPUEDE",4.09238590670123,NA
6003,74074,"EN - Manufacturing/Construction:CO2","Energy","EN - Manufacturing/Construction",4.07503932468907,2048,"CO2",0,0,"WEM","BGR","bulgaria","SISEPUEDE",4.07503932468907,NA
6003,74074,"EN - Manufacturing/Construction:CO2","Energy","EN - Manufacturing/Construction",4.05947617382072,2049,"CO2",0,0,"WEM","BGR","bulgaria","SISEPUEDE",4.05947617382072,NA
6003,74074,"EN - Manufacturing/Construction:CO2","Energy","EN - Manufacturing/Construction",4.04517951291173,2050,"CO2",0,0,"WEM","BGR","bulgaria","SISEPUEDE",4.04517951291173,NA
6003,74074,"EN - Manufacturing/Construction:N2O","Energy","EN - Manufacturing/Construction",0.023924889,2022,"N2O",0,0,"WEM","BGR","bulgaria","SISEPUEDE",0.023924889,NA
6003,74074,"EN - Manufacturing/Construction:N2O","Energy","EN - Manufacturing/Construction",0.0240730030370621,2023,"N2O",0,0,"WEM","BGR","bulgaria","SISEPUEDE",0.0240730030370621,NA
6003,74074,"EN - Manufacturing/Construction:N2O","Energy","EN - Manufacturing/Construction",0.0243054201144682,2024,"N2O",0,0,"WEM","BGR","bulgaria","SISEPUEDE",0.0243054201144682,NA
6003,74074,"EN - Manufacturing/Construction:N2O","Energy","EN - Manufacturing/Construction",0.024476047775419,2025,"N2O",0,0,"WEM","BGR","bulgaria","SISEPUEDE",0.024476047775419,NA
6003,74074,"EN - Manufacturing/Construction:N2O","Energy","EN - Manufacturing/Construction",0.0246322360101727,2026,"N2O",0,0,"WEM","BGR","bulgaria","SISEPUEDE",0.0246322360101727,NA
6003,74074,"EN - Manufacturing/Construction:N2O","Energy","EN - Manufacturing/Construction",0.0248238796727862,2027,"N2O",0,0,"WEM","BGR","bulgaria","SISEPUEDE",0.0248238796727862,NA
6003,74074,"EN - Manufacturing/Construction:N2O","Energy","EN - Manufacturing/Construction",0.0243992342159725,2028,"N2O",0,0,"WEM","BGR","bulgaria","SISEPUEDE",0.0243992342159725,NA
6003,74074,"EN - Manufacturing/Construction:N2O","Energy","EN - Manufacturing/Construction",0.023972562534846,2029,"N2O",0,0,"WEM","BGR","bulgaria","SISEPUEDE",0.023972562534846,NA
6003,74074,"EN - Manufacturing/Construction:N2O","Energy","EN - Manufacturing/Construction",0.0235763536477584,2030,"N2O",0,0,"WEM","BGR","bulgaria","SISEPUEDE",0.0235763536477584,NA
6003,74074,"EN - Manufacturing/Construction:N2O","Energy","EN - Manufacturing/Construction",0.0231952189762146,2031,"N2O",0,0,"WEM","BGR","bulgaria","SISEPUEDE",0.0231952189762146,NA
6003,74074,"EN - Manufacturing/Construction:N2O","Energy","EN - Manufacturing/Construction",0.0228415286598561,2032,"N2O",0,0,"WEM","BGR","bulgaria","SISEPUEDE",0.0228415286598561,NA
6003,74074,"EN - Manufacturing/Construction:N2O","Energy","EN - Manufacturing/Construction",0.0225118668589129,2033,"N2O",0,0,"WEM","BGR","bulgaria","SISEPUEDE",0.0225118668589129,NA
6003,74074,"EN - Manufacturing/Construction:N2O","Energy","EN - Manufacturing/Construction",0.0222029215226687,2034,"N2O",0,0,"WEM","BGR","bulgaria","SISEPUEDE",0.0222029215226687,NA
6003,74074,"EN - Manufacturing/Construction:N2O","Energy","EN - Manufacturing/Construction",0.0219115313657215,2035,"N2O",0,0,"WEM","BGR","bulgaria","SISEPUEDE",0.0219115313657215,NA
6003,74074,"EN - Manufacturing/Construction:N2O","Energy","EN - Manufacturing/Construction",0.0216262193603176,2036,"N2O",0,0,"WEM","BGR","bulgaria","SISEPUEDE",0.0216262193603176,NA
6003,74074,"EN - Manufacturing/Construction:N2O","Energy","EN - Manufacturing/Construction",0.0213596818414213,2037,"N2O",0,0,"WEM","BGR","bulgaria","SISEPUEDE",0.0213596818414213,NA
6003,74074,"EN - Manufacturing/Construction:N2O","Energy","EN - Manufacturing/Construction",0.0211094490625365,2038,"N2O",0,0,"WEM","BGR","bulgaria","SISEPUEDE",0.0211094490625365,NA
6003,74074,"EN - Manufacturing/Construction:N2O","Energy","EN - Manufacturing/Construction",0.0208710251151586,2039,"N2O",0,0,"WEM","BGR","bulgaria","SISEPUEDE",0.0208710251151586,NA
6003,74074,"EN - Manufacturing/Construction:N2O","Energy","EN - Manufacturing/Construction",0.0206542322021091,2040,"N2O",0,0,"WEM","BGR","bulgaria","SISEPUEDE",0.0206542322021091,NA
6003,74074,"EN - Manufacturing/Construction:N2O","Energy","EN - Manufacturing/Construction",0.0204350884650064,2041,"N2O",0,0,"WEM","BGR","bulgaria","SISEPUEDE",0.0204350884650064,NA
6003,74074,"EN - Manufacturing/Construction:N2O","Energy","EN - Manufacturing/Construction",0.0202312494070698,2042,"N2O",0,0,"WEM","BGR","bulgaria","SISEPUEDE",0.0202312494070698,NA
6003,74074,"EN - Manufacturing/Construction:N2O","Energy","EN - Manufacturing/Construction",0.0200531006994013,2043,"N2O",0,0,"WEM","BGR","bulgaria","SISEPUEDE",0.0200531006994013,NA
6003,74074,"EN - Manufacturing/Construction:N2O","Energy","EN - Manufacturing/Construction",0.0198882071643804,2044,"N2O",0,0,"WEM","BGR","bulgaria","SISEPUEDE",0.0198882071643804,NA
6003,74074,"EN - Manufacturing/Construction:N2O","Energy","EN - Manufacturing/Construction",0.0197459341110628,2045,"N2O",0,0,"WEM","BGR","bulgaria","SISEPUEDE",0.0197459341110628,NA
6003,74074,"EN - Manufacturing/Construction:N2O","Energy","EN - Manufacturing/Construction",0.0196289854846929,2046,"N2O",0,0,"WEM","BGR","bulgaria","SISEPUEDE",0.0196289854846929,NA
6003,74074,"EN - Manufacturing/Construction:N2O","Energy","EN - Manufacturing/Construction",0.0195280883368083,2047,"N2O",0,0,"WEM","BGR","bulgaria","SISEPUEDE",0.0195280883368083,NA
6003,74074,"EN - Manufacturing/Construction:N2O","Energy","EN - Manufacturing/Construction",0.0194389574928354,2048,"N2O",0,0,"WEM","BGR","bulgaria","SISEPUEDE",0.0194389574928354,NA
6003,74074,"EN - Manufacturing/Construction:N2O","Energy","EN - Manufacturing/Construction",0.0193584292935269,2049,"N2O",0,0,"WEM","BGR","bulgaria","SISEPUEDE",0.0193584292935269,NA
6003,74074,"EN - Manufacturing/Construction:N2O","Energy","EN - Manufacturing/Construction",0.0192839251468252,2050,"N2O",0,0,"WEM","BGR","bulgaria","SISEPUEDE",0.0192839251468252,NA
6003,74074,"EN - Other:CH4","Energy","EN - Other",0,2022,"CH4",0,0,"WEM","BGR","bulgaria","SISEPUEDE",0,NA
6003,74074,"EN - Other:CH4","Energy","EN - Other",0,2023,"CH4",0,0,"WEM","BGR","bulgaria","SISEPUEDE",0,NA
6003,74074,"EN - Other:CH4","Energy","EN - Other",0,2024,"CH4",0,0,"WEM","BGR","bulgaria","SISEPUEDE",0,NA
6003,74074,"EN - Other:CH4","Energy","EN - Other",0,2025,"CH4",0,0,"WEM","BGR","bulgaria","SISEPUEDE",0,NA
6003,74074,"EN - Other:CH4","Energy","EN - Other",0,2026,"CH4",0,0,"WEM","BGR","bulgaria","SISEPUEDE",0,NA
6003,74074,"EN - Other:CH4","Energy","EN - Other",0,2027,"CH4",0,0,"WEM","BGR","bulgaria","SISEPUEDE",0,NA
6003,74074,"EN - Other:CH4","Energy","EN - Other",0,2028,"CH4",0,0,"WEM","BGR","bulgaria","SISEPUEDE",0,NA
6003,74074,"EN - Other:CH4","Energy","EN - Other",0,2029,"CH4",0,0,"WEM","BGR","bulgaria","SISEPUEDE",0,NA
6003,74074,"EN - Other:CH4","Energy","EN - Other",0,2030,"CH4",0,0,"WEM","BGR","bulgaria","SISEPUEDE",0,NA
6003,74074,"EN - Other:CH4","Energy","EN - Other",0,2031,"CH4",0,0,"WEM","BGR","bulgaria","SISEPUEDE",0,NA
6003,74074,"EN - Other:CH4","Energy","EN - Other",0,2032,"CH4",0,0,"WEM","BGR","bulgaria","SISEPUEDE",0,NA
6003,74074,"EN - Other:CH4","Energy","EN - Other",0,2033,"CH4",0,0,"WEM","BGR","bulgaria","SISEPUEDE",0,NA
6003,74074,"EN - Other:CH4","Energy","EN - Other",0,2034,"CH4",0,0,"WEM","BGR","bulgaria","SISEPUEDE",0,NA
6003,74074,"EN - Other:CH4","Energy","EN - Other",0,2035,"CH4",0,0,"WEM","BGR","bulgaria","SISEPUEDE",0,NA
6003,74074,"EN - Other:CH4","Energy","EN - Other",0,2036,"CH4",0,0,"WEM","BGR","bulgaria","SISEPUEDE",0,NA
6003,74074,"EN - Other:CH4","Energy","EN - Other",0,2037,"CH4",0,0,"WEM","BGR","bulgaria","SISEPUEDE",0,NA
6003,74074,"EN - Other:CH4","Energy","EN - Other",0,2038,"CH4",0,0,"WEM","BGR","bulgaria","SISEPUEDE",0,NA
6003,74074,"EN - Other:CH4","Energy","EN - Other",0,2039,"CH4",0,0,"WEM","BGR","bulgaria","SISEPUEDE",0,NA
6003,74074,"EN - Other:CH4","Energy","EN - Other",0,2040,"CH4",0,0,"WEM","BGR","bulgaria","SISEPUEDE",0,NA
6003,74074,"EN - Other:CH4","Energy","EN - Other",0,2041,"CH4",0,0,"WEM","BGR","bulgaria","SISEPUEDE",0,NA
6003,74074,"EN - Other:CH4","Energy","EN - Other",0,2042,"CH4",0,0,"WEM","BGR","bulgaria","SISEPUEDE",0,NA
6003,74074,"EN - Other:CH4","Energy","EN - Other",0,2043,"CH4",0,0,"WEM","BGR","bulgaria","SISEPUEDE",0,NA
6003,74074,"EN - Other:CH4","Energy","EN - Other",0,2044,"CH4",0,0,"WEM","BGR","bulgaria","SISEPUEDE",0,NA
6003,74074,"EN - Other:CH4","Energy","EN - Other",0,2045,"CH4",0,0,"WEM","BGR","bulgaria","SISEPUEDE",0,NA
6003,74074,"EN - Other:CH4","Energy","EN - Other",0,2046,"CH4",0,0,"WEM","BGR","bulgaria","SISEPUEDE",0,NA
6003,74074,"EN - Other:CH4","Energy","EN - Other",0,2047,"CH4",0,0,"WEM","BGR","bulgaria","SISEPUEDE",0,NA
6003,74074,"EN - Other:CH4","Energy","EN - Other",0,2048,"CH4",0,0,"WEM","BGR","bulgaria","SISEPUEDE",0,NA
6003,74074,"EN - Other:CH4","Energy","EN - Other",0,2049,"CH4",0,0,"WEM","BGR","bulgaria","SISEPUEDE",0,NA
6003,74074,"EN - Other:CH4","Energy","EN - Other",0,2050,"CH4",0,0,"WEM","BGR","bulgaria","SISEPUEDE",0,NA
6003,74074,"EN - Other:CO2","Energy","EN - Other",0,2022,"CO2",0,0,"WEM","BGR","bulgaria","SISEPUEDE",0,NA
6003,74074,"EN - Other:CO2","Energy","EN - Other",0,2023,"CO2",0,0,"WEM","BGR","bulgaria","SISEPUEDE",0,NA
6003,74074,"EN - Other:CO2","Energy","EN - Other",0,2024,"CO2",0,0,"WEM","BGR","bulgaria","SISEPUEDE",0,NA
6003,74074,"EN - Other:CO2","Energy","EN - Other",0,2025,"CO2",0,0,"WEM","BGR","bulgaria","SISEPUEDE",0,NA
6003,74074,"EN - Other:CO2","Energy","EN - Other",0,2026,"CO2",0,0,"WEM","BGR","bulgaria","SISEPUEDE",0,NA
6003,74074,"EN - Other:CO2","Energy","EN - Other",0,2027,"CO2",0,0,"WEM","BGR","bulgaria","SISEPUEDE",0,NA
6003,74074,"EN - Other:CO2","Energy","EN - Other",0,2028,"CO2",0,0,"WEM","BGR","bulgaria","SISEPUEDE",0,NA
6003,74074,"EN - Other:CO2","Energy","EN - Other",0,2029,"CO2",0,0,"WEM","BGR","bulgaria","SISEPUEDE",0,NA
6003,74074,"EN - Other:CO2","Energy","EN - Other",0,2030,"CO2",0,0,"WEM","BGR","bulgaria","SISEPUEDE",0,NA
6003,74074,"EN - Other:CO2","Energy","EN - Other",0,2031,"CO2",0,0,"WEM","BGR","bulgaria","SISEPUEDE",0,NA
6003,74074,"EN - Other:CO2","Energy","EN - Other",0,2032,"CO2",0,0,"WEM","BGR","bulgaria","SISEPUEDE",0,NA
6003,74074,"EN - Other:CO2","Energy","EN - Other",0,2033,"CO2",0,0,"WEM","BGR","bulgaria","SISEPUEDE",0,NA
6003,74074,"EN - Other:CO2","Energy","EN - Other",0,2034,"CO2",0,0,"WEM","BGR","bulgaria","SISEPUEDE",0,NA
6003,74074,"EN - Other:CO2","Energy","EN - Other",0,2035,"CO2",0,0,"WEM","BGR","bulgaria","SISEPUEDE",0,NA
6003,74074,"EN - Other:CO2","Energy","EN - Other",0,2036,"CO2",0,0,"WEM","BGR","bulgaria","SISEPUEDE",0,NA
6003,74074,"EN - Other:CO2","Energy","EN - Other",0,2037,"CO2",0,0,"WEM","BGR","bulgaria","SISEPUEDE",0,NA
6003,74074,"EN - Other:CO2","Energy","EN - Other",0,2038,"CO2",0,0,"WEM","BGR","bulgaria","SISEPUEDE",0,NA
6003,74074,"EN - Other:CO2","Energy","EN - Other",0,2039,"CO2",0,0,"WEM","BGR","bulgaria","SISEPUEDE",0,NA
6003,74074,"EN - Other:CO2","Energy","EN - Other",0,2040,"CO2",0,0,"WEM","BGR","bulgaria","SISEPUEDE",0,NA
6003,74074,"EN - Other:CO2","Energy","EN - Other",0,2041,"CO2",0,0,"WEM","BGR","bulgaria","SISEPUEDE",0,NA
6003,74074,"EN - Other:CO2","Energy","EN - Other",0,2042,"CO2",0,0,"WEM","BGR","bulgaria","SISEPUEDE",0,NA
6003,74074,"EN - Other:CO2","Energy","EN - Other",0,2043,"CO2",0,0,"WEM","BGR","bulgaria","SISEPUEDE",0,NA
6003,74074,"EN - Other:CO2","Energy","EN - Other",0,2044,"CO2",0,0,"WEM","BGR","bulgaria","SISEPUEDE",0,NA
6003,74074,"EN - Other:CO2","Energy","EN - Other",0,2045,"CO2",0,0,"WEM","BGR","bulgaria","SISEPUEDE",0,NA
6003,74074,"EN - Other:CO2","Energy","EN - Other",0,2046,"CO2",0,0,"WEM","BGR","bulgaria","SISEPUEDE",0,NA
6003,74074,"EN - Other:CO2","Energy","EN - Other",0,2047,"CO2",0,0,"WEM","BGR","bulgaria","SISEPUEDE",0,NA
6003,74074,"EN - Other:CO2","Energy","EN - Other",0,2048,"CO2",0,0,"WEM","BGR","bulgaria","SISEPUEDE",0,NA
6003,74074,"EN - Other:CO2","Energy","EN - Other",0,2049,"CO2",0,0,"WEM","BGR","bulgaria","SISEPUEDE",0,NA
6003,74074,"EN - Other:CO2","Energy","EN - Other",0,2050,"CO2",0,0,"WEM","BGR","bulgaria","SISEPUEDE",0,NA
6003,74074,"EN - Other:N2O","Energy","EN - Other",0,2022,"N2O",0,0,"WEM","BGR","bulgaria","SISEPUEDE",0,NA
6003,74074,"EN - Other:N2O","Energy","EN - Other",0,2023,"N2O",0,0,"WEM","BGR","bulgaria","SISEPUEDE",0,NA
6003,74074,"EN - Other:N2O","Energy","EN - Other",0,2024,"N2O",0,0,"WEM","BGR","bulgaria","SISEPUEDE",0,NA
6003,74074,"EN - Other:N2O","Energy","EN - Other",0,2025,"N2O",0,0,"WEM","BGR","bulgaria","SISEPUEDE",0,NA
6003,74074,"EN - Other:N2O","Energy","EN - Other",0,2026,"N2O",0,0,"WEM","BGR","bulgaria","SISEPUEDE",0,NA
6003,74074,"EN - Other:N2O","Energy","EN - Other",0,2027,"N2O",0,0,"WEM","BGR","bulgaria","SISEPUEDE",0,NA
6003,74074,"EN - Other:N2O","Energy","EN - Other",0,2028,"N2O",0,0,"WEM","BGR","bulgaria","SISEPUEDE",0,NA
6003,74074,"EN - Other:N2O","Energy","EN - Other",0,2029,"N2O",0,0,"WEM","BGR","bulgaria","SISEPUEDE",0,NA
6003,74074,"EN - Other:N2O","Energy","EN - Other",0,2030,"N2O",0,0,"WEM","BGR","bulgaria","SISEPUEDE",0,NA
6003,74074,"EN - Other:N2O","Energy","EN - Other",0,2031,"N2O",0,0,"WEM","BGR","bulgaria","SISEPUEDE",0,NA
6003,74074,"EN - Other:N2O","Energy","EN - Other",0,2032,"N2O",0,0,"WEM","BGR","bulgaria","SISEPUEDE",0,NA
6003,74074,"EN - Other:N2O","Energy","EN - Other",0,2033,"N2O",0,0,"WEM","BGR","bulgaria","SISEPUEDE",0,NA
6003,74074,"EN - Other:N2O","Energy","EN - Other",0,2034,"N2O",0,0,"WEM","BGR","bulgaria","SISEPUEDE",0,NA
6003,74074,"EN - Other:N2O","Energy","EN - Other",0,2035,"N2O",0,0,"WEM","BGR","bulgaria","SISEPUEDE",0,NA
6003,74074,"EN - Other:N2O","Energy","EN - Other",0,2036,"N2O",0,0,"WEM","BGR","bulgaria","SISEPUEDE",0,NA
6003,74074,"EN - Other:N2O","Energy","EN - Other",0,2037,"N2O",0,0,"WEM","BGR","bulgaria","SISEPUEDE",0,NA
6003,74074,"EN - Other:N2O","Energy","EN - Other",0,2038,"N2O",0,0,"WEM","BGR","bulgaria","SISEPUEDE",0,NA
6003,74074,"EN - Other:N2O","Energy","EN - Other",0,2039,"N2O",0,0,"WEM","BGR","bulgaria","SISEPUEDE",0,NA
6003,74074,"EN - Other:N2O","Energy","EN - Other",0,2040,"N2O",0,0,"WEM","BGR","bulgaria","SISEPUEDE",0,NA
6003,74074,"EN - Other:N2O","Energy","EN - Other",0,2041,"N2O",0,0,"WEM","BGR","bulgaria","SISEPUEDE",0,NA
6003,74074,"EN - Other:N2O","Energy","EN - Other",0,2042,"N2O",0,0,"WEM","BGR","bulgaria","SISEPUEDE",0,NA
6003,74074,"EN - Other:N2O","Energy","EN - Other",0,2043,"N2O",0,0,"WEM","BGR","bulgaria","SISEPUEDE",0,NA
6003,74074,"EN - Other:N2O","Energy","EN - Other",0,2044,"N2O",0,0,"WEM","BGR","bulgaria","SISEPUEDE",0,NA
6003,74074,"EN - Other:N2O","Energy","EN - Other",0,2045,"N2O",0,0,"WEM","BGR","bulgaria","SISEPUEDE",0,NA
6003,74074,"EN - Other:N2O","Energy","EN - Other",0,2046,"N2O",0,0,"WEM","BGR","bulgaria","SISEPUEDE",0,NA
6003,74074,"EN - Other:N2O","Energy","EN - Other",0,2047,"N2O",0,0,"WEM","BGR","bulgaria","SISEPUEDE",0,NA
6003,74074,"EN - Other:N2O","Energy","EN - Other",0,2048,"N2O",0,0,"WEM","BGR","bulgaria","SISEPUEDE",0,NA
6003,74074,"EN - Other:N2O","Energy","EN - Other",0,2049,"N2O",0,0,"WEM","BGR","bulgaria","SISEPUEDE",0,NA
6003,74074,"EN - Other:N2O","Energy","EN - Other",0,2050,"N2O",0,0,"WEM","BGR","bulgaria","SISEPUEDE",0,NA
6003,74074,"EN - Transportation:CH4","Energy","EN - Transportation",0.0506598140000001,2022,"CH4",0,0,"WEM","BGR","bulgaria","SISEPUEDE",0.0506598140000001,NA
6003,74074,"EN - Transportation:CH4","Energy","EN - Transportation",0.0518532246907755,2023,"CH4",0,0,"WEM","BGR","bulgaria","SISEPUEDE",0.0518532246907755,NA
6003,74074,"EN - Transportation:CH4","Energy","EN - Transportation",0.0540390450146706,2024,"CH4",0,0,"WEM","BGR","bulgaria","SISEPUEDE",0.0540390450146706,NA
6003,74074,"EN - Transportation:CH4","Energy","EN - Transportation",0.056092477818864,2025,"CH4",0,0,"WEM","BGR","bulgaria","SISEPUEDE",0.056092477818864,NA
6003,74074,"EN - Transportation:CH4","Energy","EN - Transportation",0.0581716467202625,2026,"CH4",0,0,"WEM","BGR","bulgaria","SISEPUEDE",0.0581716467202625,NA
6003,74074,"EN - Transportation:CH4","Energy","EN - Transportation",0.0604816991169455,2027,"CH4",0,0,"WEM","BGR","bulgaria","SISEPUEDE",0.0604816991169455,NA
6003,74074,"EN - Transportation:CH4","Energy","EN - Transportation",0.0596647493183431,2028,"CH4",0,0,"WEM","BGR","bulgaria","SISEPUEDE",0.0596647493183431,NA
6003,74074,"EN - Transportation:CH4","Energy","EN - Transportation",0.0586405252713889,2029,"CH4",0,0,"WEM","BGR","bulgaria","SISEPUEDE",0.0586405252713889,NA
6003,74074,"EN - Transportation:CH4","Energy","EN - Transportation",0.0575519534124644,2030,"CH4",0,0,"WEM","BGR","bulgaria","SISEPUEDE",0.0575519534124644,NA
6003,74074,"EN - Transportation:CH4","Energy","EN - Transportation",0.0563346204259407,2031,"CH4",0,0,"WEM","BGR","bulgaria","SISEPUEDE",0.0563346204259407,NA
6003,74074,"EN - Transportation:CH4","Energy","EN - Transportation",0.055045693962437,2032,"CH4",0,0,"WEM","BGR","bulgaria","SISEPUEDE",0.055045693962437,NA
6003,74074,"EN - Transportation:CH4","Energy","EN - Transportation",0.0536735135951252,2033,"CH4",0,0,"WEM","BGR","bulgaria","SISEPUEDE",0.0536735135951252,NA
6003,74074,"EN - Transportation:CH4","Energy","EN - Transportation",0.0521992774080143,2034,"CH4",0,0,"WEM","BGR","bulgaria","SISEPUEDE",0.0521992774080143,NA
6003,74074,"EN - Transportation:CH4","Energy","EN - Transportation",0.0506061527318301,2035,"CH4",0,0,"WEM","BGR","bulgaria","SISEPUEDE",0.0506061527318301,NA
6003,74074,"EN - Transportation:CH4","Energy","EN - Transportation",0.0488646889667789,2036,"CH4",0,0,"WEM","BGR","bulgaria","SISEPUEDE",0.0488646889667789,NA
6003,74074,"EN - Transportation:CH4","Energy","EN - Transportation",0.0470346517936066,2037,"CH4",0,0,"WEM","BGR","bulgaria","SISEPUEDE",0.0470346517936066,NA
6003,74074,"EN - Transportation:CH4","Energy","EN - Transportation",0.0451110579514516,2038,"CH4",0,0,"WEM","BGR","bulgaria","SISEPUEDE",0.0451110579514516,NA
6003,74074,"EN - Transportation:CH4","Energy","EN - Transportation",0.043079081663422,2039,"CH4",0,0,"WEM","BGR","bulgaria","SISEPUEDE",0.043079081663422,NA
6003,74074,"EN - Transportation:CH4","Energy","EN - Transportation",0.0409694494553549,2040,"CH4",0,0,"WEM","BGR","bulgaria","SISEPUEDE",0.0409694494553549,NA
6003,74074,"EN - Transportation:CH4","Energy","EN - Transportation",0.0387121208171101,2041,"CH4",0,0,"WEM","BGR","bulgaria","SISEPUEDE",0.0387121208171101,NA
6003,74074,"EN - Transportation:CH4","Energy","EN - Transportation",0.0363822131811262,2042,"CH4",0,0,"WEM","BGR","bulgaria","SISEPUEDE",0.0363822131811262,NA
6003,74074,"EN - Transportation:CH4","Energy","EN - Transportation",0.0339840227910331,2043,"CH4",0,0,"WEM","BGR","bulgaria","SISEPUEDE",0.0339840227910331,NA
6003,74074,"EN - Transportation:CH4","Energy","EN - Transportation",0.031519168161188,2044,"CH4",0,0,"WEM","BGR","bulgaria","SISEPUEDE",0.031519168161188,NA
6003,74074,"EN - Transportation:CH4","Energy","EN - Transportation",0.0290001664882154,2045,"CH4",0,0,"WEM","BGR","bulgaria","SISEPUEDE",0.0290001664882154,NA
6003,74074,"EN - Transportation:CH4","Energy","EN - Transportation",0.0263932216438589,2046,"CH4",0,0,"WEM","BGR","bulgaria","SISEPUEDE",0.0263932216438589,NA
6003,74074,"EN - Transportation:CH4","Energy","EN - Transportation",0.0237451425834479,2047,"CH4",0,0,"WEM","BGR","bulgaria","SISEPUEDE",0.0237451425834479,NA
6003,74074,"EN - Transportation:CH4","Energy","EN - Transportation",0.0210457112158562,2048,"CH4",0,0,"WEM","BGR","bulgaria","SISEPUEDE",0.0210457112158562,NA
6003,74074,"EN - Transportation:CH4","Energy","EN - Transportation",0.0182898287386327,2049,"CH4",0,0,"WEM","BGR","bulgaria","SISEPUEDE",0.0182898287386327,NA
6003,74074,"EN - Transportation:CH4","Energy","EN - Transportation",0.015476514769651,2050,"CH4",0,0,"WEM","BGR","bulgaria","SISEPUEDE",0.015476514769651,NA
6003,74074,"EN - Transportation:CO2","Energy","EN - Transportation",10.31481115,2022,"CO2",0,0,"WEM","BGR","bulgaria","SISEPUEDE",10.31481115,NA
6003,74074,"EN - Transportation:CO2","Energy","EN - Transportation",10.6005608504996,2023,"CO2",0,0,"WEM","BGR","bulgaria","SISEPUEDE",10.6005608504996,NA
6003,74074,"EN - Transportation:CO2","Energy","EN - Transportation",11.1263027751142,2024,"CO2",0,0,"WEM","BGR","bulgaria","SISEPUEDE",11.1263027751142,NA
6003,74074,"EN - Transportation:CO2","Energy","EN - Transportation",11.6299936321334,2025,"CO2",0,0,"WEM","BGR","bulgaria","SISEPUEDE",11.6299936321334,NA
6003,74074,"EN - Transportation:CO2","Energy","EN - Transportation",12.1466468340788,2026,"CO2",0,0,"WEM","BGR","bulgaria","SISEPUEDE",12.1466468340788,NA
6003,74074,"EN - Transportation:CO2","Energy","EN - Transportation",12.7268456553773,2027,"CO2",0,0,"WEM","BGR","bulgaria","SISEPUEDE",12.7268456553773,NA
6003,74074,"EN - Transportation:CO2","Energy","EN - Transportation",12.7140678735558,2028,"CO2",0,0,"WEM","BGR","bulgaria","SISEPUEDE",12.7140678735558,NA
6003,74074,"EN - Transportation:CO2","Energy","EN - Transportation",12.6610929178565,2029,"CO2",0,0,"WEM","BGR","bulgaria","SISEPUEDE",12.6610929178565,NA
6003,74074,"EN - Transportation:CO2","Energy","EN - Transportation",12.6035810505991,2030,"CO2",0,0,"WEM","BGR","bulgaria","SISEPUEDE",12.6035810505991,NA
6003,74074,"EN - Transportation:CO2","Energy","EN - Transportation",12.5249084805336,2031,"CO2",0,0,"WEM","BGR","bulgaria","SISEPUEDE",12.5249084805336,NA
6003,74074,"EN - Transportation:CO2","Energy","EN - Transportation",12.44010179178,2032,"CO2",0,0,"WEM","BGR","bulgaria","SISEPUEDE",12.44010179178,NA
6003,74074,"EN - Transportation:CO2","Energy","EN - Transportation",12.3462810068504,2033,"CO2",0,0,"WEM","BGR","bulgaria","SISEPUEDE",12.3462810068504,NA
6003,74074,"EN - Transportation:CO2","Energy","EN - Transportation",12.2379606091607,2034,"CO2",0,0,"WEM","BGR","bulgaria","SISEPUEDE",12.2379606091607,NA
6003,74074,"EN - Transportation:CO2","Energy","EN - Transportation",12.1078949464063,2035,"CO2",0,0,"WEM","BGR","bulgaria","SISEPUEDE",12.1078949464063,NA
6003,74074,"EN - Transportation:CO2","Energy","EN - Transportation",11.9494768074102,2036,"CO2",0,0,"WEM","BGR","bulgaria","SISEPUEDE",11.9494768074102,NA
6003,74074,"EN - Transportation:CO2","Energy","EN - Transportation",11.7799276333848,2037,"CO2",0,0,"WEM","BGR","bulgaria","SISEPUEDE",11.7799276333848,NA
6003,74074,"EN - Transportation:CO2","Energy","EN - Transportation",11.5974221917908,2038,"CO2",0,0,"WEM","BGR","bulgaria","SISEPUEDE",11.5974221917908,NA
6003,74074,"EN - Transportation:CO2","Energy","EN - Transportation",11.3960964146846,2039,"CO2",0,0,"WEM","BGR","bulgaria","SISEPUEDE",11.3960964146846,NA
6003,74074,"EN - Transportation:CO2","Energy","EN - Transportation",11.1854976246925,2040,"CO2",0,0,"WEM","BGR","bulgaria","SISEPUEDE",11.1854976246925,NA
6003,74074,"EN - Transportation:CO2","Energy","EN - Transportation",10.9405495210556,2041,"CO2",0,0,"WEM","BGR","bulgaria","SISEPUEDE",10.9405495210556,NA
6003,74074,"EN - Transportation:CO2","Energy","EN - Transportation",10.6857289868705,2042,"CO2",0,0,"WEM","BGR","bulgaria","SISEPUEDE",10.6857289868705,NA
6003,74074,"EN - Transportation:CO2","Energy","EN - Transportation",10.4221391272475,2043,"CO2",0,0,"WEM","BGR","bulgaria","SISEPUEDE",10.4221391272475,NA
6003,74074,"EN - Transportation:CO2","Energy","EN - Transportation",10.149824434743,2044,"CO2",0,0,"WEM","BGR","bulgaria","SISEPUEDE",10.149824434743,NA
6003,74074,"EN - Transportation:CO2","Energy","EN - Transportation",9.87322106288942,2045,"CO2",0,0,"WEM","BGR","bulgaria","SISEPUEDE",9.87322106288942,NA
6003,74074,"EN - Transportation:CO2","Energy","EN - Transportation",9.57682765536673,2046,"CO2",0,0,"WEM","BGR","bulgaria","SISEPUEDE",9.57682765536673,NA
6003,74074,"EN - Transportation:CO2","Energy","EN - Transportation",9.27995182404689,2047,"CO2",0,0,"WEM","BGR","bulgaria","SISEPUEDE",9.27995182404689,NA
6003,74074,"EN - Transportation:CO2","Energy","EN - Transportation",8.9774805806988,2048,"CO2",0,0,"WEM","BGR","bulgaria","SISEPUEDE",8.9774805806988,NA
6003,74074,"EN - Transportation:CO2","Energy","EN - Transportation",8.66547570717803,2049,"CO2",0,0,"WEM","BGR","bulgaria","SISEPUEDE",8.66547570717803,NA
6003,74074,"EN - Transportation:CO2","Energy","EN - Transportation",8.34111911016711,2050,"CO2",0,0,"WEM","BGR","bulgaria","SISEPUEDE",8.34111911016711,NA
6003,74074,"EN - Transportation:N2O","Energy","EN - Transportation",0.089264459,2022,"N2O",0,0,"WEM","BGR","bulgaria","SISEPUEDE",0.089264459,NA
6003,74074,"EN - Transportation:N2O","Energy","EN - Transportation",0.0915932441869697,2023,"N2O",0,0,"WEM","BGR","bulgaria","SISEPUEDE",0.0915932441869697,NA
6003,74074,"EN - Transportation:N2O","Energy","EN - Transportation",0.0958685144946338,2024,"N2O",0,0,"WEM","BGR","bulgaria","SISEPUEDE",0.0958685144946338,NA
6003,74074,"EN - Transportation:N2O","Energy","EN - Transportation",0.0999363242112373,2025,"N2O",0,0,"WEM","BGR","bulgaria","SISEPUEDE",0.0999363242112373,NA
6003,74074,"EN - Transportation:N2O","Energy","EN - Transportation",0.104089955151194,2026,"N2O",0,0,"WEM","BGR","bulgaria","SISEPUEDE",0.104089955151194,NA
6003,74074,"EN - Transportation:N2O","Energy","EN - Transportation",0.108736851824181,2027,"N2O",0,0,"WEM","BGR","bulgaria","SISEPUEDE",0.108736851824181,NA
6003,74074,"EN - Transportation:N2O","Energy","EN - Transportation",0.108565018365076,2028,"N2O",0,0,"WEM","BGR","bulgaria","SISEPUEDE",0.108565018365076,NA
6003,74074,"EN - Transportation:N2O","Energy","EN - Transportation",0.108051617359072,2029,"N2O",0,0,"WEM","BGR","bulgaria","SISEPUEDE",0.108051617359072,NA
6003,74074,"EN - Transportation:N2O","Energy","EN - Transportation",0.107482893575231,2030,"N2O",0,0,"WEM","BGR","bulgaria","SISEPUEDE",0.107482893575231,NA
6003,74074,"EN - Transportation:N2O","Energy","EN - Transportation",0.106725546778205,2031,"N2O",0,0,"WEM","BGR","bulgaria","SISEPUEDE",0.106725546778205,NA
6003,74074,"EN - Transportation:N2O","Energy","EN - Transportation",0.105898847560701,2032,"N2O",0,0,"WEM","BGR","bulgaria","SISEPUEDE",0.105898847560701,NA
6003,74074,"EN - Transportation:N2O","Energy","EN - Transportation",0.1049793483293,2033,"N2O",0,0,"WEM","BGR","bulgaria","SISEPUEDE",0.1049793483293,NA
6003,74074,"EN - Transportation:N2O","Energy","EN - Transportation",0.103924462529284,2034,"N2O",0,0,"WEM","BGR","bulgaria","SISEPUEDE",0.103924462529284,NA
6003,74074,"EN - Transportation:N2O","Energy","EN - Transportation",0.102684084723813,2035,"N2O",0,0,"WEM","BGR","bulgaria","SISEPUEDE",0.102684084723813,NA
6003,74074,"EN - Transportation:N2O","Energy","EN - Transportation",0.101199404452432,2036,"N2O",0,0,"WEM","BGR","bulgaria","SISEPUEDE",0.101199404452432,NA
6003,74074,"EN - Transportation:N2O","Energy","EN - Transportation",0.0996048346326991,2037,"N2O",0,0,"WEM","BGR","bulgaria","SISEPUEDE",0.0996048346326991,NA
6003,74074,"EN - Transportation:N2O","Energy","EN - Transportation",0.0978865388034353,2038,"N2O",0,0,"WEM","BGR","bulgaria","SISEPUEDE",0.0978865388034353,NA
6003,74074,"EN - Transportation:N2O","Energy","EN - Transportation",0.0960016339142573,2039,"N2O",0,0,"WEM","BGR","bulgaria","SISEPUEDE",0.0960016339142573,NA
6003,74074,"EN - Transportation:N2O","Energy","EN - Transportation",0.094023596445067,2040,"N2O",0,0,"WEM","BGR","bulgaria","SISEPUEDE",0.094023596445067,NA
6003,74074,"EN - Transportation:N2O","Energy","EN - Transportation",0.091762784487699,2041,"N2O",0,0,"WEM","BGR","bulgaria","SISEPUEDE",0.091762784487699,NA
6003,74074,"EN - Transportation:N2O","Energy","EN - Transportation",0.0894066157332464,2042,"N2O",0,0,"WEM","BGR","bulgaria","SISEPUEDE",0.0894066157332464,NA
6003,74074,"EN - Transportation:N2O","Energy","EN - Transportation",0.0869635820622005,2043,"N2O",0,0,"WEM","BGR","bulgaria","SISEPUEDE",0.0869635820622005,NA
6003,74074,"EN - Transportation:N2O","Energy","EN - Transportation",0.0844343420386423,2044,"N2O",0,0,"WEM","BGR","bulgaria","SISEPUEDE",0.0844343420386423,NA
6003,74074,"EN - Transportation:N2O","Energy","EN - Transportation",0.0818524404530869,2045,"N2O",0,0,"WEM","BGR","bulgaria","SISEPUEDE",0.0818524404530869,NA
6003,74074,"EN - Transportation:N2O","Energy","EN - Transportation",0.0791047155278356,2046,"N2O",0,0,"WEM","BGR","bulgaria","SISEPUEDE",0.0791047155278356,NA
6003,74074,"EN - Transportation:N2O","Energy","EN - Transportation",0.0763333935498515,2047,"N2O",0,0,"WEM","BGR","bulgaria","SISEPUEDE",0.0763333935498515,NA
6003,74074,"EN - Transportation:N2O","Energy","EN - Transportation",0.073501538600481,2048,"N2O",0,0,"WEM","BGR","bulgaria","SISEPUEDE",0.073501538600481,NA
6003,74074,"EN - Transportation:N2O","Energy","EN - Transportation",0.0705821710699659,2049,"N2O",0,0,"WEM","BGR","bulgaria","SISEPUEDE",0.0705821710699659,NA
6003,74074,"EN - Transportation:N2O","Energy","EN - Transportation",0.0675570091516757,2050,"N2O",0,0,"WEM","BGR","bulgaria","SISEPUEDE",0.0675570091516757,NA
6003,74074,"IN - Industrial Processes:CH4","Industrial Processes","IN - Industrial Processes",0,2022,"CH4",0,0,"WEM","BGR","bulgaria","SISEPUEDE",0,NA
6003,74074,"IN - Industrial Processes:CH4","Industrial Processes","IN - Industrial Processes",0,2023,"CH4",0,0,"WEM","BGR","bulgaria","SISEPUEDE",0,NA
6003,74074,"IN - Industrial Processes:CH4","Industrial Processes","IN - Industrial Processes",0,2024,"CH4",0,0,"WEM","BGR","bulgaria","SISEPUEDE",0,NA
6003,74074,"IN - Industrial Processes:CH4","Industrial Processes","IN - Industrial Processes",0,2025,"CH4",0,0,"WEM","BGR","bulgaria","SISEPUEDE",0,NA
6003,74074,"IN - Industrial Processes:CH4","Industrial Processes","IN - Industrial Processes",0,2026,"CH4",0,0,"WEM","BGR","bulgaria","SISEPUEDE",0,NA
6003,74074,"IN - Industrial Processes:CH4","Industrial Processes","IN - Industrial Processes",0,2027,"CH4",0,0,"WEM","BGR","bulgaria","SISEPUEDE",0,NA
6003,74074,"IN - Industrial Processes:CH4","Industrial Processes","IN - Industrial Processes",0,2028,"CH4",0,0,"WEM","BGR","bulgaria","SISEPUEDE",0,NA
6003,74074,"IN - Industrial Processes:CH4","Industrial Processes","IN - Industrial Processes",0,2029,"CH4",0,0,"WEM","BGR","bulgaria","SISEPUEDE",0,NA
6003,74074,"IN - Industrial Processes:CH4","Industrial Processes","IN - Industrial Processes",0,2030,"CH4",0,0,"WEM","BGR","bulgaria","SISEPUEDE",0,NA
6003,74074,"IN - Industrial Processes:CH4","Industrial Processes","IN - Industrial Processes",0,2031,"CH4",0,0,"WEM","BGR","bulgaria","SISEPUEDE",0,NA
6003,74074,"IN - Industrial Processes:CH4","Industrial Processes","IN - Industrial Processes",0,2032,"CH4",0,0,"WEM","BGR","bulgaria","SISEPUEDE",0,NA
6003,74074,"IN - Industrial Processes:CH4","Industrial Processes","IN - Industrial Processes",0,2033,"CH4",0,0,"WEM","BGR","bulgaria","SISEPUEDE",0,NA
6003,74074,"IN - Industrial Processes:CH4","Industrial Processes","IN - Industrial Processes",0,2034,"CH4",0,0,"WEM","BGR","bulgaria","SISEPUEDE",0,NA
6003,74074,"IN - Industrial Processes:CH4","Industrial Processes","IN - Industrial Processes",0,2035,"CH4",0,0,"WEM","BGR","bulgaria","SISEPUEDE",0,NA
6003,74074,"IN - Industrial Processes:CH4","Industrial Processes","IN - Industrial Processes",0,2036,"CH4",0,0,"WEM","BGR","bulgaria","SISEPUEDE",0,NA
6003,74074,"IN - Industrial Processes:CH4","Industrial Processes","IN - Industrial Processes",0,2037,"CH4",0,0,"WEM","BGR","bulgaria","SISEPUEDE",0,NA
6003,74074,"IN - Industrial Processes:CH4","Industrial Processes","IN - Industrial Processes",0,2038,"CH4",0,0,"WEM","BGR","bulgaria","SISEPUEDE",0,NA
6003,74074,"IN - Industrial Processes:CH4","Industrial Processes","IN - Industrial Processes",0,2039,"CH4",0,0,"WEM","BGR","bulgaria","SISEPUEDE",0,NA
6003,74074,"IN - Industrial Processes:CH4","Industrial Processes","IN - Industrial Processes",0,2040,"CH4",0,0,"WEM","BGR","bulgaria","SISEPUEDE",0,NA
6003,74074,"IN - Industrial Processes:CH4","Industrial Processes","IN - Industrial Processes",0,2041,"CH4",0,0,"WEM","BGR","bulgaria","SISEPUEDE",0,NA
6003,74074,"IN - Industrial Processes:CH4","Industrial Processes","IN - Industrial Processes",0,2042,"CH4",0,0,"WEM","BGR","bulgaria","SISEPUEDE",0,NA
6003,74074,"IN - Industrial Processes:CH4","Industrial Processes","IN - Industrial Processes",0,2043,"CH4",0,0,"WEM","BGR","bulgaria","SISEPUEDE",0,NA
6003,74074,"IN - Industrial Processes:CH4","Industrial Processes","IN - Industrial Processes",0,2044,"CH4",0,0,"WEM","BGR","bulgaria","SISEPUEDE",0,NA
6003,74074,"IN - Industrial Processes:CH4","Industrial Processes","IN - Industrial Processes",0,2045,"CH4",0,0,"WEM","BGR","bulgaria","SISEPUEDE",0,NA
6003,74074,"IN - Industrial Processes:CH4","Industrial Processes","IN - Industrial Processes",0,2046,"CH4",0,0,"WEM","BGR","bulgaria","SISEPUEDE",0,NA
6003,74074,"IN - Industrial Processes:CH4","Industrial Processes","IN - Industrial Processes",0,2047,"CH4",0,0,"WEM","BGR","bulgaria","SISEPUEDE",0,NA
6003,74074,"IN - Industrial Processes:CH4","Industrial Processes","IN - Industrial Processes",0,2048,"CH4",0,0,"WEM","BGR","bulgaria","SISEPUEDE",0,NA
6003,74074,"IN - Industrial Processes:CH4","Industrial Processes","IN - Industrial Processes",0,2049,"CH4",0,0,"WEM","BGR","bulgaria","SISEPUEDE",0,NA
6003,74074,"IN - Industrial Processes:CH4","Industrial Processes","IN - Industrial Processes",0,2050,"CH4",0,0,"WEM","BGR","bulgaria","SISEPUEDE",0,NA
6003,74074,"IN - Industrial Processes:CO2","Industrial Processes","IN - Industrial Processes",3.77808,2022,"CO2",0,0,"WEM","BGR","bulgaria","SISEPUEDE",3.77808,NA
6003,74074,"IN - Industrial Processes:CO2","Industrial Processes","IN - Industrial Processes",3.78940429985666,2023,"CO2",0,0,"WEM","BGR","bulgaria","SISEPUEDE",3.78940429985666,NA
6003,74074,"IN - Industrial Processes:CO2","Industrial Processes","IN - Industrial Processes",3.83239190883757,2024,"CO2",0,0,"WEM","BGR","bulgaria","SISEPUEDE",3.83239190883757,NA
6003,74074,"IN - Industrial Processes:CO2","Industrial Processes","IN - Industrial Processes",3.86786741788449,2025,"CO2",0,0,"WEM","BGR","bulgaria","SISEPUEDE",3.86786741788449,NA
6003,74074,"IN - Industrial Processes:CO2","Industrial Processes","IN - Industrial Processes",3.9016323160248,2026,"CO2",0,0,"WEM","BGR","bulgaria","SISEPUEDE",3.9016323160248,NA
6003,74074,"IN - Industrial Processes:CO2","Industrial Processes","IN - Industrial Processes",3.93989381989704,2027,"CO2",0,0,"WEM","BGR","bulgaria","SISEPUEDE",3.93989381989704,NA
6003,74074,"IN - Industrial Processes:CO2","Industrial Processes","IN - Industrial Processes",3.9336208806061,2028,"CO2",0,0,"WEM","BGR","bulgaria","SISEPUEDE",3.9336208806061,NA
6003,74074,"IN - Industrial Processes:CO2","Industrial Processes","IN - Industrial Processes",3.9231477526046,2029,"CO2",0,0,"WEM","BGR","bulgaria","SISEPUEDE",3.9231477526046,NA
6003,74074,"IN - Industrial Processes:CO2","Industrial Processes","IN - Industrial Processes",3.91277569407515,2030,"CO2",0,0,"WEM","BGR","bulgaria","SISEPUEDE",3.91277569407515,NA
6003,74074,"IN - Industrial Processes:CO2","Industrial Processes","IN - Industrial Processes",3.90253183188103,2031,"CO2",0,0,"WEM","BGR","bulgaria","SISEPUEDE",3.90253183188103,NA
6003,74074,"IN - Industrial Processes:CO2","Industrial Processes","IN - Industrial Processes",3.90006166645534,2032,"CO2",0,0,"WEM","BGR","bulgaria","SISEPUEDE",3.90006166645534,NA
6003,74074,"IN - Industrial Processes:CO2","Industrial Processes","IN - Industrial Processes",3.89728492271849,2033,"CO2",0,0,"WEM","BGR","bulgaria","SISEPUEDE",3.89728492271849,NA
6003,74074,"IN - Industrial Processes:CO2","Industrial Processes","IN - Industrial Processes",3.89375155680421,2034,"CO2",0,0,"WEM","BGR","bulgaria","SISEPUEDE",3.89375155680421,NA
6003,74074,"IN - Industrial Processes:CO2","Industrial Processes","IN - Industrial Processes",3.88932711848488,2035,"CO2",0,0,"WEM","BGR","bulgaria","SISEPUEDE",3.88932711848488,NA
6003,74074,"IN - Industrial Processes:CO2","Industrial Processes","IN - Industrial Processes",3.88260587730476,2036,"CO2",0,0,"WEM","BGR","bulgaria","SISEPUEDE",3.88260587730476,NA
6003,74074,"IN - Industrial Processes:CO2","Industrial Processes","IN - Industrial Processes",3.87541955554844,2037,"CO2",0,0,"WEM","BGR","bulgaria","SISEPUEDE",3.87541955554844,NA
6003,74074,"IN - Industrial Processes:CO2","Industrial Processes","IN - Industrial Processes",3.86755016782339,2038,"CO2",0,0,"WEM","BGR","bulgaria","SISEPUEDE",3.86755016782339,NA
6003,74074,"IN - Industrial Processes:CO2","Industrial Processes","IN - Industrial Processes",3.85847654996073,2039,"CO2",0,0,"WEM","BGR","bulgaria","SISEPUEDE",3.85847654996073,NA
6003,74074,"IN - Industrial Processes:CO2","Industrial Processes","IN - Industrial Processes",3.84914432927304,2040,"CO2",0,0,"WEM","BGR","bulgaria","SISEPUEDE",3.84914432927304,NA
6003,74074,"IN - Industrial Processes:CO2","Industrial Processes","IN - Industrial Processes",3.83680211789637,2041,"CO2",0,0,"WEM","BGR","bulgaria","SISEPUEDE",3.83680211789637,NA
6003,74074,"IN - Industrial Processes:CO2","Industrial Processes","IN - Industrial Processes",3.82400809971513,2042,"CO2",0,0,"WEM","BGR","bulgaria","SISEPUEDE",3.82400809971513,NA
6003,74074,"IN - Industrial Processes:CO2","Industrial Processes","IN - Industrial Processes",3.81140971791879,2043,"CO2",0,0,"WEM","BGR","bulgaria","SISEPUEDE",3.81140971791879,NA
6003,74074,"IN - Industrial Processes:CO2","Industrial Processes","IN - Industrial Processes",3.79830423473475,2044,"CO2",0,0,"WEM","BGR","bulgaria","SISEPUEDE",3.79830423473475,NA
6003,74074,"IN - Industrial Processes:CO2","Industrial Processes","IN - Industrial Processes",3.78513871772131,2045,"CO2",0,0,"WEM","BGR","bulgaria","SISEPUEDE",3.78513871772131,NA
6003,74074,"IN - Industrial Processes:CO2","Industrial Processes","IN - Industrial Processes",3.77019761015516,2046,"CO2",0,0,"WEM","BGR","bulgaria","SISEPUEDE",3.77019761015516,NA
6003,74074,"IN - Industrial Processes:CO2","Industrial Processes","IN - Industrial Processes",3.7554550405494,2047,"CO2",0,0,"WEM","BGR","bulgaria","SISEPUEDE",3.7554550405494,NA
6003,74074,"IN - Industrial Processes:CO2","Industrial Processes","IN - Industrial Processes",3.74033495536184,2048,"CO2",0,0,"WEM","BGR","bulgaria","SISEPUEDE",3.74033495536184,NA
6003,74074,"IN - Industrial Processes:CO2","Industrial Processes","IN - Industrial Processes",3.72441958043727,2049,"CO2",0,0,"WEM","BGR","bulgaria","SISEPUEDE",3.72441958043727,NA
6003,74074,"IN - Industrial Processes:CO2","Industrial Processes","IN - Industrial Processes",3.70737731615633,2050,"CO2",0,0,"WEM","BGR","bulgaria","SISEPUEDE",3.70737731615633,NA
6003,74074,"IN - Industrial Processes:HFC","Industrial Processes","IN - Industrial Processes",0.70185,2022,"HFC",0,0,"WEM","BGR","bulgaria","SISEPUEDE",0.70185,NA
6003,74074,"IN - Industrial Processes:HFC","Industrial Processes","IN - Industrial Processes",0.681667166012999,2023,"HFC",0,0,"WEM","BGR","bulgaria","SISEPUEDE",0.681667166012999,NA
6003,74074,"IN - Industrial Processes:HFC","Industrial Processes","IN - Industrial Processes",0.667172318226512,2024,"HFC",0,0,"WEM","BGR","bulgaria","SISEPUEDE",0.667172318226512,NA
6003,74074,"IN - Industrial Processes:HFC","Industrial Processes","IN - Industrial Processes",0.65076973412015,2025,"HFC",0,0,"WEM","BGR","bulgaria","SISEPUEDE",0.65076973412015,NA
6003,74074,"IN - Industrial Processes:HFC","Industrial Processes","IN - Industrial Processes",0.633626619648435,2026,"HFC",0,0,"WEM","BGR","bulgaria","SISEPUEDE",0.633626619648435,NA
6003,74074,"IN - Industrial Processes:HFC","Industrial Processes","IN - Industrial Processes",0.616811891981093,2027,"HFC",0,0,"WEM","BGR","bulgaria","SISEPUEDE",0.616811891981093,NA
6003,74074,"IN - Industrial Processes:HFC","Industrial Processes","IN - Industrial Processes",0.596794506252411,2028,"HFC",0,0,"WEM","BGR","bulgaria","SISEPUEDE",0.596794506252411,NA
6003,74074,"IN - Industrial Processes:HFC","Industrial Processes","IN - Industrial Processes",0.5758494971874,2029,"HFC",0,0,"WEM","BGR","bulgaria","SISEPUEDE",0.5758494971874,NA
6003,74074,"IN - Industrial Processes:HFC","Industrial Processes","IN - Industrial Processes",0.55469525778273,2030,"HFC",0,0,"WEM","BGR","bulgaria","SISEPUEDE",0.55469525778273,NA
6003,74074,"IN - Industrial Processes:HFC","Industrial Processes","IN - Industrial Processes",0.533056848609509,2031,"HFC",0,0,"WEM","BGR","bulgaria","SISEPUEDE",0.533056848609509,NA
6003,74074,"IN - Industrial Processes:HFC","Industrial Processes","IN - Industrial Processes",0.511212518331543,2032,"HFC",0,0,"WEM","BGR","bulgaria","SISEPUEDE",0.511212518331543,NA
6003,74074,"IN - Industrial Processes:HFC","Industrial Processes","IN - Industrial Processes",0.489127730444963,2033,"HFC",0,0,"WEM","BGR","bulgaria","SISEPUEDE",0.489127730444963,NA
6003,74074,"IN - Industrial Processes:HFC","Industrial Processes","IN - Industrial Processes",0.466749555878839,2034,"HFC",0,0,"WEM","BGR","bulgaria","SISEPUEDE",0.466749555878839,NA
6003,74074,"IN - Industrial Processes:HFC","Industrial Processes","IN - Industrial Processes",0.444074110896749,2035,"HFC",0,0,"WEM","BGR","bulgaria","SISEPUEDE",0.444074110896749,NA
6003,74074,"IN - Industrial Processes:HFC","Industrial Processes","IN - Industrial Processes",0.420947600722614,2036,"HFC",0,0,"WEM","BGR","bulgaria","SISEPUEDE",0.420947600722614,NA
6003,74074,"IN - Industrial Processes:HFC","Industrial Processes","IN - Industrial Processes",0.397616838594448,2037,"HFC",0,0,"WEM","BGR","bulgaria","SISEPUEDE",0.397616838594448,NA
6003,74074,"IN - Industrial Processes:HFC","Industrial Processes","IN - Industrial Processes",0.374063742345363,2038,"HFC",0,0,"WEM","BGR","bulgaria","SISEPUEDE",0.374063742345363,NA
6003,74074,"IN - Industrial Processes:HFC","Industrial Processes","IN - Industrial Processes",0.35025068153481,2039,"HFC",0,0,"WEM","BGR","bulgaria","SISEPUEDE",0.35025068153481,NA
6003,74074,"IN - Industrial Processes:HFC","Industrial Processes","IN - Industrial Processes",0.32628795625234,2040,"HFC",0,0,"WEM","BGR","bulgaria","SISEPUEDE",0.32628795625234,NA
6003,74074,"IN - Industrial Processes:HFC","Industrial Processes","IN - Industrial Processes",0.30194123301326,2041,"HFC",0,0,"WEM","BGR","bulgaria","SISEPUEDE",0.30194123301326,NA
6003,74074,"IN - Industrial Processes:HFC","Industrial Processes","IN - Industrial Processes",0.277471212323207,2042,"HFC",0,0,"WEM","BGR","bulgaria","SISEPUEDE",0.277471212323207,NA
6003,74074,"IN - Industrial Processes:HFC","Industrial Processes","IN - Industrial Processes",0.252890143851838,2043,"HFC",0,0,"WEM","BGR","bulgaria","SISEPUEDE",0.252890143851838,NA
6003,74074,"IN - Industrial Processes:HFC","Industrial Processes","IN - Industrial Processes",0.228198967219742,2044,"HFC",0,0,"WEM","BGR","bulgaria","SISEPUEDE",0.228198967219742,NA
6003,74074,"IN - Industrial Processes:HFC","Industrial Processes","IN - Industrial Processes",0.203435243596564,2045,"HFC",0,0,"WEM","BGR","bulgaria","SISEPUEDE",0.203435243596564,NA
6003,74074,"IN - Industrial Processes:HFC","Industrial Processes","IN - Industrial Processes",0.178511855996889,2046,"HFC",0,0,"WEM","BGR","bulgaria","SISEPUEDE",0.178511855996889,NA
6003,74074,"IN - Industrial Processes:HFC","Industrial Processes","IN - Industrial Processes",0.153553749130142,2047,"HFC",0,0,"WEM","BGR","bulgaria","SISEPUEDE",0.153553749130142,NA
6003,74074,"IN - Industrial Processes:HFC","Industrial Processes","IN - Industrial Processes",0.128533129257526,2048,"HFC",0,0,"WEM","BGR","bulgaria","SISEPUEDE",0.128533129257526,NA
6003,74074,"IN - Industrial Processes:HFC","Industrial Processes","IN - Industrial Processes",0.103447260840198,2049,"HFC",0,0,"WEM","BGR","bulgaria","SISEPUEDE",0.103447260840198,NA
6003,74074,"IN - Industrial Processes:HFC","Industrial Processes","IN - Industrial Processes",0.0783106835546463,2050,"HFC",0,0,"WEM","BGR","bulgaria","SISEPUEDE",0.0783106835546463,NA
6003,74074,"IN - Industrial Processes:N2O","Industrial Processes","IN - Industrial Processes",0.07987,2022,"N2O",0,0,"WEM","BGR","bulgaria","SISEPUEDE",0.07987,NA
6003,74074,"IN - Industrial Processes:N2O","Industrial Processes","IN - Industrial Processes",0.0795452686155098,2023,"N2O",0,0,"WEM","BGR","bulgaria","SISEPUEDE",0.0795452686155098,NA
6003,74074,"IN - Industrial Processes:N2O","Industrial Processes","IN - Industrial Processes",0.0793924747852802,2024,"N2O",0,0,"WEM","BGR","bulgaria","SISEPUEDE",0.0793924747852802,NA
6003,74074,"IN - Industrial Processes:N2O","Industrial Processes","IN - Industrial Processes",0.0792034399193293,2025,"N2O",0,0,"WEM","BGR","bulgaria","SISEPUEDE",0.0792034399193293,NA
6003,74074,"IN - Industrial Processes:N2O","Industrial Processes","IN - Industrial Processes",0.0790098956654246,2026,"N2O",0,0,"WEM","BGR","bulgaria","SISEPUEDE",0.0790098956654246,NA
6003,74074,"IN - Industrial Processes:N2O","Industrial Processes","IN - Industrial Processes",0.0788452455670434,2027,"N2O",0,0,"WEM","BGR","bulgaria","SISEPUEDE",0.0788452455670434,NA
6003,74074,"IN - Industrial Processes:N2O","Industrial Processes","IN - Industrial Processes",0.0785944917215927,2028,"N2O",0,0,"WEM","BGR","bulgaria","SISEPUEDE",0.0785944917215927,NA
6003,74074,"IN - Industrial Processes:N2O","Industrial Processes","IN - Industrial Processes",0.0783254262187613,2029,"N2O",0,0,"WEM","BGR","bulgaria","SISEPUEDE",0.0783254262187613,NA
6003,74074,"IN - Industrial Processes:N2O","Industrial Processes","IN - Industrial Processes",0.0780612500468408,2030,"N2O",0,0,"WEM","BGR","bulgaria","SISEPUEDE",0.0780612500468408,NA
6003,74074,"IN - Industrial Processes:N2O","Industrial Processes","IN - Industrial Processes",0.0777916015914171,2031,"N2O",0,0,"WEM","BGR","bulgaria","SISEPUEDE",0.0777916015914171,NA
6003,74074,"IN - Industrial Processes:N2O","Industrial Processes","IN - Industrial Processes",0.0775263334719877,2032,"N2O",0,0,"WEM","BGR","bulgaria","SISEPUEDE",0.0775263334719877,NA
6003,74074,"IN - Industrial Processes:N2O","Industrial Processes","IN - Industrial Processes",0.0772640173219431,2033,"N2O",0,0,"WEM","BGR","bulgaria","SISEPUEDE",0.0772640173219431,NA
6003,74074,"IN - Industrial Processes:N2O","Industrial Processes","IN - Industrial Processes",0.0770020785583557,2034,"N2O",0,0,"WEM","BGR","bulgaria","SISEPUEDE",0.0770020785583557,NA
6003,74074,"IN - Industrial Processes:N2O","Industrial Processes","IN - Industrial Processes",0.0767398622936342,2035,"N2O",0,0,"WEM","BGR","bulgaria","SISEPUEDE",0.0767398622936342,NA
6003,74074,"IN - Industrial Processes:N2O","Industrial Processes","IN - Industrial Processes",0.0764687571713508,2036,"N2O",0,0,"WEM","BGR","bulgaria","SISEPUEDE",0.0764687571713508,NA
6003,74074,"IN - Industrial Processes:N2O","Industrial Processes","IN - Industrial Processes",0.0761993663295747,2037,"N2O",0,0,"WEM","BGR","bulgaria","SISEPUEDE",0.0761993663295747,NA
6003,74074,"IN - Industrial Processes:N2O","Industrial Processes","IN - Industrial Processes",0.0759303441658881,2038,"N2O",0,0,"WEM","BGR","bulgaria","SISEPUEDE",0.0759303441658881,NA
6003,74074,"IN - Industrial Processes:N2O","Industrial Processes","IN - Industrial Processes",0.0756585016634318,2039,"N2O",0,0,"WEM","BGR","bulgaria","SISEPUEDE",0.0756585016634318,NA
6003,74074,"IN - Industrial Processes:N2O","Industrial Processes","IN - Industrial Processes",0.0753894544919973,2040,"N2O",0,0,"WEM","BGR","bulgaria","SISEPUEDE",0.0753894544919973,NA
6003,74074,"IN - Industrial Processes:N2O","Industrial Processes","IN - Industrial Processes",0.0751061757875167,2041,"N2O",0,0,"WEM","BGR","bulgaria","SISEPUEDE",0.0751061757875167,NA
6003,74074,"IN - Industrial Processes:N2O","Industrial Processes","IN - Industrial Processes",0.074824029054531,2042,"N2O",0,0,"WEM","BGR","bulgaria","SISEPUEDE",0.074824029054531,NA
6003,74074,"IN - Industrial Processes:N2O","Industrial Processes","IN - Industrial Processes",0.0745431384581135,2043,"N2O",0,0,"WEM","BGR","bulgaria","SISEPUEDE",0.0745431384581135,NA
6003,74074,"IN - Industrial Processes:N2O","Industrial Processes","IN - Industrial Processes",0.0742629806997494,2044,"N2O",0,0,"WEM","BGR","bulgaria","SISEPUEDE",0.0742629806997494,NA
6003,74074,"IN - Industrial Processes:N2O","Industrial Processes","IN - Industrial Processes",0.0739863560270264,2045,"N2O",0,0,"WEM","BGR","bulgaria","SISEPUEDE",0.0739863560270264,NA
6003,74074,"IN - Industrial Processes:N2O","Industrial Processes","IN - Industrial Processes",0.073702134791376,2046,"N2O",0,0,"WEM","BGR","bulgaria","SISEPUEDE",0.073702134791376,NA
6003,74074,"IN - Industrial Processes:N2O","Industrial Processes","IN - Industrial Processes",0.0734229109755494,2047,"N2O",0,0,"WEM","BGR","bulgaria","SISEPUEDE",0.0734229109755494,NA
6003,74074,"IN - Industrial Processes:N2O","Industrial Processes","IN - Industrial Processes",0.0731449221359154,2048,"N2O",0,0,"WEM","BGR","bulgaria","SISEPUEDE",0.0731449221359154,NA
6003,74074,"IN - Industrial Processes:N2O","Industrial Processes","IN - Industrial Processes",0.0728653279350005,2049,"N2O",0,0,"WEM","BGR","bulgaria","SISEPUEDE",0.0728653279350005,NA
6003,74074,"IN - Industrial Processes:N2O","Industrial Processes","IN - Industrial Processes",0.072581748617658,2050,"N2O",0,0,"WEM","BGR","bulgaria","SISEPUEDE",0.072581748617658,NA
6003,74074,"IN - Industrial Processes:OTHER_FCS","Industrial Processes","IN - Industrial Processes",0,2022,"OTHER_FCS",0,0,"WEM","BGR","bulgaria","SISEPUEDE",0,NA
6003,74074,"IN - Industrial Processes:OTHER_FCS","Industrial Processes","IN - Industrial Processes",0,2023,"OTHER_FCS",0,0,"WEM","BGR","bulgaria","SISEPUEDE",0,NA
6003,74074,"IN - Industrial Processes:OTHER_FCS","Industrial Processes","IN - Industrial Processes",0,2024,"OTHER_FCS",0,0,"WEM","BGR","bulgaria","SISEPUEDE",0,NA
6003,74074,"IN - Industrial Processes:OTHER_FCS","Industrial Processes","IN - Industrial Processes",0,2025,"OTHER_FCS",0,0,"WEM","BGR","bulgaria","SISEPUEDE",0,NA
6003,74074,"IN - Industrial Processes:OTHER_FCS","Industrial Processes","IN - Industrial Processes",0,2026,"OTHER_FCS",0,0,"WEM","BGR","bulgaria","SISEPUEDE",0,NA
6003,74074,"IN - Industrial Processes:OTHER_FCS","Industrial Processes","IN - Industrial Processes",0,2027,"OTHER_FCS",0,0,"WEM","BGR","bulgaria","SISEPUEDE",0,NA
6003,74074,"IN - Industrial Processes:OTHER_FCS","Industrial Processes","IN - Industrial Processes",0,2028,"OTHER_FCS",0,0,"WEM","BGR","bulgaria","SISEPUEDE",0,NA
6003,74074,"IN - Industrial Processes:OTHER_FCS","Industrial Processes","IN - Industrial Processes",0,2029,"OTHER_FCS",0,0,"WEM","BGR","bulgaria","SISEPUEDE",0,NA
6003,74074,"IN - Industrial Processes:OTHER_FCS","Industrial Processes","IN - Industrial Processes",0,2030,"OTHER_FCS",0,0,"WEM","BGR","bulgaria","SISEPUEDE",0,NA
6003,74074,"IN - Industrial Processes:OTHER_FCS","Industrial Processes","IN - Industrial Processes",0,2031,"OTHER_FCS",0,0,"WEM","BGR","bulgaria","SISEPUEDE",0,NA
6003,74074,"IN - Industrial Processes:OTHER_FCS","Industrial Processes","IN - Industrial Processes",0,2032,"OTHER_FCS",0,0,"WEM","BGR","bulgaria","SISEPUEDE",0,NA
6003,74074,"IN - Industrial Processes:OTHER_FCS","Industrial Processes","IN - Industrial Processes",0,2033,"OTHER_FCS",0,0,"WEM","BGR","bulgaria","SISEPUEDE",0,NA
6003,74074,"IN - Industrial Processes:OTHER_FCS","Industrial Processes","IN - Industrial Processes",0,2034,"OTHER_FCS",0,0,"WEM","BGR","bulgaria","SISEPUEDE",0,NA
6003,74074,"IN - Industrial Processes:OTHER_FCS","Industrial Processes","IN - Industrial Processes",0,2035,"OTHER_FCS",0,0,"WEM","BGR","bulgaria","SISEPUEDE",0,NA
6003,74074,"IN - Industrial Processes:OTHER_FCS","Industrial Processes","IN - Industrial Processes",0,2036,"OTHER_FCS",0,0,"WEM","BGR","bulgaria","SISEPUEDE",0,NA
6003,74074,"IN - Industrial Processes:OTHER_FCS","Industrial Processes","IN - Industrial Processes",0,2037,"OTHER_FCS",0,0,"WEM","BGR","bulgaria","SISEPUEDE",0,NA
6003,74074,"IN - Industrial Processes:OTHER_FCS","Industrial Processes","IN - Industrial Processes",0,2038,"OTHER_FCS",0,0,"WEM","BGR","bulgaria","SISEPUEDE",0,NA
6003,74074,"IN - Industrial Processes:OTHER_FCS","Industrial Processes","IN - Industrial Processes",0,2039,"OTHER_FCS",0,0,"WEM","BGR","bulgaria","SISEPUEDE",0,NA
6003,74074,"IN - Industrial Processes:OTHER_FCS","Industrial Processes","IN - Industrial Processes",0,2040,"OTHER_FCS",0,0,"WEM","BGR","bulgaria","SISEPUEDE",0,NA
6003,74074,"IN - Industrial Processes:OTHER_FCS","Industrial Processes","IN - Industrial Processes",0,2041,"OTHER_FCS",0,0,"WEM","BGR","bulgaria","SISEPUEDE",0,NA
6003,74074,"IN - Industrial Processes:OTHER_FCS","Industrial Processes","IN - Industrial Processes",0,2042,"OTHER_FCS",0,0,"WEM","BGR","bulgaria","SISEPUEDE",0,NA
6003,74074,"IN - Industrial Processes:OTHER_FCS","Industrial Processes","IN - Industrial Processes",0,2043,"OTHER_FCS",0,0,"WEM","BGR","bulgaria","SISEPUEDE",0,NA
6003,74074,"IN - Industrial Processes:OTHER_FCS","Industrial Processes","IN - Industrial Processes",0,2044,"OTHER_FCS",0,0,"WEM","BGR","bulgaria","SISEPUEDE",0,NA
6003,74074,"IN - Industrial Processes:OTHER_FCS","Industrial Processes","IN - Industrial Processes",0,2045,"OTHER_FCS",0,0,"WEM","BGR","bulgaria","SISEPUEDE",0,NA
6003,74074,"IN - Industrial Processes:OTHER_FCS","Industrial Processes","IN - Industrial Processes",0,2046,"OTHER_FCS",0,0,"WEM","BGR","bulgaria","SISEPUEDE",0,NA
6003,74074,"IN - Industrial Processes:OTHER_FCS","Industrial Processes","IN - Industrial Processes",0,2047,"OTHER_FCS",0,0,"WEM","BGR","bulgaria","SISEPUEDE",0,NA
6003,74074,"IN - Industrial Processes:OTHER_FCS","Industrial Processes","IN - Industrial Processes",0,2048,"OTHER_FCS",0,0,"WEM","BGR","bulgaria","SISEPUEDE",0,NA
6003,74074,"IN - Industrial Processes:OTHER_FCS","Industrial Processes","IN - Industrial Processes",0,2049,"OTHER_FCS",0,0,"WEM","BGR","bulgaria","SISEPUEDE",0,NA
6003,74074,"IN - Industrial Processes:OTHER_FCS","Industrial Processes","IN - Industrial Processes",0,2050,"OTHER_FCS",0,0,"WEM","BGR","bulgaria","SISEPUEDE",0,NA
6003,74074,"IN - Industrial Processes:PFC","Industrial Processes","IN - Industrial Processes",1e-05,2022,"PFC",0,0,"WEM","BGR","bulgaria","SISEPUEDE",1e-05,NA
6003,74074,"IN - Industrial Processes:PFC","Industrial Processes","IN - Industrial Processes",1.00216539e-05,2023,"PFC",0,0,"WEM","BGR","bulgaria","SISEPUEDE",1.00216539e-05,NA
6003,74074,"IN - Industrial Processes:PFC","Industrial Processes","IN - Industrial Processes",1.01206778621859e-05,2024,"PFC",0,0,"WEM","BGR","bulgaria","SISEPUEDE",1.01206778621859e-05,NA
6003,74074,"IN - Industrial Processes:PFC","Industrial Processes","IN - Industrial Processes",1.02005806139079e-05,2025,"PFC",0,0,"WEM","BGR","bulgaria","SISEPUEDE",1.02005806139079e-05,NA
6003,74074,"IN - Industrial Processes:PFC","Industrial Processes","IN - Industrial Processes",1.02760496095799e-05,2026,"PFC",0,0,"WEM","BGR","bulgaria","SISEPUEDE",1.02760496095799e-05,NA
6003,74074,"IN - Industrial Processes:PFC","Industrial Processes","IN - Industrial Processes",1.03622810798786e-05,2027,"PFC",0,0,"WEM","BGR","bulgaria","SISEPUEDE",1.03622810798786e-05,NA
6003,74074,"IN - Industrial Processes:PFC","Industrial Processes","IN - Industrial Processes",1.04070711717601e-05,2028,"PFC",0,0,"WEM","BGR","bulgaria","SISEPUEDE",1.04070711717601e-05,NA
6003,74074,"IN - Industrial Processes:PFC","Industrial Processes","IN - Industrial Processes",1.04415037918407e-05,2029,"PFC",0,0,"WEM","BGR","bulgaria","SISEPUEDE",1.04415037918407e-05,NA
6003,74074,"IN - Industrial Processes:PFC","Industrial Processes","IN - Industrial Processes",1.04760990867095e-05,2030,"PFC",0,0,"WEM","BGR","bulgaria","SISEPUEDE",1.04760990867095e-05,NA
6003,74074,"IN - Industrial Processes:PFC","Industrial Processes","IN - Industrial Processes",1.05062246651992e-05,2031,"PFC",0,0,"WEM","BGR","bulgaria","SISEPUEDE",1.05062246651992e-05,NA
6003,74074,"IN - Industrial Processes:PFC","Industrial Processes","IN - Industrial Processes",1.0536298268862e-05,2032,"PFC",0,0,"WEM","BGR","bulgaria","SISEPUEDE",1.0536298268862e-05,NA
6003,74074,"IN - Industrial Processes:PFC","Industrial Processes","IN - Industrial Processes",1.0565676749379e-05,2033,"PFC",0,0,"WEM","BGR","bulgaria","SISEPUEDE",1.0565676749379e-05,NA
6003,74074,"IN - Industrial Processes:PFC","Industrial Processes","IN - Industrial Processes",1.05932292868263e-05,2034,"PFC",0,0,"WEM","BGR","bulgaria","SISEPUEDE",1.05932292868263e-05,NA
6003,74074,"IN - Industrial Processes:PFC","Industrial Processes","IN - Industrial Processes",1.06186873179422e-05,2035,"PFC",0,0,"WEM","BGR","bulgaria","SISEPUEDE",1.06186873179422e-05,NA
6003,74074,"IN - Industrial Processes:PFC","Industrial Processes","IN - Industrial Processes",1.06383464855266e-05,2036,"PFC",0,0,"WEM","BGR","bulgaria","SISEPUEDE",1.06383464855266e-05,NA
6003,74074,"IN - Industrial Processes:PFC","Industrial Processes","IN - Industrial Processes",1.06568586494169e-05,2037,"PFC",0,0,"WEM","BGR","bulgaria","SISEPUEDE",1.06568586494169e-05,NA
6003,74074,"IN - Industrial Processes:PFC","Industrial Processes","IN - Industrial Processes",1.06736583263958e-05,2038,"PFC",0,0,"WEM","BGR","bulgaria","SISEPUEDE",1.06736583263958e-05,NA
6003,74074,"IN - Industrial Processes:PFC","Industrial Processes","IN - Industrial Processes",1.06874110786282e-05,2039,"PFC",0,0,"WEM","BGR","bulgaria","SISEPUEDE",1.06874110786282e-05,NA
6003,74074,"IN - Industrial Processes:PFC","Industrial Processes","IN - Industrial Processes",1.0700535859632e-05,2040,"PFC",0,0,"WEM","BGR","bulgaria","SISEPUEDE",1.0700535859632e-05,NA
6003,74074,"IN - Industrial Processes:PFC","Industrial Processes","IN - Industrial Processes",1.0705888506483e-05,2041,"PFC",0,0,"WEM","BGR","bulgaria","SISEPUEDE",1.0705888506483e-05,NA
6003,74074,"IN - Industrial Processes:PFC","Industrial Processes","IN - Industrial Processes",1.07100157911863e-05,2042,"PFC",0,0,"WEM","BGR","bulgaria","SISEPUEDE",1.07100157911863e-05,NA
6003,74074,"IN - Industrial Processes:PFC","Industrial Processes","IN - Industrial Processes",1.07129871456163e-05,2043,"PFC",0,0,"WEM","BGR","bulgaria","SISEPUEDE",1.07129871456163e-05,NA
6003,74074,"IN - Industrial Processes:PFC","Industrial Processes","IN - Industrial Processes",1.07146042622039e-05,2044,"PFC",0,0,"WEM","BGR","bulgaria","SISEPUEDE",1.07146042622039e-05,NA
6003,74074,"IN - Industrial Processes:PFC","Industrial Processes","IN - Industrial Processes",1.0716034891159e-05,2045,"PFC",0,0,"WEM","BGR","bulgaria","SISEPUEDE",1.0716034891159e-05,NA
6003,74074,"IN - Industrial Processes:PFC","Industrial Processes","IN - Industrial Processes",1.07127529183629e-05,2046,"PFC",0,0,"WEM","BGR","bulgaria","SISEPUEDE",1.07127529183629e-05,NA
6003,74074,"IN - Industrial Processes:PFC","Industrial Processes","IN - Industrial Processes",1.07099342582843e-05,2047,"PFC",0,0,"WEM","BGR","bulgaria","SISEPUEDE",1.07099342582843e-05,NA
6003,74074,"IN - Industrial Processes:PFC","Industrial Processes","IN - Industrial Processes",1.07060573570757e-05,2048,"PFC",0,0,"WEM","BGR","bulgaria","SISEPUEDE",1.07060573570757e-05,NA
6003,74074,"IN - Industrial Processes:PFC","Industrial Processes","IN - Industrial Processes",1.07000081090085e-05,2049,"PFC",0,0,"WEM","BGR","bulgaria","SISEPUEDE",1.07000081090085e-05,NA
6003,74074,"IN - Industrial Processes:PFC","Industrial Processes","IN - Industrial Processes",1.06908849471086e-05,2050,"PFC",0,0,"WEM","BGR","bulgaria","SISEPUEDE",1.06908849471086e-05,NA
6003,74074,"IN - Industrial Processes:SF6","Industrial Processes","IN - Industrial Processes",0.02396,2022,"SF6",0,0,"WEM","BGR","bulgaria","SISEPUEDE",0.02396,NA
6003,74074,"IN - Industrial Processes:SF6","Industrial Processes","IN - Industrial Processes",0.0243734102706767,2023,"SF6",0,0,"WEM","BGR","bulgaria","SISEPUEDE",0.0243734102706767,NA
6003,74074,"IN - Industrial Processes:SF6","Industrial Processes","IN - Industrial Processes",0.0251592491720216,2024,"SF6",0,0,"WEM","BGR","bulgaria","SISEPUEDE",0.0251592491720216,NA
6003,74074,"IN - Industrial Processes:SF6","Industrial Processes","IN - Industrial Processes",0.0258743601660642,2025,"SF6",0,0,"WEM","BGR","bulgaria","SISEPUEDE",0.0258743601660642,NA
6003,74074,"IN - Industrial Processes:SF6","Industrial Processes","IN - Industrial Processes",0.0265856476054073,2026,"SF6",0,0,"WEM","BGR","bulgaria","SISEPUEDE",0.0265856476054073,NA
6003,74074,"IN - Industrial Processes:SF6","Industrial Processes","IN - Industrial Processes",0.0273686098638605,2027,"SF6",0,0,"WEM","BGR","bulgaria","SISEPUEDE",0.0273686098638605,NA
6003,74074,"IN - Industrial Processes:SF6","Industrial Processes","IN - Industrial Processes",0.0279587793582542,2028,"SF6",0,0,"WEM","BGR","bulgaria","SISEPUEDE",0.0279587793582542,NA
6003,74074,"IN - Industrial Processes:SF6","Industrial Processes","IN - Industrial Processes",0.0285070667965418,2029,"SF6",0,0,"WEM","BGR","bulgaria","SISEPUEDE",0.0285070667965418,NA
6003,74074,"IN - Industrial Processes:SF6","Industrial Processes","IN - Industrial Processes",0.0290668908040974,2030,"SF6",0,0,"WEM","BGR","bulgaria","SISEPUEDE",0.0290668908040974,NA
6003,74074,"IN - Industrial Processes:SF6","Industrial Processes","IN - Industrial Processes",0.0296134419566527,2031,"SF6",0,0,"WEM","BGR","bulgaria","SISEPUEDE",0.0296134419566527,NA
6003,74074,"IN - Industrial Processes:SF6","Industrial Processes","IN - Industrial Processes",0.0301700114694302,2032,"SF6",0,0,"WEM","BGR","bulgaria","SISEPUEDE",0.0301700114694302,NA
6003,74074,"IN - Industrial Processes:SF6","Industrial Processes","IN - Industrial Processes",0.0307331810534177,2033,"SF6",0,0,"WEM","BGR","bulgaria","SISEPUEDE",0.0307331810534177,NA
6003,74074,"IN - Industrial Processes:SF6","Industrial Processes","IN - Industrial Processes",0.0312965308796042,2034,"SF6",0,0,"WEM","BGR","bulgaria","SISEPUEDE",0.0312965308796042,NA
6003,74074,"IN - Industrial Processes:SF6","Industrial Processes","IN - Industrial Processes",0.0318581990240938,2035,"SF6",0,0,"WEM","BGR","bulgaria","SISEPUEDE",0.0318581990240938,NA
6003,74074,"IN - Industrial Processes:SF6","Industrial Processes","IN - Industrial Processes",0.032396073153672,2036,"SF6",0,0,"WEM","BGR","bulgaria","SISEPUEDE",0.032396073153672,NA
6003,74074,"IN - Industrial Processes:SF6","Industrial Processes","IN - Industrial Processes",0.032936435122962,2037,"SF6",0,0,"WEM","BGR","bulgaria","SISEPUEDE",0.032936435122962,NA
6003,74074,"IN - Industrial Processes:SF6","Industrial Processes","IN - Industrial Processes",0.0334757105099306,2038,"SF6",0,0,"WEM","BGR","bulgaria","SISEPUEDE",0.0334757105099306,NA
6003,74074,"IN - Industrial Processes:SF6","Industrial Processes","IN - Industrial Processes",0.034005392957109,2039,"SF6",0,0,"WEM","BGR","bulgaria","SISEPUEDE",0.034005392957109,NA
6003,74074,"IN - Industrial Processes:SF6","Industrial Processes","IN - Industrial Processes",0.0345398584462591,2040,"SF6",0,0,"WEM","BGR","bulgaria","SISEPUEDE",0.0345398584462591,NA
6003,74074,"IN - Industrial Processes:SF6","Industrial Processes","IN - Industrial Processes",0.0350339125830874,2041,"SF6",0,0,"WEM","BGR","bulgaria","SISEPUEDE",0.0350339125830874,NA
6003,74074,"IN - Industrial Processes:SF6","Industrial Processes","IN - Industrial Processes",0.0355275430184164,2042,"SF6",0,0,"WEM","BGR","bulgaria","SISEPUEDE",0.0355275430184164,NA
6003,74074,"IN - Industrial Processes:SF6","Industrial Processes","IN - Industrial Processes",0.0360209801537622,2043,"SF6",0,0,"WEM","BGR","bulgaria","SISEPUEDE",0.0360209801537622,NA
6003,74074,"IN - Industrial Processes:SF6","Industrial Processes","IN - Industrial Processes",0.0365127092384093,2044,"SF6",0,0,"WEM","BGR","bulgaria","SISEPUEDE",0.0365127092384093,NA
6003,74074,"IN - Industrial Processes:SF6","Industrial Processes","IN - Industrial Processes",0.037010268404999,2045,"SF6",0,0,"WEM","BGR","bulgaria","SISEPUEDE",0.037010268404999,NA
6003,74074,"IN - Industrial Processes:SF6","Industrial Processes","IN - Industrial Processes",0.0374830371999777,2046,"SF6",0,0,"WEM","BGR","bulgaria","SISEPUEDE",0.0374830371999777,NA
6003,74074,"IN - Industrial Processes:SF6","Industrial Processes","IN - Industrial Processes",0.0379653626427,2047,"SF6",0,0,"WEM","BGR","bulgaria","SISEPUEDE",0.0379653626427,NA
6003,74074,"IN - Industrial Processes:SF6","Industrial Processes","IN - Industrial Processes",0.0384468691198661,2048,"SF6",0,0,"WEM","BGR","bulgaria","SISEPUEDE",0.0384468691198661,NA
6003,74074,"IN - Industrial Processes:SF6","Industrial Processes","IN - Industrial Processes",0.0389194909330622,2049,"SF6",0,0,"WEM","BGR","bulgaria","SISEPUEDE",0.0389194909330622,NA
6003,74074,"IN - Industrial Processes:SF6","Industrial Processes","IN - Industrial Processes",0.0393762616971728,2050,"SF6",0,0,"WEM","BGR","bulgaria","SISEPUEDE",0.0393762616971728,NA
6003,74074,"LULUCF - Cropland:CO2","Land Use, Land Use Change, and Forestry","LULUCF - Cropland",0.35592,2022,"CO2",0,0,"WEM","BGR","bulgaria","SISEPUEDE",0.35592,NA
6003,74074,"LULUCF - Cropland:CO2","Land Use, Land Use Change, and Forestry","LULUCF - Cropland",0.357954696441386,2023,"CO2",0,0,"WEM","BGR","bulgaria","SISEPUEDE",0.357954696441386,NA
6003,74074,"LULUCF - Cropland:CO2","Land Use, Land Use Change, and Forestry","LULUCF - Cropland",0.372025281955377,2024,"CO2",0,0,"WEM","BGR","bulgaria","SISEPUEDE",0.372025281955377,NA
6003,74074,"LULUCF - Cropland:CO2","Land Use, Land Use Change, and Forestry","LULUCF - Cropland",0.386017782316264,2025,"CO2",0,0,"WEM","BGR","bulgaria","SISEPUEDE",0.386017782316264,NA
6003,74074,"LULUCF - Cropland:CO2","Land Use, Land Use Change, and Forestry","LULUCF - Cropland",0.399931524694214,2026,"CO2",0,0,"WEM","BGR","bulgaria","SISEPUEDE",0.399931524694214,NA
6003,74074,"LULUCF - Cropland:CO2","Land Use, Land Use Change, and Forestry","LULUCF - Cropland",0.41376632295553,2027,"CO2",0,0,"WEM","BGR","bulgaria","SISEPUEDE",0.41376632295553,NA
6003,74074,"LULUCF - Cropland:CO2","Land Use, Land Use Change, and Forestry","LULUCF - Cropland",0.427522120054019,2028,"CO2",0,0,"WEM","BGR","bulgaria","SISEPUEDE",0.427522120054019,NA
6003,74074,"LULUCF - Cropland:CO2","Land Use, Land Use Change, and Forestry","LULUCF - Cropland",0.441345798368344,2029,"CO2",0,0,"WEM","BGR","bulgaria","SISEPUEDE",0.441345798368344,NA
6003,74074,"LULUCF - Cropland:CO2","Land Use, Land Use Change, and Forestry","LULUCF - Cropland",0.455324356450556,2030,"CO2",0,0,"WEM","BGR","bulgaria","SISEPUEDE",0.455324356450556,NA
6003,74074,"LULUCF - Cropland:CO2","Land Use, Land Use Change, and Forestry","LULUCF - Cropland",0.469258138287046,2031,"CO2",0,0,"WEM","BGR","bulgaria","SISEPUEDE",0.469258138287046,NA
6003,74074,"LULUCF - Cropland:CO2","Land Use, Land Use Change, and Forestry","LULUCF - Cropland",0.483148246804316,2032,"CO2",0,0,"WEM","BGR","bulgaria","SISEPUEDE",0.483148246804316,NA
6003,74074,"LULUCF - Cropland:CO2","Land Use, Land Use Change, and Forestry","LULUCF - Cropland",0.496995863483487,2033,"CO2",0,0,"WEM","BGR","bulgaria","SISEPUEDE",0.496995863483487,NA
6003,74074,"LULUCF - Cropland:CO2","Land Use, Land Use Change, and Forestry","LULUCF - Cropland",0.510802156947376,2034,"CO2",0,0,"WEM","BGR","bulgaria","SISEPUEDE",0.510802156947376,NA
6003,74074,"LULUCF - Cropland:CO2","Land Use, Land Use Change, and Forestry","LULUCF - Cropland",0.524568627566155,2035,"CO2",0,0,"WEM","BGR","bulgaria","SISEPUEDE",0.524568627566155,NA
6003,74074,"LULUCF - Cropland:CO2","Land Use, Land Use Change, and Forestry","LULUCF - Cropland",0.53829648387213,2036,"CO2",0,0,"WEM","BGR","bulgaria","SISEPUEDE",0.53829648387213,NA
6003,74074,"LULUCF - Cropland:CO2","Land Use, Land Use Change, and Forestry","LULUCF - Cropland",0.5519873058669,2037,"CO2",0,0,"WEM","BGR","bulgaria","SISEPUEDE",0.5519873058669,NA
6003,74074,"LULUCF - Cropland:CO2","Land Use, Land Use Change, and Forestry","LULUCF - Cropland",0.565642502779599,2038,"CO2",0,0,"WEM","BGR","bulgaria","SISEPUEDE",0.565642502779599,NA
6003,74074,"LULUCF - Cropland:CO2","Land Use, Land Use Change, and Forestry","LULUCF - Cropland",0.579263584312931,2039,"CO2",0,0,"WEM","BGR","bulgaria","SISEPUEDE",0.579263584312931,NA
6003,74074,"LULUCF - Cropland:CO2","Land Use, Land Use Change, and Forestry","LULUCF - Cropland",0.592852033394861,2040,"CO2",0,0,"WEM","BGR","bulgaria","SISEPUEDE",0.592852033394861,NA
6003,74074,"LULUCF - Cropland:CO2","Land Use, Land Use Change, and Forestry","LULUCF - Cropland",0.606409307272153,2041,"CO2",0,0,"WEM","BGR","bulgaria","SISEPUEDE",0.606409307272153,NA
6003,74074,"LULUCF - Cropland:CO2","Land Use, Land Use Change, and Forestry","LULUCF - Cropland",0.619936942448175,2042,"CO2",0,0,"WEM","BGR","bulgaria","SISEPUEDE",0.619936942448175,NA
6003,74074,"LULUCF - Cropland:CO2","Land Use, Land Use Change, and Forestry","LULUCF - Cropland",0.633436336248093,2043,"CO2",0,0,"WEM","BGR","bulgaria","SISEPUEDE",0.633436336248093,NA
6003,74074,"LULUCF - Cropland:CO2","Land Use, Land Use Change, and Forestry","LULUCF - Cropland",0.64690900230581,2044,"CO2",0,0,"WEM","BGR","bulgaria","SISEPUEDE",0.64690900230581,NA
6003,74074,"LULUCF - Cropland:CO2","Land Use, Land Use Change, and Forestry","LULUCF - Cropland",0.660356304295049,2045,"CO2",0,0,"WEM","BGR","bulgaria","SISEPUEDE",0.660356304295049,NA
6003,74074,"LULUCF - Cropland:CO2","Land Use, Land Use Change, and Forestry","LULUCF - Cropland",0.673779683290178,2046,"CO2",0,0,"WEM","BGR","bulgaria","SISEPUEDE",0.673779683290178,NA
6003,74074,"LULUCF - Cropland:CO2","Land Use, Land Use Change, and Forestry","LULUCF - Cropland",0.68718048366014,2047,"CO2",0,0,"WEM","BGR","bulgaria","SISEPUEDE",0.68718048366014,NA
6003,74074,"LULUCF - Cropland:CO2","Land Use, Land Use Change, and Forestry","LULUCF - Cropland",0.700560070867835,2048,"CO2",0,0,"WEM","BGR","bulgaria","SISEPUEDE",0.700560070867835,NA
6003,74074,"LULUCF - Cropland:CO2","Land Use, Land Use Change, and Forestry","LULUCF - Cropland",0.713919690322003,2049,"CO2",0,0,"WEM","BGR","bulgaria","SISEPUEDE",0.713919690322003,NA
6003,74074,"LULUCF - Cropland:CO2","Land Use, Land Use Change, and Forestry","LULUCF - Cropland",0.715074005102012,2050,"CO2",0,0,"WEM","BGR","bulgaria","SISEPUEDE",0.715074005102012,NA
6003,74074,"LULUCF - Forest Land:CH4","Land Use, Land Use Change, and Forestry","LULUCF - Forest Land",0,2022,"CH4",0,0,"WEM","BGR","bulgaria","SISEPUEDE",0,NA
6003,74074,"LULUCF - Forest Land:CH4","Land Use, Land Use Change, and Forestry","LULUCF - Forest Land",0,2023,"CH4",0,0,"WEM","BGR","bulgaria","SISEPUEDE",0,NA
6003,74074,"LULUCF - Forest Land:CH4","Land Use, Land Use Change, and Forestry","LULUCF - Forest Land",0,2024,"CH4",0,0,"WEM","BGR","bulgaria","SISEPUEDE",0,NA
6003,74074,"LULUCF - Forest Land:CH4","Land Use, Land Use Change, and Forestry","LULUCF - Forest Land",0,2025,"CH4",0,0,"WEM","BGR","bulgaria","SISEPUEDE",0,NA
6003,74074,"LULUCF - Forest Land:CH4","Land Use, Land Use Change, and Forestry","LULUCF - Forest Land",0,2026,"CH4",0,0,"WEM","BGR","bulgaria","SISEPUEDE",0,NA
6003,74074,"LULUCF - Forest Land:CH4","Land Use, Land Use Change, and Forestry","LULUCF - Forest Land",0,2027,"CH4",0,0,"WEM","BGR","bulgaria","SISEPUEDE",0,NA
6003,74074,"LULUCF - Forest Land:CH4","Land Use, Land Use Change, and Forestry","LULUCF - Forest Land",0,2028,"CH4",0,0,"WEM","BGR","bulgaria","SISEPUEDE",0,NA
6003,74074,"LULUCF - Forest Land:CH4","Land Use, Land Use Change, and Forestry","LULUCF - Forest Land",0,2029,"CH4",0,0,"WEM","BGR","bulgaria","SISEPUEDE",0,NA
6003,74074,"LULUCF - Forest Land:CH4","Land Use, Land Use Change, and Forestry","LULUCF - Forest Land",0,2030,"CH4",0,0,"WEM","BGR","bulgaria","SISEPUEDE",0,NA
6003,74074,"LULUCF - Forest Land:CH4","Land Use, Land Use Change, and Forestry","LULUCF - Forest Land",0,2031,"CH4",0,0,"WEM","BGR","bulgaria","SISEPUEDE",0,NA
6003,74074,"LULUCF - Forest Land:CH4","Land Use, Land Use Change, and Forestry","LULUCF - Forest Land",0,2032,"CH4",0,0,"WEM","BGR","bulgaria","SISEPUEDE",0,NA
6003,74074,"LULUCF - Forest Land:CH4","Land Use, Land Use Change, and Forestry","LULUCF - Forest Land",0,2033,"CH4",0,0,"WEM","BGR","bulgaria","SISEPUEDE",0,NA
6003,74074,"LULUCF - Forest Land:CH4","Land Use, Land Use Change, and Forestry","LULUCF - Forest Land",0,2034,"CH4",0,0,"WEM","BGR","bulgaria","SISEPUEDE",0,NA
6003,74074,"LULUCF - Forest Land:CH4","Land Use, Land Use Change, and Forestry","LULUCF - Forest Land",0,2035,"CH4",0,0,"WEM","BGR","bulgaria","SISEPUEDE",0,NA
6003,74074,"LULUCF - Forest Land:CH4","Land Use, Land Use Change, and Forestry","LULUCF - Forest Land",0,2036,"CH4",0,0,"WEM","BGR","bulgaria","SISEPUEDE",0,NA
6003,74074,"LULUCF - Forest Land:CH4","Land Use, Land Use Change, and Forestry","LULUCF - Forest Land",0,2037,"CH4",0,0,"WEM","BGR","bulgaria","SISEPUEDE",0,NA
6003,74074,"LULUCF - Forest Land:CH4","Land Use, Land Use Change, and Forestry","LULUCF - Forest Land",0,2038,"CH4",0,0,"WEM","BGR","bulgaria","SISEPUEDE",0,NA
6003,74074,"LULUCF - Forest Land:CH4","Land Use, Land Use Change, and Forestry","LULUCF - Forest Land",0,2039,"CH4",0,0,"WEM","BGR","bulgaria","SISEPUEDE",0,NA
6003,74074,"LULUCF - Forest Land:CH4","Land Use, Land Use Change, and Forestry","LULUCF - Forest Land",0,2040,"CH4",0,0,"WEM","BGR","bulgaria","SISEPUEDE",0,NA
6003,74074,"LULUCF - Forest Land:CH4","Land Use, Land Use Change, and Forestry","LULUCF - Forest Land",0,2041,"CH4",0,0,"WEM","BGR","bulgaria","SISEPUEDE",0,NA
6003,74074,"LULUCF - Forest Land:CH4","Land Use, Land Use Change, and Forestry","LULUCF - Forest Land",0,2042,"CH4",0,0,"WEM","BGR","bulgaria","SISEPUEDE",0,NA
6003,74074,"LULUCF - Forest Land:CH4","Land Use, Land Use Change, and Forestry","LULUCF - Forest Land",0,2043,"CH4",0,0,"WEM","BGR","bulgaria","SISEPUEDE",0,NA
6003,74074,"LULUCF - Forest Land:CH4","Land Use, Land Use Change, and Forestry","LULUCF - Forest Land",0,2044,"CH4",0,0,"WEM","BGR","bulgaria","SISEPUEDE",0,NA
6003,74074,"LULUCF - Forest Land:CH4","Land Use, Land Use Change, and Forestry","LULUCF - Forest Land",0,2045,"CH4",0,0,"WEM","BGR","bulgaria","SISEPUEDE",0,NA
6003,74074,"LULUCF - Forest Land:CH4","Land Use, Land Use Change, and Forestry","LULUCF - Forest Land",0,2046,"CH4",0,0,"WEM","BGR","bulgaria","SISEPUEDE",0,NA
6003,74074,"LULUCF - Forest Land:CH4","Land Use, Land Use Change, and Forestry","LULUCF - Forest Land",0,2047,"CH4",0,0,"WEM","BGR","bulgaria","SISEPUEDE",0,NA
6003,74074,"LULUCF - Forest Land:CH4","Land Use, Land Use Change, and Forestry","LULUCF - Forest Land",0,2048,"CH4",0,0,"WEM","BGR","bulgaria","SISEPUEDE",0,NA
6003,74074,"LULUCF - Forest Land:CH4","Land Use, Land Use Change, and Forestry","LULUCF - Forest Land",0,2049,"CH4",0,0,"WEM","BGR","bulgaria","SISEPUEDE",0,NA
6003,74074,"LULUCF - Forest Land:CH4","Land Use, Land Use Change, and Forestry","LULUCF - Forest Land",0,2050,"CH4",0,0,"WEM","BGR","bulgaria","SISEPUEDE",0,NA
6003,74074,"LULUCF - Forest Land:CO2","Land Use, Land Use Change, and Forestry","LULUCF - Forest Land",-8.34498,2022,"CO2",0,0,"WEM","BGR","bulgaria","SISEPUEDE",-8.34498,NA
6003,74074,"LULUCF - Forest Land:CO2","Land Use, Land Use Change, and Forestry","LULUCF - Forest Land",-8.34206763687769,2023,"CO2",0,0,"WEM","BGR","bulgaria","SISEPUEDE",-8.34206763687769,NA
6003,74074,"LULUCF - Forest Land:CO2","Land Use, Land Use Change, and Forestry","LULUCF - Forest Land",-8.3390914819518,2024,"CO2",0,0,"WEM","BGR","bulgaria","SISEPUEDE",-8.3390914819518,NA
6003,74074,"LULUCF - Forest Land:CO2","Land Use, Land Use Change, and Forestry","LULUCF - Forest Land",-8.33595882806342,2025,"CO2",0,0,"WEM","BGR","bulgaria","SISEPUEDE",-8.33595882806342,NA
6003,74074,"LULUCF - Forest Land:CO2","Land Use, Land Use Change, and Forestry","LULUCF - Forest Land",-8.33266950625966,2026,"CO2",0,0,"WEM","BGR","bulgaria","SISEPUEDE",-8.33266950625966,NA
6003,74074,"LULUCF - Forest Land:CO2","Land Use, Land Use Change, and Forestry","LULUCF - Forest Land",-8.32922372730767,2027,"CO2",0,0,"WEM","BGR","bulgaria","SISEPUEDE",-8.32922372730767,NA
6003,74074,"LULUCF - Forest Land:CO2","Land Use, Land Use Change, and Forestry","LULUCF - Forest Land",-8.32562202868749,2028,"CO2",0,0,"WEM","BGR","bulgaria","SISEPUEDE",-8.32562202868749,NA
6003,74074,"LULUCF - Forest Land:CO2","Land Use, Land Use Change, and Forestry","LULUCF - Forest Land",-8.32604416388303,2029,"CO2",0,0,"WEM","BGR","bulgaria","SISEPUEDE",-8.32604416388303,NA
6003,74074,"LULUCF - Forest Land:CO2","Land Use, Land Use Change, and Forestry","LULUCF - Forest Land",-8.33236240083398,2030,"CO2",0,0,"WEM","BGR","bulgaria","SISEPUEDE",-8.33236240083398,NA
6003,74074,"LULUCF - Forest Land:CO2","Land Use, Land Use Change, and Forestry","LULUCF - Forest Land",-8.33861470254784,2031,"CO2",0,0,"WEM","BGR","bulgaria","SISEPUEDE",-8.33861470254784,NA
6003,74074,"LULUCF - Forest Land:CO2","Land Use, Land Use Change, and Forestry","LULUCF - Forest Land",-8.34480224062448,2032,"CO2",0,0,"WEM","BGR","bulgaria","SISEPUEDE",-8.34480224062448,NA
6003,74074,"LULUCF - Forest Land:CO2","Land Use, Land Use Change, and Forestry","LULUCF - Forest Land",-8.35092632759289,2033,"CO2",0,0,"WEM","BGR","bulgaria","SISEPUEDE",-8.35092632759289,NA
6003,74074,"LULUCF - Forest Land:CO2","Land Use, Land Use Change, and Forestry","LULUCF - Forest Land",-8.35698839058493,2034,"CO2",0,0,"WEM","BGR","bulgaria","SISEPUEDE",-8.35698839058493,NA
6003,74074,"LULUCF - Forest Land:CO2","Land Use, Land Use Change, and Forestry","LULUCF - Forest Land",-8.36298994812724,2035,"CO2",0,0,"WEM","BGR","bulgaria","SISEPUEDE",-8.36298994812724,NA
6003,74074,"LULUCF - Forest Land:CO2","Land Use, Land Use Change, and Forestry","LULUCF - Forest Land",-8.36893258996411,2036,"CO2",0,0,"WEM","BGR","bulgaria","SISEPUEDE",-8.36893258996411,NA
6003,74074,"LULUCF - Forest Land:CO2","Land Use, Land Use Change, and Forestry","LULUCF - Forest Land",-8.37481795900863,2037,"CO2",0,0,"WEM","BGR","bulgaria","SISEPUEDE",-8.37481795900863,NA
6003,74074,"LULUCF - Forest Land:CO2","Land Use, Land Use Change, and Forestry","LULUCF - Forest Land",-8.38064773596003,2038,"CO2",0,0,"WEM","BGR","bulgaria","SISEPUEDE",-8.38064773596003,NA
6003,74074,"LULUCF - Forest Land:CO2","Land Use, Land Use Change, and Forestry","LULUCF - Forest Land",-8.3864236256028,2039,"CO2",0,0,"WEM","BGR","bulgaria","SISEPUEDE",-8.3864236256028,NA
6003,74074,"LULUCF - Forest Land:CO2","Land Use, Land Use Change, and Forestry","LULUCF - Forest Land",-8.39214734508455,2040,"CO2",0,0,"WEM","BGR","bulgaria","SISEPUEDE",-8.39214734508455,NA
6003,74074,"LULUCF - Forest Land:CO2","Land Use, Land Use Change, and Forestry","LULUCF - Forest Land",-8.39782061370023,2041,"CO2",0,0,"WEM","BGR","bulgaria","SISEPUEDE",-8.39782061370023,NA
6003,74074,"LULUCF - Forest Land:CO2","Land Use, Land Use Change, and Forestry","LULUCF - Forest Land",-8.4034451441394,2042,"CO2",0,0,"WEM","BGR","bulgaria","SISEPUEDE",-8.4034451441394,NA
6003,74074,"LULUCF - Forest Land:CO2","Land Use, Land Use Change, and Forestry","LULUCF - Forest Land",-8.40902263502117,2043,"CO2",0,0,"WEM","BGR","bulgaria","SISEPUEDE",-8.40902263502117,NA
6003,74074,"LULUCF - Forest Land:CO2","Land Use, Land Use Change, and Forestry","LULUCF - Forest Land",-8.41455476445321,2044,"CO2",0,0,"WEM","BGR","bulgaria","SISEPUEDE",-8.41455476445321,NA
6003,74074,"LULUCF - Forest Land:CO2","Land Use, Land Use Change, and Forestry","LULUCF - Forest Land",-8.4200431847756,2045,"CO2",0,0,"WEM","BGR","bulgaria","SISEPUEDE",-8.4200431847756,NA
6003,74074,"LULUCF - Forest Land:CO2","Land Use, Land Use Change, and Forestry","LULUCF - Forest Land",-8.42548951796941,2046,"CO2",0,0,"WEM","BGR","bulgaria","SISEPUEDE",-8.42548951796941,NA
6003,74074,"LULUCF - Forest Land:CO2","Land Use, Land Use Change, and Forestry","LULUCF - Forest Land",-8.43089535202362,2047,"CO2",0,0,"WEM","BGR","bulgaria","SISEPUEDE",-8.43089535202362,NA
6003,74074,"LULUCF - Forest Land:CO2","Land Use, Land Use Change, and Forestry","LULUCF - Forest Land",-8.43626223789719,2048,"CO2",0,0,"WEM","BGR","bulgaria","SISEPUEDE",-8.43626223789719,NA
6003,74074,"LULUCF - Forest Land:CO2","Land Use, Land Use Change, and Forestry","LULUCF - Forest Land",-8.44159168714141,2049,"CO2",0,0,"WEM","BGR","bulgaria","SISEPUEDE",-8.44159168714141,NA
6003,74074,"LULUCF - Forest Land:CO2","Land Use, Land Use Change, and Forestry","LULUCF - Forest Land",-8.44688516997686,2050,"CO2",0,0,"WEM","BGR","bulgaria","SISEPUEDE",-8.44688516997686,NA
6003,74074,"LULUCF - Grassland:CO2","Land Use, Land Use Change, and Forestry","LULUCF - Grassland",-0.83481,2022,"CO2",0,0,"WEM","BGR","bulgaria","SISEPUEDE",-0.83481,NA
6003,74074,"LULUCF - Grassland:CO2","Land Use, Land Use Change, and Forestry","LULUCF - Grassland",-0.833063306045243,2023,"CO2",0,0,"WEM","BGR","bulgaria","SISEPUEDE",-0.833063306045243,NA
6003,74074,"LULUCF - Grassland:CO2","Land Use, Land Use Change, and Forestry","LULUCF - Grassland",-0.831329821515173,2024,"CO2",0,0,"WEM","BGR","bulgaria","SISEPUEDE",-0.831329821515173,NA
6003,74074,"LULUCF - Grassland:CO2","Land Use, Land Use Change, and Forestry","LULUCF - Grassland",-0.829609420787795,2025,"CO2",0,0,"WEM","BGR","bulgaria","SISEPUEDE",-0.829609420787795,NA
6003,74074,"LULUCF - Grassland:CO2","Land Use, Land Use Change, and Forestry","LULUCF - Grassland",-0.827901980278541,2026,"CO2",0,0,"WEM","BGR","bulgaria","SISEPUEDE",-0.827901980278541,NA
6003,74074,"LULUCF - Grassland:CO2","Land Use, Land Use Change, and Forestry","LULUCF - Grassland",-0.826207377196174,2027,"CO2",0,0,"WEM","BGR","bulgaria","SISEPUEDE",-0.826207377196174,NA
6003,74074,"LULUCF - Grassland:CO2","Land Use, Land Use Change, and Forestry","LULUCF - Grassland",-0.8245268768449,2028,"CO2",0,0,"WEM","BGR","bulgaria","SISEPUEDE",-0.8245268768449,NA
6003,74074,"LULUCF - Grassland:CO2","Land Use, Land Use Change, and Forestry","LULUCF - Grassland",-0.822857582216552,2029,"CO2",0,0,"WEM","BGR","bulgaria","SISEPUEDE",-0.822857582216552,NA
6003,74074,"LULUCF - Grassland:CO2","Land Use, Land Use Change, and Forestry","LULUCF - Grassland",-0.821200761893813,2030,"CO2",0,0,"WEM","BGR","bulgaria","SISEPUEDE",-0.821200761893813,NA
6003,74074,"LULUCF - Grassland:CO2","Land Use, Land Use Change, and Forestry","LULUCF - Grassland",-0.819556291053303,2031,"CO2",0,0,"WEM","BGR","bulgaria","SISEPUEDE",-0.819556291053303,NA
6003,74074,"LULUCF - Grassland:CO2","Land Use, Land Use Change, and Forestry","LULUCF - Grassland",-0.817924047024945,2032,"CO2",0,0,"WEM","BGR","bulgaria","SISEPUEDE",-0.817924047024945,NA
6003,74074,"LULUCF - Grassland:CO2","Land Use, Land Use Change, and Forestry","LULUCF - Grassland",-0.816303908705542,2033,"CO2",0,0,"WEM","BGR","bulgaria","SISEPUEDE",-0.816303908705542,NA
6003,74074,"LULUCF - Grassland:CO2","Land Use, Land Use Change, and Forestry","LULUCF - Grassland",-0.814695756210428,2034,"CO2",0,0,"WEM","BGR","bulgaria","SISEPUEDE",-0.814695756210428,NA
6003,74074,"LULUCF - Grassland:CO2","Land Use, Land Use Change, and Forestry","LULUCF - Grassland",-0.813099470770405,2035,"CO2",0,0,"WEM","BGR","bulgaria","SISEPUEDE",-0.813099470770405,NA
6003,74074,"LULUCF - Grassland:CO2","Land Use, Land Use Change, and Forestry","LULUCF - Grassland",-0.81151493531201,2036,"CO2",0,0,"WEM","BGR","bulgaria","SISEPUEDE",-0.81151493531201,NA
6003,74074,"LULUCF - Grassland:CO2","Land Use, Land Use Change, and Forestry","LULUCF - Grassland",-0.809942033409115,2037,"CO2",0,0,"WEM","BGR","bulgaria","SISEPUEDE",-0.809942033409115,NA
6003,74074,"LULUCF - Grassland:CO2","Land Use, Land Use Change, and Forestry","LULUCF - Grassland",-0.808380650381253,2038,"CO2",0,0,"WEM","BGR","bulgaria","SISEPUEDE",-0.808380650381253,NA
6003,74074,"LULUCF - Grassland:CO2","Land Use, Land Use Change, and Forestry","LULUCF - Grassland",-0.806830672359495,2039,"CO2",0,0,"WEM","BGR","bulgaria","SISEPUEDE",-0.806830672359495,NA
6003,74074,"LULUCF - Grassland:CO2","Land Use, Land Use Change, and Forestry","LULUCF - Grassland",-0.805291986990605,2040,"CO2",0,0,"WEM","BGR","bulgaria","SISEPUEDE",-0.805291986990605,NA
6003,74074,"LULUCF - Grassland:CO2","Land Use, Land Use Change, and Forestry","LULUCF - Grassland",-0.803764482941092,2041,"CO2",0,0,"WEM","BGR","bulgaria","SISEPUEDE",-0.803764482941092,NA
6003,74074,"LULUCF - Grassland:CO2","Land Use, Land Use Change, and Forestry","LULUCF - Grassland",-0.802248050198107,2042,"CO2",0,0,"WEM","BGR","bulgaria","SISEPUEDE",-0.802248050198107,NA
6003,74074,"LULUCF - Grassland:CO2","Land Use, Land Use Change, and Forestry","LULUCF - Grassland",-0.800742579719507,2043,"CO2",0,0,"WEM","BGR","bulgaria","SISEPUEDE",-0.800742579719507,NA
6003,74074,"LULUCF - Grassland:CO2","Land Use, Land Use Change, and Forestry","LULUCF - Grassland",-0.799247963834574,2044,"CO2",0,0,"WEM","BGR","bulgaria","SISEPUEDE",-0.799247963834574,NA
6003,74074,"LULUCF - Grassland:CO2","Land Use, Land Use Change, and Forestry","LULUCF - Grassland",-0.797764095792963,2045,"CO2",0,0,"WEM","BGR","bulgaria","SISEPUEDE",-0.797764095792963,NA
6003,74074,"LULUCF - Grassland:CO2","Land Use, Land Use Change, and Forestry","LULUCF - Grassland",-0.796290870126891,2046,"CO2",0,0,"WEM","BGR","bulgaria","SISEPUEDE",-0.796290870126891,NA
6003,74074,"LULUCF - Grassland:CO2","Land Use, Land Use Change, and Forestry","LULUCF - Grassland",-0.794828182296761,2047,"CO2",0,0,"WEM","BGR","bulgaria","SISEPUEDE",-0.794828182296761,NA
6003,74074,"LULUCF - Grassland:CO2","Land Use, Land Use Change, and Forestry","LULUCF - Grassland",-0.793375929184778,2048,"CO2",0,0,"WEM","BGR","bulgaria","SISEPUEDE",-0.793375929184778,NA
6003,74074,"LULUCF - Grassland:CO2","Land Use, Land Use Change, and Forestry","LULUCF - Grassland",-0.791934008469712,2049,"CO2",0,0,"WEM","BGR","bulgaria","SISEPUEDE",-0.791934008469712,NA
6003,74074,"LULUCF - Grassland:CO2","Land Use, Land Use Change, and Forestry","LULUCF - Grassland",-0.79050231904984,2050,"CO2",0,0,"WEM","BGR","bulgaria","SISEPUEDE",-0.79050231904984,NA
6003,74074,"LULUCF - HWP:CO2","Land Use, Land Use Change, and Forestry","LULUCF - HWP",-0.97025,2022,"CO2",0,0,"WEM","BGR","bulgaria","SISEPUEDE",-0.97025,NA
6003,74074,"LULUCF - HWP:CO2","Land Use, Land Use Change, and Forestry","LULUCF - HWP",-1.10459440626831,2023,"CO2",0,0,"WEM","BGR","bulgaria","SISEPUEDE",-1.10459440626831,NA
6003,74074,"LULUCF - HWP:CO2","Land Use, Land Use Change, and Forestry","LULUCF - HWP",-1.08859484588892,2024,"CO2",0,0,"WEM","BGR","bulgaria","SISEPUEDE",-1.08859484588892,NA
6003,74074,"LULUCF - HWP:CO2","Land Use, Land Use Change, and Forestry","LULUCF - HWP",-1.14187562154664,2025,"CO2",0,0,"WEM","BGR","bulgaria","SISEPUEDE",-1.14187562154664,NA
6003,74074,"LULUCF - HWP:CO2","Land Use, Land Use Change, and Forestry","LULUCF - HWP",-1.17791077627574,2026,"CO2",0,0,"WEM","BGR","bulgaria","SISEPUEDE",-1.17791077627574,NA
6003,74074,"LULUCF - HWP:CO2","Land Use, Land Use Change, and Forestry","LULUCF - HWP",-1.20994881729464,2027,"CO2",0,0,"WEM","BGR","bulgaria","SISEPUEDE",-1.20994881729464,NA
6003,74074,"LULUCF - HWP:CO2","Land Use, Land Use Change, and Forestry","LULUCF - HWP",-1.250975449798,2028,"CO2",0,0,"WEM","BGR","bulgaria","SISEPUEDE",-1.250975449798,NA
6003,74074,"LULUCF - HWP:CO2","Land Use, Land Use Change, and Forestry","LULUCF - HWP",-1.25577735448051,2029,"CO2",0,0,"WEM","BGR","bulgaria","SISEPUEDE",-1.25577735448051,NA
6003,74074,"LULUCF - HWP:CO2","Land Use, Land Use Change, and Forestry","LULUCF - HWP",-1.25255922494643,2030,"CO2",0,0,"WEM","BGR","bulgaria","SISEPUEDE",-1.25255922494643,NA
6003,74074,"LULUCF - HWP:CO2","Land Use, Land Use Change, and Forestry","LULUCF - HWP",-1.25040894577825,2031,"CO2",0,0,"WEM","BGR","bulgaria","SISEPUEDE",-1.25040894577825,NA
6003,74074,"LULUCF - HWP:CO2","Land Use, Land Use Change, and Forestry","LULUCF - HWP",-1.24506582482611,2032,"CO2",0,0,"WEM","BGR","bulgaria","SISEPUEDE",-1.24506582482611,NA
6003,74074,"LULUCF - HWP:CO2","Land Use, Land Use Change, and Forestry","LULUCF - HWP",-1.24028559177115,2033,"CO2",0,0,"WEM","BGR","bulgaria","SISEPUEDE",-1.24028559177115,NA
6003,74074,"LULUCF - HWP:CO2","Land Use, Land Use Change, and Forestry","LULUCF - HWP",-1.23535117791586,2034,"CO2",0,0,"WEM","BGR","bulgaria","SISEPUEDE",-1.23535117791586,NA
6003,74074,"LULUCF - HWP:CO2","Land Use, Land Use Change, and Forestry","LULUCF - HWP",-1.22920709845526,2035,"CO2",0,0,"WEM","BGR","bulgaria","SISEPUEDE",-1.22920709845526,NA
6003,74074,"LULUCF - HWP:CO2","Land Use, Land Use Change, and Forestry","LULUCF - HWP",-1.22161128685043,2036,"CO2",0,0,"WEM","BGR","bulgaria","SISEPUEDE",-1.22161128685043,NA
6003,74074,"LULUCF - HWP:CO2","Land Use, Land Use Change, and Forestry","LULUCF - HWP",-1.20940756185458,2037,"CO2",0,0,"WEM","BGR","bulgaria","SISEPUEDE",-1.20940756185458,NA
6003,74074,"LULUCF - HWP:CO2","Land Use, Land Use Change, and Forestry","LULUCF - HWP",-1.19673778783863,2038,"CO2",0,0,"WEM","BGR","bulgaria","SISEPUEDE",-1.19673778783863,NA
6003,74074,"LULUCF - HWP:CO2","Land Use, Land Use Change, and Forestry","LULUCF - HWP",-1.183074582406,2039,"CO2",0,0,"WEM","BGR","bulgaria","SISEPUEDE",-1.183074582406,NA
6003,74074,"LULUCF - HWP:CO2","Land Use, Land Use Change, and Forestry","LULUCF - HWP",-1.16727382053027,2040,"CO2",0,0,"WEM","BGR","bulgaria","SISEPUEDE",-1.16727382053027,NA
6003,74074,"LULUCF - HWP:CO2","Land Use, Land Use Change, and Forestry","LULUCF - HWP",-1.15146154180874,2041,"CO2",0,0,"WEM","BGR","bulgaria","SISEPUEDE",-1.15146154180874,NA
6003,74074,"LULUCF - HWP:CO2","Land Use, Land Use Change, and Forestry","LULUCF - HWP",-1.12948672220896,2042,"CO2",0,0,"WEM","BGR","bulgaria","SISEPUEDE",-1.12948672220896,NA
6003,74074,"LULUCF - HWP:CO2","Land Use, Land Use Change, and Forestry","LULUCF - HWP",-1.10720236579449,2043,"CO2",0,0,"WEM","BGR","bulgaria","SISEPUEDE",-1.10720236579449,NA
6003,74074,"LULUCF - HWP:CO2","Land Use, Land Use Change, and Forestry","LULUCF - HWP",-1.08461958691089,2044,"CO2",0,0,"WEM","BGR","bulgaria","SISEPUEDE",-1.08461958691089,NA
6003,74074,"LULUCF - HWP:CO2","Land Use, Land Use Change, and Forestry","LULUCF - HWP",-1.06153643323667,2045,"CO2",0,0,"WEM","BGR","bulgaria","SISEPUEDE",-1.06153643323667,NA
6003,74074,"LULUCF - HWP:CO2","Land Use, Land Use Change, and Forestry","LULUCF - HWP",-1.03893991129396,2046,"CO2",0,0,"WEM","BGR","bulgaria","SISEPUEDE",-1.03893991129396,NA
6003,74074,"LULUCF - HWP:CO2","Land Use, Land Use Change, and Forestry","LULUCF - HWP",-1.01290989478035,2047,"CO2",0,0,"WEM","BGR","bulgaria","SISEPUEDE",-1.01290989478035,NA
6003,74074,"LULUCF - HWP:CO2","Land Use, Land Use Change, and Forestry","LULUCF - HWP",-0.988014871248282,2048,"CO2",0,0,"WEM","BGR","bulgaria","SISEPUEDE",-0.988014871248282,NA
6003,74074,"LULUCF - HWP:CO2","Land Use, Land Use Change, and Forestry","LULUCF - HWP",-0.962866829667618,2049,"CO2",0,0,"WEM","BGR","bulgaria","SISEPUEDE",-0.962866829667618,NA
6003,74074,"LULUCF - HWP:CO2","Land Use, Land Use Change, and Forestry","LULUCF - HWP",-0.936508270556588,2050,"CO2",0,0,"WEM","BGR","bulgaria","SISEPUEDE",-0.936508270556588,NA
6003,74074,"LULUCF - Other Land:CO2","Land Use, Land Use Change, and Forestry","LULUCF - Other Land",0,2022,"CO2",0,0,"WEM","BGR","bulgaria","SISEPUEDE",0,NA
6003,74074,"LULUCF - Other Land:CO2","Land Use, Land Use Change, and Forestry","LULUCF - Other Land",0,2023,"CO2",0,0,"WEM","BGR","bulgaria","SISEPUEDE",0,NA
6003,74074,"LULUCF - Other Land:CO2","Land Use, Land Use Change, and Forestry","LULUCF - Other Land",0,2024,"CO2",0,0,"WEM","BGR","bulgaria","SISEPUEDE",0,NA
6003,74074,"LULUCF - Other Land:CO2","Land Use, Land Use Change, and Forestry","LULUCF - Other Land",0,2025,"CO2",0,0,"WEM","BGR","bulgaria","SISEPUEDE",0,NA
6003,74074,"LULUCF - Other Land:CO2","Land Use, Land Use Change, and Forestry","LULUCF - Other Land",0,2026,"CO2",0,0,"WEM","BGR","bulgaria","SISEPUEDE",0,NA
6003,74074,"LULUCF - Other Land:CO2","Land Use, Land Use Change, and Forestry","LULUCF - Other Land",0,2027,"CO2",0,0,"WEM","BGR","bulgaria","SISEPUEDE",0,NA
6003,74074,"LULUCF - Other Land:CO2","Land Use, Land Use Change, and Forestry","LULUCF - Other Land",0,2028,"CO2",0,0,"WEM","BGR","bulgaria","SISEPUEDE",0,NA
6003,74074,"LULUCF - Other Land:CO2","Land Use, Land Use Change, and Forestry","LULUCF - Other Land",0,2029,"CO2",0,0,"WEM","BGR","bulgaria","SISEPUEDE",0,NA
6003,74074,"LULUCF - Other Land:CO2","Land Use, Land Use Change, and Forestry","LULUCF - Other Land",0,2030,"CO2",0,0,"WEM","BGR","bulgaria","SISEPUEDE",0,NA
6003,74074,"LULUCF - Other Land:CO2","Land Use, Land Use Change, and Forestry","LULUCF - Other Land",0,2031,"CO2",0,0,"WEM","BGR","bulgaria","SISEPUEDE",0,NA
6003,74074,"LULUCF - Other Land:CO2","Land Use, Land Use Change, and Forestry","LULUCF - Other Land",0,2032,"CO2",0,0,"WEM","BGR","bulgaria","SISEPUEDE",0,NA
6003,74074,"LULUCF - Other Land:CO2","Land Use, Land Use Change, and Forestry","LULUCF - Other Land",0,2033,"CO2",0,0,"WEM","BGR","bulgaria","SISEPUEDE",0,NA
6003,74074,"LULUCF - Other Land:CO2","Land Use, Land Use Change, and Forestry","LULUCF - Other Land",0,2034,"CO2",0,0,"WEM","BGR","bulgaria","SISEPUEDE",0,NA
6003,74074,"LULUCF - Other Land:CO2","Land Use, Land Use Change, and Forestry","LULUCF - Other Land",0,2035,"CO2",0,0,"WEM","BGR","bulgaria","SISEPUEDE",0,NA
6003,74074,"LULUCF - Other Land:CO2","Land Use, Land Use Change, and Forestry","LULUCF - Other Land",0,2036,"CO2",0,0,"WEM","BGR","bulgaria","SISEPUEDE",0,NA
6003,74074,"LULUCF - Other Land:CO2","Land Use, Land Use Change, and Forestry","LULUCF - Other Land",0,2037,"CO2",0,0,"WEM","BGR","bulgaria","SISEPUEDE",0,NA
6003,74074,"LULUCF - Other Land:CO2","Land Use, Land Use Change, and Forestry","LULUCF - Other Land",0,2038,"CO2",0,0,"WEM","BGR","bulgaria","SISEPUEDE",0,NA
6003,74074,"LULUCF - Other Land:CO2","Land Use, Land Use Change, and Forestry","LULUCF - Other Land",0,2039,"CO2",0,0,"WEM","BGR","bulgaria","SISEPUEDE",0,NA
6003,74074,"LULUCF - Other Land:CO2","Land Use, Land Use Change, and Forestry","LULUCF - Other Land",0,2040,"CO2",0,0,"WEM","BGR","bulgaria","SISEPUEDE",0,NA
6003,74074,"LULUCF - Other Land:CO2","Land Use, Land Use Change, and Forestry","LULUCF - Other Land",0,2041,"CO2",0,0,"WEM","BGR","bulgaria","SISEPUEDE",0,NA
6003,74074,"LULUCF - Other Land:CO2","Land Use, Land Use Change, and Forestry","LULUCF - Other Land",0,2042,"CO2",0,0,"WEM","BGR","bulgaria","SISEPUEDE",0,NA
6003,74074,"LULUCF - Other Land:CO2","Land Use, Land Use Change, and Forestry","LULUCF - Other Land",0,2043,"CO2",0,0,"WEM","BGR","bulgaria","SISEPUEDE",0,NA
6003,74074,"LULUCF - Other Land:CO2","Land Use, Land Use Change, and Forestry","LULUCF - Other Land",0,2044,"CO2",0,0,"WEM","BGR","bulgaria","SISEPUEDE",0,NA
6003,74074,"LULUCF - Other Land:CO2","Land Use, Land Use Change, and Forestry","LULUCF - Other Land",0,2045,"CO2",0,0,"WEM","BGR","bulgaria","SISEPUEDE",0,NA
6003,74074,"LULUCF - Other Land:CO2","Land Use, Land Use Change, and Forestry","LULUCF - Other Land",0,2046,"CO2",0,0,"WEM","BGR","bulgaria","SISEPUEDE",0,NA
6003,74074,"LULUCF - Other Land:CO2","Land Use, Land Use Change, and Forestry","LULUCF - Other Land",0,2047,"CO2",0,0,"WEM","BGR","bulgaria","SISEPUEDE",0,NA
6003,74074,"LULUCF - Other Land:CO2","Land Use, Land Use Change, and Forestry","LULUCF - Other Land",0,2048,"CO2",0,0,"WEM","BGR","bulgaria","SISEPUEDE",0,NA
6003,74074,"LULUCF - Other Land:CO2","Land Use, Land Use Change, and Forestry","LULUCF - Other Land",0,2049,"CO2",0,0,"WEM","BGR","bulgaria","SISEPUEDE",0,NA
6003,74074,"LULUCF - Other Land:CO2","Land Use, Land Use Change, and Forestry","LULUCF - Other Land",0,2050,"CO2",0,0,"WEM","BGR","bulgaria","SISEPUEDE",0,NA
6003,74074,"LULUCF - Settlements:CO2","Land Use, Land Use Change, and Forestry","LULUCF - Settlements",0.17311,2022,"CO2",0,0,"WEM","BGR","bulgaria","SISEPUEDE",0.17311,NA
6003,74074,"LULUCF - Settlements:CO2","Land Use, Land Use Change, and Forestry","LULUCF - Settlements",0.172994377551605,2023,"CO2",0,0,"WEM","BGR","bulgaria","SISEPUEDE",0.172994377551605,NA
6003,74074,"LULUCF - Settlements:CO2","Land Use, Land Use Change, and Forestry","LULUCF - Settlements",0.172878839478617,2024,"CO2",0,0,"WEM","BGR","bulgaria","SISEPUEDE",0.172878839478617,NA
6003,74074,"LULUCF - Settlements:CO2","Land Use, Land Use Change, and Forestry","LULUCF - Settlements",0.172761453161296,2025,"CO2",0,0,"WEM","BGR","bulgaria","SISEPUEDE",0.172761453161296,NA
6003,74074,"LULUCF - Settlements:CO2","Land Use, Land Use Change, and Forestry","LULUCF - Settlements",0.172642239586592,2026,"CO2",0,0,"WEM","BGR","bulgaria","SISEPUEDE",0.172642239586592,NA
6003,74074,"LULUCF - Settlements:CO2","Land Use, Land Use Change, and Forestry","LULUCF - Settlements",0.172521196836703,2027,"CO2",0,0,"WEM","BGR","bulgaria","SISEPUEDE",0.172521196836703,NA
6003,74074,"LULUCF - Settlements:CO2","Land Use, Land Use Change, and Forestry","LULUCF - Settlements",0.1723983006796,2028,"CO2",0,0,"WEM","BGR","bulgaria","SISEPUEDE",0.1723983006796,NA
6003,74074,"LULUCF - Settlements:CO2","Land Use, Land Use Change, and Forestry","LULUCF - Settlements",0.172360937420199,2029,"CO2",0,0,"WEM","BGR","bulgaria","SISEPUEDE",0.172360937420199,NA
6003,74074,"LULUCF - Settlements:CO2","Land Use, Land Use Change, and Forestry","LULUCF - Settlements",0.172448192439525,2030,"CO2",0,0,"WEM","BGR","bulgaria","SISEPUEDE",0.172448192439525,NA
6003,74074,"LULUCF - Settlements:CO2","Land Use, Land Use Change, and Forestry","LULUCF - Settlements",0.172535452281395,2031,"CO2",0,0,"WEM","BGR","bulgaria","SISEPUEDE",0.172535452281395,NA
6003,74074,"LULUCF - Settlements:CO2","Land Use, Land Use Change, and Forestry","LULUCF - Settlements",0.172622715799807,2032,"CO2",0,0,"WEM","BGR","bulgaria","SISEPUEDE",0.172622715799807,NA
6003,74074,"LULUCF - Settlements:CO2","Land Use, Land Use Change, and Forestry","LULUCF - Settlements",0.172709963301139,2033,"CO2",0,0,"WEM","BGR","bulgaria","SISEPUEDE",0.172709963301139,NA
6003,74074,"LULUCF - Settlements:CO2","Land Use, Land Use Change, and Forestry","LULUCF - Settlements",0.172797236118861,2034,"CO2",0,0,"WEM","BGR","bulgaria","SISEPUEDE",0.172797236118861,NA
6003,74074,"LULUCF - Settlements:CO2","Land Use, Land Use Change, and Forestry","LULUCF - Settlements",0.172884485388962,2035,"CO2",0,0,"WEM","BGR","bulgaria","SISEPUEDE",0.172884485388962,NA
6003,74074,"LULUCF - Settlements:CO2","Land Use, Land Use Change, and Forestry","LULUCF - Settlements",0.172971761127691,2036,"CO2",0,0,"WEM","BGR","bulgaria","SISEPUEDE",0.172971761127691,NA
6003,74074,"LULUCF - Settlements:CO2","Land Use, Land Use Change, and Forestry","LULUCF - Settlements",0.173059033295526,2037,"CO2",0,0,"WEM","BGR","bulgaria","SISEPUEDE",0.173059033295526,NA
6003,74074,"LULUCF - Settlements:CO2","Land Use, Land Use Change, and Forestry","LULUCF - Settlements",0.173146305092196,2038,"CO2",0,0,"WEM","BGR","bulgaria","SISEPUEDE",0.173146305092196,NA
6003,74074,"LULUCF - Settlements:CO2","Land Use, Land Use Change, and Forestry","LULUCF - Settlements",0.173233572260598,2039,"CO2",0,0,"WEM","BGR","bulgaria","SISEPUEDE",0.173233572260598,NA
6003,74074,"LULUCF - Settlements:CO2","Land Use, Land Use Change, and Forestry","LULUCF - Settlements",0.173320837337693,2040,"CO2",0,0,"WEM","BGR","bulgaria","SISEPUEDE",0.173320837337693,NA
6003,74074,"LULUCF - Settlements:CO2","Land Use, Land Use Change, and Forestry","LULUCF - Settlements",0.17340811492904,2041,"CO2",0,0,"WEM","BGR","bulgaria","SISEPUEDE",0.17340811492904,NA
6003,74074,"LULUCF - Settlements:CO2","Land Use, Land Use Change, and Forestry","LULUCF - Settlements",0.173495385176625,2042,"CO2",0,0,"WEM","BGR","bulgaria","SISEPUEDE",0.173495385176625,NA
6003,74074,"LULUCF - Settlements:CO2","Land Use, Land Use Change, and Forestry","LULUCF - Settlements",0.173582672541794,2043,"CO2",0,0,"WEM","BGR","bulgaria","SISEPUEDE",0.173582672541794,NA
6003,74074,"LULUCF - Settlements:CO2","Land Use, Land Use Change, and Forestry","LULUCF - Settlements",0.173669945637339,2044,"CO2",0,0,"WEM","BGR","bulgaria","SISEPUEDE",0.173669945637339,NA
6003,74074,"LULUCF - Settlements:CO2","Land Use, Land Use Change, and Forestry","LULUCF - Settlements",0.173757232542894,2045,"CO2",0,0,"WEM","BGR","bulgaria","SISEPUEDE",0.173757232542894,NA
6003,74074,"LULUCF - Settlements:CO2","Land Use, Land Use Change, and Forestry","LULUCF - Settlements",0.173844518320396,2046,"CO2",0,0,"WEM","BGR","bulgaria","SISEPUEDE",0.173844518320396,NA
6003,74074,"LULUCF - Settlements:CO2","Land Use, Land Use Change, and Forestry","LULUCF - Settlements",0.173931814952434,2047,"CO2",0,0,"WEM","BGR","bulgaria","SISEPUEDE",0.173931814952434,NA
6003,74074,"LULUCF - Settlements:CO2","Land Use, Land Use Change, and Forestry","LULUCF - Settlements",0.174019095939057,2048,"CO2",0,0,"WEM","BGR","bulgaria","SISEPUEDE",0.174019095939057,NA
6003,74074,"LULUCF - Settlements:CO2","Land Use, Land Use Change, and Forestry","LULUCF - Settlements",0.17410639591865,2049,"CO2",0,0,"WEM","BGR","bulgaria","SISEPUEDE",0.17410639591865,NA
6003,74074,"LULUCF - Settlements:CO2","Land Use, Land Use Change, and Forestry","LULUCF - Settlements",0.174193689949963,2050,"CO2",0,0,"WEM","BGR","bulgaria","SISEPUEDE",0.174193689949963,NA
6003,74074,"LULUCF - Wetlands:CH4","Land Use, Land Use Change, and Forestry","LULUCF - Wetlands",0,2022,"CH4",0,0,"WEM","BGR","bulgaria","SISEPUEDE",0,NA
6003,74074,"LULUCF - Wetlands:CH4","Land Use, Land Use Change, and Forestry","LULUCF - Wetlands",0,2023,"CH4",0,0,"WEM","BGR","bulgaria","SISEPUEDE",0,NA
6003,74074,"LULUCF - Wetlands:CH4","Land Use, Land Use Change, and Forestry","LULUCF - Wetlands",0,2024,"CH4",0,0,"WEM","BGR","bulgaria","SISEPUEDE",0,NA
6003,74074,"LULUCF - Wetlands:CH4","Land Use, Land Use Change, and Forestry","LULUCF - Wetlands",0,2025,"CH4",0,0,"WEM","BGR","bulgaria","SISEPUEDE",0,NA
6003,74074,"LULUCF - Wetlands:CH4","Land Use, Land Use Change, and Forestry","LULUCF - Wetlands",0,2026,"CH4",0,0,"WEM","BGR","bulgaria","SISEPUEDE",0,NA
6003,74074,"LULUCF - Wetlands:CH4","Land Use, Land Use Change, and Forestry","LULUCF - Wetlands",0,2027,"CH4",0,0,"WEM","BGR","bulgaria","SISEPUEDE",0,NA
6003,74074,"LULUCF - Wetlands:CH4","Land Use, Land Use Change, and Forestry","LULUCF - Wetlands",0,2028,"CH4",0,0,"WEM","BGR","bulgaria","SISEPUEDE",0,NA
6003,74074,"LULUCF - Wetlands:CH4","Land Use, Land Use Change, and Forestry","LULUCF - Wetlands",0,2029,"CH4",0,0,"WEM","BGR","bulgaria","SISEPUEDE",0,NA
6003,74074,"LULUCF - Wetlands:CH4","Land Use, Land Use Change, and Forestry","LULUCF - Wetlands",0,2030,"CH4",0,0,"WEM","BGR","bulgaria","SISEPUEDE",0,NA
6003,74074,"LULUCF - Wetlands:CH4","Land Use, Land Use Change, and Forestry","LULUCF - Wetlands",0,2031,"CH4",0,0,"WEM","BGR","bulgaria","SISEPUEDE",0,NA
6003,74074,"LULUCF - Wetlands:CH4","Land Use, Land Use Change, and Forestry","LULUCF - Wetlands",0,2032,"CH4",0,0,"WEM","BGR","bulgaria","SISEPUEDE",0,NA
6003,74074,"LULUCF - Wetlands:CH4","Land Use, Land Use Change, and Forestry","LULUCF - Wetlands",0,2033,"CH4",0,0,"WEM","BGR","bulgaria","SISEPUEDE",0,NA
6003,74074,"LULUCF - Wetlands:CH4","Land Use, Land Use Change, and Forestry","LULUCF - Wetlands",0,2034,"CH4",0,0,"WEM","BGR","bulgaria","SISEPUEDE",0,NA
6003,74074,"LULUCF - Wetlands:CH4","Land Use, Land Use Change, and Forestry","LULUCF - Wetlands",0,2035,"CH4",0,0,"WEM","BGR","bulgaria","SISEPUEDE",0,NA
6003,74074,"LULUCF - Wetlands:CH4","Land Use, Land Use Change, and Forestry","LULUCF - Wetlands",0,2036,"CH4",0,0,"WEM","BGR","bulgaria","SISEPUEDE",0,NA
6003,74074,"LULUCF - Wetlands:CH4","Land Use, Land Use Change, and Forestry","LULUCF - Wetlands",0,2037,"CH4",0,0,"WEM","BGR","bulgaria","SISEPUEDE",0,NA
6003,74074,"LULUCF - Wetlands:CH4","Land Use, Land Use Change, and Forestry","LULUCF - Wetlands",0,2038,"CH4",0,0,"WEM","BGR","bulgaria","SISEPUEDE",0,NA
6003,74074,"LULUCF - Wetlands:CH4","Land Use, Land Use Change, and Forestry","LULUCF - Wetlands",0,2039,"CH4",0,0,"WEM","BGR","bulgaria","SISEPUEDE",0,NA
6003,74074,"LULUCF - Wetlands:CH4","Land Use, Land Use Change, and Forestry","LULUCF - Wetlands",0,2040,"CH4",0,0,"WEM","BGR","bulgaria","SISEPUEDE",0,NA
6003,74074,"LULUCF - Wetlands:CH4","Land Use, Land Use Change, and Forestry","LULUCF - Wetlands",0,2041,"CH4",0,0,"WEM","BGR","bulgaria","SISEPUEDE",0,NA
6003,74074,"LULUCF - Wetlands:CH4","Land Use, Land Use Change, and Forestry","LULUCF - Wetlands",0,2042,"CH4",0,0,"WEM","BGR","bulgaria","SISEPUEDE",0,NA
6003,74074,"LULUCF - Wetlands:CH4","Land Use, Land Use Change, and Forestry","LULUCF - Wetlands",0,2043,"CH4",0,0,"WEM","BGR","bulgaria","SISEPUEDE",0,NA
6003,74074,"LULUCF - Wetlands:CH4","Land Use, Land Use Change, and Forestry","LULUCF - Wetlands",0,2044,"CH4",0,0,"WEM","BGR","bulgaria","SISEPUEDE",0,NA
6003,74074,"LULUCF - Wetlands:CH4","Land Use, Land Use Change, and Forestry","LULUCF - Wetlands",0,2045,"CH4",0,0,"WEM","BGR","bulgaria","SISEPUEDE",0,NA
6003,74074,"LULUCF - Wetlands:CH4","Land Use, Land Use Change, and Forestry","LULUCF - Wetlands",0,2046,"CH4",0,0,"WEM","BGR","bulgaria","SISEPUEDE",0,NA
6003,74074,"LULUCF - Wetlands:CH4","Land Use, Land Use Change, and Forestry","LULUCF - Wetlands",0,2047,"CH4",0,0,"WEM","BGR","bulgaria","SISEPUEDE",0,NA
6003,74074,"LULUCF - Wetlands:CH4","Land Use, Land Use Change, and Forestry","LULUCF - Wetlands",0,2048,"CH4",0,0,"WEM","BGR","bulgaria","SISEPUEDE",0,NA
6003,74074,"LULUCF - Wetlands:CH4","Land Use, Land Use Change, and Forestry","LULUCF - Wetlands",0,2049,"CH4",0,0,"WEM","BGR","bulgaria","SISEPUEDE",0,NA
6003,74074,"LULUCF - Wetlands:CH4","Land Use, Land Use Change, and Forestry","LULUCF - Wetlands",0,2050,"CH4",0,0,"WEM","BGR","bulgaria","SISEPUEDE",0,NA
6003,74074,"LULUCF - Wetlands:CO2","Land Use, Land Use Change, and Forestry","LULUCF - Wetlands",0.08098,2022,"CO2",0,0,"WEM","BGR","bulgaria","SISEPUEDE",0.08098,NA
6003,74074,"LULUCF - Wetlands:CO2","Land Use, Land Use Change, and Forestry","LULUCF - Wetlands",0.0809259102473031,2023,"CO2",0,0,"WEM","BGR","bulgaria","SISEPUEDE",0.0809259102473031,NA
6003,74074,"LULUCF - Wetlands:CO2","Land Use, Land Use Change, and Forestry","LULUCF - Wetlands",0.0808718662094838,2024,"CO2",0,0,"WEM","BGR","bulgaria","SISEPUEDE",0.0808718662094838,NA
6003,74074,"LULUCF - Wetlands:CO2","Land Use, Land Use Change, and Forestry","LULUCF - Wetlands",0.0808169414832928,2025,"CO2",0,0,"WEM","BGR","bulgaria","SISEPUEDE",0.0808169414832928,NA
6003,74074,"LULUCF - Wetlands:CO2","Land Use, Land Use Change, and Forestry","LULUCF - Wetlands",0.0807611812362901,2026,"CO2",0,0,"WEM","BGR","bulgaria","SISEPUEDE",0.0807611812362901,NA
6003,74074,"LULUCF - Wetlands:CO2","Land Use, Land Use Change, and Forestry","LULUCF - Wetlands",0.0807045570229225,2027,"CO2",0,0,"WEM","BGR","bulgaria","SISEPUEDE",0.0807045570229225,NA
6003,74074,"LULUCF - Wetlands:CO2","Land Use, Land Use Change, and Forestry","LULUCF - Wetlands",0.0806470290994,2028,"CO2",0,0,"WEM","BGR","bulgaria","SISEPUEDE",0.0806470290994,NA
6003,74074,"LULUCF - Wetlands:CO2","Land Use, Land Use Change, and Forestry","LULUCF - Wetlands",0.0806295593445592,2029,"CO2",0,0,"WEM","BGR","bulgaria","SISEPUEDE",0.0806295593445592,NA
6003,74074,"LULUCF - Wetlands:CO2","Land Use, Land Use Change, and Forestry","LULUCF - Wetlands",0.0806703736895066,2030,"CO2",0,0,"WEM","BGR","bulgaria","SISEPUEDE",0.0806703736895066,NA
6003,74074,"LULUCF - Wetlands:CO2","Land Use, Land Use Change, and Forestry","LULUCF - Wetlands",0.0807111989289545,2031,"CO2",0,0,"WEM","BGR","bulgaria","SISEPUEDE",0.0807111989289545,NA
6003,74074,"LULUCF - Wetlands:CO2","Land Use, Land Use Change, and Forestry","LULUCF - Wetlands",0.0807520144887602,2032,"CO2",0,0,"WEM","BGR","bulgaria","SISEPUEDE",0.0807520144887602,NA
6003,74074,"LULUCF - Wetlands:CO2","Land Use, Land Use Change, and Forestry","LULUCF - Wetlands",0.0807928222025554,2033,"CO2",0,0,"WEM","BGR","bulgaria","SISEPUEDE",0.0807928222025554,NA
6003,74074,"LULUCF - Wetlands:CO2","Land Use, Land Use Change, and Forestry","LULUCF - Wetlands",0.0808336562080114,2034,"CO2",0,0,"WEM","BGR","bulgaria","SISEPUEDE",0.0808336562080114,NA
6003,74074,"LULUCF - Wetlands:CO2","Land Use, Land Use Change, and Forestry","LULUCF - Wetlands",0.0808744601105662,2035,"CO2",0,0,"WEM","BGR","bulgaria","SISEPUEDE",0.0808744601105662,NA
6003,74074,"LULUCF - Wetlands:CO2","Land Use, Land Use Change, and Forestry","LULUCF - Wetlands",0.0809152958939495,2036,"CO2",0,0,"WEM","BGR","bulgaria","SISEPUEDE",0.0809152958939495,NA
6003,74074,"LULUCF - Wetlands:CO2","Land Use, Land Use Change, and Forestry","LULUCF - Wetlands",0.0809561171220631,2037,"CO2",0,0,"WEM","BGR","bulgaria","SISEPUEDE",0.0809561171220631,NA
6003,74074,"LULUCF - Wetlands:CO2","Land Use, Land Use Change, and Forestry","LULUCF - Wetlands",0.0809969446528902,2038,"CO2",0,0,"WEM","BGR","bulgaria","SISEPUEDE",0.0809969446528902,NA
6003,74074,"LULUCF - Wetlands:CO2","Land Use, Land Use Change, and Forestry","LULUCF - Wetlands",0.081037767459487,2039,"CO2",0,0,"WEM","BGR","bulgaria","SISEPUEDE",0.081037767459487,NA
6003,74074,"LULUCF - Wetlands:CO2","Land Use, Land Use Change, and Forestry","LULUCF - Wetlands",0.0810785909733493,2040,"CO2",0,0,"WEM","BGR","bulgaria","SISEPUEDE",0.0810785909733493,NA
6003,74074,"LULUCF - Wetlands:CO2","Land Use, Land Use Change, and Forestry","LULUCF - Wetlands",0.0811194182517764,2041,"CO2",0,0,"WEM","BGR","bulgaria","SISEPUEDE",0.0811194182517764,NA
6003,74074,"LULUCF - Wetlands:CO2","Land Use, Land Use Change, and Forestry","LULUCF - Wetlands",0.0811602361995905,2042,"CO2",0,0,"WEM","BGR","bulgaria","SISEPUEDE",0.0811602361995905,NA
6003,74074,"LULUCF - Wetlands:CO2","Land Use, Land Use Change, and Forestry","LULUCF - Wetlands",0.0812010728173413,2043,"CO2",0,0,"WEM","BGR","bulgaria","SISEPUEDE",0.0812010728173413,NA
6003,74074,"LULUCF - Wetlands:CO2","Land Use, Land Use Change, and Forestry","LULUCF - Wetlands",0.0812418960475017,2044,"CO2",0,0,"WEM","BGR","bulgaria","SISEPUEDE",0.0812418960475017,NA
6003,74074,"LULUCF - Wetlands:CO2","Land Use, Land Use Change, and Forestry","LULUCF - Wetlands",0.081282730057861,2045,"CO2",0,0,"WEM","BGR","bulgaria","SISEPUEDE",0.081282730057861,NA
6003,74074,"LULUCF - Wetlands:CO2","Land Use, Land Use Change, and Forestry","LULUCF - Wetlands",0.0813235643069442,2046,"CO2",0,0,"WEM","BGR","bulgaria","SISEPUEDE",0.0813235643069442,NA
6003,74074,"LULUCF - Wetlands:CO2","Land Use, Land Use Change, and Forestry","LULUCF - Wetlands",0.081364401655283,2047,"CO2",0,0,"WEM","BGR","bulgaria","SISEPUEDE",0.081364401655283,NA
6003,74074,"LULUCF - Wetlands:CO2","Land Use, Land Use Change, and Forestry","LULUCF - Wetlands",0.0814052309141528,2048,"CO2",0,0,"WEM","BGR","bulgaria","SISEPUEDE",0.0814052309141528,NA
6003,74074,"LULUCF - Wetlands:CO2","Land Use, Land Use Change, and Forestry","LULUCF - Wetlands",0.0814460711557276,2049,"CO2",0,0,"WEM","BGR","bulgaria","SISEPUEDE",0.0814460711557276,NA
6003,74074,"LULUCF - Wetlands:CO2","Land Use, Land Use Change, and Forestry","LULUCF - Wetlands",0.0814869068519025,2050,"CO2",0,0,"WEM","BGR","bulgaria","SISEPUEDE",0.0814869068519025,NA
6003,74074,"Waste - Solid Waste:CH4","Waste","Waste - Solid Waste",2.171526,2022,"CH4",0,0,"WEM","BGR","bulgaria","SISEPUEDE",2.171526,NA
6003,74074,"Waste - Solid Waste:CH4","Waste","Waste - Solid Waste",2.2221967654721,2023,"CH4",0,0,"WEM","BGR","bulgaria","SISEPUEDE",2.2221967654721,NA
6003,74074,"Waste - Solid Waste:CH4","Waste","Waste - Solid Waste",2.26737380583031,2024,"CH4",0,0,"WEM","BGR","bulgaria","SISEPUEDE",2.26737380583031,NA
6003,74074,"Waste - Solid Waste:CH4","Waste","Waste - Solid Waste",2.30744541178179,2025,"CH4",0,0,"WEM","BGR","bulgaria","SISEPUEDE",2.30744541178179,NA
6003,74074,"Waste - Solid Waste:CH4","Waste","Waste - Solid Waste",2.34257989384286,2026,"CH4",0,0,"WEM","BGR","bulgaria","SISEPUEDE",2.34257989384286,NA
6003,74074,"Waste - Solid Waste:CH4","Waste","Waste - Solid Waste",2.37335965205904,2027,"CH4",0,0,"WEM","BGR","bulgaria","SISEPUEDE",2.37335965205904,NA
6003,74074,"Waste - Solid Waste:CH4","Waste","Waste - Solid Waste",2.39558409005911,2028,"CH4",0,0,"WEM","BGR","bulgaria","SISEPUEDE",2.39558409005911,NA
6003,74074,"Waste - Solid Waste:CH4","Waste","Waste - Solid Waste",2.39981348773774,2029,"CH4",0,0,"WEM","BGR","bulgaria","SISEPUEDE",2.39981348773774,NA
6003,74074,"Waste - Solid Waste:CH4","Waste","Waste - Solid Waste",2.38903135227741,2030,"CH4",0,0,"WEM","BGR","bulgaria","SISEPUEDE",2.38903135227741,NA
6003,74074,"Waste - Solid Waste:CH4","Waste","Waste - Solid Waste",2.36580359833139,2031,"CH4",0,0,"WEM","BGR","bulgaria","SISEPUEDE",2.36580359833139,NA
6003,74074,"Waste - Solid Waste:CH4","Waste","Waste - Solid Waste",2.3322859646614,2032,"CH4",0,0,"WEM","BGR","bulgaria","SISEPUEDE",2.3322859646614,NA
6003,74074,"Waste - Solid Waste:CH4","Waste","Waste - Solid Waste",2.29032905509843,2033,"CH4",0,0,"WEM","BGR","bulgaria","SISEPUEDE",2.29032905509843,NA
6003,74074,"Waste - Solid Waste:CH4","Waste","Waste - Solid Waste",2.24151831990943,2034,"CH4",0,0,"WEM","BGR","bulgaria","SISEPUEDE",2.24151831990943,NA
6003,74074,"Waste - Solid Waste:CH4","Waste","Waste - Solid Waste",2.18729311563495,2035,"CH4",0,0,"WEM","BGR","bulgaria","SISEPUEDE",2.18729311563495,NA
6003,74074,"Waste - Solid Waste:CH4","Waste","Waste - Solid Waste",2.12882358255804,2036,"CH4",0,0,"WEM","BGR","bulgaria","SISEPUEDE",2.12882358255804,NA
6003,74074,"Waste - Solid Waste:CH4","Waste","Waste - Solid Waste",2.06698576649916,2037,"CH4",0,0,"WEM","BGR","bulgaria","SISEPUEDE",2.06698576649916,NA
6003,74074,"Waste - Solid Waste:CH4","Waste","Waste - Solid Waste",2.00254254504907,2038,"CH4",0,0,"WEM","BGR","bulgaria","SISEPUEDE",2.00254254504907,NA
6003,74074,"Waste - Solid Waste:CH4","Waste","Waste - Solid Waste",1.93616819357662,2039,"CH4",0,0,"WEM","BGR","bulgaria","SISEPUEDE",1.93616819357662,NA
6003,74074,"Waste - Solid Waste:CH4","Waste","Waste - Solid Waste",1.86844811860225,2040,"CH4",0,0,"WEM","BGR","bulgaria","SISEPUEDE",1.86844811860225,NA
6003,74074,"Waste - Solid Waste:CH4","Waste","Waste - Solid Waste",1.79984378861288,2041,"CH4",0,0,"WEM","BGR","bulgaria","SISEPUEDE",1.79984378861288,NA
6003,74074,"Waste - Solid Waste:CH4","Waste","Waste - Solid Waste",1.73077964560642,2042,"CH4",0,0,"WEM","BGR","bulgaria","SISEPUEDE",1.73077964560642,NA
6003,74074,"Waste - Solid Waste:CH4","Waste","Waste - Solid Waste",1.66162135199056,2043,"CH4",0,0,"WEM","BGR","bulgaria","SISEPUEDE",1.66162135199056,NA
6003,74074,"Waste - Solid Waste:CH4","Waste","Waste - Solid Waste",1.59268322388768,2044,"CH4",0,0,"WEM","BGR","bulgaria","SISEPUEDE",1.59268322388768,NA
6003,74074,"Waste - Solid Waste:CH4","Waste","Waste - Solid Waste",1.52425581826327,2045,"CH4",0,0,"WEM","BGR","bulgaria","SISEPUEDE",1.52425581826327,NA
6003,74074,"Waste - Solid Waste:CH4","Waste","Waste - Solid Waste",1.45655463030047,2046,"CH4",0,0,"WEM","BGR","bulgaria","SISEPUEDE",1.45655463030047,NA
6003,74074,"Waste - Solid Waste:CH4","Waste","Waste - Solid Waste",1.38981744376946,2047,"CH4",0,0,"WEM","BGR","bulgaria","SISEPUEDE",1.38981744376946,NA
6003,74074,"Waste - Solid Waste:CH4","Waste","Waste - Solid Waste",1.32423392945268,2048,"CH4",0,0,"WEM","BGR","bulgaria","SISEPUEDE",1.32423392945268,NA
6003,74074,"Waste - Solid Waste:CH4","Waste","Waste - Solid Waste",1.25997740963408,2049,"CH4",0,0,"WEM","BGR","bulgaria","SISEPUEDE",1.25997740963408,NA
6003,74074,"Waste - Solid Waste:CH4","Waste","Waste - Solid Waste",1.19719676353873,2050,"CH4",0,0,"WEM","BGR","bulgaria","SISEPUEDE",1.19719676353873,NA
6003,74074,"Waste - Solid Waste:CO2","Waste","Waste - Solid Waste",0.01186,2022,"CO2",0,0,"WEM","BGR","bulgaria","SISEPUEDE",0.01186,NA
6003,74074,"Waste - Solid Waste:CO2","Waste","Waste - Solid Waste",0.0120539682248938,2023,"CO2",0,0,"WEM","BGR","bulgaria","SISEPUEDE",0.0120539682248938,NA
6003,74074,"Waste - Solid Waste:CO2","Waste","Waste - Solid Waste",0.0124199188318074,2024,"CO2",0,0,"WEM","BGR","bulgaria","SISEPUEDE",0.0124199188318074,NA
6003,74074,"Waste - Solid Waste:CO2","Waste","Waste - Solid Waste",0.0127514498140955,2025,"CO2",0,0,"WEM","BGR","bulgaria","SISEPUEDE",0.0127514498140955,NA
6003,74074,"Waste - Solid Waste:CO2","Waste","Waste - Solid Waste",0.0130813853556553,2026,"CO2",0,0,"WEM","BGR","bulgaria","SISEPUEDE",0.0130813853556553,NA
6003,74074,"Waste - Solid Waste:CO2","Waste","Waste - Solid Waste",0.0134449839827123,2027,"CO2",0,0,"WEM","BGR","bulgaria","SISEPUEDE",0.0134449839827123,NA
6003,74074,"Waste - Solid Waste:CO2","Waste","Waste - Solid Waste",0.0133166009887467,2028,"CO2",0,0,"WEM","BGR","bulgaria","SISEPUEDE",0.0133166009887467,NA
6003,74074,"Waste - Solid Waste:CO2","Waste","Waste - Solid Waste",0.0131568692265385,2029,"CO2",0,0,"WEM","BGR","bulgaria","SISEPUEDE",0.0131568692265385,NA
6003,74074,"Waste - Solid Waste:CO2","Waste","Waste - Solid Waste",0.0129902352077524,2030,"CO2",0,0,"WEM","BGR","bulgaria","SISEPUEDE",0.0129902352077524,NA
6003,74074,"Waste - Solid Waste:CO2","Waste","Waste - Solid Waste",0.0128058758501776,2031,"CO2",0,0,"WEM","BGR","bulgaria","SISEPUEDE",0.0128058758501776,NA
6003,74074,"Waste - Solid Waste:CO2","Waste","Waste - Solid Waste",0.0126136614220023,2032,"CO2",0,0,"WEM","BGR","bulgaria","SISEPUEDE",0.0126136614220023,NA
6003,74074,"Waste - Solid Waste:CO2","Waste","Waste - Solid Waste",0.0124118554356391,2033,"CO2",0,0,"WEM","BGR","bulgaria","SISEPUEDE",0.0124118554356391,NA
6003,74074,"Waste - Solid Waste:CO2","Waste","Waste - Solid Waste",0.0121978205841853,2034,"CO2",0,0,"WEM","BGR","bulgaria","SISEPUEDE",0.0121978205841853,NA
6003,74074,"Waste - Solid Waste:CO2","Waste","Waste - Solid Waste",0.0119712936952374,2035,"CO2",0,0,"WEM","BGR","bulgaria","SISEPUEDE",0.0119712936952374,NA
6003,74074,"Waste - Solid Waste:CO2","Waste","Waste - Solid Waste",0.0117237061921117,2036,"CO2",0,0,"WEM","BGR","bulgaria","SISEPUEDE",0.0117237061921117,NA
6003,74074,"Waste - Solid Waste:CO2","Waste","Waste - Solid Waste",0.0114648666579756,2037,"CO2",0,0,"WEM","BGR","bulgaria","SISEPUEDE",0.0114648666579756,NA
6003,74074,"Waste - Solid Waste:CO2","Waste","Waste - Solid Waste",0.0111934847711066,2038,"CO2",0,0,"WEM","BGR","bulgaria","SISEPUEDE",0.0111934847711066,NA
6003,74074,"Waste - Solid Waste:CO2","Waste","Waste - Solid Waste",0.0109069640386771,2039,"CO2",0,0,"WEM","BGR","bulgaria","SISEPUEDE",0.0109069640386771,NA
6003,74074,"Waste - Solid Waste:CO2","Waste","Waste - Solid Waste",0.0106099539735119,2040,"CO2",0,0,"WEM","BGR","bulgaria","SISEPUEDE",0.0106099539735119,NA
6003,74074,"Waste - Solid Waste:CO2","Waste","Waste - Solid Waste",0.0102890889712998,2041,"CO2",0,0,"WEM","BGR","bulgaria","SISEPUEDE",0.0102890889712998,NA
6003,74074,"Waste - Solid Waste:CO2","Waste","Waste - Solid Waste",0.00995697190238509,2042,"CO2",0,0,"WEM","BGR","bulgaria","SISEPUEDE",0.00995697190238509,NA
6003,74074,"Waste - Solid Waste:CO2","Waste","Waste - Solid Waste",0.0096136364313874,2043,"CO2",0,0,"WEM","BGR","bulgaria","SISEPUEDE",0.0096136364313874,NA
6003,74074,"Waste - Solid Waste:CO2","Waste","Waste - Solid Waste",0.00925867505131787,2044,"CO2",0,0,"WEM","BGR","bulgaria","SISEPUEDE",0.00925867505131787,NA
6003,74074,"Waste - Solid Waste:CO2","Waste","Waste - Solid Waste",0.00889394152496819,2045,"CO2",0,0,"WEM","BGR","bulgaria","SISEPUEDE",0.00889394152496819,NA
6003,74074,"Waste - Solid Waste:CO2","Waste","Waste - Solid Waste",0.00851225434451404,2046,"CO2",0,0,"WEM","BGR","bulgaria","SISEPUEDE",0.00851225434451404,NA
6003,74074,"Waste - Solid Waste:CO2","Waste","Waste - Solid Waste",0.00812187201399477,2047,"CO2",0,0,"WEM","BGR","bulgaria","SISEPUEDE",0.00812187201399477,NA
6003,74074,"Waste - Solid Waste:CO2","Waste","Waste - Solid Waste",0.00772033007375237,2048,"CO2",0,0,"WEM","BGR","bulgaria","SISEPUEDE",0.00772033007375237,NA
6003,74074,"Waste - Solid Waste:CO2","Waste","Waste - Solid Waste",0.00730613488109116,2049,"CO2",0,0,"WEM","BGR","bulgaria","SISEPUEDE",0.00730613488109116,NA
6003,74074,"Waste - Solid Waste:CO2","Waste","Waste - Solid Waste",0.00687839072374527,2050,"CO2",0,0,"WEM","BGR","bulgaria","SISEPUEDE",0.00687839072374527,NA
6003,74074,"Waste - Solid Waste:N2O","Waste","Waste - Solid Waste",0.005539,2022,"N2O",0,0,"WEM","BGR","bulgaria","SISEPUEDE",0.005539,NA
6003,74074,"Waste - Solid Waste:N2O","Waste","Waste - Solid Waste",0.00552769166518824,2023,"N2O",0,0,"WEM","BGR","bulgaria","SISEPUEDE",0.00552769166518824,NA
6003,74074,"Waste - Solid Waste:N2O","Waste","Waste - Solid Waste",0.00550914072945356,2024,"N2O",0,0,"WEM","BGR","bulgaria","SISEPUEDE",0.00550914072945356,NA
6003,74074,"Waste - Solid Waste:N2O","Waste","Waste - Solid Waste",0.00548232388834881,2025,"N2O",0,0,"WEM","BGR","bulgaria","SISEPUEDE",0.00548232388834881,NA
6003,74074,"Waste - Solid Waste:N2O","Waste","Waste - Solid Waste",0.00545510781121031,2026,"N2O",0,0,"WEM","BGR","bulgaria","SISEPUEDE",0.00545510781121031,NA
6003,74074,"Waste - Solid Waste:N2O","Waste","Waste - Solid Waste",0.00542858480518876,2027,"N2O",0,0,"WEM","BGR","bulgaria","SISEPUEDE",0.00542858480518876,NA
6003,74074,"Waste - Solid Waste:N2O","Waste","Waste - Solid Waste",0.00944331976178132,2028,"N2O",0,0,"WEM","BGR","bulgaria","SISEPUEDE",0.00944331976178132,NA
6003,74074,"Waste - Solid Waste:N2O","Waste","Waste - Solid Waste",0.013378816104041,2029,"N2O",0,0,"WEM","BGR","bulgaria","SISEPUEDE",0.013378816104041,NA
6003,74074,"Waste - Solid Waste:N2O","Waste","Waste - Solid Waste",0.0172384738325221,2030,"N2O",0,0,"WEM","BGR","bulgaria","SISEPUEDE",0.0172384738325221,NA
6003,74074,"Waste - Solid Waste:N2O","Waste","Waste - Solid Waste",0.0210237555083005,2031,"N2O",0,0,"WEM","BGR","bulgaria","SISEPUEDE",0.0210237555083005,NA
6003,74074,"Waste - Solid Waste:N2O","Waste","Waste - Solid Waste",0.0247385510898185,2032,"N2O",0,0,"WEM","BGR","bulgaria","SISEPUEDE",0.0247385510898185,NA
6003,74074,"Waste - Solid Waste:N2O","Waste","Waste - Solid Waste",0.0283867731187453,2033,"N2O",0,0,"WEM","BGR","bulgaria","SISEPUEDE",0.0283867731187453,NA
6003,74074,"Waste - Solid Waste:N2O","Waste","Waste - Solid Waste",0.0319755377084913,2034,"N2O",0,0,"WEM","BGR","bulgaria","SISEPUEDE",0.0319755377084913,NA
6003,74074,"Waste - Solid Waste:N2O","Waste","Waste - Solid Waste",0.0355342412305176,2035,"N2O",0,0,"WEM","BGR","bulgaria","SISEPUEDE",0.0355342412305176,NA
6003,74074,"Waste - Solid Waste:N2O","Waste","Waste - Solid Waste",0.0390345107870999,2036,"N2O",0,0,"WEM","BGR","bulgaria","SISEPUEDE",0.0390345107870999,NA
6003,74074,"Waste - Solid Waste:N2O","Waste","Waste - Solid Waste",0.0424792277949632,2037,"N2O",0,0,"WEM","BGR","bulgaria","SISEPUEDE",0.0424792277949632,NA
6003,74074,"Waste - Solid Waste:N2O","Waste","Waste - Solid Waste",0.045869771876205,2038,"N2O",0,0,"WEM","BGR","bulgaria","SISEPUEDE",0.045869771876205,NA
6003,74074,"Waste - Solid Waste:N2O","Waste","Waste - Solid Waste",0.0492130105910421,2039,"N2O",0,0,"WEM","BGR","bulgaria","SISEPUEDE",0.0492130105910421,NA
6003,74074,"Waste - Solid Waste:N2O","Waste","Waste - Solid Waste",0.0525117189336658,2040,"N2O",0,0,"WEM","BGR","bulgaria","SISEPUEDE",0.0525117189336658,NA
6003,74074,"Waste - Solid Waste:N2O","Waste","Waste - Solid Waste",0.0557547909451469,2041,"N2O",0,0,"WEM","BGR","bulgaria","SISEPUEDE",0.0557547909451469,NA
6003,74074,"Waste - Solid Waste:N2O","Waste","Waste - Solid Waste",0.0589506652115277,2042,"N2O",0,0,"WEM","BGR","bulgaria","SISEPUEDE",0.0589506652115277,NA
6003,74074,"Waste - Solid Waste:N2O","Waste","Waste - Solid Waste",0.0620984198277547,2043,"N2O",0,0,"WEM","BGR","bulgaria","SISEPUEDE",0.0620984198277547,NA
6003,74074,"Waste - Solid Waste:N2O","Waste","Waste - Solid Waste",0.0651968965969785,2044,"N2O",0,0,"WEM","BGR","bulgaria","SISEPUEDE",0.0651968965969785,NA
6003,74074,"Waste - Solid Waste:N2O","Waste","Waste - Solid Waste",0.0682504769986081,2045,"N2O",0,0,"WEM","BGR","bulgaria","SISEPUEDE",0.0682504769986081,NA
6003,74074,"Waste - Solid Waste:N2O","Waste","Waste - Solid Waste",0.0712489057841628,2046,"N2O",0,0,"WEM","BGR","bulgaria","SISEPUEDE",0.0712489057841628,NA
6003,74074,"Waste - Solid Waste:N2O","Waste","Waste - Solid Waste",0.0742014549471828,2047,"N2O",0,0,"WEM","BGR","bulgaria","SISEPUEDE",0.0742014549471828,NA
6003,74074,"Waste - Solid Waste:N2O","Waste","Waste - Solid Waste",0.0771060009726747,2048,"N2O",0,0,"WEM","BGR","bulgaria","SISEPUEDE",0.0771060009726747,NA
6003,74074,"Waste - Solid Waste:N2O","Waste","Waste - Solid Waste",0.0799628071216929,2049,"N2O",0,0,"WEM","BGR","bulgaria","SISEPUEDE",0.0799628071216929,NA
6003,74074,"Waste - Solid Waste:N2O","Waste","Waste - Solid Waste",0.0827701309378979,2050,"N2O",0,0,"WEM","BGR","bulgaria","SISEPUEDE",0.0827701309378979,NA
6003,74074,"Waste - Wastewater Treatment:CH4","Waste","Waste - Wastewater Treatment",0.503,2022,"CH4",0,0,"WEM","BGR","bulgaria","SISEPUEDE",0.503,NA
6003,74074,"Waste - Wastewater Treatment:CH4","Waste","Waste - Wastewater Treatment",0.50677748323275,2023,"CH4",0,0,"WEM","BGR","bulgaria","SISEPUEDE",0.50677748323275,NA
6003,74074,"Waste - Wastewater Treatment:CH4","Waste","Waste - Wastewater Treatment",0.514259645958995,2024,"CH4",0,0,"WEM","BGR","bulgaria","SISEPUEDE",0.514259645958995,NA
6003,74074,"Waste - Wastewater Treatment:CH4","Waste","Waste - Wastewater Treatment",0.520498597656911,2025,"CH4",0,0,"WEM","BGR","bulgaria","SISEPUEDE",0.520498597656911,NA
6003,74074,"Waste - Wastewater Treatment:CH4","Waste","Waste - Wastewater Treatment",0.526612082328952,2026,"CH4",0,0,"WEM","BGR","bulgaria","SISEPUEDE",0.526612082328952,NA
6003,74074,"Waste - Wastewater Treatment:CH4","Waste","Waste - Wastewater Treatment",0.533420882524398,2027,"CH4",0,0,"WEM","BGR","bulgaria","SISEPUEDE",0.533420882524398,NA
6003,74074,"Waste - Wastewater Treatment:CH4","Waste","Waste - Wastewater Treatment",0.5379886110041,2028,"CH4",0,0,"WEM","BGR","bulgaria","SISEPUEDE",0.5379886110041,NA
6003,74074,"Waste - Wastewater Treatment:CH4","Waste","Waste - Wastewater Treatment",0.542104811017944,2029,"CH4",0,0,"WEM","BGR","bulgaria","SISEPUEDE",0.542104811017944,NA
6003,74074,"Waste - Wastewater Treatment:CH4","Waste","Waste - Wastewater Treatment",0.54634389084152,2030,"CH4",0,0,"WEM","BGR","bulgaria","SISEPUEDE",0.54634389084152,NA
6003,74074,"Waste - Wastewater Treatment:CH4","Waste","Waste - Wastewater Treatment",0.550444351443287,2031,"CH4",0,0,"WEM","BGR","bulgaria","SISEPUEDE",0.550444351443287,NA
6003,74074,"Waste - Wastewater Treatment:CH4","Waste","Waste - Wastewater Treatment",0.554660162371461,2032,"CH4",0,0,"WEM","BGR","bulgaria","SISEPUEDE",0.554660162371461,NA
6003,74074,"Waste - Wastewater Treatment:CH4","Waste","Waste - Wastewater Treatment",0.558968191337453,2033,"CH4",0,0,"WEM","BGR","bulgaria","SISEPUEDE",0.558968191337453,NA
6003,74074,"Waste - Wastewater Treatment:CH4","Waste","Waste - Wastewater Treatment",0.563338964357468,2034,"CH4",0,0,"WEM","BGR","bulgaria","SISEPUEDE",0.563338964357468,NA
6003,74074,"Waste - Wastewater Treatment:CH4","Waste","Waste - Wastewater Treatment",0.567942943656749,2035,"CH4",0,0,"WEM","BGR","bulgaria","SISEPUEDE",0.567942943656749,NA
6003,74074,"Waste - Wastewater Treatment:CH4","Waste","Waste - Wastewater Treatment",0.57229386346686,2036,"CH4",0,0,"WEM","BGR","bulgaria","SISEPUEDE",0.57229386346686,NA
6003,74074,"Waste - Wastewater Treatment:CH4","Waste","Waste - Wastewater Treatment",0.576663268442457,2037,"CH4",0,0,"WEM","BGR","bulgaria","SISEPUEDE",0.576663268442457,NA
6003,74074,"Waste - Wastewater Treatment:CH4","Waste","Waste - Wastewater Treatment",0.58101803478487,2038,"CH4",0,0,"WEM","BGR","bulgaria","SISEPUEDE",0.58101803478487,NA
6003,74074,"Waste - Wastewater Treatment:CH4","Waste","Waste - Wastewater Treatment",0.585307676600727,2039,"CH4",0,0,"WEM","BGR","bulgaria","SISEPUEDE",0.585307676600727,NA
6003,74074,"Waste - Wastewater Treatment:CH4","Waste","Waste - Wastewater Treatment",0.589673930323285,2040,"CH4",0,0,"WEM","BGR","bulgaria","SISEPUEDE",0.589673930323285,NA
6003,74074,"Waste - Wastewater Treatment:CH4","Waste","Waste - Wastewater Treatment",0.593620108433512,2041,"CH4",0,0,"WEM","BGR","bulgaria","SISEPUEDE",0.593620108433512,NA
6003,74074,"Waste - Wastewater Treatment:CH4","Waste","Waste - Wastewater Treatment",0.597569836357353,2042,"CH4",0,0,"WEM","BGR","bulgaria","SISEPUEDE",0.597569836357353,NA
6003,74074,"Waste - Wastewater Treatment:CH4","Waste","Waste - Wastewater Treatment",0.601515974411414,2043,"CH4",0,0,"WEM","BGR","bulgaria","SISEPUEDE",0.601515974411414,NA
6003,74074,"Waste - Wastewater Treatment:CH4","Waste","Waste - Wastewater Treatment",0.605435771268165,2044,"CH4",0,0,"WEM","BGR","bulgaria","SISEPUEDE",0.605435771268165,NA
6003,74074,"Waste - Wastewater Treatment:CH4","Waste","Waste - Wastewater Treatment",0.60941567466408,2045,"CH4",0,0,"WEM","BGR","bulgaria","SISEPUEDE",0.60941567466408,NA
6003,74074,"Waste - Wastewater Treatment:CH4","Waste","Waste - Wastewater Treatment",0.613123637483759,2046,"CH4",0,0,"WEM","BGR","bulgaria","SISEPUEDE",0.613123637483759,NA
6003,74074,"Waste - Wastewater Treatment:CH4","Waste","Waste - Wastewater Treatment",0.616919782235506,2047,"CH4",0,0,"WEM","BGR","bulgaria","SISEPUEDE",0.616919782235506,NA
6003,74074,"Waste - Wastewater Treatment:CH4","Waste","Waste - Wastewater Treatment",0.6206959318134,2048,"CH4",0,0,"WEM","BGR","bulgaria","SISEPUEDE",0.6206959318134,NA
6003,74074,"Waste - Wastewater Treatment:CH4","Waste","Waste - Wastewater Treatment",0.624376014955417,2049,"CH4",0,0,"WEM","BGR","bulgaria","SISEPUEDE",0.624376014955417,NA
6003,74074,"Waste - Wastewater Treatment:CH4","Waste","Waste - Wastewater Treatment",0.627888519390303,2050,"CH4",0,0,"WEM","BGR","bulgaria","SISEPUEDE",0.627888519390303,NA
6003,74074,"Waste - Wastewater Treatment:N2O","Waste","Waste - Wastewater Treatment",0.00043,2022,"N2O",0,0,"WEM","BGR","bulgaria","SISEPUEDE",0.00043,NA
6003,74074,"Waste - Wastewater Treatment:N2O","Waste","Waste - Wastewater Treatment",0.000432085197672451,2023,"N2O",0,0,"WEM","BGR","bulgaria","SISEPUEDE",0.000432085197672451,NA
6003,74074,"Waste - Wastewater Treatment:N2O","Waste","Waste - Wastewater Treatment",0.000436867052476584,2024,"N2O",0,0,"WEM","BGR","bulgaria","SISEPUEDE",0.000436867052476584,NA
6003,74074,"Waste - Wastewater Treatment:N2O","Waste","Waste - Wastewater Treatment",0.000440143058660888,2025,"N2O",0,0,"WEM","BGR","bulgaria","SISEPUEDE",0.000440143058660888,NA
6003,74074,"Waste - Wastewater Treatment:N2O","Waste","Waste - Wastewater Treatment",0.000443286338391947,2026,"N2O",0,0,"WEM","BGR","bulgaria","SISEPUEDE",0.000443286338391947,NA
6003,74074,"Waste - Wastewater Treatment:N2O","Waste","Waste - Wastewater Treatment",0.000446995539274631,2027,"N2O",0,0,"WEM","BGR","bulgaria","SISEPUEDE",0.000446995539274631,NA
6003,74074,"Waste - Wastewater Treatment:N2O","Waste","Waste - Wastewater Treatment",0.000448704321338226,2028,"N2O",0,0,"WEM","BGR","bulgaria","SISEPUEDE",0.000448704321338226,NA
6003,74074,"Waste - Wastewater Treatment:N2O","Waste","Waste - Wastewater Treatment",0.000450078198654875,2029,"N2O",0,0,"WEM","BGR","bulgaria","SISEPUEDE",0.000450078198654875,NA
6003,74074,"Waste - Wastewater Treatment:N2O","Waste","Waste - Wastewater Treatment",0.000451597318724327,2030,"N2O",0,0,"WEM","BGR","bulgaria","SISEPUEDE",0.000451597318724327,NA
6003,74074,"Waste - Wastewater Treatment:N2O","Waste","Waste - Wastewater Treatment",0.000453042790741345,2031,"N2O",0,0,"WEM","BGR","bulgaria","SISEPUEDE",0.000453042790741345,NA
6003,74074,"Waste - Wastewater Treatment:N2O","Waste","Waste - Wastewater Treatment",0.000454632008006282,2032,"N2O",0,0,"WEM","BGR","bulgaria","SISEPUEDE",0.000454632008006282,NA
6003,74074,"Waste - Wastewater Treatment:N2O","Waste","Waste - Wastewater Treatment",0.000456358488552912,2033,"N2O",0,0,"WEM","BGR","bulgaria","SISEPUEDE",0.000456358488552912,NA
6003,74074,"Waste - Wastewater Treatment:N2O","Waste","Waste - Wastewater Treatment",0.00045823390997001,2034,"N2O",0,0,"WEM","BGR","bulgaria","SISEPUEDE",0.00045823390997001,NA
6003,74074,"Waste - Wastewater Treatment:N2O","Waste","Waste - Wastewater Treatment",0.000460588136580794,2035,"N2O",0,0,"WEM","BGR","bulgaria","SISEPUEDE",0.000460588136580794,NA
6003,74074,"Waste - Wastewater Treatment:N2O","Waste","Waste - Wastewater Treatment",0.000462752242733194,2036,"N2O",0,0,"WEM","BGR","bulgaria","SISEPUEDE",0.000462752242733194,NA
6003,74074,"Waste - Wastewater Treatment:N2O","Waste","Waste - Wastewater Treatment",0.000464946909958856,2037,"N2O",0,0,"WEM","BGR","bulgaria","SISEPUEDE",0.000464946909958856,NA
6003,74074,"Waste - Wastewater Treatment:N2O","Waste","Waste - Wastewater Treatment",0.000467147885626896,2038,"N2O",0,0,"WEM","BGR","bulgaria","SISEPUEDE",0.000467147885626896,NA
6003,74074,"Waste - Wastewater Treatment:N2O","Waste","Waste - Wastewater Treatment",0.000469349164247629,2039,"N2O",0,0,"WEM","BGR","bulgaria","SISEPUEDE",0.000469349164247629,NA
6003,74074,"Waste - Wastewater Treatment:N2O","Waste","Waste - Wastewater Treatment",0.000471658791424462,2040,"N2O",0,0,"WEM","BGR","bulgaria","SISEPUEDE",0.000471658791424462,NA
6003,74074,"Waste - Wastewater Treatment:N2O","Waste","Waste - Wastewater Treatment",0.000473637541421776,2041,"N2O",0,0,"WEM","BGR","bulgaria","SISEPUEDE",0.000473637541421776,NA
6003,74074,"Waste - Wastewater Treatment:N2O","Waste","Waste - Wastewater Treatment",0.00047564261063145,2042,"N2O",0,0,"WEM","BGR","bulgaria","SISEPUEDE",0.00047564261063145,NA
6003,74074,"Waste - Wastewater Treatment:N2O","Waste","Waste - Wastewater Treatment",0.000477657349779435,2043,"N2O",0,0,"WEM","BGR","bulgaria","SISEPUEDE",0.000477657349779435,NA
6003,74074,"Waste - Wastewater Treatment:N2O","Waste","Waste - Wastewater Treatment",0.000479656782026231,2044,"N2O",0,0,"WEM","BGR","bulgaria","SISEPUEDE",0.000479656782026231,NA
6003,74074,"Waste - Wastewater Treatment:N2O","Waste","Waste - Wastewater Treatment",0.000481719595409292,2045,"N2O",0,0,"WEM","BGR","bulgaria","SISEPUEDE",0.000481719595409292,NA
6003,74074,"Waste - Wastewater Treatment:N2O","Waste","Waste - Wastewater Treatment",0.000483556435599992,2046,"N2O",0,0,"WEM","BGR","bulgaria","SISEPUEDE",0.000483556435599992,NA
6003,74074,"Waste - Wastewater Treatment:N2O","Waste","Waste - Wastewater Treatment",0.000485470343761056,2047,"N2O",0,0,"WEM","BGR","bulgaria","SISEPUEDE",0.000485470343761056,NA
6003,74074,"Waste - Wastewater Treatment:N2O","Waste","Waste - Wastewater Treatment",0.000487369986056065,2048,"N2O",0,0,"WEM","BGR","bulgaria","SISEPUEDE",0.000487369986056065,NA
6003,74074,"Waste - Wastewater Treatment:N2O","Waste","Waste - Wastewater Treatment",0.000489198678691109,2049,"N2O",0,0,"WEM","BGR","bulgaria","SISEPUEDE",0.000489198678691109,NA
6003,74074,"Waste - Wastewater Treatment:N2O","Waste","Waste - Wastewater Treatment",0.000490897889295101,2050,"N2O",0,0,"WEM","BGR","bulgaria","SISEPUEDE",0.000490897889295101,NA
6004,75075,"AG - Crops:CH4","Agriculture","AG - Crops",0.12515,2022,"CH4",0,0,"WAM","BGR","bulgaria","SISEPUEDE",0.12515,0.12515
6004,75075,"AG - Crops:CH4","Agriculture","AG - Crops",0.124305134019866,2023,"CH4",0,0,"WAM","BGR","bulgaria","SISEPUEDE",0.124305134019866,0.124305134019866
6004,75075,"AG - Crops:CH4","Agriculture","AG - Crops",0.123452367421066,2024,"CH4",0,0,"WAM","BGR","bulgaria","SISEPUEDE",0.123452367421066,0.123452367421066
6004,75075,"AG - Crops:CH4","Agriculture","AG - Crops",0.122583911468007,2025,"CH4",0,0,"WAM","BGR","bulgaria","SISEPUEDE",0.122583911468007,0.122583911468007
6004,75075,"AG - Crops:CH4","Agriculture","AG - Crops",0.121692497577319,2026,"CH4",0,0,"WAM","BGR","bulgaria","SISEPUEDE",0.121692497577319,0.121692497577319
6004,75075,"AG - Crops:CH4","Agriculture","AG - Crops",0.120771797416158,2027,"CH4",0,0,"WAM","BGR","bulgaria","SISEPUEDE",0.120771797416158,0.120771797416158
6004,75075,"AG - Crops:CH4","Agriculture","AG - Crops",0.119816859356854,2028,"CH4",0,0,"WAM","BGR","bulgaria","SISEPUEDE",0.119816859356854,0.119816859356854
6004,75075,"AG - Crops:CH4","Agriculture","AG - Crops",0.118824565227703,2029,"CH4",0,0,"WAM","BGR","bulgaria","SISEPUEDE",0.118824565227703,0.118824565227703
6004,75075,"AG - Crops:CH4","Agriculture","AG - Crops",0.11779338202603,2030,"CH4",0,0,"WAM","BGR","bulgaria","SISEPUEDE",0.11779338202603,0.11779338202603
6004,75075,"AG - Crops:CH4","Agriculture","AG - Crops",0.116723109613578,2031,"CH4",0,0,"WAM","BGR","bulgaria","SISEPUEDE",0.116723109613578,0.116723109613578
6004,75075,"AG - Crops:CH4","Agriculture","AG - Crops",0.115614612298024,2032,"CH4",0,0,"WAM","BGR","bulgaria","SISEPUEDE",0.115614612298024,0.115614612298024
6004,75075,"AG - Crops:CH4","Agriculture","AG - Crops",0.114469579535607,2033,"CH4",0,0,"WAM","BGR","bulgaria","SISEPUEDE",0.114469579535607,0.114469579535607
6004,75075,"AG - Crops:CH4","Agriculture","AG - Crops",0.113290315164437,2034,"CH4",0,0,"WAM","BGR","bulgaria","SISEPUEDE",0.113290315164437,0.113290315164437
6004,75075,"AG - Crops:CH4","Agriculture","AG - Crops",0.112079554062988,2035,"CH4",0,0,"WAM","BGR","bulgaria","SISEPUEDE",0.112079554062988,0.112079554062988
6004,75075,"AG - Crops:CH4","Agriculture","AG - Crops",0.110840304744839,2036,"CH4",0,0,"WAM","BGR","bulgaria","SISEPUEDE",0.110840304744839,0.110840304744839
6004,75075,"AG - Crops:CH4","Agriculture","AG - Crops",0.109575716131915,2037,"CH4",0,0,"WAM","BGR","bulgaria","SISEPUEDE",0.109575716131915,0.109575716131915
6004,75075,"AG - Crops:CH4","Agriculture","AG - Crops",0.108288966578034,2038,"CH4",0,0,"WAM","BGR","bulgaria","SISEPUEDE",0.108288966578034,0.108288966578034
6004,75075,"AG - Crops:CH4","Agriculture","AG - Crops",0.106983173127308,2039,"CH4",0,0,"WAM","BGR","bulgaria","SISEPUEDE",0.106983173127308,0.106983173127308
6004,75075,"AG - Crops:CH4","Agriculture","AG - Crops",0.105661318974149,2040,"CH4",0,0,"WAM","BGR","bulgaria","SISEPUEDE",0.105661318974149,0.105661318974149
6004,75075,"AG - Crops:CH4","Agriculture","AG - Crops",0.104326197130426,2041,"CH4",0,0,"WAM","BGR","bulgaria","SISEPUEDE",0.104326197130426,0.104326197130426
6004,75075,"AG - Crops:CH4","Agriculture","AG - Crops",0.102980368389502,2042,"CH4",0,0,"WAM","BGR","bulgaria","SISEPUEDE",0.102980368389502,0.102980368389502
6004,75075,"AG - Crops:CH4","Agriculture","AG - Crops",0.101626131796256,2043,"CH4",0,0,"WAM","BGR","bulgaria","SISEPUEDE",0.101626131796256,0.101626131796256
6004,75075,"AG - Crops:CH4","Agriculture","AG - Crops",0.100265505977822,2044,"CH4",0,0,"WAM","BGR","bulgaria","SISEPUEDE",0.100265505977822,0.100265505977822
6004,75075,"AG - Crops:CH4","Agriculture","AG - Crops",0.098900219853847,2045,"CH4",0,0,"WAM","BGR","bulgaria","SISEPUEDE",0.098900219853847,0.098900219853847
6004,75075,"AG - Crops:CH4","Agriculture","AG - Crops",0.097531711420823,2046,"CH4",0,0,"WAM","BGR","bulgaria","SISEPUEDE",0.097531711420823,0.097531711420823
6004,75075,"AG - Crops:CH4","Agriculture","AG - Crops",0.0961611334865837,2047,"CH4",0,0,"WAM","BGR","bulgaria","SISEPUEDE",0.0961611334865837,0.0961611334865837
6004,75075,"AG - Crops:CH4","Agriculture","AG - Crops",0.0947893654133414,2048,"CH4",0,0,"WAM","BGR","bulgaria","SISEPUEDE",0.0947893654133414,0.0947893654133414
6004,75075,"AG - Crops:CH4","Agriculture","AG - Crops",0.0934170301063492,2049,"CH4",0,0,"WAM","BGR","bulgaria","SISEPUEDE",0.0934170301063492,0.0934170301063492
6004,75075,"AG - Crops:CH4","Agriculture","AG - Crops",0.0920445156566238,2050,"CH4",0,0,"WAM","BGR","bulgaria","SISEPUEDE",0.0920445156566238,0.0920445156566238
6004,75075,"AG - Crops:CO2","Agriculture","AG - Crops",0.09423,2022,"CO2",0,0,"WAM","BGR","bulgaria","SISEPUEDE",0.09423,0.09423
6004,75075,"AG - Crops:CO2","Agriculture","AG - Crops",0.103073897393386,2023,"CO2",0,0,"WAM","BGR","bulgaria","SISEPUEDE",0.103073897393386,0.103073897393386
6004,75075,"AG - Crops:CO2","Agriculture","AG - Crops",0.111918359933798,2024,"CO2",0,0,"WAM","BGR","bulgaria","SISEPUEDE",0.111918359933798,0.111918359933798
6004,75075,"AG - Crops:CO2","Agriculture","AG - Crops",0.120764981003628,2025,"CO2",0,0,"WAM","BGR","bulgaria","SISEPUEDE",0.120764981003628,0.120764981003628
6004,75075,"AG - Crops:CO2","Agriculture","AG - Crops",0.129616736035936,2026,"CO2",0,0,"WAM","BGR","bulgaria","SISEPUEDE",0.129616736035936,0.129616736035936
6004,75075,"AG - Crops:CO2","Agriculture","AG - Crops",0.138478188374182,2027,"CO2",0,0,"WAM","BGR","bulgaria","SISEPUEDE",0.138478188374182,0.138478188374182
6004,75075,"AG - Crops:CO2","Agriculture","AG - Crops",0.147355524209086,2028,"CO2",0,0,"WAM","BGR","bulgaria","SISEPUEDE",0.147355524209086,0.147355524209086
6004,75075,"AG - Crops:CO2","Agriculture","AG - Crops",0.15625641270292,2029,"CO2",0,0,"WAM","BGR","bulgaria","SISEPUEDE",0.15625641270292,0.15625641270292
6004,75075,"AG - Crops:CO2","Agriculture","AG - Crops",0.165189704515334,2030,"CO2",0,0,"WAM","BGR","bulgaria","SISEPUEDE",0.165189704515334,0.165189704515334
6004,75075,"AG - Crops:CO2","Agriculture","AG - Crops",0.17416496443498,2031,"CO2",0,0,"WAM","BGR","bulgaria","SISEPUEDE",0.17416496443498,0.17416496443498
6004,75075,"AG - Crops:CO2","Agriculture","AG - Crops",0.183191850045993,2032,"CO2",0,0,"WAM","BGR","bulgaria","SISEPUEDE",0.183191850045993,0.183191850045993
6004,75075,"AG - Crops:CO2","Agriculture","AG - Crops",0.192279406304862,2033,"CO2",0,0,"WAM","BGR","bulgaria","SISEPUEDE",0.192279406304862,0.192279406304862
6004,75075,"AG - Crops:CO2","Agriculture","AG - Crops",0.201435282382159,2034,"CO2",0,0,"WAM","BGR","bulgaria","SISEPUEDE",0.201435282382159,0.201435282382159
6004,75075,"AG - Crops:CO2","Agriculture","AG - Crops",0.210664864694053,2035,"CO2",0,0,"WAM","BGR","bulgaria","SISEPUEDE",0.210664864694053,0.210664864694053
6004,75075,"AG - Crops:CO2","Agriculture","AG - Crops",0.219970313236508,2036,"CO2",0,0,"WAM","BGR","bulgaria","SISEPUEDE",0.219970313236508,0.219970313236508
6004,75075,"AG - Crops:CO2","Agriculture","AG - Crops",0.229351746471285,2037,"CO2",0,0,"WAM","BGR","bulgaria","SISEPUEDE",0.229351746471285,0.229351746471285
6004,75075,"AG - Crops:CO2","Agriculture","AG - Crops",0.238806165688279,2038,"CO2",0,0,"WAM","BGR","bulgaria","SISEPUEDE",0.238806165688279,0.238806165688279
6004,75075,"AG - Crops:CO2","Agriculture","AG - Crops",0.248327822945709,2039,"CO2",0,0,"WAM","BGR","bulgaria","SISEPUEDE",0.248327822945709,0.248327822945709
6004,75075,"AG - Crops:CO2","Agriculture","AG - Crops",0.257910179862635,2040,"CO2",0,0,"WAM","BGR","bulgaria","SISEPUEDE",0.257910179862635,0.257910179862635
6004,75075,"AG - Crops:CO2","Agriculture","AG - Crops",0.267546253078368,2041,"CO2",0,0,"WAM","BGR","bulgaria","SISEPUEDE",0.267546253078368,0.267546253078368
6004,75075,"AG - Crops:CO2","Agriculture","AG - Crops",0.277228890220161,2042,"CO2",0,0,"WAM","BGR","bulgaria","SISEPUEDE",0.277228890220161,0.277228890220161
6004,75075,"AG - Crops:CO2","Agriculture","AG - Crops",0.286950985918889,2043,"CO2",0,0,"WAM","BGR","bulgaria","SISEPUEDE",0.286950985918889,0.286950985918889
6004,75075,"AG - Crops:CO2","Agriculture","AG - Crops",0.29670564986848,2044,"CO2",0,0,"WAM","BGR","bulgaria","SISEPUEDE",0.29670564986848,0.29670564986848
6004,75075,"AG - Crops:CO2","Agriculture","AG - Crops",0.306486338762584,2045,"CO2",0,0,"WAM","BGR","bulgaria","SISEPUEDE",0.306486338762584,0.306486338762584
6004,75075,"AG - Crops:CO2","Agriculture","AG - Crops",0.316286962256052,2046,"CO2",0,0,"WAM","BGR","bulgaria","SISEPUEDE",0.316286962256052,0.316286962256052
6004,75075,"AG - Crops:CO2","Agriculture","AG - Crops",0.326101971310175,2047,"CO2",0,0,"WAM","BGR","bulgaria","SISEPUEDE",0.326101971310175,0.326101971310175
6004,75075,"AG - Crops:CO2","Agriculture","AG - Crops",0.335926435377302,2048,"CO2",0,0,"WAM","BGR","bulgaria","SISEPUEDE",0.335926435377302,0.335926435377302
6004,75075,"AG - Crops:CO2","Agriculture","AG - Crops",0.345756113329365,2049,"CO2",0,0,"WAM","BGR","bulgaria","SISEPUEDE",0.345756113329365,0.345756113329365
6004,75075,"AG - Crops:CO2","Agriculture","AG - Crops",0.355587691886648,2050,"CO2",0,0,"WAM","BGR","bulgaria","SISEPUEDE",0.355587691886648,0.355587691886648
6004,75075,"AG - Crops:N2O","Agriculture","AG - Crops",3.40272,2022,"N2O",0,0,"WAM","BGR","bulgaria","SISEPUEDE",3.40272,3.40272
6004,75075,"AG - Crops:N2O","Agriculture","AG - Crops",3.39782549645048,2023,"N2O",0,0,"WAM","BGR","bulgaria","SISEPUEDE",3.39782549645048,3.39782549645048
6004,75075,"AG - Crops:N2O","Agriculture","AG - Crops",3.39287831191698,2024,"N2O",0,0,"WAM","BGR","bulgaria","SISEPUEDE",3.39287831191698,3.39287831191698
6004,75075,"AG - Crops:N2O","Agriculture","AG - Crops",3.387820343763,2025,"N2O",0,0,"WAM","BGR","bulgaria","SISEPUEDE",3.387820343763,3.387820343763
6004,75075,"AG - Crops:N2O","Agriculture","AG - Crops",3.38259288265233,2026,"N2O",0,0,"WAM","BGR","bulgaria","SISEPUEDE",3.38259288265233,3.38259288265233
6004,75075,"AG - Crops:N2O","Agriculture","AG - Crops",3.37714133691145,2027,"N2O",0,0,"WAM","BGR","bulgaria","SISEPUEDE",3.37714133691145,3.37714133691145
6004,75075,"AG - Crops:N2O","Agriculture","AG - Crops",3.37141998979968,2028,"N2O",0,0,"WAM","BGR","bulgaria","SISEPUEDE",3.37141998979968,3.37141998979968
6004,75075,"AG - Crops:N2O","Agriculture","AG - Crops",3.36539687115315,2029,"N2O",0,0,"WAM","BGR","bulgaria","SISEPUEDE",3.36539687115315,3.36539687115315
6004,75075,"AG - Crops:N2O","Agriculture","AG - Crops",3.35905120116284,2030,"N2O",0,0,"WAM","BGR","bulgaria","SISEPUEDE",3.35905120116284,3.35905120116284
6004,75075,"AG - Crops:N2O","Agriculture","AG - Crops",3.35237127093458,2031,"N2O",0,0,"WAM","BGR","bulgaria","SISEPUEDE",3.35237127093458,3.35237127093458
6004,75075,"AG - Crops:N2O","Agriculture","AG - Crops",3.345353097523,2032,"N2O",0,0,"WAM","BGR","bulgaria","SISEPUEDE",3.345353097523,3.345353097523
6004,75075,"AG - Crops:N2O","Agriculture","AG - Crops",3.33799926531379,2033,"N2O",0,0,"WAM","BGR","bulgaria","SISEPUEDE",3.33799926531379,3.33799926531379
6004,75075,"AG - Crops:N2O","Agriculture","AG - Crops",3.33031787848154,2034,"N2O",0,0,"WAM","BGR","bulgaria","SISEPUEDE",3.33031787848154,3.33031787848154
6004,75075,"AG - Crops:N2O","Agriculture","AG - Crops",3.32232162389737,2035,"N2O",0,0,"WAM","BGR","bulgaria","SISEPUEDE",3.32232162389737,3.32232162389737
6004,75075,"AG - Crops:N2O","Agriculture","AG - Crops",3.31402694352392,2036,"N2O",0,0,"WAM","BGR","bulgaria","SISEPUEDE",3.31402694352392,3.31402694352392
6004,75075,"AG - Crops:N2O","Agriculture","AG - Crops",3.30545324051853,2037,"N2O",0,0,"WAM","BGR","bulgaria","SISEPUEDE",3.30545324051853,3.30545324051853
6004,75075,"AG - Crops:N2O","Agriculture","AG - Crops",3.29662224891994,2038,"N2O",0,0,"WAM","BGR","bulgaria","SISEPUEDE",3.29662224891994,3.29662224891994
6004,75075,"AG - Crops:N2O","Agriculture","AG - Crops",3.28755741989004,2039,"N2O",0,0,"WAM","BGR","bulgaria","SISEPUEDE",3.28755741989004,3.28755741989004
6004,75075,"AG - Crops:N2O","Agriculture","AG - Crops",3.27828330607891,2040,"N2O",0,0,"WAM","BGR","bulgaria","SISEPUEDE",3.27828330607891,3.27828330607891
6004,75075,"AG - Crops:N2O","Agriculture","AG - Crops",3.26882506079358,2041,"N2O",0,0,"WAM","BGR","bulgaria","SISEPUEDE",3.26882506079358,3.26882506079358
6004,75075,"AG - Crops:N2O","Agriculture","AG - Crops",3.25920798132206,2042,"N2O",0,0,"WAM","BGR","bulgaria","SISEPUEDE",3.25920798132206,3.25920798132206
6004,75075,"AG - Crops:N2O","Agriculture","AG - Crops",3.24945706530068,2043,"N2O",0,0,"WAM","BGR","bulgaria","SISEPUEDE",3.24945706530068,3.24945706530068
6004,75075,"AG - Crops:N2O","Agriculture","AG - Crops",3.2395965801692,2044,"N2O",0,0,"WAM","BGR","bulgaria","SISEPUEDE",3.2395965801692,3.2395965801692
6004,75075,"AG - Crops:N2O","Agriculture","AG - Crops",3.22964963107586,2045,"N2O",0,0,"WAM","BGR","bulgaria","SISEPUEDE",3.22964963107586,3.22964963107586
6004,75075,"AG - Crops:N2O","Agriculture","AG - Crops",3.21963771269399,2046,"N2O",0,0,"WAM","BGR","bulgaria","SISEPUEDE",3.21963771269399,3.21963771269399
6004,75075,"AG - Crops:N2O","Agriculture","AG - Crops",3.20958023504024,2047,"N2O",0,0,"WAM","BGR","bulgaria","SISEPUEDE",3.20958023504024,3.20958023504024
6004,75075,"AG - Crops:N2O","Agriculture","AG - Crops",3.19949400257764,2048,"N2O",0,0,"WAM","BGR","bulgaria","SISEPUEDE",3.19949400257764,3.19949400257764
6004,75075,"AG - Crops:N2O","Agriculture","AG - Crops",3.1893926456962,2049,"N2O",0,0,"WAM","BGR","bulgaria","SISEPUEDE",3.1893926456962,3.1893926456962
6004,75075,"AG - Crops:N2O","Agriculture","AG - Crops",3.17928598631084,2050,"N2O",0,0,"WAM","BGR","bulgaria","SISEPUEDE",3.17928598631084,3.17928598631084
6004,75075,"AG - Livestock:CH4","Agriculture","AG - Livestock",1.976805,2022,"CH4",0,0,"WAM","BGR","bulgaria","SISEPUEDE",1.976805,NA
6004,75075,"AG - Livestock:CH4","Agriculture","AG - Livestock",2.00879183727582,2023,"CH4",0,0,"WAM","BGR","bulgaria","SISEPUEDE",2.00879183727582,NA
6004,75075,"AG - Livestock:CH4","Agriculture","AG - Livestock",2.03967189325515,2024,"CH4",0,0,"WAM","BGR","bulgaria","SISEPUEDE",2.03967189325515,NA
6004,75075,"AG - Livestock:CH4","Agriculture","AG - Livestock",2.06997118178055,2025,"CH4",0,0,"WAM","BGR","bulgaria","SISEPUEDE",2.06997118178055,NA
6004,75075,"AG - Livestock:CH4","Agriculture","AG - Livestock",2.09983867999649,2026,"CH4",0,0,"WAM","BGR","bulgaria","SISEPUEDE",2.09983867999649,NA
6004,75075,"AG - Livestock:CH4","Agriculture","AG - Livestock",2.12920113227379,2027,"CH4",0,0,"WAM","BGR","bulgaria","SISEPUEDE",2.12920113227379,NA
6004,75075,"AG - Livestock:CH4","Agriculture","AG - Livestock",2.12969154202906,2028,"CH4",0,0,"WAM","BGR","bulgaria","SISEPUEDE",2.12969154202906,NA
6004,75075,"AG - Livestock:CH4","Agriculture","AG - Livestock",2.12916213978226,2029,"CH4",0,0,"WAM","BGR","bulgaria","SISEPUEDE",2.12916213978226,NA
6004,75075,"AG - Livestock:CH4","Agriculture","AG - Livestock",2.12756982274699,2030,"CH4",0,0,"WAM","BGR","bulgaria","SISEPUEDE",2.12756982274699,NA
6004,75075,"AG - Livestock:CH4","Agriculture","AG - Livestock",2.12497354905666,2031,"CH4",0,0,"WAM","BGR","bulgaria","SISEPUEDE",2.12497354905666,NA
6004,75075,"AG - Livestock:CH4","Agriculture","AG - Livestock",2.12137642909994,2032,"CH4",0,0,"WAM","BGR","bulgaria","SISEPUEDE",2.12137642909994,NA
6004,75075,"AG - Livestock:CH4","Agriculture","AG - Livestock",2.11679846786477,2033,"CH4",0,0,"WAM","BGR","bulgaria","SISEPUEDE",2.11679846786477,NA
6004,75075,"AG - Livestock:CH4","Agriculture","AG - Livestock",2.11129309761866,2034,"CH4",0,0,"WAM","BGR","bulgaria","SISEPUEDE",2.11129309761866,NA
6004,75075,"AG - Livestock:CH4","Agriculture","AG - Livestock",2.10496699386101,2035,"CH4",0,0,"WAM","BGR","bulgaria","SISEPUEDE",2.10496699386101,NA
6004,75075,"AG - Livestock:CH4","Agriculture","AG - Livestock",2.09772638232456,2036,"CH4",0,0,"WAM","BGR","bulgaria","SISEPUEDE",2.09772638232456,NA
6004,75075,"AG - Livestock:CH4","Agriculture","AG - Livestock",2.08956082258108,2037,"CH4",0,0,"WAM","BGR","bulgaria","SISEPUEDE",2.08956082258108,NA
6004,75075,"AG - Livestock:CH4","Agriculture","AG - Livestock",2.08049065136774,2038,"CH4",0,0,"WAM","BGR","bulgaria","SISEPUEDE",2.08049065136774,NA
6004,75075,"AG - Livestock:CH4","Agriculture","AG - Livestock",2.07055833949624,2039,"CH4",0,0,"WAM","BGR","bulgaria","SISEPUEDE",2.07055833949624,NA
6004,75075,"AG - Livestock:CH4","Agriculture","AG - Livestock",2.05976307941197,2040,"CH4",0,0,"WAM","BGR","bulgaria","SISEPUEDE",2.05976307941197,NA
6004,75075,"AG - Livestock:CH4","Agriculture","AG - Livestock",2.04814133317961,2041,"CH4",0,0,"WAM","BGR","bulgaria","SISEPUEDE",2.04814133317961,NA
6004,75075,"AG - Livestock:CH4","Agriculture","AG - Livestock",2.0356764034598,2042,"CH4",0,0,"WAM","BGR","bulgaria","SISEPUEDE",2.0356764034598,NA
6004,75075,"AG - Livestock:CH4","Agriculture","AG - Livestock",2.0223862645682,2043,"CH4",0,0,"WAM","BGR","bulgaria","SISEPUEDE",2.0223862645682,NA
6004,75075,"AG - Livestock:CH4","Agriculture","AG - Livestock",2.00827985166029,2044,"CH4",0,0,"WAM","BGR","bulgaria","SISEPUEDE",2.00827985166029,NA
6004,75075,"AG - Livestock:CH4","Agriculture","AG - Livestock",1.99337491352736,2045,"CH4",0,0,"WAM","BGR","bulgaria","SISEPUEDE",1.99337491352736,NA
6004,75075,"AG - Livestock:CH4","Agriculture","AG - Livestock",1.97769450052368,2046,"CH4",0,0,"WAM","BGR","bulgaria","SISEPUEDE",1.97769450052368,NA
6004,75075,"AG - Livestock:CH4","Agriculture","AG - Livestock",1.96123738610297,2047,"CH4",0,0,"WAM","BGR","bulgaria","SISEPUEDE",1.96123738610297,NA
6004,75075,"AG - Livestock:CH4","Agriculture","AG - Livestock",1.94401894897811,2048,"CH4",0,0,"WAM","BGR","bulgaria","SISEPUEDE",1.94401894897811,NA
6004,75075,"AG - Livestock:CH4","Agriculture","AG - Livestock",1.92606370512976,2049,"CH4",0,0,"WAM","BGR","bulgaria","SISEPUEDE",1.92606370512976,NA
6004,75075,"AG - Livestock:CH4","Agriculture","AG - Livestock",1.90738599670225,2050,"CH4",0,0,"WAM","BGR","bulgaria","SISEPUEDE",1.90738599670225,NA
6004,75075,"AG - Livestock:N2O","Agriculture","AG - Livestock",0.306905,2022,"N2O",0,0,"WAM","BGR","bulgaria","SISEPUEDE",0.306905,NA
6004,75075,"AG - Livestock:N2O","Agriculture","AG - Livestock",0.310677002591867,2023,"N2O",0,0,"WAM","BGR","bulgaria","SISEPUEDE",0.310677002591867,NA
6004,75075,"AG - Livestock:N2O","Agriculture","AG - Livestock",0.314431265683665,2024,"N2O",0,0,"WAM","BGR","bulgaria","SISEPUEDE",0.314431265683665,NA
6004,75075,"AG - Livestock:N2O","Agriculture","AG - Livestock",0.317947031796444,2025,"N2O",0,0,"WAM","BGR","bulgaria","SISEPUEDE",0.317947031796444,NA
6004,75075,"AG - Livestock:N2O","Agriculture","AG - Livestock",0.32137592627037,2026,"N2O",0,0,"WAM","BGR","bulgaria","SISEPUEDE",0.32137592627037,NA
6004,75075,"AG - Livestock:N2O","Agriculture","AG - Livestock",0.324754967531362,2027,"N2O",0,0,"WAM","BGR","bulgaria","SISEPUEDE",0.324754967531362,NA
6004,75075,"AG - Livestock:N2O","Agriculture","AG - Livestock",0.32542222853917,2028,"N2O",0,0,"WAM","BGR","bulgaria","SISEPUEDE",0.32542222853917,NA
6004,75075,"AG - Livestock:N2O","Agriculture","AG - Livestock",0.326014221041318,2029,"N2O",0,0,"WAM","BGR","bulgaria","SISEPUEDE",0.326014221041318,NA
6004,75075,"AG - Livestock:N2O","Agriculture","AG - Livestock",0.326554996449482,2030,"N2O",0,0,"WAM","BGR","bulgaria","SISEPUEDE",0.326554996449482,NA
6004,75075,"AG - Livestock:N2O","Agriculture","AG - Livestock",0.327038889747146,2031,"N2O",0,0,"WAM","BGR","bulgaria","SISEPUEDE",0.327038889747146,NA
6004,75075,"AG - Livestock:N2O","Agriculture","AG - Livestock",0.327480187539177,2032,"N2O",0,0,"WAM","BGR","bulgaria","SISEPUEDE",0.327480187539177,NA
6004,75075,"AG - Livestock:N2O","Agriculture","AG - Livestock",0.327882325566325,2033,"N2O",0,0,"WAM","BGR","bulgaria","SISEPUEDE",0.327882325566325,NA
6004,75075,"AG - Livestock:N2O","Agriculture","AG - Livestock",0.328257010669221,2034,"N2O",0,0,"WAM","BGR","bulgaria","SISEPUEDE",0.328257010669221,NA
6004,75075,"AG - Livestock:N2O","Agriculture","AG - Livestock",0.328658849115871,2035,"N2O",0,0,"WAM","BGR","bulgaria","SISEPUEDE",0.328658849115871,NA
6004,75075,"AG - Livestock:N2O","Agriculture","AG - Livestock",0.329005656293209,2036,"N2O",0,0,"WAM","BGR","bulgaria","SISEPUEDE",0.329005656293209,NA
6004,75075,"AG - Livestock:N2O","Agriculture","AG - Livestock",0.32930737758775,2037,"N2O",0,0,"WAM","BGR","bulgaria","SISEPUEDE",0.32930737758775,NA
6004,75075,"AG - Livestock:N2O","Agriculture","AG - Livestock",0.3295645280875,2038,"N2O",0,0,"WAM","BGR","bulgaria","SISEPUEDE",0.3295645280875,NA
6004,75075,"AG - Livestock:N2O","Agriculture","AG - Livestock",0.329786955593397,2039,"N2O",0,0,"WAM","BGR","bulgaria","SISEPUEDE",0.329786955593397,NA
6004,75075,"AG - Livestock:N2O","Agriculture","AG - Livestock",0.329977908902651,2040,"N2O",0,0,"WAM","BGR","bulgaria","SISEPUEDE",0.329977908902651,NA
6004,75075,"AG - Livestock:N2O","Agriculture","AG - Livestock",0.330116465319521,2041,"N2O",0,0,"WAM","BGR","bulgaria","SISEPUEDE",0.330116465319521,NA
6004,75075,"AG - Livestock:N2O","Agriculture","AG - Livestock",0.330218498515268,2042,"N2O",0,0,"WAM","BGR","bulgaria","SISEPUEDE",0.330218498515268,NA
6004,75075,"AG - Livestock:N2O","Agriculture","AG - Livestock",0.330283393780908,2043,"N2O",0,0,"WAM","BGR","bulgaria","SISEPUEDE",0.330283393780908,NA
6004,75075,"AG - Livestock:N2O","Agriculture","AG - Livestock",0.330310592038467,2044,"N2O",0,0,"WAM","BGR","bulgaria","SISEPUEDE",0.330310592038467,NA
6004,75075,"AG - Livestock:N2O","Agriculture","AG - Livestock",0.330305220717105,2045,"N2O",0,0,"WAM","BGR","bulgaria","SISEPUEDE",0.330305220717105,NA
6004,75075,"AG - Livestock:N2O","Agriculture","AG - Livestock",0.330254880794156,2046,"N2O",0,0,"WAM","BGR","bulgaria","SISEPUEDE",0.330254880794156,NA
6004,75075,"AG - Livestock:N2O","Agriculture","AG - Livestock",0.330173861658854,2047,"N2O",0,0,"WAM","BGR","bulgaria","SISEPUEDE",0.330173861658854,NA
6004,75075,"AG - Livestock:N2O","Agriculture","AG - Livestock",0.330058524970657,2048,"N2O",0,0,"WAM","BGR","bulgaria","SISEPUEDE",0.330058524970657,NA
6004,75075,"AG - Livestock:N2O","Agriculture","AG - Livestock",0.329909958369111,2049,"N2O",0,0,"WAM","BGR","bulgaria","SISEPUEDE",0.329909958369111,NA
6004,75075,"AG - Livestock:N2O","Agriculture","AG - Livestock",0.32972709245505,2050,"N2O",0,0,"WAM","BGR","bulgaria","SISEPUEDE",0.32972709245505,NA
6004,75075,"CCSQ:CH4","CCSQ","CCSQ",0,2022,"CH4",0,0,"WAM","BGR","bulgaria","SISEPUEDE",0,NA
6004,75075,"CCSQ:CH4","CCSQ","CCSQ",0,2023,"CH4",0,0,"WAM","BGR","bulgaria","SISEPUEDE",0,NA
6004,75075,"CCSQ:CH4","CCSQ","CCSQ",0,2024,"CH4",0,0,"WAM","BGR","bulgaria","SISEPUEDE",0,NA
6004,75075,"CCSQ:CH4","CCSQ","CCSQ",0,2025,"CH4",0,0,"WAM","BGR","bulgaria","SISEPUEDE",0,NA
6004,75075,"CCSQ:CH4","CCSQ","CCSQ",0,2026,"CH4",0,0,"WAM","BGR","bulgaria","SISEPUEDE",0,NA
6004,75075,"CCSQ:CH4","CCSQ","CCSQ",0,2027,"CH4",0,0,"WAM","BGR","bulgaria","SISEPUEDE",0,NA
6004,75075,"CCSQ:CH4","CCSQ","CCSQ",0.0003804104348325,2028,"CH4",0,0,"WAM","BGR","bulgaria","SISEPUEDE",0.0003804104348325,NA
6004,75075,"CCSQ:CH4","CCSQ","CCSQ",0.0007608208696651,2029,"CH4",0,0,"WAM","BGR","bulgaria","SISEPUEDE",0.0007608208696651,NA
6004,75075,"CCSQ:CH4","CCSQ","CCSQ",0.0011412313044976,2030,"CH4",0,0,"WAM","BGR","bulgaria","SISEPUEDE",0.0011412313044976,NA
6004,75075,"CCSQ:CH4","CCSQ","CCSQ",0.0015216417393302,2031,"CH4",0,0,"WAM","BGR","bulgaria","SISEPUEDE",0.0015216417393302,NA
6004,75075,"CCSQ:CH4","CCSQ","CCSQ",0.0019020521741627,2032,"CH4",0,0,"WAM","BGR","bulgaria","SISEPUEDE",0.0019020521741627,NA
6004,75075,"CCSQ:CH4","CCSQ","CCSQ",0.0022824626089953,2033,"CH4",0,0,"WAM","BGR","bulgaria","SISEPUEDE",0.0022824626089953,NA
6004,75075,"CCSQ:CH4","CCSQ","CCSQ",0.0026628730438278,2034,"CH4",0,0,"WAM","BGR","bulgaria","SISEPUEDE",0.0026628730438278,NA
6004,75075,"CCSQ:CH4","CCSQ","CCSQ",0.0030432834786604,2035,"CH4",0,0,"WAM","BGR","bulgaria","SISEPUEDE",0.0030432834786604,NA
6004,75075,"CCSQ:CH4","CCSQ","CCSQ",0.0034236939134929,2036,"CH4",0,0,"WAM","BGR","bulgaria","SISEPUEDE",0.0034236939134929,NA
6004,75075,"CCSQ:CH4","CCSQ","CCSQ",0.0038041043483255,2037,"CH4",0,0,"WAM","BGR","bulgaria","SISEPUEDE",0.0038041043483255,NA
6004,75075,"CCSQ:CH4","CCSQ","CCSQ",0.004184514783158,2038,"CH4",0,0,"WAM","BGR","bulgaria","SISEPUEDE",0.004184514783158,NA
6004,75075,"CCSQ:CH4","CCSQ","CCSQ",0.0045649252179906,2039,"CH4",0,0,"WAM","BGR","bulgaria","SISEPUEDE",0.0045649252179906,NA
6004,75075,"CCSQ:CH4","CCSQ","CCSQ",0.0049453356528231,2040,"CH4",0,0,"WAM","BGR","bulgaria","SISEPUEDE",0.0049453356528231,NA
6004,75075,"CCSQ:CH4","CCSQ","CCSQ",0.0053257460876557,2041,"CH4",0,0,"WAM","BGR","bulgaria","SISEPUEDE",0.0053257460876557,NA
6004,75075,"CCSQ:CH4","CCSQ","CCSQ",0.0057061565224882,2042,"CH4",0,0,"WAM","BGR","bulgaria","SISEPUEDE",0.0057061565224882,NA
6004,75075,"CCSQ:CH4","CCSQ","CCSQ",0.0060865669573208,2043,"CH4",0,0,"WAM","BGR","bulgaria","SISEPUEDE",0.0060865669573208,NA
6004,75075,"CCSQ:CH4","CCSQ","CCSQ",0.0064669773921533,2044,"CH4",0,0,"WAM","BGR","bulgaria","SISEPUEDE",0.0064669773921533,NA
6004,75075,"CCSQ:CH4","CCSQ","CCSQ",0.0068473878269859,2045,"CH4",0,0,"WAM","BGR","bulgaria","SISEPUEDE",0.0068473878269859,NA
6004,75075,"CCSQ:CH4","CCSQ","CCSQ",0.0072277982618184,2046,"CH4",0,0,"WAM","BGR","bulgaria","SISEPUEDE",0.0072277982618184,NA
6004,75075,"CCSQ:CH4","CCSQ","CCSQ",0.007608208696651,2047,"CH4",0,0,"WAM","BGR","bulgaria","SISEPUEDE",0.007608208696651,NA
6004,75075,"CCSQ:CH4","CCSQ","CCSQ",0.0079886191314835,2048,"CH4",0,0,"WAM","BGR","bulgaria","SISEPUEDE",0.0079886191314835,NA
6004,75075,"CCSQ:CH4","CCSQ","CCSQ",0.0083690295663161,2049,"CH4",0,0,"WAM","BGR","bulgaria","SISEPUEDE",0.0083690295663161,NA
6004,75075,"CCSQ:CH4","CCSQ","CCSQ",0.0087494400011486,2050,"CH4",0,0,"WAM","BGR","bulgaria","SISEPUEDE",0.0087494400011486,NA
6004,75075,"CCSQ:CO2","CCSQ","CCSQ",0,2022,"CO2",0,0,"WAM","BGR","bulgaria","SISEPUEDE",0,NA
6004,75075,"CCSQ:CO2","CCSQ","CCSQ",0,2023,"CO2",0,0,"WAM","BGR","bulgaria","SISEPUEDE",0,NA
6004,75075,"CCSQ:CO2","CCSQ","CCSQ",0,2024,"CO2",0,0,"WAM","BGR","bulgaria","SISEPUEDE",0,NA
6004,75075,"CCSQ:CO2","CCSQ","CCSQ",0,2025,"CO2",0,0,"WAM","BGR","bulgaria","SISEPUEDE",0,NA
6004,75075,"CCSQ:CO2","CCSQ","CCSQ",0,2026,"CO2",0,0,"WAM","BGR","bulgaria","SISEPUEDE",0,NA
6004,75075,"CCSQ:CO2","CCSQ","CCSQ",0,2027,"CO2",0,0,"WAM","BGR","bulgaria","SISEPUEDE",0,NA
6004,75075,"CCSQ:CO2","CCSQ","CCSQ",-1.40900173903001,2028,"CO2",0,0,"WAM","BGR","bulgaria","SISEPUEDE",-1.40900173903001,NA
6004,75075,"CCSQ:CO2","CCSQ","CCSQ",-2.81800347806002,2029,"CO2",0,0,"WAM","BGR","bulgaria","SISEPUEDE",-2.81800347806002,NA
6004,75075,"CCSQ:CO2","CCSQ","CCSQ",-4.22700521709003,2030,"CO2",0,0,"WAM","BGR","bulgaria","SISEPUEDE",-4.22700521709003,NA
6004,75075,"CCSQ:CO2","CCSQ","CCSQ",-5.63600695612005,2031,"CO2",0,0,"WAM","BGR","bulgaria","SISEPUEDE",-5.63600695612005,NA
6004,75075,"CCSQ:CO2","CCSQ","CCSQ",-7.04500869515005,2032,"CO2",0,0,"WAM","BGR","bulgaria","SISEPUEDE",-7.04500869515005,NA
6004,75075,"CCSQ:CO2","CCSQ","CCSQ",-8.45401043418006,2033,"CO2",0,0,"WAM","BGR","bulgaria","SISEPUEDE",-8.45401043418006,NA
6004,75075,"CCSQ:CO2","CCSQ","CCSQ",-9.86301217321008,2034,"CO2",0,0,"WAM","BGR","bulgaria","SISEPUEDE",-9.86301217321008,NA
6004,75075,"CCSQ:CO2","CCSQ","CCSQ",-11.2720139122401,2035,"CO2",0,0,"WAM","BGR","bulgaria","SISEPUEDE",-11.2720139122401,NA
6004,75075,"CCSQ:CO2","CCSQ","CCSQ",-12.6810156512701,2036,"CO2",0,0,"WAM","BGR","bulgaria","SISEPUEDE",-12.6810156512701,NA
6004,75075,"CCSQ:CO2","CCSQ","CCSQ",-14.0900173903001,2037,"CO2",0,0,"WAM","BGR","bulgaria","SISEPUEDE",-14.0900173903001,NA
6004,75075,"CCSQ:CO2","CCSQ","CCSQ",-15.4990191293301,2038,"CO2",0,0,"WAM","BGR","bulgaria","SISEPUEDE",-15.4990191293301,NA
6004,75075,"CCSQ:CO2","CCSQ","CCSQ",-16.9080208683601,2039,"CO2",0,0,"WAM","BGR","bulgaria","SISEPUEDE",-16.9080208683601,NA
6004,75075,"CCSQ:CO2","CCSQ","CCSQ",-18.3170226073901,2040,"CO2",0,0,"WAM","BGR","bulgaria","SISEPUEDE",-18.3170226073901,NA
6004,75075,"CCSQ:CO2","CCSQ","CCSQ",-19.7260243464202,2041,"CO2",0,0,"WAM","BGR","bulgaria","SISEPUEDE",-19.7260243464202,NA
6004,75075,"CCSQ:CO2","CCSQ","CCSQ",-21.1350260854502,2042,"CO2",0,0,"WAM","BGR","bulgaria","SISEPUEDE",-21.1350260854502,NA
6004,75075,"CCSQ:CO2","CCSQ","CCSQ",-22.5440278244802,2043,"CO2",0,0,"WAM","BGR","bulgaria","SISEPUEDE",-22.5440278244802,NA
6004,75075,"CCSQ:CO2","CCSQ","CCSQ",-23.9530295635102,2044,"CO2",0,0,"WAM","BGR","bulgaria","SISEPUEDE",-23.9530295635102,NA
6004,75075,"CCSQ:CO2","CCSQ","CCSQ",-25.3620313025402,2045,"CO2",0,0,"WAM","BGR","bulgaria","SISEPUEDE",-25.3620313025402,NA
6004,75075,"CCSQ:CO2","CCSQ","CCSQ",-26.7710330415702,2046,"CO2",0,0,"WAM","BGR","bulgaria","SISEPUEDE",-26.7710330415702,NA
6004,75075,"CCSQ:CO2","CCSQ","CCSQ",-28.1800347806002,2047,"CO2",0,0,"WAM","BGR","bulgaria","SISEPUEDE",-28.1800347806002,NA
6004,75075,"CCSQ:CO2","CCSQ","CCSQ",-29.5890365196302,2048,"CO2",0,0,"WAM","BGR","bulgaria","SISEPUEDE",-29.5890365196302,NA
6004,75075,"CCSQ:CO2","CCSQ","CCSQ",-30.9980382586602,2049,"CO2",0,0,"WAM","BGR","bulgaria","SISEPUEDE",-30.9980382586602,NA
6004,75075,"CCSQ:CO2","CCSQ","CCSQ",-32.4070399976903,2050,"CO2",0,0,"WAM","BGR","bulgaria","SISEPUEDE",-32.4070399976903,NA
6004,75075,"CCSQ:N2O","CCSQ","CCSQ",0,2022,"N2O",0,0,"WAM","BGR","bulgaria","SISEPUEDE",0,NA
6004,75075,"CCSQ:N2O","CCSQ","CCSQ",0,2023,"N2O",0,0,"WAM","BGR","bulgaria","SISEPUEDE",0,NA
6004,75075,"CCSQ:N2O","CCSQ","CCSQ",0,2024,"N2O",0,0,"WAM","BGR","bulgaria","SISEPUEDE",0,NA
6004,75075,"CCSQ:N2O","CCSQ","CCSQ",0,2025,"N2O",0,0,"WAM","BGR","bulgaria","SISEPUEDE",0,NA
6004,75075,"CCSQ:N2O","CCSQ","CCSQ",0,2026,"N2O",0,0,"WAM","BGR","bulgaria","SISEPUEDE",0,NA
6004,75075,"CCSQ:N2O","CCSQ","CCSQ",0,2027,"N2O",0,0,"WAM","BGR","bulgaria","SISEPUEDE",0,NA
6004,75075,"CCSQ:N2O","CCSQ","CCSQ",0.0003722295652662,2028,"N2O",0,0,"WAM","BGR","bulgaria","SISEPUEDE",0.0003722295652662,NA
6004,75075,"CCSQ:N2O","CCSQ","CCSQ",0.0007444591305325,2029,"N2O",0,0,"WAM","BGR","bulgaria","SISEPUEDE",0.0007444591305325,NA
6004,75075,"CCSQ:N2O","CCSQ","CCSQ",0.0011166886957987,2030,"N2O",0,0,"WAM","BGR","bulgaria","SISEPUEDE",0.0011166886957987,NA
6004,75075,"CCSQ:N2O","CCSQ","CCSQ",0.001488918261065,2031,"N2O",0,0,"WAM","BGR","bulgaria","SISEPUEDE",0.001488918261065,NA
6004,75075,"CCSQ:N2O","CCSQ","CCSQ",0.0018611478263313,2032,"N2O",0,0,"WAM","BGR","bulgaria","SISEPUEDE",0.0018611478263313,NA
6004,75075,"CCSQ:N2O","CCSQ","CCSQ",0.0022333773915975,2033,"N2O",0,0,"WAM","BGR","bulgaria","SISEPUEDE",0.0022333773915975,NA
6004,75075,"CCSQ:N2O","CCSQ","CCSQ",0.0026056069568638,2034,"N2O",0,0,"WAM","BGR","bulgaria","SISEPUEDE",0.0026056069568638,NA
6004,75075,"CCSQ:N2O","CCSQ","CCSQ",0.00297783652213,2035,"N2O",0,0,"WAM","BGR","bulgaria","SISEPUEDE",0.00297783652213,NA
6004,75075,"CCSQ:N2O","CCSQ","CCSQ",0.0033500660873963,2036,"N2O",0,0,"WAM","BGR","bulgaria","SISEPUEDE",0.0033500660873963,NA
6004,75075,"CCSQ:N2O","CCSQ","CCSQ",0.0037222956526626,2037,"N2O",0,0,"WAM","BGR","bulgaria","SISEPUEDE",0.0037222956526626,NA
6004,75075,"CCSQ:N2O","CCSQ","CCSQ",0.0040945252179288,2038,"N2O",0,0,"WAM","BGR","bulgaria","SISEPUEDE",0.0040945252179288,NA
6004,75075,"CCSQ:N2O","CCSQ","CCSQ",0.0044667547831951,2039,"N2O",0,0,"WAM","BGR","bulgaria","SISEPUEDE",0.0044667547831951,NA
6004,75075,"CCSQ:N2O","CCSQ","CCSQ",0.0048389843484613,2040,"N2O",0,0,"WAM","BGR","bulgaria","SISEPUEDE",0.0048389843484613,NA
6004,75075,"CCSQ:N2O","CCSQ","CCSQ",0.0052112139137276,2041,"N2O",0,0,"WAM","BGR","bulgaria","SISEPUEDE",0.0052112139137276,NA
6004,75075,"CCSQ:N2O","CCSQ","CCSQ",0.0055834434789939,2042,"N2O",0,0,"WAM","BGR","bulgaria","SISEPUEDE",0.0055834434789939,NA
6004,75075,"CCSQ:N2O","CCSQ","CCSQ",0.0059556730442601,2043,"N2O",0,0,"WAM","BGR","bulgaria","SISEPUEDE",0.0059556730442601,NA
6004,75075,"CCSQ:N2O","CCSQ","CCSQ",0.0063279026095264,2044,"N2O",0,0,"WAM","BGR","bulgaria","SISEPUEDE",0.0063279026095264,NA
6004,75075,"CCSQ:N2O","CCSQ","CCSQ",0.0067001321747926,2045,"N2O",0,0,"WAM","BGR","bulgaria","SISEPUEDE",0.0067001321747926,NA
6004,75075,"CCSQ:N2O","CCSQ","CCSQ",0.0070723617400589,2046,"N2O",0,0,"WAM","BGR","bulgaria","SISEPUEDE",0.0070723617400589,NA
6004,75075,"CCSQ:N2O","CCSQ","CCSQ",0.0074445913053252,2047,"N2O",0,0,"WAM","BGR","bulgaria","SISEPUEDE",0.0074445913053252,NA
6004,75075,"CCSQ:N2O","CCSQ","CCSQ",0.0078168208705914,2048,"N2O",0,0,"WAM","BGR","bulgaria","SISEPUEDE",0.0078168208705914,NA
6004,75075,"CCSQ:N2O","CCSQ","CCSQ",0.0081890504358577,2049,"N2O",0,0,"WAM","BGR","bulgaria","SISEPUEDE",0.0081890504358577,NA
6004,75075,"CCSQ:N2O","CCSQ","CCSQ",0.0085612800011239,2050,"N2O",0,0,"WAM","BGR","bulgaria","SISEPUEDE",0.0085612800011239,NA
6004,75075,"EN - Building:CH4","Energy","EN - Building",0.415001286,2022,"CH4",0,0,"WAM","BGR","bulgaria","SISEPUEDE",0.415001286,NA
6004,75075,"EN - Building:CH4","Energy","EN - Building",0.414772257763771,2023,"CH4",0,0,"WAM","BGR","bulgaria","SISEPUEDE",0.414772257763771,NA
6004,75075,"EN - Building:CH4","Energy","EN - Building",0.415659268726987,2024,"CH4",0,0,"WAM","BGR","bulgaria","SISEPUEDE",0.415659268726987,NA
6004,75075,"EN - Building:CH4","Energy","EN - Building",0.416381444966093,2025,"CH4",0,0,"WAM","BGR","bulgaria","SISEPUEDE",0.416381444966093,NA
6004,75075,"EN - Building:CH4","Energy","EN - Building",0.417645732295096,2026,"CH4",0,0,"WAM","BGR","bulgaria","SISEPUEDE",0.417645732295096,NA
6004,75075,"EN - Building:CH4","Energy","EN - Building",0.419834952138594,2027,"CH4",0,0,"WAM","BGR","bulgaria","SISEPUEDE",0.419834952138594,NA
6004,75075,"EN - Building:CH4","Energy","EN - Building",0.394276702759619,2028,"CH4",0,0,"WAM","BGR","bulgaria","SISEPUEDE",0.394276702759619,NA
6004,75075,"EN - Building:CH4","Energy","EN - Building",0.369535680275718,2029,"CH4",0,0,"WAM","BGR","bulgaria","SISEPUEDE",0.369535680275718,NA
6004,75075,"EN - Building:CH4","Energy","EN - Building",0.345835286306338,2030,"CH4",0,0,"WAM","BGR","bulgaria","SISEPUEDE",0.345835286306338,NA
6004,75075,"EN - Building:CH4","Energy","EN - Building",0.322946739737851,2031,"CH4",0,0,"WAM","BGR","bulgaria","SISEPUEDE",0.322946739737851,NA
6004,75075,"EN - Building:CH4","Energy","EN - Building",0.300940193137401,2032,"CH4",0,0,"WAM","BGR","bulgaria","SISEPUEDE",0.300940193137401,NA
6004,75075,"EN - Building:CH4","Energy","EN - Building",0.279729614873103,2033,"CH4",0,0,"WAM","BGR","bulgaria","SISEPUEDE",0.279729614873103,NA
6004,75075,"EN - Building:CH4","Energy","EN - Building",0.259227138275942,2034,"CH4",0,0,"WAM","BGR","bulgaria","SISEPUEDE",0.259227138275942,NA
6004,75075,"EN - Building:CH4","Energy","EN - Building",0.239419607492653,2035,"CH4",0,0,"WAM","BGR","bulgaria","SISEPUEDE",0.239419607492653,NA
6004,75075,"EN - Building:CH4","Energy","EN - Building",0.220052513227746,2036,"CH4",0,0,"WAM","BGR","bulgaria","SISEPUEDE",0.220052513227746,NA
6004,75075,"EN - Building:CH4","Energy","EN - Building",0.201244406832641,2037,"CH4",0,0,"WAM","BGR","bulgaria","SISEPUEDE",0.201244406832641,NA
6004,75075,"EN - Building:CH4","Energy","EN - Building",0.182949611960012,2038,"CH4",0,0,"WAM","BGR","bulgaria","SISEPUEDE",0.182949611960012,NA
6004,75075,"EN - Building:CH4","Energy","EN - Building",0.165113453199234,2039,"CH4",0,0,"WAM","BGR","bulgaria","SISEPUEDE",0.165113453199234,NA
6004,75075,"EN - Building:CH4","Energy","EN - Building",0.147782613955422,2040,"CH4",0,0,"WAM","BGR","bulgaria","SISEPUEDE",0.147782613955422,NA
6004,75075,"EN - Building:CH4","Energy","EN - Building",0.130770875381932,2041,"CH4",0,0,"WAM","BGR","bulgaria","SISEPUEDE",0.130770875381932,NA
6004,75075,"EN - Building:CH4","Energy","EN - Building",0.114249856763364,2042,"CH4",0,0,"WAM","BGR","bulgaria","SISEPUEDE",0.114249856763364,NA
6004,75075,"EN - Building:CH4","Energy","EN - Building",0.0982153075295973,2043,"CH4",0,0,"WAM","BGR","bulgaria","SISEPUEDE",0.0982153075295973,NA
6004,75075,"EN - Building:CH4","Energy","EN - Building",0.0826626386849867,2044,"CH4",0,0,"WAM","BGR","bulgaria","SISEPUEDE",0.0826626386849867,NA
6004,75075,"EN - Building:CH4","Energy","EN - Building",0.0676122073446652,2045,"CH4",0,0,"WAM","BGR","bulgaria","SISEPUEDE",0.0676122073446652,NA
6004,75075,"EN - Building:CH4","Energy","EN - Building",0.0530121298643375,2046,"CH4",0,0,"WAM","BGR","bulgaria","SISEPUEDE",0.0530121298643375,NA
6004,75075,"EN - Building:CH4","Energy","EN - Building",0.038947765799418,2047,"CH4",0,0,"WAM","BGR","bulgaria","SISEPUEDE",0.038947765799418,NA
6004,75075,"EN - Building:CH4","Energy","EN - Building",0.0254113539228802,2048,"CH4",0,0,"WAM","BGR","bulgaria","SISEPUEDE",0.0254113539228802,NA
6004,75075,"EN - Building:CH4","Energy","EN - Building",0.0124178747439563,2049,"CH4",0,0,"WAM","BGR","bulgaria","SISEPUEDE",0.0124178747439563,NA
6004,75075,"EN - Building:CH4","Energy","EN - Building",0,2050,"CH4",0,0,"WAM","BGR","bulgaria","SISEPUEDE",0,NA
6004,75075,"EN - Building:CO2","Energy","EN - Building",1.695735954,2022,"CO2",0,0,"WAM","BGR","bulgaria","SISEPUEDE",1.695735954,NA
6004,75075,"EN - Building:CO2","Energy","EN - Building",1.69923105797991,2023,"CO2",0,0,"WAM","BGR","bulgaria","SISEPUEDE",1.69923105797991,NA
6004,75075,"EN - Building:CO2","Energy","EN - Building",1.7108409615925,2024,"CO2",0,0,"WAM","BGR","bulgaria","SISEPUEDE",1.7108409615925,NA
6004,75075,"EN - Building:CO2","Energy","EN - Building",1.72163437497405,2025,"CO2",0,0,"WAM","BGR","bulgaria","SISEPUEDE",1.72163437497405,NA
6004,75075,"EN - Building:CO2","Energy","EN - Building",1.73480573535642,2026,"CO2",0,0,"WAM","BGR","bulgaria","SISEPUEDE",1.73480573535642,NA
6004,75075,"EN - Building:CO2","Energy","EN - Building",1.75263649947187,2027,"CO2",0,0,"WAM","BGR","bulgaria","SISEPUEDE",1.75263649947187,NA
6004,75075,"EN - Building:CO2","Energy","EN - Building",1.65276184906088,2028,"CO2",0,0,"WAM","BGR","bulgaria","SISEPUEDE",1.65276184906088,NA
6004,75075,"EN - Building:CO2","Energy","EN - Building",1.55519312994765,2029,"CO2",0,0,"WAM","BGR","bulgaria","SISEPUEDE",1.55519312994765,NA
6004,75075,"EN - Building:CO2","Energy","EN - Building",1.46135763790478,2030,"CO2",0,0,"WAM","BGR","bulgaria","SISEPUEDE",1.46135763790478,NA
6004,75075,"EN - Building:CO2","Energy","EN - Building",1.37012865145986,2031,"CO2",0,0,"WAM","BGR","bulgaria","SISEPUEDE",1.37012865145986,NA
6004,75075,"EN - Building:CO2","Energy","EN - Building",1.28199950618355,2032,"CO2",0,0,"WAM","BGR","bulgaria","SISEPUEDE",1.28199950618355,NA
6004,75075,"EN - Building:CO2","Energy","EN - Building",1.19658907390517,2033,"CO2",0,0,"WAM","BGR","bulgaria","SISEPUEDE",1.19658907390517,NA
6004,75075,"EN - Building:CO2","Energy","EN - Building",1.11347769387084,2034,"CO2",0,0,"WAM","BGR","bulgaria","SISEPUEDE",1.11347769387084,NA
6004,75075,"EN - Building:CO2","Energy","EN - Building",1.03250123445237,2035,"CO2",0,0,"WAM","BGR","bulgaria","SISEPUEDE",1.03250123445237,NA
6004,75075,"EN - Building:CO2","Energy","EN - Building",0.952671326799326,2036,"CO2",0,0,"WAM","BGR","bulgaria","SISEPUEDE",0.952671326799326,NA
6004,75075,"EN - Building:CO2","Energy","EN - Building",0.874669509193285,2037,"CO2",0,0,"WAM","BGR","bulgaria","SISEPUEDE",0.874669509193285,NA
6004,75075,"EN - Building:CO2","Energy","EN - Building",0.79829392100922,2038,"CO2",0,0,"WAM","BGR","bulgaria","SISEPUEDE",0.79829392100922,NA
6004,75075,"EN - Building:CO2","Energy","EN - Building",0.723270832117712,2039,"CO2",0,0,"WAM","BGR","bulgaria","SISEPUEDE",0.723270832117712,NA
6004,75075,"EN - Building:CO2","Energy","EN - Building",0.649890294032137,2040,"CO2",0,0,"WAM","BGR","bulgaria","SISEPUEDE",0.649890294032137,NA
6004,75075,"EN - Building:CO2","Energy","EN - Building",0.577219533516658,2041,"CO2",0,0,"WAM","BGR","bulgaria","SISEPUEDE",0.577219533516658,NA
6004,75075,"EN - Building:CO2","Energy","EN - Building",0.50617951124842,2042,"CO2",0,0,"WAM","BGR","bulgaria","SISEPUEDE",0.50617951124842,NA
6004,75075,"EN - Building:CO2","Energy","EN - Building",0.436773198947458,2043,"CO2",0,0,"WAM","BGR","bulgaria","SISEPUEDE",0.436773198947458,NA
6004,75075,"EN - Building:CO2","Energy","EN - Building",0.36899596385758,2044,"CO2",0,0,"WAM","BGR","bulgaria","SISEPUEDE",0.36899596385758,NA
6004,75075,"EN - Building:CO2","Energy","EN - Building",0.302966773280506,2045,"CO2",0,0,"WAM","BGR","bulgaria","SISEPUEDE",0.302966773280506,NA
6004,75075,"EN - Building:CO2","Energy","EN - Building",0.238428770639387,2046,"CO2",0,0,"WAM","BGR","bulgaria","SISEPUEDE",0.238428770639387,NA
6004,75075,"EN - Building:CO2","Energy","EN - Building",0.175838560845812,2047,"CO2",0,0,"WAM","BGR","bulgaria","SISEPUEDE",0.175838560845812,NA
6004,75075,"EN - Building:CO2","Energy","EN - Building",0.115164344672905,2048,"CO2",0,0,"WAM","BGR","bulgaria","SISEPUEDE",0.115164344672905,NA
6004,75075,"EN - Building:CO2","Energy","EN - Building",0.0564917435052693,2049,"CO2",0,0,"WAM","BGR","bulgaria","SISEPUEDE",0.0564917435052693,NA
6004,75075,"EN - Building:CO2","Energy","EN - Building",0,2050,"CO2",0,0,"WAM","BGR","bulgaria","SISEPUEDE",0,NA
6004,75075,"EN - Building:N2O","Energy","EN - Building",0.087103271,2022,"N2O",0,0,"WAM","BGR","bulgaria","SISEPUEDE",0.087103271,NA
6004,75075,"EN - Building:N2O","Energy","EN - Building",0.0870436389703112,2023,"N2O",0,0,"WAM","BGR","bulgaria","SISEPUEDE",0.0870436389703112,NA
6004,75075,"EN - Building:N2O","Energy","EN - Building",0.087208973564521,2024,"N2O",0,0,"WAM","BGR","bulgaria","SISEPUEDE",0.087208973564521,NA
6004,75075,"EN - Building:N2O","Energy","EN - Building",0.0873400845709851,2025,"N2O",0,0,"WAM","BGR","bulgaria","SISEPUEDE",0.0873400845709851,NA
6004,75075,"EN - Building:N2O","Energy","EN - Building",0.0875845526305532,2026,"N2O",0,0,"WAM","BGR","bulgaria","SISEPUEDE",0.0875845526305532,NA
6004,75075,"EN - Building:N2O","Energy","EN - Building",0.0880208554052187,2027,"N2O",0,0,"WAM","BGR","bulgaria","SISEPUEDE",0.0880208554052187,NA
6004,75075,"EN - Building:N2O","Energy","EN - Building",0.082644621667853,2028,"N2O",0,0,"WAM","BGR","bulgaria","SISEPUEDE",0.082644621667853,NA
6004,75075,"EN - Building:N2O","Energy","EN - Building",0.0774426094084107,2029,"N2O",0,0,"WAM","BGR","bulgaria","SISEPUEDE",0.0774426094084107,NA
6004,75075,"EN - Building:N2O","Energy","EN - Building",0.0724603652535532,2030,"N2O",0,0,"WAM","BGR","bulgaria","SISEPUEDE",0.0724603652535532,NA
6004,75075,"EN - Building:N2O","Energy","EN - Building",0.0676503718192745,2031,"N2O",0,0,"WAM","BGR","bulgaria","SISEPUEDE",0.0676503718192745,NA
6004,75075,"EN - Building:N2O","Energy","EN - Building",0.0630268138774017,2032,"N2O",0,0,"WAM","BGR","bulgaria","SISEPUEDE",0.0630268138774017,NA
6004,75075,"EN - Building:N2O","Energy","EN - Building",0.0585717117518979,2033,"N2O",0,0,"WAM","BGR","bulgaria","SISEPUEDE",0.0585717117518979,NA
6004,75075,"EN - Building:N2O","Energy","EN - Building",0.0542667815976931,2034,"N2O",0,0,"WAM","BGR","bulgaria","SISEPUEDE",0.0542667815976931,NA
6004,75075,"EN - Building:N2O","Energy","EN - Building",0.0501095501882403,2035,"N2O",0,0,"WAM","BGR","bulgaria","SISEPUEDE",0.0501095501882403,NA
6004,75075,"EN - Building:N2O","Energy","EN - Building",0.0460464647996063,2036,"N2O",0,0,"WAM","BGR","bulgaria","SISEPUEDE",0.0460464647996063,NA
6004,75075,"EN - Building:N2O","Energy","EN - Building",0.0421018934115112,2037,"N2O",0,0,"WAM","BGR","bulgaria","SISEPUEDE",0.0421018934115112,NA
6004,75075,"EN - Building:N2O","Energy","EN - Building",0.0382662888855496,2038,"N2O",0,0,"WAM","BGR","bulgaria","SISEPUEDE",0.0382662888855496,NA
6004,75075,"EN - Building:N2O","Energy","EN - Building",0.0345283068846965,2039,"N2O",0,0,"WAM","BGR","bulgaria","SISEPUEDE",0.0345283068846965,NA
6004,75075,"EN - Building:N2O","Energy","EN - Building",0.0308974865285356,2040,"N2O",0,0,"WAM","BGR","bulgaria","SISEPUEDE",0.0308974865285356,NA
6004,75075,"EN - Building:N2O","Energy","EN - Building",0.0273351914107526,2041,"N2O",0,0,"WAM","BGR","bulgaria","SISEPUEDE",0.0273351914107526,NA
6004,75075,"EN - Building:N2O","Energy","EN - Building",0.0238768688428404,2042,"N2O",0,0,"WAM","BGR","bulgaria","SISEPUEDE",0.0238768688428404,NA
6004,75075,"EN - Building:N2O","Energy","EN - Building",0.0205215736115541,2043,"N2O",0,0,"WAM","BGR","bulgaria","SISEPUEDE",0.0205215736115541,NA
6004,75075,"EN - Building:N2O","Energy","EN - Building",0.0172683057072938,2044,"N2O",0,0,"WAM","BGR","bulgaria","SISEPUEDE",0.0172683057072938,NA
6004,75075,"EN - Building:N2O","Energy","EN - Building",0.0141212444388219,2045,"N2O",0,0,"WAM","BGR","bulgaria","SISEPUEDE",0.0141212444388219,NA
6004,75075,"EN - Building:N2O","Energy","EN - Building",0.0110696171606357,2046,"N2O",0,0,"WAM","BGR","bulgaria","SISEPUEDE",0.0110696171606357,NA
6004,75075,"EN - Building:N2O","Energy","EN - Building",0.00813105837477966,2047,"N2O",0,0,"WAM","BGR","bulgaria","SISEPUEDE",0.00813105837477966,NA
6004,75075,"EN - Building:N2O","Energy","EN - Building",0.00530393932718724,2048,"N2O",0,0,"WAM","BGR","bulgaria","SISEPUEDE",0.00530393932718724,NA
6004,75075,"EN - Building:N2O","Energy","EN - Building",0.00259134053421351,2049,"N2O",0,0,"WAM","BGR","bulgaria","SISEPUEDE",0.00259134053421351,NA
6004,75075,"EN - Building:N2O","Energy","EN - Building",0,2050,"N2O",0,0,"WAM","BGR","bulgaria","SISEPUEDE",0,NA
6004,75075,"EN - Electricity/Heat:CH4","Energy","EN - Electricity/Heat",0.023683908,2022,"CH4",0,0,"WAM","BGR","bulgaria","SISEPUEDE",0.023683908,0.023683908
6004,75075,"EN - Electricity/Heat:CH4","Energy","EN - Electricity/Heat",0.0229829186238532,2023,"CH4",0,0,"WAM","BGR","bulgaria","SISEPUEDE",0.0214448534143129,0.0229829186238532
6004,75075,"EN - Electricity/Heat:CH4","Energy","EN - Electricity/Heat",0.0222809147071373,2024,"CH4",0,0,"WAM","BGR","bulgaria","SISEPUEDE",0.0217903394991958,0.0222809147071373
6004,75075,"EN - Electricity/Heat:CH4","Energy","EN - Electricity/Heat",0.021574905877958,2025,"CH4",0,0,"WAM","BGR","bulgaria","SISEPUEDE",0.022098395336122,0.021574905877958
6004,75075,"EN - Electricity/Heat:CH4","Energy","EN - Electricity/Heat",0.020860580614347,2026,"CH4",0,0,"WAM","BGR","bulgaria","SISEPUEDE",0.0226857073326947,0.020860580614347
6004,75075,"EN - Electricity/Heat:CH4","Energy","EN - Electricity/Heat",0.020132940034678,2027,"CH4",0,0,"WAM","BGR","bulgaria","SISEPUEDE",0.0233527187921883,0.020132940034678
6004,75075,"EN - Electricity/Heat:CH4","Energy","EN - Electricity/Heat",0.0193871114209546,2028,"CH4",0,0,"WAM","BGR","bulgaria","SISEPUEDE",0.0222489140718853,0.0193871114209546
6004,75075,"EN - Electricity/Heat:CH4","Energy","EN - Electricity/Heat",0.018619219876335,2029,"CH4",0,0,"WAM","BGR","bulgaria","SISEPUEDE",0.0215387953955172,0.018619219876335
6004,75075,"EN - Electricity/Heat:CH4","Energy","EN - Electricity/Heat",0.0178261645900647,2030,"CH4",0,0,"WAM","BGR","bulgaria","SISEPUEDE",0.0207891076115195,0.0178261645900647
6004,75075,"EN - Electricity/Heat:CH4","Energy","EN - Electricity/Heat",0.0170056549455196,2031,"CH4",0,0,"WAM","BGR","bulgaria","SISEPUEDE",0.019981635793834,0.0170056549455196
6004,75075,"EN - Electricity/Heat:CH4","Energy","EN - Electricity/Heat",0.0161562376248951,2032,"CH4",0,0,"WAM","BGR","bulgaria","SISEPUEDE",0.0191251404478133,0.0161562376248951
6004,75075,"EN - Electricity/Heat:CH4","Energy","EN - Electricity/Heat",0.0152773047578474,2033,"CH4",0,0,"WAM","BGR","bulgaria","SISEPUEDE",0.018214096689145,0.0152773047578474
6004,75075,"EN - Electricity/Heat:CH4","Energy","EN - Electricity/Heat",0.0143690894977279,2034,"CH4",0,0,"WAM","BGR","bulgaria","SISEPUEDE",0.0172427088104807,0.0143690894977279
6004,75075,"EN - Electricity/Heat:CH4","Energy","EN - Electricity/Heat",0.013432645952276,2035,"CH4",0,0,"WAM","BGR","bulgaria","SISEPUEDE",0.0162089549650679,0.013432645952276
6004,75075,"EN - Electricity/Heat:CH4","Energy","EN - Electricity/Heat",0.0124698097007325,2036,"CH4",0,0,"WAM","BGR","bulgaria","SISEPUEDE",0.0151010593424085,0.0124698097007325
6004,75075,"EN - Electricity/Heat:CH4","Energy","EN - Electricity/Heat",0.0114831369749019,2037,"CH4",0,0,"WAM","BGR","bulgaria","SISEPUEDE",0.0139283335155335,0.0114831369749019
6004,75075,"EN - Electricity/Heat:CH4","Energy","EN - Electricity/Heat",0.0104758139970455,2038,"CH4",0,0,"WAM","BGR","bulgaria","SISEPUEDE",0.0126875957133602,0.0104758139970455
6004,75075,"EN - Electricity/Heat:CH4","Energy","EN - Electricity/Heat",0.00945154069669367,2039,"CH4",0,0,"WAM","BGR","bulgaria","SISEPUEDE",0.0113744585959082,0.00945154069669367
6004,75075,"EN - Electricity/Heat:CH4","Energy","EN - Electricity/Heat",0.00841438482638005,2040,"CH4",0,0,"WAM","BGR","bulgaria","SISEPUEDE",0.00999220656546754,0.00841438482638005
6004,75075,"EN - Electricity/Heat:CH4","Energy","EN - Electricity/Heat",0.00736860142175627,2041,"CH4",0,0,"WAM","BGR","bulgaria","SISEPUEDE",0.00895293352989422,0.00736860142175627
6004,75075,"EN - Electricity/Heat:CH4","Energy","EN - Electricity/Heat",0.00631841711649169,2042,"CH4",0,0,"WAM","BGR","bulgaria","SISEPUEDE",0.00728758609434923,0.00631841711649169
6004,75075,"EN - Electricity/Heat:CH4","Energy","EN - Electricity/Heat",0.00526803421125415,2043,"CH4",0,0,"WAM","BGR","bulgaria","SISEPUEDE",0.0055307171746863,0.00526803421125415
6004,75075,"EN - Electricity/Heat:CH4","Energy","EN - Electricity/Heat",0.00422124619675347,2044,"CH4",0,0,"WAM","BGR","bulgaria","SISEPUEDE",0.00365286838622005,0.00422124619675347
6004,75075,"EN - Electricity/Heat:CH4","Energy","EN - Electricity/Heat",0.00318099619998248,2045,"CH4",0,0,"WAM","BGR","bulgaria","SISEPUEDE",0.00158748117435506,0.00318099619998248
6004,75075,"EN - Electricity/Heat:CH4","Energy","EN - Electricity/Heat",0.00214885757123328,2046,"CH4",0,0,"WAM","BGR","bulgaria","SISEPUEDE",0.0017117080856479,0.00214885757123328
6004,75075,"EN - Electricity/Heat:CH4","Energy","EN - Electricity/Heat",0.0011243931733378,2047,"CH4",0,0,"WAM","BGR","bulgaria","SISEPUEDE",0.00182944880619943,0.0011243931733378
6004,75075,"EN - Electricity/Heat:CH4","Energy","EN - Electricity/Heat",0.000105878110130338,2048,"CH4",0,0,"WAM","BGR","bulgaria","SISEPUEDE",0.00185988921654831,0.000105878110130338
6004,75075,"EN - Electricity/Heat:CH4","Energy","EN - Electricity/Heat",0,2049,"CH4",0,0,"WAM","BGR","bulgaria","SISEPUEDE",0.00196798005160884,0
6004,75075,"EN - Electricity/Heat:CH4","Energy","EN - Electricity/Heat",0,2050,"CH4",0,0,"WAM","BGR","bulgaria","SISEPUEDE",0.00199444291772942,0
6004,75075,"EN - Electricity/Heat:CO2","Energy","EN - Electricity/Heat",25.09105165,2022,"CO2",0,0,"WAM","BGR","bulgaria","SISEPUEDE",25.09105165,25.09105165
6004,75075,"EN - Electricity/Heat:CO2","Energy","EN - Electricity/Heat",24.3153779765563,2023,"CO2",0,0,"WAM","BGR","bulgaria","SISEPUEDE",24.3153779765563,24.3153779765563
6004,75075,"EN - Electricity/Heat:CO2","Energy","EN - Electricity/Heat",23.5378437988043,2024,"CO2",0,0,"WAM","BGR","bulgaria","SISEPUEDE",23.5378437988043,23.5378437988043
6004,75075,"EN - Electricity/Heat:CO2","Energy","EN - Electricity/Heat",22.7544236199678,2025,"CO2",0,0,"WAM","BGR","bulgaria","SISEPUEDE",22.7544236199678,22.7544236199678
6004,75075,"EN - Electricity/Heat:CO2","Energy","EN - Electricity/Heat",21.9596483489606,2026,"CO2",0,0,"WAM","BGR","bulgaria","SISEPUEDE",21.9596483489606,21.9596483489606
6004,75075,"EN - Electricity/Heat:CO2","Energy","EN - Electricity/Heat",21.1473049853503,2027,"CO2",0,0,"WAM","BGR","bulgaria","SISEPUEDE",21.1473049853503,21.1473049853503
6004,75075,"EN - Electricity/Heat:CO2","Energy","EN - Electricity/Heat",20.3113474049974,2028,"CO2",0,0,"WAM","BGR","bulgaria","SISEPUEDE",20.3113474049974,20.3113474049974
6004,75075,"EN - Electricity/Heat:CO2","Energy","EN - Electricity/Heat",19.4468746948844,2029,"CO2",0,0,"WAM","BGR","bulgaria","SISEPUEDE",19.4468746948844,19.4468746948844
6004,75075,"EN - Electricity/Heat:CO2","Energy","EN - Electricity/Heat",18.5498669698,2030,"CO2",0,0,"WAM","BGR","bulgaria","SISEPUEDE",18.5498669698,18.5498669698
6004,75075,"EN - Electricity/Heat:CO2","Energy","EN - Electricity/Heat",17.6172272982127,2031,"CO2",0,0,"WAM","BGR","bulgaria","SISEPUEDE",17.6172272982127,17.6172272982127
6004,75075,"EN - Electricity/Heat:CO2","Energy","EN - Electricity/Heat",16.6468147224361,2032,"CO2",0,0,"WAM","BGR","bulgaria","SISEPUEDE",16.6468147224361,16.6468147224361
6004,75075,"EN - Electricity/Heat:CO2","Energy","EN - Electricity/Heat",15.6374575536832,2033,"CO2",0,0,"WAM","BGR","bulgaria","SISEPUEDE",15.6374575536832,15.6374575536832
6004,75075,"EN - Electricity/Heat:CO2","Energy","EN - Electricity/Heat",14.5889542146876,2034,"CO2",0,0,"WAM","BGR","bulgaria","SISEPUEDE",14.5889542146876,14.5889542146876
6004,75075,"EN - Electricity/Heat:CO2","Energy","EN - Electricity/Heat",13.5020584262817,2035,"CO2",0,0,"WAM","BGR","bulgaria","SISEPUEDE",13.5020584262817,13.5020584262817
6004,75075,"EN - Electricity/Heat:CO2","Energy","EN - Electricity/Heat",12.3784447647577,2036,"CO2",0,0,"WAM","BGR","bulgaria","SISEPUEDE",12.3784447647577,12.3784447647577
6004,75075,"EN - Electricity/Heat:CO2","Energy","EN - Electricity/Heat",11.2206526084646,2037,"CO2",0,0,"WAM","BGR","bulgaria","SISEPUEDE",11.2206526084646,11.2206526084646
6004,75075,"EN - Electricity/Heat:CO2","Energy","EN - Electricity/Heat",10.0319993689191,2038,"CO2",0,0,"WAM","BGR","bulgaria","SISEPUEDE",10.0319993689191,10.0319993689191
6004,75075,"EN - Electricity/Heat:CO2","Energy","EN - Electricity/Heat",8.81646775747478,2039,"CO2",0,0,"WAM","BGR","bulgaria","SISEPUEDE",8.81646775747478,8.81646775747478
6004,75075,"EN - Electricity/Heat:CO2","Energy","EN - Electricity/Heat",7.57856276433216,2040,"CO2",0,0,"WAM","BGR","bulgaria","SISEPUEDE",7.57856276433216,7.57856276433216
6004,75075,"EN - Electricity/Heat:CO2","Energy","EN - Electricity/Heat",6.32313278524891,2041,"CO2",0,0,"WAM","BGR","bulgaria","SISEPUEDE",6.32313278524891,6.32313278524891
6004,75075,"EN - Electricity/Heat:CO2","Energy","EN - Electricity/Heat",5.0551542695304,2042,"CO2",0,0,"WAM","BGR","bulgaria","SISEPUEDE",5.0551542695304,5.0551542695304
6004,75075,"EN - Electricity/Heat:CO2","Energy","EN - Electricity/Heat",3.77977843259954,2043,"CO2",0,0,"WAM","BGR","bulgaria","SISEPUEDE",3.77977843259954,3.77977843259954
6004,75075,"EN - Electricity/Heat:CO2","Energy","EN - Electricity/Heat",2.50192872645145,2044,"CO2",0,0,"WAM","BGR","bulgaria","SISEPUEDE",2.50192872645145,2.50192872645145
6004,75075,"EN - Electricity/Heat:CO2","Energy","EN - Electricity/Heat",1.22583618548489,2045,"CO2",0,0,"WAM","BGR","bulgaria","SISEPUEDE",1.22583618548489,1.22583618548489
6004,75075,"EN - Electricity/Heat:CO2","Energy","EN - Electricity/Heat",0,2046,"CO2",0,0,"WAM","BGR","bulgaria","SISEPUEDE",0,0
6004,75075,"EN - Electricity/Heat:CO2","Energy","EN - Electricity/Heat",0,2047,"CO2",0,0,"WAM","BGR","bulgaria","SISEPUEDE",0,0
6004,75075,"EN - Electricity/Heat:CO2","Energy","EN - Electricity/Heat",0,2048,"CO2",0,0,"WAM","BGR","bulgaria","SISEPUEDE",0,0
6004,75075,"EN - Electricity/Heat:CO2","Energy","EN - Electricity/Heat",0,2049,"CO2",0,0,"WAM","BGR","bulgaria","SISEPUEDE",0,0
6004,75075,"EN - Electricity/Heat:CO2","Energy","EN - Electricity/Heat",0,2050,"CO2",0,0,"WAM","BGR","bulgaria","SISEPUEDE",0,0
6004,75075,"EN - Electricity/Heat:N2O","Energy","EN - Electricity/Heat",0.106404361,2022,"N2O",0,0,"WAM","BGR","bulgaria","SISEPUEDE",0.106404361,0.106404361
6004,75075,"EN - Electricity/Heat:N2O","Energy","EN - Electricity/Heat",0.103125729456116,2023,"N2O",0,0,"WAM","BGR","bulgaria","SISEPUEDE",0.103125729456116,0.103125729456116
6004,75075,"EN - Electricity/Heat:N2O","Energy","EN - Electricity/Heat",0.0998401463251852,2024,"N2O",0,0,"WAM","BGR","bulgaria","SISEPUEDE",0.0998401463251852,0.0998401463251852
6004,75075,"EN - Electricity/Heat:N2O","Energy","EN - Electricity/Heat",0.0965314718442354,2025,"N2O",0,0,"WAM","BGR","bulgaria","SISEPUEDE",0.0965314718442354,0.0965314718442354
6004,75075,"EN - Electricity/Heat:N2O","Energy","EN - Electricity/Heat",0.0931774152031599,2026,"N2O",0,0,"WAM","BGR","bulgaria","SISEPUEDE",0.0931774152031599,0.0931774152031599
6004,75075,"EN - Electricity/Heat:N2O","Energy","EN - Electricity/Heat",0.0897524800189612,2027,"N2O",0,0,"WAM","BGR","bulgaria","SISEPUEDE",0.0897524800189612,0.0897524800189612
6004,75075,"EN - Electricity/Heat:N2O","Energy","EN - Electricity/Heat",0.0862317903250019,2028,"N2O",0,0,"WAM","BGR","bulgaria","SISEPUEDE",0.0862317903250019,0.0862317903250019
6004,75075,"EN - Electricity/Heat:N2O","Energy","EN - Electricity/Heat",0.0825951971738011,2029,"N2O",0,0,"WAM","BGR","bulgaria","SISEPUEDE",0.0825951971738011,0.0825951971738011
6004,75075,"EN - Electricity/Heat:N2O","Energy","EN - Electricity/Heat",0.0788261904926579,2030,"N2O",0,0,"WAM","BGR","bulgaria","SISEPUEDE",0.0788261904926579,0.0788261904926579
6004,75075,"EN - Electricity/Heat:N2O","Energy","EN - Electricity/Heat",0.0749120869977172,2031,"N2O",0,0,"WAM","BGR","bulgaria","SISEPUEDE",0.0749120869977172,0.0749120869977172
6004,75075,"EN - Electricity/Heat:N2O","Energy","EN - Electricity/Heat",0.070844178156603,2032,"N2O",0,0,"WAM","BGR","bulgaria","SISEPUEDE",0.070844178156603,0.070844178156603
6004,75075,"EN - Electricity/Heat:N2O","Energy","EN - Electricity/Heat",0.0666177928553412,2033,"N2O",0,0,"WAM","BGR","bulgaria","SISEPUEDE",0.0666177928553412,0.0666177928553412
6004,75075,"EN - Electricity/Heat:N2O","Energy","EN - Electricity/Heat",0.0622323050169306,2034,"N2O",0,0,"WAM","BGR","bulgaria","SISEPUEDE",0.0622323050169306,0.0622323050169306
6004,75075,"EN - Electricity/Heat:N2O","Energy","EN - Electricity/Heat",0.0576910726577132,2035,"N2O",0,0,"WAM","BGR","bulgaria","SISEPUEDE",0.0576910726577132,0.0576910726577132
6004,75075,"EN - Electricity/Heat:N2O","Energy","EN - Electricity/Heat",0.0530012916555637,2036,"N2O",0,0,"WAM","BGR","bulgaria","SISEPUEDE",0.0530012916555637,0.0530012916555637
6004,75075,"EN - Electricity/Heat:N2O","Energy","EN - Electricity/Heat",0.0481737558199916,2037,"N2O",0,0,"WAM","BGR","bulgaria","SISEPUEDE",0.0481737558199916,0.0481737558199916
6004,75075,"EN - Electricity/Heat:N2O","Energy","EN - Electricity/Heat",0.0432224851189999,2038,"N2O",0,0,"WAM","BGR","bulgaria","SISEPUEDE",0.0432224851189999,0.0432224851189999
6004,75075,"EN - Electricity/Heat:N2O","Energy","EN - Electricity/Heat",0.038164241797004,2039,"N2O",0,0,"WAM","BGR","bulgaria","SISEPUEDE",0.038164241797004,0.038164241797004
6004,75075,"EN - Electricity/Heat:N2O","Energy","EN - Electricity/Heat",0.0330179162287862,2040,"N2O",0,0,"WAM","BGR","bulgaria","SISEPUEDE",0.0330179162287862,0.0330179162287862
6004,75075,"EN - Electricity/Heat:N2O","Energy","EN - Electricity/Heat",0.0278037591917451,2041,"N2O",0,0,"WAM","BGR","bulgaria","SISEPUEDE",0.0278037591917451,0.0278037591917451
6004,75075,"EN - Electricity/Heat:N2O","Energy","EN - Electricity/Heat",0.0225424578935693,2042,"N2O",0,0,"WAM","BGR","bulgaria","SISEPUEDE",0.0225424578935693,0.0225424578935693
6004,75075,"EN - Electricity/Heat:N2O","Energy","EN - Electricity/Heat",0.0172553028456715,2043,"N2O",0,0,"WAM","BGR","bulgaria","SISEPUEDE",0.0172553028456715,0.0172553028456715
6004,75075,"EN - Electricity/Heat:N2O","Energy","EN - Electricity/Heat",0.011962474405732,2044,"N2O",0,0,"WAM","BGR","bulgaria","SISEPUEDE",0.011962474405732,0.011962474405732
6004,75075,"EN - Electricity/Heat:N2O","Energy","EN - Electricity/Heat",0.00668106618051922,2045,"N2O",0,0,"WAM","BGR","bulgaria","SISEPUEDE",0.00668106618051922,0.00668106618051922
6004,75075,"EN - Electricity/Heat:N2O","Energy","EN - Electricity/Heat",0.00142274295952683,2046,"N2O",0,0,"WAM","BGR","bulgaria","SISEPUEDE",0.00142274295952683,0.00142274295952683
6004,75075,"EN - Electricity/Heat:N2O","Energy","EN - Electricity/Heat",0,2047,"N2O",0,0,"WAM","BGR","bulgaria","SISEPUEDE",0,0
6004,75075,"EN - Electricity/Heat:N2O","Energy","EN - Electricity/Heat",0,2048,"N2O",0,0,"WAM","BGR","bulgaria","SISEPUEDE",0,0
6004,75075,"EN - Electricity/Heat:N2O","Energy","EN - Electricity/Heat",0,2049,"N2O",0,0,"WAM","BGR","bulgaria","SISEPUEDE",0,0
6004,75075,"EN - Electricity/Heat:N2O","Energy","EN - Electricity/Heat",0,2050,"N2O",0,0,"WAM","BGR","bulgaria","SISEPUEDE",0,0
6004,75075,"EN - Fugitive Emissions:CH4","Energy","EN - Fugitive Emissions",1.125721545,2022,"CH4",0,0,"WAM","BGR","bulgaria","SISEPUEDE",1.125721545,NA
6004,75075,"EN - Fugitive Emissions:CH4","Energy","EN - Fugitive Emissions",1.07909596289309,2023,"CH4",0,0,"WAM","BGR","bulgaria","SISEPUEDE",1.07909596289309,NA
6004,75075,"EN - Fugitive Emissions:CH4","Energy","EN - Fugitive Emissions",1.09436898711625,2024,"CH4",0,0,"WAM","BGR","bulgaria","SISEPUEDE",1.09436898711625,NA
6004,75075,"EN - Fugitive Emissions:CH4","Energy","EN - Fugitive Emissions",1.10771136340815,2025,"CH4",0,0,"WAM","BGR","bulgaria","SISEPUEDE",1.10771136340815,NA
6004,75075,"EN - Fugitive Emissions:CH4","Energy","EN - Fugitive Emissions",1.13274303667357,2026,"CH4",0,0,"WAM","BGR","bulgaria","SISEPUEDE",1.13274303667357,NA
6004,75075,"EN - Fugitive Emissions:CH4","Energy","EN - Fugitive Emissions",1.16139059301448,2027,"CH4",0,0,"WAM","BGR","bulgaria","SISEPUEDE",1.16139059301448,NA
6004,75075,"EN - Fugitive Emissions:CH4","Energy","EN - Fugitive Emissions",1.10388288841929,2028,"CH4",0,0,"WAM","BGR","bulgaria","SISEPUEDE",1.10388288841929,NA
6004,75075,"EN - Fugitive Emissions:CH4","Energy","EN - Fugitive Emissions",1.05974132159081,2029,"CH4",0,0,"WAM","BGR","bulgaria","SISEPUEDE",1.05974132159081,NA
6004,75075,"EN - Fugitive Emissions:CH4","Energy","EN - Fugitive Emissions",1.01178082287893,2030,"CH4",0,0,"WAM","BGR","bulgaria","SISEPUEDE",1.01178082287893,NA
6004,75075,"EN - Fugitive Emissions:CH4","Energy","EN - Fugitive Emissions",0.959956048173152,2031,"CH4",0,0,"WAM","BGR","bulgaria","SISEPUEDE",0.959956048173152,NA
6004,75075,"EN - Fugitive Emissions:CH4","Energy","EN - Fugitive Emissions",0.905412016878884,2032,"CH4",0,0,"WAM","BGR","bulgaria","SISEPUEDE",0.905412016878884,NA
6004,75075,"EN - Fugitive Emissions:CH4","Energy","EN - Fugitive Emissions",0.848592594595429,2033,"CH4",0,0,"WAM","BGR","bulgaria","SISEPUEDE",0.848592594595429,NA
6004,75075,"EN - Fugitive Emissions:CH4","Energy","EN - Fugitive Emissions",0.789903283229888,2034,"CH4",0,0,"WAM","BGR","bulgaria","SISEPUEDE",0.789903283229888,NA
6004,75075,"EN - Fugitive Emissions:CH4","Energy","EN - Fugitive Emissions",0.729880640438642,2035,"CH4",0,0,"WAM","BGR","bulgaria","SISEPUEDE",0.729880640438642,NA
6004,75075,"EN - Fugitive Emissions:CH4","Energy","EN - Fugitive Emissions",0.668696075859123,2036,"CH4",0,0,"WAM","BGR","bulgaria","SISEPUEDE",0.668696075859123,NA
6004,75075,"EN - Fugitive Emissions:CH4","Energy","EN - Fugitive Emissions",0.607295118261715,2037,"CH4",0,0,"WAM","BGR","bulgaria","SISEPUEDE",0.607295118261715,NA
6004,75075,"EN - Fugitive Emissions:CH4","Energy","EN - Fugitive Emissions",0.546105358516423,2038,"CH4",0,0,"WAM","BGR","bulgaria","SISEPUEDE",0.546105358516423,NA
6004,75075,"EN - Fugitive Emissions:CH4","Energy","EN - Fugitive Emissions",0.485507656060303,2039,"CH4",0,0,"WAM","BGR","bulgaria","SISEPUEDE",0.485507656060303,NA
6004,75075,"EN - Fugitive Emissions:CH4","Energy","EN - Fugitive Emissions",0.426130433812938,2040,"CH4",0,0,"WAM","BGR","bulgaria","SISEPUEDE",0.426130433812938,NA
6004,75075,"EN - Fugitive Emissions:CH4","Energy","EN - Fugitive Emissions",0.315397252036664,2041,"CH4",0,0,"WAM","BGR","bulgaria","SISEPUEDE",0.315397252036664,NA
6004,75075,"EN - Fugitive Emissions:CH4","Energy","EN - Fugitive Emissions",0.263678617106523,2042,"CH4",0,0,"WAM","BGR","bulgaria","SISEPUEDE",0.263678617106523,NA
6004,75075,"EN - Fugitive Emissions:CH4","Energy","EN - Fugitive Emissions",0.214536274091261,2043,"CH4",0,0,"WAM","BGR","bulgaria","SISEPUEDE",0.214536274091261,NA
6004,75075,"EN - Fugitive Emissions:CH4","Energy","EN - Fugitive Emissions",0.167758430458363,2044,"CH4",0,0,"WAM","BGR","bulgaria","SISEPUEDE",0.167758430458363,NA
6004,75075,"EN - Fugitive Emissions:CH4","Energy","EN - Fugitive Emissions",0.122699144220721,2045,"CH4",0,0,"WAM","BGR","bulgaria","SISEPUEDE",0.122699144220721,NA
6004,75075,"EN - Fugitive Emissions:CH4","Energy","EN - Fugitive Emissions",0.100318060724246,2046,"CH4",0,0,"WAM","BGR","bulgaria","SISEPUEDE",0.100318060724246,NA
6004,75075,"EN - Fugitive Emissions:CH4","Energy","EN - Fugitive Emissions",0.0925327571946513,2047,"CH4",0,0,"WAM","BGR","bulgaria","SISEPUEDE",0.0925327571946513,NA
6004,75075,"EN - Fugitive Emissions:CH4","Energy","EN - Fugitive Emissions",0.0842681987163581,2048,"CH4",0,0,"WAM","BGR","bulgaria","SISEPUEDE",0.0842681987163581,NA
6004,75075,"EN - Fugitive Emissions:CH4","Energy","EN - Fugitive Emissions",0.0754907634036229,2049,"CH4",0,0,"WAM","BGR","bulgaria","SISEPUEDE",0.0754907634036229,NA
6004,75075,"EN - Fugitive Emissions:CH4","Energy","EN - Fugitive Emissions",0.0661698601040317,2050,"CH4",0,0,"WAM","BGR","bulgaria","SISEPUEDE",0.0661698601040317,NA
6004,75075,"EN - Fugitive Emissions:CO2","Energy","EN - Fugitive Emissions",2.463175335,2022,"CO2",0,0,"WAM","BGR","bulgaria","SISEPUEDE",2.463175335,NA
6004,75075,"EN - Fugitive Emissions:CO2","Energy","EN - Fugitive Emissions",2.44695242532477,2023,"CO2",0,0,"WAM","BGR","bulgaria","SISEPUEDE",2.44695242532477,NA
6004,75075,"EN - Fugitive Emissions:CO2","Energy","EN - Fugitive Emissions",2.47403579334474,2024,"CO2",0,0,"WAM","BGR","bulgaria","SISEPUEDE",2.47403579334474,NA
6004,75075,"EN - Fugitive Emissions:CO2","Energy","EN - Fugitive Emissions",2.49619151226743,2025,"CO2",0,0,"WAM","BGR","bulgaria","SISEPUEDE",2.49619151226743,NA
6004,75075,"EN - Fugitive Emissions:CO2","Energy","EN - Fugitive Emissions",2.5295272131839,2026,"CO2",0,0,"WAM","BGR","bulgaria","SISEPUEDE",2.5295272131839,NA
6004,75075,"EN - Fugitive Emissions:CO2","Energy","EN - Fugitive Emissions",2.56859656188521,2027,"CO2",0,0,"WAM","BGR","bulgaria","SISEPUEDE",2.56859656188521,NA
6004,75075,"EN - Fugitive Emissions:CO2","Energy","EN - Fugitive Emissions",4.17972778717522,2028,"CO2",0,0,"WAM","BGR","bulgaria","SISEPUEDE",4.17972778717522,NA
6004,75075,"EN - Fugitive Emissions:CO2","Energy","EN - Fugitive Emissions",5.56469052588916,2029,"CO2",0,0,"WAM","BGR","bulgaria","SISEPUEDE",5.56469052588916,NA
6004,75075,"EN - Fugitive Emissions:CO2","Energy","EN - Fugitive Emissions",6.72978556014226,2030,"CO2",0,0,"WAM","BGR","bulgaria","SISEPUEDE",6.72978556014226,NA
6004,75075,"EN - Fugitive Emissions:CO2","Energy","EN - Fugitive Emissions",7.69031418633788,2031,"CO2",0,0,"WAM","BGR","bulgaria","SISEPUEDE",7.69031418633788,NA
6004,75075,"EN - Fugitive Emissions:CO2","Energy","EN - Fugitive Emissions",8.46702695590229,2032,"CO2",0,0,"WAM","BGR","bulgaria","SISEPUEDE",8.46702695590229,NA
6004,75075,"EN - Fugitive Emissions:CO2","Energy","EN - Fugitive Emissions",9.0750349862145,2033,"CO2",0,0,"WAM","BGR","bulgaria","SISEPUEDE",9.0750349862145,NA
6004,75075,"EN - Fugitive Emissions:CO2","Energy","EN - Fugitive Emissions",9.52708273801462,2034,"CO2",0,0,"WAM","BGR","bulgaria","SISEPUEDE",9.52708273801462,NA
6004,75075,"EN - Fugitive Emissions:CO2","Energy","EN - Fugitive Emissions",9.83542607649955,2035,"CO2",0,0,"WAM","BGR","bulgaria","SISEPUEDE",9.83542607649955,NA
6004,75075,"EN - Fugitive Emissions:CO2","Energy","EN - Fugitive Emissions",10.0073368021892,2036,"CO2",0,0,"WAM","BGR","bulgaria","SISEPUEDE",10.0073368021892,NA
6004,75075,"EN - Fugitive Emissions:CO2","Energy","EN - Fugitive Emissions",10.0586969875125,2037,"CO2",0,0,"WAM","BGR","bulgaria","SISEPUEDE",10.0586969875125,NA
6004,75075,"EN - Fugitive Emissions:CO2","Energy","EN - Fugitive Emissions",9.99856376082234,2038,"CO2",0,0,"WAM","BGR","bulgaria","SISEPUEDE",9.99856376082234,NA
6004,75075,"EN - Fugitive Emissions:CO2","Energy","EN - Fugitive Emissions",9.83432717553423,2039,"CO2",0,0,"WAM","BGR","bulgaria","SISEPUEDE",9.83432717553423,NA
6004,75075,"EN - Fugitive Emissions:CO2","Energy","EN - Fugitive Emissions",9.5769942015949,2040,"CO2",0,0,"WAM","BGR","bulgaria","SISEPUEDE",9.5769942015949,NA
6004,75075,"EN - Fugitive Emissions:CO2","Energy","EN - Fugitive Emissions",2.62469730626201,2041,"CO2",0,0,"WAM","BGR","bulgaria","SISEPUEDE",2.62469730626201,NA
6004,75075,"EN - Fugitive Emissions:CO2","Energy","EN - Fugitive Emissions",2.59978670348652,2042,"CO2",0,0,"WAM","BGR","bulgaria","SISEPUEDE",2.59978670348652,NA
6004,75075,"EN - Fugitive Emissions:CO2","Energy","EN - Fugitive Emissions",2.56731326662804,2043,"CO2",0,0,"WAM","BGR","bulgaria","SISEPUEDE",2.56731326662804,NA
6004,75075,"EN - Fugitive Emissions:CO2","Energy","EN - Fugitive Emissions",2.52493652749965,2044,"CO2",0,0,"WAM","BGR","bulgaria","SISEPUEDE",2.52493652749965,NA
6004,75075,"EN - Fugitive Emissions:CO2","Energy","EN - Fugitive Emissions",2.46830820862506,2045,"CO2",0,0,"WAM","BGR","bulgaria","SISEPUEDE",2.46830820862506,NA
6004,75075,"EN - Fugitive Emissions:CO2","Energy","EN - Fugitive Emissions",2.47441247132828,2046,"CO2",0,0,"WAM","BGR","bulgaria","SISEPUEDE",2.47441247132828,NA
6004,75075,"EN - Fugitive Emissions:CO2","Energy","EN - Fugitive Emissions",2.53236073006057,2047,"CO2",0,0,"WAM","BGR","bulgaria","SISEPUEDE",2.53236073006057,NA
6004,75075,"EN - Fugitive Emissions:CO2","Energy","EN - Fugitive Emissions",2.58981738139943,2048,"CO2",0,0,"WAM","BGR","bulgaria","SISEPUEDE",2.58981738139943,NA
6004,75075,"EN - Fugitive Emissions:CO2","Energy","EN - Fugitive Emissions",2.64665078197779,2049,"CO2",0,0,"WAM","BGR","bulgaria","SISEPUEDE",2.64665078197779,NA
6004,75075,"EN - Fugitive Emissions:CO2","Energy","EN - Fugitive Emissions",2.7027614658703,2050,"CO2",0,0,"WAM","BGR","bulgaria","SISEPUEDE",2.7027614658703,NA
6004,75075,"EN - Fugitive Emissions:N2O","Energy","EN - Fugitive Emissions",0.000855997,2022,"N2O",0,0,"WAM","BGR","bulgaria","SISEPUEDE",0.000855997,NA
6004,75075,"EN - Fugitive Emissions:N2O","Energy","EN - Fugitive Emissions",0.000848183987982719,2023,"N2O",0,0,"WAM","BGR","bulgaria","SISEPUEDE",0.000848183987982719,NA
6004,75075,"EN - Fugitive Emissions:N2O","Energy","EN - Fugitive Emissions",0.000858091290221843,2024,"N2O",0,0,"WAM","BGR","bulgaria","SISEPUEDE",0.000858091290221843,NA
6004,75075,"EN - Fugitive Emissions:N2O","Energy","EN - Fugitive Emissions",0.00086623461679722,2025,"N2O",0,0,"WAM","BGR","bulgaria","SISEPUEDE",0.00086623461679722,NA
6004,75075,"EN - Fugitive Emissions:N2O","Energy","EN - Fugitive Emissions",0.000878716465340009,2026,"N2O",0,0,"WAM","BGR","bulgaria","SISEPUEDE",0.000878716465340009,NA
6004,75075,"EN - Fugitive Emissions:N2O","Energy","EN - Fugitive Emissions",0.000893312718916159,2027,"N2O",0,0,"WAM","BGR","bulgaria","SISEPUEDE",0.000893312718916159,NA
6004,75075,"EN - Fugitive Emissions:N2O","Energy","EN - Fugitive Emissions",0.000898009927348957,2028,"N2O",0,0,"WAM","BGR","bulgaria","SISEPUEDE",0.000898009927348957,NA
6004,75075,"EN - Fugitive Emissions:N2O","Energy","EN - Fugitive Emissions",0.000909360493125215,2029,"N2O",0,0,"WAM","BGR","bulgaria","SISEPUEDE",0.000909360493125215,NA
6004,75075,"EN - Fugitive Emissions:N2O","Energy","EN - Fugitive Emissions",0.000921004016601959,2030,"N2O",0,0,"WAM","BGR","bulgaria","SISEPUEDE",0.000921004016601959,NA
6004,75075,"EN - Fugitive Emissions:N2O","Energy","EN - Fugitive Emissions",0.00093233585075788,2031,"N2O",0,0,"WAM","BGR","bulgaria","SISEPUEDE",0.00093233585075788,NA
6004,75075,"EN - Fugitive Emissions:N2O","Energy","EN - Fugitive Emissions",0.000943705730310656,2032,"N2O",0,0,"WAM","BGR","bulgaria","SISEPUEDE",0.000943705730310656,NA
6004,75075,"EN - Fugitive Emissions:N2O","Energy","EN - Fugitive Emissions",0.00095494110983492,2033,"N2O",0,0,"WAM","BGR","bulgaria","SISEPUEDE",0.00095494110983492,NA
6004,75075,"EN - Fugitive Emissions:N2O","Energy","EN - Fugitive Emissions",0.000965839358289443,2034,"N2O",0,0,"WAM","BGR","bulgaria","SISEPUEDE",0.000965839358289443,NA
6004,75075,"EN - Fugitive Emissions:N2O","Energy","EN - Fugitive Emissions",0.000976337806338485,2035,"N2O",0,0,"WAM","BGR","bulgaria","SISEPUEDE",0.000976337806338485,NA
6004,75075,"EN - Fugitive Emissions:N2O","Energy","EN - Fugitive Emissions",0.000986085998239158,2036,"N2O",0,0,"WAM","BGR","bulgaria","SISEPUEDE",0.000986085998239158,NA
6004,75075,"EN - Fugitive Emissions:N2O","Energy","EN - Fugitive Emissions",0.00099541409912195,2037,"N2O",0,0,"WAM","BGR","bulgaria","SISEPUEDE",0.00099541409912195,NA
6004,75075,"EN - Fugitive Emissions:N2O","Energy","EN - Fugitive Emissions",0.00100422435905265,2038,"N2O",0,0,"WAM","BGR","bulgaria","SISEPUEDE",0.00100422435905265,NA
6004,75075,"EN - Fugitive Emissions:N2O","Energy","EN - Fugitive Emissions",0.00101238486215147,2039,"N2O",0,0,"WAM","BGR","bulgaria","SISEPUEDE",0.00101238486215147,NA
6004,75075,"EN - Fugitive Emissions:N2O","Energy","EN - Fugitive Emissions",0.00102008035410019,2040,"N2O",0,0,"WAM","BGR","bulgaria","SISEPUEDE",0.00102008035410019,NA
6004,75075,"EN - Fugitive Emissions:N2O","Energy","EN - Fugitive Emissions",0.000995402356025046,2041,"N2O",0,0,"WAM","BGR","bulgaria","SISEPUEDE",0.000995402356025046,NA
6004,75075,"EN - Fugitive Emissions:N2O","Energy","EN - Fugitive Emissions",0.00100178455860118,2042,"N2O",0,0,"WAM","BGR","bulgaria","SISEPUEDE",0.00100178455860118,NA
6004,75075,"EN - Fugitive Emissions:N2O","Energy","EN - Fugitive Emissions",0.00100764033958918,2043,"N2O",0,0,"WAM","BGR","bulgaria","SISEPUEDE",0.00100764033958918,NA
6004,75075,"EN - Fugitive Emissions:N2O","Energy","EN - Fugitive Emissions",0.00101235458754993,2044,"N2O",0,0,"WAM","BGR","bulgaria","SISEPUEDE",0.00101235458754993,NA
6004,75075,"EN - Fugitive Emissions:N2O","Energy","EN - Fugitive Emissions",0.00101480851339935,2045,"N2O",0,0,"WAM","BGR","bulgaria","SISEPUEDE",0.00101480851339935,NA
6004,75075,"EN - Fugitive Emissions:N2O","Energy","EN - Fugitive Emissions",0.00103640031816198,2046,"N2O",0,0,"WAM","BGR","bulgaria","SISEPUEDE",0.00103640031816198,NA
6004,75075,"EN - Fugitive Emissions:N2O","Energy","EN - Fugitive Emissions",0.00107336477113418,2047,"N2O",0,0,"WAM","BGR","bulgaria","SISEPUEDE",0.00107336477113418,NA
6004,75075,"EN - Fugitive Emissions:N2O","Energy","EN - Fugitive Emissions",0.00111101770995294,2048,"N2O",0,0,"WAM","BGR","bulgaria","SISEPUEDE",0.00111101770995294,NA
6004,75075,"EN - Fugitive Emissions:N2O","Energy","EN - Fugitive Emissions",0.00114932361607418,2049,"N2O",0,0,"WAM","BGR","bulgaria","SISEPUEDE",0.00114932361607418,NA
6004,75075,"EN - Fugitive Emissions:N2O","Energy","EN - Fugitive Emissions",0.00118825931511764,2050,"N2O",0,0,"WAM","BGR","bulgaria","SISEPUEDE",0.00118825931511764,NA
6004,75075,"EN - Manufacturing/Construction:CH4","Energy","EN - Manufacturing/Construction",0.018077663,2022,"CH4",0,0,"WAM","BGR","bulgaria","SISEPUEDE",0.018077663,NA
6004,75075,"EN - Manufacturing/Construction:CH4","Energy","EN - Manufacturing/Construction",0.0182076454131581,2023,"CH4",0,0,"WAM","BGR","bulgaria","SISEPUEDE",0.0182076454131581,NA
6004,75075,"EN - Manufacturing/Construction:CH4","Energy","EN - Manufacturing/Construction",0.0183840353131595,2024,"CH4",0,0,"WAM","BGR","bulgaria","SISEPUEDE",0.0183840353131595,NA
6004,75075,"EN - Manufacturing/Construction:CH4","Energy","EN - Manufacturing/Construction",0.0185139254950343,2025,"CH4",0,0,"WAM","BGR","bulgaria","SISEPUEDE",0.0185139254950343,NA
6004,75075,"EN - Manufacturing/Construction:CH4","Energy","EN - Manufacturing/Construction",0.0186329874906394,2026,"CH4",0,0,"WAM","BGR","bulgaria","SISEPUEDE",0.0186329874906394,NA
6004,75075,"EN - Manufacturing/Construction:CH4","Energy","EN - Manufacturing/Construction",0.018778797019992,2027,"CH4",0,0,"WAM","BGR","bulgaria","SISEPUEDE",0.018778797019992,NA
6004,75075,"EN - Manufacturing/Construction:CH4","Energy","EN - Manufacturing/Construction",0.0173411522675916,2028,"CH4",0,0,"WAM","BGR","bulgaria","SISEPUEDE",0.0173411522675916,NA
6004,75075,"EN - Manufacturing/Construction:CH4","Energy","EN - Manufacturing/Construction",0.015980850696146,2029,"CH4",0,0,"WAM","BGR","bulgaria","SISEPUEDE",0.015980850696146,NA
6004,75075,"EN - Manufacturing/Construction:CH4","Energy","EN - Manufacturing/Construction",0.0147142985051951,2030,"CH4",0,0,"WAM","BGR","bulgaria","SISEPUEDE",0.0147142985051951,NA
6004,75075,"EN - Manufacturing/Construction:CH4","Energy","EN - Manufacturing/Construction",0.0135252527600619,2031,"CH4",0,0,"WAM","BGR","bulgaria","SISEPUEDE",0.0135252527600619,NA
6004,75075,"EN - Manufacturing/Construction:CH4","Energy","EN - Manufacturing/Construction",0.0124154014655394,2032,"CH4",0,0,"WAM","BGR","bulgaria","SISEPUEDE",0.0124154014655394,NA
6004,75075,"EN - Manufacturing/Construction:CH4","Energy","EN - Manufacturing/Construction",0.0113770182536158,2033,"CH4",0,0,"WAM","BGR","bulgaria","SISEPUEDE",0.0113770182536158,NA
6004,75075,"EN - Manufacturing/Construction:CH4","Energy","EN - Manufacturing/Construction",0.0104034739128428,2034,"CH4",0,0,"WAM","BGR","bulgaria","SISEPUEDE",0.0104034739128428,NA
6004,75075,"EN - Manufacturing/Construction:CH4","Energy","EN - Manufacturing/Construction",0.0094888505956057,2035,"CH4",0,0,"WAM","BGR","bulgaria","SISEPUEDE",0.0094888505956057,NA
6004,75075,"EN - Manufacturing/Construction:CH4","Energy","EN - Manufacturing/Construction",0.00862473836487383,2036,"CH4",0,0,"WAM","BGR","bulgaria","SISEPUEDE",0.00862473836487383,NA
6004,75075,"EN - Manufacturing/Construction:CH4","Energy","EN - Manufacturing/Construction",0.00781326261174715,2037,"CH4",0,0,"WAM","BGR","bulgaria","SISEPUEDE",0.00781326261174715,NA
6004,75075,"EN - Manufacturing/Construction:CH4","Energy","EN - Manufacturing/Construction",0.00705009506428626,2038,"CH4",0,0,"WAM","BGR","bulgaria","SISEPUEDE",0.00705009506428626,NA
6004,75075,"EN - Manufacturing/Construction:CH4","Energy","EN - Manufacturing/Construction",0.00633082430248686,2039,"CH4",0,0,"WAM","BGR","bulgaria","SISEPUEDE",0.00633082430248686,NA
6004,75075,"EN - Manufacturing/Construction:CH4","Energy","EN - Manufacturing/Construction",0.00565556708058078,2040,"CH4",0,0,"WAM","BGR","bulgaria","SISEPUEDE",0.00565556708058078,NA
6004,75075,"EN - Manufacturing/Construction:CH4","Energy","EN - Manufacturing/Construction",0.00501537482154408,2041,"CH4",0,0,"WAM","BGR","bulgaria","SISEPUEDE",0.00501537482154408,NA
6004,75075,"EN - Manufacturing/Construction:CH4","Energy","EN - Manufacturing/Construction",0.00441297029157547,2042,"CH4",0,0,"WAM","BGR","bulgaria","SISEPUEDE",0.00441297029157547,NA
6004,75075,"EN - Manufacturing/Construction:CH4","Energy","EN - Manufacturing/Construction",0.00384798841515672,2043,"CH4",0,0,"WAM","BGR","bulgaria","SISEPUEDE",0.00384798841515672,NA
6004,75075,"EN - Manufacturing/Construction:CH4","Energy","EN - Manufacturing/Construction",0.00331529865300833,2044,"CH4",0,0,"WAM","BGR","bulgaria","SISEPUEDE",0.00331529865300833,NA
6004,75075,"EN - Manufacturing/Construction:CH4","Energy","EN - Manufacturing/Construction",0.00281430795914088,2045,"CH4",0,0,"WAM","BGR","bulgaria","SISEPUEDE",0.00281430795914088,NA
6004,75075,"EN - Manufacturing/Construction:CH4","Energy","EN - Manufacturing/Construction",0.00234303442879572,2046,"CH4",0,0,"WAM","BGR","bulgaria","SISEPUEDE",0.00234303442879572,NA
6004,75075,"EN - Manufacturing/Construction:CH4","Energy","EN - Manufacturing/Construction",0.00189785047766001,2047,"CH4",0,0,"WAM","BGR","bulgaria","SISEPUEDE",0.00189785047766001,NA
6004,75075,"EN - Manufacturing/Construction:CH4","Energy","EN - Manufacturing/Construction",0.00147664936568194,2048,"CH4",0,0,"WAM","BGR","bulgaria","SISEPUEDE",0.00147664936568194,NA
6004,75075,"EN - Manufacturing/Construction:CH4","Energy","EN - Manufacturing/Construction",0.00107782322440053,2049,"CH4",0,0,"WAM","BGR","bulgaria","SISEPUEDE",0.00107782322440053,NA
6004,75075,"EN - Manufacturing/Construction:CH4","Energy","EN - Manufacturing/Construction",0.000700093180238331,2050,"CH4",0,0,"WAM","BGR","bulgaria","SISEPUEDE",0.000700093180238331,NA
6004,75075,"EN - Manufacturing/Construction:CO2","Energy","EN - Manufacturing/Construction",4.932055857,2022,"CO2",0,0,"WAM","BGR","bulgaria","SISEPUEDE",4.932055857,NA
6004,75075,"EN - Manufacturing/Construction:CO2","Energy","EN - Manufacturing/Construction",4.96929423546623,2023,"CO2",0,0,"WAM","BGR","bulgaria","SISEPUEDE",4.96929423546623,NA
6004,75075,"EN - Manufacturing/Construction:CO2","Energy","EN - Manufacturing/Construction",5.01332591029743,2024,"CO2",0,0,"WAM","BGR","bulgaria","SISEPUEDE",5.01332591029743,NA
6004,75075,"EN - Manufacturing/Construction:CO2","Energy","EN - Manufacturing/Construction",5.04501913211328,2025,"CO2",0,0,"WAM","BGR","bulgaria","SISEPUEDE",5.04501913211328,NA
6004,75075,"EN - Manufacturing/Construction:CO2","Energy","EN - Manufacturing/Construction",5.07378800085388,2026,"CO2",0,0,"WAM","BGR","bulgaria","SISEPUEDE",5.07378800085388,NA
6004,75075,"EN - Manufacturing/Construction:CO2","Energy","EN - Manufacturing/Construction",5.10955243836827,2027,"CO2",0,0,"WAM","BGR","bulgaria","SISEPUEDE",5.10955243836827,NA
6004,75075,"EN - Manufacturing/Construction:CO2","Energy","EN - Manufacturing/Construction",4.59649659839225,2028,"CO2",0,0,"WAM","BGR","bulgaria","SISEPUEDE",4.59649659839225,NA
6004,75075,"EN - Manufacturing/Construction:CO2","Energy","EN - Manufacturing/Construction",4.12246301477491,2029,"CO2",0,0,"WAM","BGR","bulgaria","SISEPUEDE",4.12246301477491,NA
6004,75075,"EN - Manufacturing/Construction:CO2","Energy","EN - Manufacturing/Construction",3.69009233524068,2030,"CO2",0,0,"WAM","BGR","bulgaria","SISEPUEDE",3.69009233524068,NA
6004,75075,"EN - Manufacturing/Construction:CO2","Energy","EN - Manufacturing/Construction",3.29383215917645,2031,"CO2",0,0,"WAM","BGR","bulgaria","SISEPUEDE",3.29383215917645,NA
6004,75075,"EN - Manufacturing/Construction:CO2","Energy","EN - Manufacturing/Construction",2.93261122051033,2032,"CO2",0,0,"WAM","BGR","bulgaria","SISEPUEDE",2.93261122051033,NA
6004,75075,"EN - Manufacturing/Construction:CO2","Energy","EN - Manufacturing/Construction",2.60317536567561,2033,"CO2",0,0,"WAM","BGR","bulgaria","SISEPUEDE",2.60317536567561,NA
6004,75075,"EN - Manufacturing/Construction:CO2","Energy","EN - Manufacturing/Construction",2.30259357749602,2034,"CO2",0,0,"WAM","BGR","bulgaria","SISEPUEDE",2.30259357749602,NA
6004,75075,"EN - Manufacturing/Construction:CO2","Energy","EN - Manufacturing/Construction",2.02839431434659,2035,"CO2",0,0,"WAM","BGR","bulgaria","SISEPUEDE",2.02839431434659,NA
6004,75075,"EN - Manufacturing/Construction:CO2","Energy","EN - Manufacturing/Construction",1.77776496327827,2036,"CO2",0,0,"WAM","BGR","bulgaria","SISEPUEDE",1.77776496327827,NA
6004,75075,"EN - Manufacturing/Construction:CO2","Energy","EN - Manufacturing/Construction",1.55006655913814,2037,"CO2",0,0,"WAM","BGR","bulgaria","SISEPUEDE",1.55006655913814,NA
6004,75075,"EN - Manufacturing/Construction:CO2","Energy","EN - Manufacturing/Construction",1.34338333512356,2038,"CO2",0,0,"WAM","BGR","bulgaria","SISEPUEDE",1.34338333512356,NA
6004,75075,"EN - Manufacturing/Construction:CO2","Energy","EN - Manufacturing/Construction",1.15593145965092,2039,"CO2",0,0,"WAM","BGR","bulgaria","SISEPUEDE",1.15593145965092,NA
6004,75075,"EN - Manufacturing/Construction:CO2","Energy","EN - Manufacturing/Construction",0.988569349919122,2040,"CO2",0,0,"WAM","BGR","bulgaria","SISEPUEDE",0.988569349919122,NA
6004,75075,"EN - Manufacturing/Construction:CO2","Energy","EN - Manufacturing/Construction",0.836594158762648,2041,"CO2",0,0,"WAM","BGR","bulgaria","SISEPUEDE",0.836594158762648,NA
6004,75075,"EN - Manufacturing/Construction:CO2","Energy","EN - Manufacturing/Construction",0.699686467152488,2042,"CO2",0,0,"WAM","BGR","bulgaria","SISEPUEDE",0.699686467152488,NA
6004,75075,"EN - Manufacturing/Construction:CO2","Energy","EN - Manufacturing/Construction",0.57727491937635,2043,"CO2",0,0,"WAM","BGR","bulgaria","SISEPUEDE",0.57727491937635,NA
6004,75075,"EN - Manufacturing/Construction:CO2","Energy","EN - Manufacturing/Construction",0.467497711082646,2044,"CO2",0,0,"WAM","BGR","bulgaria","SISEPUEDE",0.467497711082646,NA
6004,75075,"EN - Manufacturing/Construction:CO2","Energy","EN - Manufacturing/Construction",0.369474878728921,2045,"CO2",0,0,"WAM","BGR","bulgaria","SISEPUEDE",0.369474878728921,NA
6004,75075,"EN - Manufacturing/Construction:CO2","Energy","EN - Manufacturing/Construction",0.282176373947487,2046,"CO2",0,0,"WAM","BGR","bulgaria","SISEPUEDE",0.282176373947487,NA
6004,75075,"EN - Manufacturing/Construction:CO2","Energy","EN - Manufacturing/Construction",0.20485640890703,2047,"CO2",0,0,"WAM","BGR","bulgaria","SISEPUEDE",0.20485640890703,NA
6004,75075,"EN - Manufacturing/Construction:CO2","Energy","EN - Manufacturing/Construction",0.136675057194202,2048,"CO2",0,0,"WAM","BGR","bulgaria","SISEPUEDE",0.136675057194202,NA
6004,75075,"EN - Manufacturing/Construction:CO2","Energy","EN - Manufacturing/Construction",0.0769082241143732,2049,"CO2",0,0,"WAM","BGR","bulgaria","SISEPUEDE",0.0769082241143732,NA
6004,75075,"EN - Manufacturing/Construction:CO2","Energy","EN - Manufacturing/Construction",0.0249135753023224,2050,"CO2",0,0,"WAM","BGR","bulgaria","SISEPUEDE",0.0249135753023224,NA
6004,75075,"EN - Manufacturing/Construction:N2O","Energy","EN - Manufacturing/Construction",0.023924889,2022,"N2O",0,0,"WAM","BGR","bulgaria","SISEPUEDE",0.023924889,NA
6004,75075,"EN - Manufacturing/Construction:N2O","Energy","EN - Manufacturing/Construction",0.0240730030370621,2023,"N2O",0,0,"WAM","BGR","bulgaria","SISEPUEDE",0.0240730030370621,NA
6004,75075,"EN - Manufacturing/Construction:N2O","Energy","EN - Manufacturing/Construction",0.0243054201144682,2024,"N2O",0,0,"WAM","BGR","bulgaria","SISEPUEDE",0.0243054201144682,NA
6004,75075,"EN - Manufacturing/Construction:N2O","Energy","EN - Manufacturing/Construction",0.024476047775419,2025,"N2O",0,0,"WAM","BGR","bulgaria","SISEPUEDE",0.024476047775419,NA
6004,75075,"EN - Manufacturing/Construction:N2O","Energy","EN - Manufacturing/Construction",0.0246322360101727,2026,"N2O",0,0,"WAM","BGR","bulgaria","SISEPUEDE",0.0246322360101727,NA
6004,75075,"EN - Manufacturing/Construction:N2O","Energy","EN - Manufacturing/Construction",0.0248238796727862,2027,"N2O",0,0,"WAM","BGR","bulgaria","SISEPUEDE",0.0248238796727862,NA
6004,75075,"EN - Manufacturing/Construction:N2O","Energy","EN - Manufacturing/Construction",0.02291175083529,2028,"N2O",0,0,"WAM","BGR","bulgaria","SISEPUEDE",0.02291175083529,NA
6004,75075,"EN - Manufacturing/Construction:N2O","Energy","EN - Manufacturing/Construction",0.0211041384861958,2029,"N2O",0,0,"WAM","BGR","bulgaria","SISEPUEDE",0.0211041384861958,NA
6004,75075,"EN - Manufacturing/Construction:N2O","Energy","EN - Manufacturing/Construction",0.0194225441181323,2030,"N2O",0,0,"WAM","BGR","bulgaria","SISEPUEDE",0.0194225441181323,NA
6004,75075,"EN - Manufacturing/Construction:N2O","Energy","EN - Manufacturing/Construction",0.0178451307857817,2031,"N2O",0,0,"WAM","BGR","bulgaria","SISEPUEDE",0.0178451307857817,NA
6004,75075,"EN - Manufacturing/Construction:N2O","Energy","EN - Manufacturing/Construction",0.0163739319030089,2032,"N2O",0,0,"WAM","BGR","bulgaria","SISEPUEDE",0.0163739319030089,NA
6004,75075,"EN - Manufacturing/Construction:N2O","Energy","EN - Manufacturing/Construction",0.0149985337001519,2033,"N2O",0,0,"WAM","BGR","bulgaria","SISEPUEDE",0.0149985337001519,NA
6004,75075,"EN - Manufacturing/Construction:N2O","Energy","EN - Manufacturing/Construction",0.0137098439891981,2034,"N2O",0,0,"WAM","BGR","bulgaria","SISEPUEDE",0.0137098439891981,NA
6004,75075,"EN - Manufacturing/Construction:N2O","Energy","EN - Manufacturing/Construction",0.0125000209617456,2035,"N2O",0,0,"WAM","BGR","bulgaria","SISEPUEDE",0.0125000209617456,NA
6004,75075,"EN - Manufacturing/Construction:N2O","Energy","EN - Manufacturing/Construction",0.0113579026653299,2036,"N2O",0,0,"WAM","BGR","bulgaria","SISEPUEDE",0.0113579026653299,NA
6004,75075,"EN - Manufacturing/Construction:N2O","Energy","EN - Manufacturing/Construction",0.0102861928387844,2037,"N2O",0,0,"WAM","BGR","bulgaria","SISEPUEDE",0.0102861928387844,NA
6004,75075,"EN - Manufacturing/Construction:N2O","Energy","EN - Manufacturing/Construction",0.00927906919692805,2038,"N2O",0,0,"WAM","BGR","bulgaria","SISEPUEDE",0.00927906919692805,NA
6004,75075,"EN - Manufacturing/Construction:N2O","Energy","EN - Manufacturing/Construction",0.00833060985676436,2039,"N2O",0,0,"WAM","BGR","bulgaria","SISEPUEDE",0.00833060985676436,NA
6004,75075,"EN - Manufacturing/Construction:N2O","Energy","EN - Manufacturing/Construction",0.00744080030935926,2040,"N2O",0,0,"WAM","BGR","bulgaria","SISEPUEDE",0.00744080030935926,NA
6004,75075,"EN - Manufacturing/Construction:N2O","Energy","EN - Manufacturing/Construction",0.00659786298352537,2041,"N2O",0,0,"WAM","BGR","bulgaria","SISEPUEDE",0.00659786298352537,NA
6004,75075,"EN - Manufacturing/Construction:N2O","Energy","EN - Manufacturing/Construction",0.00580533617607156,2042,"N2O",0,0,"WAM","BGR","bulgaria","SISEPUEDE",0.00580533617607156,NA
6004,75075,"EN - Manufacturing/Construction:N2O","Energy","EN - Manufacturing/Construction",0.00506273126162295,2043,"N2O",0,0,"WAM","BGR","bulgaria","SISEPUEDE",0.00506273126162295,NA
6004,75075,"EN - Manufacturing/Construction:N2O","Energy","EN - Manufacturing/Construction",0.00436315086878181,2044,"N2O",0,0,"WAM","BGR","bulgaria","SISEPUEDE",0.00436315086878181,NA
6004,75075,"EN - Manufacturing/Construction:N2O","Energy","EN - Manufacturing/Construction",0.00370579824925261,2045,"N2O",0,0,"WAM","BGR","bulgaria","SISEPUEDE",0.00370579824925261,NA
6004,75075,"EN - Manufacturing/Construction:N2O","Energy","EN - Manufacturing/Construction",0.00308805637227348,2046,"N2O",0,0,"WAM","BGR","bulgaria","SISEPUEDE",0.00308805637227348,NA
6004,75075,"EN - Manufacturing/Construction:N2O","Energy","EN - Manufacturing/Construction",0.00250499378004388,2047,"N2O",0,0,"WAM","BGR","bulgaria","SISEPUEDE",0.00250499378004388,NA
6004,75075,"EN - Manufacturing/Construction:N2O","Energy","EN - Manufacturing/Construction",0.00195379977585913,2048,"N2O",0,0,"WAM","BGR","bulgaria","SISEPUEDE",0.00195379977585913,NA
6004,75075,"EN - Manufacturing/Construction:N2O","Energy","EN - Manufacturing/Construction",0.00143232489069209,2049,"N2O",0,0,"WAM","BGR","bulgaria","SISEPUEDE",0.00143232489069209,NA
6004,75075,"EN - Manufacturing/Construction:N2O","Energy","EN - Manufacturing/Construction",0.00093885605691085,2050,"N2O",0,0,"WAM","BGR","bulgaria","SISEPUEDE",0.00093885605691085,NA
6004,75075,"EN - Other:CH4","Energy","EN - Other",0,2022,"CH4",0,0,"WAM","BGR","bulgaria","SISEPUEDE",0,NA
6004,75075,"EN - Other:CH4","Energy","EN - Other",0,2023,"CH4",0,0,"WAM","BGR","bulgaria","SISEPUEDE",0,NA
6004,75075,"EN - Other:CH4","Energy","EN - Other",0,2024,"CH4",0,0,"WAM","BGR","bulgaria","SISEPUEDE",0,NA
6004,75075,"EN - Other:CH4","Energy","EN - Other",0,2025,"CH4",0,0,"WAM","BGR","bulgaria","SISEPUEDE",0,NA
6004,75075,"EN - Other:CH4","Energy","EN - Other",0,2026,"CH4",0,0,"WAM","BGR","bulgaria","SISEPUEDE",0,NA
6004,75075,"EN - Other:CH4","Energy","EN - Other",0,2027,"CH4",0,0,"WAM","BGR","bulgaria","SISEPUEDE",0,NA
6004,75075,"EN - Other:CH4","Energy","EN - Other",0,2028,"CH4",0,0,"WAM","BGR","bulgaria","SISEPUEDE",0,NA
6004,75075,"EN - Other:CH4","Energy","EN - Other",0,2029,"CH4",0,0,"WAM","BGR","bulgaria","SISEPUEDE",0,NA
6004,75075,"EN - Other:CH4","Energy","EN - Other",0,2030,"CH4",0,0,"WAM","BGR","bulgaria","SISEPUEDE",0,NA
6004,75075,"EN - Other:CH4","Energy","EN - Other",0,2031,"CH4",0,0,"WAM","BGR","bulgaria","SISEPUEDE",0,NA
6004,75075,"EN - Other:CH4","Energy","EN - Other",0,2032,"CH4",0,0,"WAM","BGR","bulgaria","SISEPUEDE",0,NA
6004,75075,"EN - Other:CH4","Energy","EN - Other",0,2033,"CH4",0,0,"WAM","BGR","bulgaria","SISEPUEDE",0,NA
6004,75075,"EN - Other:CH4","Energy","EN - Other",0,2034,"CH4",0,0,"WAM","BGR","bulgaria","SISEPUEDE",0,NA
6004,75075,"EN - Other:CH4","Energy","EN - Other",0,2035,"CH4",0,0,"WAM","BGR","bulgaria","SISEPUEDE",0,NA
6004,75075,"EN - Other:CH4","Energy","EN - Other",0,2036,"CH4",0,0,"WAM","BGR","bulgaria","SISEPUEDE",0,NA
6004,75075,"EN - Other:CH4","Energy","EN - Other",0,2037,"CH4",0,0,"WAM","BGR","bulgaria","SISEPUEDE",0,NA
6004,75075,"EN - Other:CH4","Energy","EN - Other",0,2038,"CH4",0,0,"WAM","BGR","bulgaria","SISEPUEDE",0,NA
6004,75075,"EN - Other:CH4","Energy","EN - Other",0,2039,"CH4",0,0,"WAM","BGR","bulgaria","SISEPUEDE",0,NA
6004,75075,"EN - Other:CH4","Energy","EN - Other",0,2040,"CH4",0,0,"WAM","BGR","bulgaria","SISEPUEDE",0,NA
6004,75075,"EN - Other:CH4","Energy","EN - Other",0,2041,"CH4",0,0,"WAM","BGR","bulgaria","SISEPUEDE",0,NA
6004,75075,"EN - Other:CH4","Energy","EN - Other",0,2042,"CH4",0,0,"WAM","BGR","bulgaria","SISEPUEDE",0,NA
6004,75075,"EN - Other:CH4","Energy","EN - Other",0,2043,"CH4",0,0,"WAM","BGR","bulgaria","SISEPUEDE",0,NA
6004,75075,"EN - Other:CH4","Energy","EN - Other",0,2044,"CH4",0,0,"WAM","BGR","bulgaria","SISEPUEDE",0,NA
6004,75075,"EN - Other:CH4","Energy","EN - Other",0,2045,"CH4",0,0,"WAM","BGR","bulgaria","SISEPUEDE",0,NA
6004,75075,"EN - Other:CH4","Energy","EN - Other",0,2046,"CH4",0,0,"WAM","BGR","bulgaria","SISEPUEDE",0,NA
6004,75075,"EN - Other:CH4","Energy","EN - Other",0,2047,"CH4",0,0,"WAM","BGR","bulgaria","SISEPUEDE",0,NA
6004,75075,"EN - Other:CH4","Energy","EN - Other",0,2048,"CH4",0,0,"WAM","BGR","bulgaria","SISEPUEDE",0,NA
6004,75075,"EN - Other:CH4","Energy","EN - Other",0,2049,"CH4",0,0,"WAM","BGR","bulgaria","SISEPUEDE",0,NA
6004,75075,"EN - Other:CH4","Energy","EN - Other",0,2050,"CH4",0,0,"WAM","BGR","bulgaria","SISEPUEDE",0,NA
6004,75075,"EN - Other:CO2","Energy","EN - Other",0,2022,"CO2",0,0,"WAM","BGR","bulgaria","SISEPUEDE",0,NA
6004,75075,"EN - Other:CO2","Energy","EN - Other",0,2023,"CO2",0,0,"WAM","BGR","bulgaria","SISEPUEDE",0,NA
6004,75075,"EN - Other:CO2","Energy","EN - Other",0,2024,"CO2",0,0,"WAM","BGR","bulgaria","SISEPUEDE",0,NA
6004,75075,"EN - Other:CO2","Energy","EN - Other",0,2025,"CO2",0,0,"WAM","BGR","bulgaria","SISEPUEDE",0,NA
6004,75075,"EN - Other:CO2","Energy","EN - Other",0,2026,"CO2",0,0,"WAM","BGR","bulgaria","SISEPUEDE",0,NA
6004,75075,"EN - Other:CO2","Energy","EN - Other",0,2027,"CO2",0,0,"WAM","BGR","bulgaria","SISEPUEDE",0,NA
6004,75075,"EN - Other:CO2","Energy","EN - Other",0,2028,"CO2",0,0,"WAM","BGR","bulgaria","SISEPUEDE",0,NA
6004,75075,"EN - Other:CO2","Energy","EN - Other",0,2029,"CO2",0,0,"WAM","BGR","bulgaria","SISEPUEDE",0,NA
6004,75075,"EN - Other:CO2","Energy","EN - Other",0,2030,"CO2",0,0,"WAM","BGR","bulgaria","SISEPUEDE",0,NA
6004,75075,"EN - Other:CO2","Energy","EN - Other",0,2031,"CO2",0,0,"WAM","BGR","bulgaria","SISEPUEDE",0,NA
6004,75075,"EN - Other:CO2","Energy","EN - Other",0,2032,"CO2",0,0,"WAM","BGR","bulgaria","SISEPUEDE",0,NA
6004,75075,"EN - Other:CO2","Energy","EN - Other",0,2033,"CO2",0,0,"WAM","BGR","bulgaria","SISEPUEDE",0,NA
6004,75075,"EN - Other:CO2","Energy","EN - Other",0,2034,"CO2",0,0,"WAM","BGR","bulgaria","SISEPUEDE",0,NA
6004,75075,"EN - Other:CO2","Energy","EN - Other",0,2035,"CO2",0,0,"WAM","BGR","bulgaria","SISEPUEDE",0,NA
6004,75075,"EN - Other:CO2","Energy","EN - Other",0,2036,"CO2",0,0,"WAM","BGR","bulgaria","SISEPUEDE",0,NA
6004,75075,"EN - Other:CO2","Energy","EN - Other",0,2037,"CO2",0,0,"WAM","BGR","bulgaria","SISEPUEDE",0,NA
6004,75075,"EN - Other:CO2","Energy","EN - Other",0,2038,"CO2",0,0,"WAM","BGR","bulgaria","SISEPUEDE",0,NA
6004,75075,"EN - Other:CO2","Energy","EN - Other",0,2039,"CO2",0,0,"WAM","BGR","bulgaria","SISEPUEDE",0,NA
6004,75075,"EN - Other:CO2","Energy","EN - Other",0,2040,"CO2",0,0,"WAM","BGR","bulgaria","SISEPUEDE",0,NA
6004,75075,"EN - Other:CO2","Energy","EN - Other",0,2041,"CO2",0,0,"WAM","BGR","bulgaria","SISEPUEDE",0,NA
6004,75075,"EN - Other:CO2","Energy","EN - Other",0,2042,"CO2",0,0,"WAM","BGR","bulgaria","SISEPUEDE",0,NA
6004,75075,"EN - Other:CO2","Energy","EN - Other",0,2043,"CO2",0,0,"WAM","BGR","bulgaria","SISEPUEDE",0,NA
6004,75075,"EN - Other:CO2","Energy","EN - Other",0,2044,"CO2",0,0,"WAM","BGR","bulgaria","SISEPUEDE",0,NA
6004,75075,"EN - Other:CO2","Energy","EN - Other",0,2045,"CO2",0,0,"WAM","BGR","bulgaria","SISEPUEDE",0,NA
6004,75075,"EN - Other:CO2","Energy","EN - Other",0,2046,"CO2",0,0,"WAM","BGR","bulgaria","SISEPUEDE",0,NA
6004,75075,"EN - Other:CO2","Energy","EN - Other",0,2047,"CO2",0,0,"WAM","BGR","bulgaria","SISEPUEDE",0,NA
6004,75075,"EN - Other:CO2","Energy","EN - Other",0,2048,"CO2",0,0,"WAM","BGR","bulgaria","SISEPUEDE",0,NA
6004,75075,"EN - Other:CO2","Energy","EN - Other",0,2049,"CO2",0,0,"WAM","BGR","bulgaria","SISEPUEDE",0,NA
6004,75075,"EN - Other:CO2","Energy","EN - Other",0,2050,"CO2",0,0,"WAM","BGR","bulgaria","SISEPUEDE",0,NA
6004,75075,"EN - Other:N2O","Energy","EN - Other",0,2022,"N2O",0,0,"WAM","BGR","bulgaria","SISEPUEDE",0,NA
6004,75075,"EN - Other:N2O","Energy","EN - Other",0,2023,"N2O",0,0,"WAM","BGR","bulgaria","SISEPUEDE",0,NA
6004,75075,"EN - Other:N2O","Energy","EN - Other",0,2024,"N2O",0,0,"WAM","BGR","bulgaria","SISEPUEDE",0,NA
6004,75075,"EN - Other:N2O","Energy","EN - Other",0,2025,"N2O",0,0,"WAM","BGR","bulgaria","SISEPUEDE",0,NA
6004,75075,"EN - Other:N2O","Energy","EN - Other",0,2026,"N2O",0,0,"WAM","BGR","bulgaria","SISEPUEDE",0,NA
6004,75075,"EN - Other:N2O","Energy","EN - Other",0,2027,"N2O",0,0,"WAM","BGR","bulgaria","SISEPUEDE",0,NA
6004,75075,"EN - Other:N2O","Energy","EN - Other",0,2028,"N2O",0,0,"WAM","BGR","bulgaria","SISEPUEDE",0,NA
6004,75075,"EN - Other:N2O","Energy","EN - Other",0,2029,"N2O",0,0,"WAM","BGR","bulgaria","SISEPUEDE",0,NA
6004,75075,"EN - Other:N2O","Energy","EN - Other",0,2030,"N2O",0,0,"WAM","BGR","bulgaria","SISEPUEDE",0,NA
6004,75075,"EN - Other:N2O","Energy","EN - Other",0,2031,"N2O",0,0,"WAM","BGR","bulgaria","SISEPUEDE",0,NA
6004,75075,"EN - Other:N2O","Energy","EN - Other",0,2032,"N2O",0,0,"WAM","BGR","bulgaria","SISEPUEDE",0,NA
6004,75075,"EN - Other:N2O","Energy","EN - Other",0,2033,"N2O",0,0,"WAM","BGR","bulgaria","SISEPUEDE",0,NA
6004,75075,"EN - Other:N2O","Energy","EN - Other",0,2034,"N2O",0,0,"WAM","BGR","bulgaria","SISEPUEDE",0,NA
6004,75075,"EN - Other:N2O","Energy","EN - Other",0,2035,"N2O",0,0,"WAM","BGR","bulgaria","SISEPUEDE",0,NA
6004,75075,"EN - Other:N2O","Energy","EN - Other",0,2036,"N2O",0,0,"WAM","BGR","bulgaria","SISEPUEDE",0,NA
6004,75075,"EN - Other:N2O","Energy","EN - Other",0,2037,"N2O",0,0,"WAM","BGR","bulgaria","SISEPUEDE",0,NA
6004,75075,"EN - Other:N2O","Energy","EN - Other",0,2038,"N2O",0,0,"WAM","BGR","bulgaria","SISEPUEDE",0,NA
6004,75075,"EN - Other:N2O","Energy","EN - Other",0,2039,"N2O",0,0,"WAM","BGR","bulgaria","SISEPUEDE",0,NA
6004,75075,"EN - Other:N2O","Energy","EN - Other",0,2040,"N2O",0,0,"WAM","BGR","bulgaria","SISEPUEDE",0,NA
6004,75075,"EN - Other:N2O","Energy","EN - Other",0,2041,"N2O",0,0,"WAM","BGR","bulgaria","SISEPUEDE",0,NA
6004,75075,"EN - Other:N2O","Energy","EN - Other",0,2042,"N2O",0,0,"WAM","BGR","bulgaria","SISEPUEDE",0,NA
6004,75075,"EN - Other:N2O","Energy","EN - Other",0,2043,"N2O",0,0,"WAM","BGR","bulgaria","SISEPUEDE",0,NA
6004,75075,"EN - Other:N2O","Energy","EN - Other",0,2044,"N2O",0,0,"WAM","BGR","bulgaria","SISEPUEDE",0,NA
6004,75075,"EN - Other:N2O","Energy","EN - Other",0,2045,"N2O",0,0,"WAM","BGR","bulgaria","SISEPUEDE",0,NA
6004,75075,"EN - Other:N2O","Energy","EN - Other",0,2046,"N2O",0,0,"WAM","BGR","bulgaria","SISEPUEDE",0,NA
6004,75075,"EN - Other:N2O","Energy","EN - Other",0,2047,"N2O",0,0,"WAM","BGR","bulgaria","SISEPUEDE",0,NA
6004,75075,"EN - Other:N2O","Energy","EN - Other",0,2048,"N2O",0,0,"WAM","BGR","bulgaria","SISEPUEDE",0,NA
6004,75075,"EN - Other:N2O","Energy","EN - Other",0,2049,"N2O",0,0,"WAM","BGR","bulgaria","SISEPUEDE",0,NA
6004,75075,"EN - Other:N2O","Energy","EN - Other",0,2050,"N2O",0,0,"WAM","BGR","bulgaria","SISEPUEDE",0,NA
6004,75075,"EN - Transportation:CH4","Energy","EN - Transportation",0.0506598140000001,2022,"CH4",0,0,"WAM","BGR","bulgaria","SISEPUEDE",0.0506598140000001,NA
6004,75075,"EN - Transportation:CH4","Energy","EN - Transportation",0.0518532246907755,2023,"CH4",0,0,"WAM","BGR","bulgaria","SISEPUEDE",0.0518532246907755,NA
6004,75075,"EN - Transportation:CH4","Energy","EN - Transportation",0.0540390450146706,2024,"CH4",0,0,"WAM","BGR","bulgaria","SISEPUEDE",0.0540390450146706,NA
6004,75075,"EN - Transportation:CH4","Energy","EN - Transportation",0.056092477818864,2025,"CH4",0,0,"WAM","BGR","bulgaria","SISEPUEDE",0.056092477818864,NA
6004,75075,"EN - Transportation:CH4","Energy","EN - Transportation",0.0581716467202625,2026,"CH4",0,0,"WAM","BGR","bulgaria","SISEPUEDE",0.0581716467202625,NA
6004,75075,"EN - Transportation:CH4","Energy","EN - Transportation",0.0604816991169455,2027,"CH4",0,0,"WAM","BGR","bulgaria","SISEPUEDE",0.0604816991169455,NA
6004,75075,"EN - Transportation:CH4","Energy","EN - Transportation",0.0580420437849555,2028,"CH4",0,0,"WAM","BGR","bulgaria","SISEPUEDE",0.0580420437849555,NA
6004,75075,"EN - Transportation:CH4","Energy","EN - Transportation",0.0554834189259149,2029,"CH4",0,0,"WAM","BGR","bulgaria","SISEPUEDE",0.0554834189259149,NA
6004,75075,"EN - Transportation:CH4","Energy","EN - Transportation",0.0529515042457268,2030,"CH4",0,0,"WAM","BGR","bulgaria","SISEPUEDE",0.0529515042457268,NA
6004,75075,"EN - Transportation:CH4","Energy","EN - Transportation",0.0503920043933377,2031,"CH4",0,0,"WAM","BGR","bulgaria","SISEPUEDE",0.0503920043933377,NA
6004,75075,"EN - Transportation:CH4","Energy","EN - Transportation",0.0478613148559731,2032,"CH4",0,0,"WAM","BGR","bulgaria","SISEPUEDE",0.0478613148559731,NA
6004,75075,"EN - Transportation:CH4","Energy","EN - Transportation",0.0453521976663131,2033,"CH4",0,0,"WAM","BGR","bulgaria","SISEPUEDE",0.0453521976663131,NA
6004,75075,"EN - Transportation:CH4","Energy","EN - Transportation",0.0428527722858873,2034,"CH4",0,0,"WAM","BGR","bulgaria","SISEPUEDE",0.0428527722858873,NA
6004,75075,"EN - Transportation:CH4","Energy","EN - Transportation",0.0403551707785241,2035,"CH4",0,0,"WAM","BGR","bulgaria","SISEPUEDE",0.0403551707785241,NA
6004,75075,"EN - Transportation:CH4","Energy","EN - Transportation",0.0378411102715698,2036,"CH4",0,0,"WAM","BGR","bulgaria","SISEPUEDE",0.0378411102715698,NA
6004,75075,"EN - Transportation:CH4","Energy","EN - Transportation",0.0353596245773813,2037,"CH4",0,0,"WAM","BGR","bulgaria","SISEPUEDE",0.0353596245773813,NA
6004,75075,"EN - Transportation:CH4","Energy","EN - Transportation",0.0329078577708582,2038,"CH4",0,0,"WAM","BGR","bulgaria","SISEPUEDE",0.0329078577708582,NA
6004,75075,"EN - Transportation:CH4","Energy","EN - Transportation",0.030476792390995,2039,"CH4",0,0,"WAM","BGR","bulgaria","SISEPUEDE",0.030476792390995,NA
6004,75075,"EN - Transportation:CH4","Energy","EN - Transportation",0.0280877751046525,2040,"CH4",0,0,"WAM","BGR","bulgaria","SISEPUEDE",0.0280877751046525,NA
6004,75075,"EN - Transportation:CH4","Energy","EN - Transportation",0.0256964221405446,2041,"CH4",0,0,"WAM","BGR","bulgaria","SISEPUEDE",0.0256964221405446,NA
6004,75075,"EN - Transportation:CH4","Energy","EN - Transportation",0.0233519395106235,2042,"CH4",0,0,"WAM","BGR","bulgaria","SISEPUEDE",0.0233519395106235,NA
6004,75075,"EN - Transportation:CH4","Energy","EN - Transportation",0.0210557094269227,2043,"CH4",0,0,"WAM","BGR","bulgaria","SISEPUEDE",0.0210557094269227,NA
6004,75075,"EN - Transportation:CH4","Energy","EN - Transportation",0.0188074263867759,2044,"CH4",0,0,"WAM","BGR","bulgaria","SISEPUEDE",0.0188074263867759,NA
6004,75075,"EN - Transportation:CH4","Energy","EN - Transportation",0.0166125939232991,2045,"CH4",0,0,"WAM","BGR","bulgaria","SISEPUEDE",0.0166125939232991,NA
6004,75075,"EN - Transportation:CH4","Energy","EN - Transportation",0.0144528148151808,2046,"CH4",0,0,"WAM","BGR","bulgaria","SISEPUEDE",0.0144528148151808,NA
6004,75075,"EN - Transportation:CH4","Energy","EN - Transportation",0.0123510804205837,2047,"CH4",0,0,"WAM","BGR","bulgaria","SISEPUEDE",0.0123510804205837,NA
6004,75075,"EN - Transportation:CH4","Energy","EN - Transportation",0.0103007517052552,2048,"CH4",0,0,"WAM","BGR","bulgaria","SISEPUEDE",0.0103007517052552,NA
6004,75075,"EN - Transportation:CH4","Energy","EN - Transportation",0.00829887005048574,2049,"CH4",0,0,"WAM","BGR","bulgaria","SISEPUEDE",0.00829887005048574,NA
6004,75075,"EN - Transportation:CH4","Energy","EN - Transportation",0.006345117444928,2050,"CH4",0,0,"WAM","BGR","bulgaria","SISEPUEDE",0.006345117444928,NA
6004,75075,"EN - Transportation:CO2","Energy","EN - Transportation",10.31481115,2022,"CO2",0,0,"WAM","BGR","bulgaria","SISEPUEDE",10.31481115,NA
6004,75075,"EN - Transportation:CO2","Energy","EN - Transportation",10.6005608504996,2023,"CO2",0,0,"WAM","BGR","bulgaria","SISEPUEDE",10.6005608504996,NA
6004,75075,"EN - Transportation:CO2","Energy","EN - Transportation",11.1263027751142,2024,"CO2",0,0,"WAM","BGR","bulgaria","SISEPUEDE",11.1263027751142,NA
6004,75075,"EN - Transportation:CO2","Energy","EN - Transportation",11.6299936321334,2025,"CO2",0,0,"WAM","BGR","bulgaria","SISEPUEDE",11.6299936321334,NA
6004,75075,"EN - Transportation:CO2","Energy","EN - Transportation",12.1466468340788,2026,"CO2",0,0,"WAM","BGR","bulgaria","SISEPUEDE",12.1466468340788,NA
6004,75075,"EN - Transportation:CO2","Energy","EN - Transportation",12.7268456553773,2027,"CO2",0,0,"WAM","BGR","bulgaria","SISEPUEDE",12.7268456553773,NA
6004,75075,"EN - Transportation:CO2","Energy","EN - Transportation",12.3900010682113,2028,"CO2",0,0,"WAM","BGR","bulgaria","SISEPUEDE",12.3900010682113,NA
6004,75075,"EN - Transportation:CO2","Energy","EN - Transportation",12.0242588822957,2029,"CO2",0,0,"WAM","BGR","bulgaria","SISEPUEDE",12.0242588822957,NA
6004,75075,"EN - Transportation:CO2","Energy","EN - Transportation",11.6655168068056,2030,"CO2",0,0,"WAM","BGR","bulgaria","SISEPUEDE",11.6655168068056,NA
6004,75075,"EN - Transportation:CO2","Energy","EN - Transportation",11.2991152245465,2031,"CO2",0,0,"WAM","BGR","bulgaria","SISEPUEDE",11.2991152245465,NA
6004,75075,"EN - Transportation:CO2","Energy","EN - Transportation",10.9395199464663,2032,"CO2",0,0,"WAM","BGR","bulgaria","SISEPUEDE",10.9395199464663,NA
6004,75075,"EN - Transportation:CO2","Energy","EN - Transportation",10.584510397878,2033,"CO2",0,0,"WAM","BGR","bulgaria","SISEPUEDE",10.584510397878,NA
6004,75075,"EN - Transportation:CO2","Energy","EN - Transportation",10.2299510187963,2034,"CO2",0,0,"WAM","BGR","bulgaria","SISEPUEDE",10.2299510187963,NA
6004,75075,"EN - Transportation:CO2","Energy","EN - Transportation",9.87081867516673,2035,"CO2",0,0,"WAM","BGR","bulgaria","SISEPUEDE",9.87081867516673,NA
6004,75075,"EN - Transportation:CO2","Energy","EN - Transportation",9.50282273577801,2036,"CO2",0,0,"WAM","BGR","bulgaria","SISEPUEDE",9.50282273577801,NA
6004,75075,"EN - Transportation:CO2","Energy","EN - Transportation",9.14023500103034,2037,"CO2",0,0,"WAM","BGR","bulgaria","SISEPUEDE",9.14023500103034,NA
6004,75075,"EN - Transportation:CO2","Energy","EN - Transportation",8.78162691349337,2038,"CO2",0,0,"WAM","BGR","bulgaria","SISEPUEDE",8.78162691349337,NA
6004,75075,"EN - Transportation:CO2","Energy","EN - Transportation",8.42275503049459,2039,"CO2",0,0,"WAM","BGR","bulgaria","SISEPUEDE",8.42275503049459,NA
6004,75075,"EN - Transportation:CO2","Energy","EN - Transportation",8.07057047536189,2040,"CO2",0,0,"WAM","BGR","bulgaria","SISEPUEDE",8.07057047536189,NA
6004,75075,"EN - Transportation:CO2","Energy","EN - Transportation",7.70752663022909,2041,"CO2",0,0,"WAM","BGR","bulgaria","SISEPUEDE",7.70752663022909,NA
6004,75075,"EN - Transportation:CO2","Energy","EN - Transportation",7.35097445252609,2042,"CO2",0,0,"WAM","BGR","bulgaria","SISEPUEDE",7.35097445252609,NA
6004,75075,"EN - Transportation:CO2","Energy","EN - Transportation",7.00130700354974,2043,"CO2",0,0,"WAM","BGR","bulgaria","SISEPUEDE",7.00130700354974,NA
6004,75075,"EN - Transportation:CO2","Energy","EN - Transportation",6.65819321586405,2044,"CO2",0,0,"WAM","BGR","bulgaria","SISEPUEDE",6.65819321586405,NA
6004,75075,"EN - Transportation:CO2","Energy","EN - Transportation",6.32406076729045,2045,"CO2",0,0,"WAM","BGR","bulgaria","SISEPUEDE",6.32406076729045,NA
6004,75075,"EN - Transportation:CO2","Energy","EN - Transportation",5.98902995590694,2046,"CO2",0,0,"WAM","BGR","bulgaria","SISEPUEDE",5.98902995590694,NA
6004,75075,"EN - Transportation:CO2","Energy","EN - Transportation",5.66471786521456,2047,"CO2",0,0,"WAM","BGR","bulgaria","SISEPUEDE",5.66471786521456,NA
6004,75075,"EN - Transportation:CO2","Energy","EN - Transportation",5.34758370353534,2048,"CO2",0,0,"WAM","BGR","bulgaria","SISEPUEDE",5.34758370353534,NA
6004,75075,"EN - Transportation:CO2","Energy","EN - Transportation",5.03510473995407,2049,"CO2",0,0,"WAM","BGR","bulgaria","SISEPUEDE",5.03510473995407,NA
6004,75075,"EN - Transportation:CO2","Energy","EN - Transportation",4.72563631165303,2050,"CO2",0,0,"WAM","BGR","bulgaria","SISEPUEDE",4.72563631165303,NA
6004,75075,"EN - Transportation:N2O","Energy","EN - Transportation",0.089264459,2022,"N2O",0,0,"WAM","BGR","bulgaria","SISEPUEDE",0.089264459,NA
6004,75075,"EN - Transportation:N2O","Energy","EN - Transportation",0.0915932441869697,2023,"N2O",0,0,"WAM","BGR","bulgaria","SISEPUEDE",0.0915932441869697,NA
6004,75075,"EN - Transportation:N2O","Energy","EN - Transportation",0.0958685144946338,2024,"N2O",0,0,"WAM","BGR","bulgaria","SISEPUEDE",0.0958685144946338,NA
6004,75075,"EN - Transportation:N2O","Energy","EN - Transportation",0.0999363242112373,2025,"N2O",0,0,"WAM","BGR","bulgaria","SISEPUEDE",0.0999363242112373,NA
6004,75075,"EN - Transportation:N2O","Energy","EN - Transportation",0.104089955151194,2026,"N2O",0,0,"WAM","BGR","bulgaria","SISEPUEDE",0.104089955151194,NA
6004,75075,"EN - Transportation:N2O","Energy","EN - Transportation",0.108736851824181,2027,"N2O",0,0,"WAM","BGR","bulgaria","SISEPUEDE",0.108736851824181,NA
6004,75075,"EN - Transportation:N2O","Energy","EN - Transportation",0.107349982712465,2028,"N2O",0,0,"WAM","BGR","bulgaria","SISEPUEDE",0.107349982712465,NA
6004,75075,"EN - Transportation:N2O","Energy","EN - Transportation",0.10568527401807,2029,"N2O",0,0,"WAM","BGR","bulgaria","SISEPUEDE",0.10568527401807,NA
6004,75075,"EN - Transportation:N2O","Energy","EN - Transportation",0.104032046918083,2030,"N2O",0,0,"WAM","BGR","bulgaria","SISEPUEDE",0.104032046918083,NA
6004,75075,"EN - Transportation:N2O","Energy","EN - Transportation",0.102268908901122,2031,"N2O",0,0,"WAM","BGR","bulgaria","SISEPUEDE",0.102268908901122,NA
6004,75075,"EN - Transportation:N2O","Energy","EN - Transportation",0.100514127056623,2032,"N2O",0,0,"WAM","BGR","bulgaria","SISEPUEDE",0.100514127056623,NA
6004,75075,"EN - Transportation:N2O","Energy","EN - Transportation",0.0987495407815617,2033,"N2O",0,0,"WAM","BGR","bulgaria","SISEPUEDE",0.0987495407815617,NA
6004,75075,"EN - Transportation:N2O","Energy","EN - Transportation",0.0969416889967413,2034,"N2O",0,0,"WAM","BGR","bulgaria","SISEPUEDE",0.0969416889967413,NA
6004,75075,"EN - Transportation:N2O","Energy","EN - Transportation",0.0950564678718463,2035,"N2O",0,0,"WAM","BGR","bulgaria","SISEPUEDE",0.0950564678718463,NA
6004,75075,"EN - Transportation:N2O","Energy","EN - Transportation",0.0930450212274158,2036,"N2O",0,0,"WAM","BGR","bulgaria","SISEPUEDE",0.0930450212274158,NA
6004,75075,"EN - Transportation:N2O","Energy","EN - Transportation",0.0910269316979871,2037,"N2O",0,0,"WAM","BGR","bulgaria","SISEPUEDE",0.0910269316979871,NA
6004,75075,"EN - Transportation:N2O","Energy","EN - Transportation",0.0889898656071642,2038,"N2O",0,0,"WAM","BGR","bulgaria","SISEPUEDE",0.0889898656071642,NA
6004,75075,"EN - Transportation:N2O","Energy","EN - Transportation",0.0868989518476772,2039,"N2O",0,0,"WAM","BGR","bulgaria","SISEPUEDE",0.0868989518476772,NA
6004,75075,"EN - Transportation:N2O","Energy","EN - Transportation",0.0848134530134058,2040,"N2O",0,0,"WAM","BGR","bulgaria","SISEPUEDE",0.0848134530134058,NA
6004,75075,"EN - Transportation:N2O","Energy","EN - Transportation",0.0825787855967017,2041,"N2O",0,0,"WAM","BGR","bulgaria","SISEPUEDE",0.0825787855967017,NA
6004,75075,"EN - Transportation:N2O","Energy","EN - Transportation",0.0803454824901655,2042,"N2O",0,0,"WAM","BGR","bulgaria","SISEPUEDE",0.0803454824901655,NA
6004,75075,"EN - Transportation:N2O","Energy","EN - Transportation",0.0781166214119703,2043,"N2O",0,0,"WAM","BGR","bulgaria","SISEPUEDE",0.0781166214119703,NA
6004,75075,"EN - Transportation:N2O","Energy","EN - Transportation",0.0758890808825631,2044,"N2O",0,0,"WAM","BGR","bulgaria","SISEPUEDE",0.0758890808825631,NA
6004,75075,"EN - Transportation:N2O","Energy","EN - Transportation",0.0736853611129862,2045,"N2O",0,0,"WAM","BGR","bulgaria","SISEPUEDE",0.0736853611129862,NA
6004,75075,"EN - Transportation:N2O","Energy","EN - Transportation",0.0714167687081114,2046,"N2O",0,0,"WAM","BGR","bulgaria","SISEPUEDE",0.0714167687081114,NA
6004,75075,"EN - Transportation:N2O","Energy","EN - Transportation",0.0691873904963851,2047,"N2O",0,0,"WAM","BGR","bulgaria","SISEPUEDE",0.0691873904963851,NA
6004,75075,"EN - Transportation:N2O","Energy","EN - Transportation",0.0669662509271287,2048,"N2O",0,0,"WAM","BGR","bulgaria","SISEPUEDE",0.0669662509271287,NA
6004,75075,"EN - Transportation:N2O","Energy","EN - Transportation",0.0647317757089891,2049,"N2O",0,0,"WAM","BGR","bulgaria","SISEPUEDE",0.0647317757089891,NA
6004,75075,"EN - Transportation:N2O","Energy","EN - Transportation",0.062469558237879,2050,"N2O",0,0,"WAM","BGR","bulgaria","SISEPUEDE",0.062469558237879,NA
6004,75075,"IN - Industrial Processes:CH4","Industrial Processes","IN - Industrial Processes",0,2022,"CH4",0,0,"WAM","BGR","bulgaria","SISEPUEDE",0,NA
6004,75075,"IN - Industrial Processes:CH4","Industrial Processes","IN - Industrial Processes",0,2023,"CH4",0,0,"WAM","BGR","bulgaria","SISEPUEDE",0,NA
6004,75075,"IN - Industrial Processes:CH4","Industrial Processes","IN - Industrial Processes",0,2024,"CH4",0,0,"WAM","BGR","bulgaria","SISEPUEDE",0,NA
6004,75075,"IN - Industrial Processes:CH4","Industrial Processes","IN - Industrial Processes",0,2025,"CH4",0,0,"WAM","BGR","bulgaria","SISEPUEDE",0,NA
6004,75075,"IN - Industrial Processes:CH4","Industrial Processes","IN - Industrial Processes",0,2026,"CH4",0,0,"WAM","BGR","bulgaria","SISEPUEDE",0,NA
6004,75075,"IN - Industrial Processes:CH4","Industrial Processes","IN - Industrial Processes",0,2027,"CH4",0,0,"WAM","BGR","bulgaria","SISEPUEDE",0,NA
6004,75075,"IN - Industrial Processes:CH4","Industrial Processes","IN - Industrial Processes",0,2028,"CH4",0,0,"WAM","BGR","bulgaria","SISEPUEDE",0,NA
6004,75075,"IN - Industrial Processes:CH4","Industrial Processes","IN - Industrial Processes",0,2029,"CH4",0,0,"WAM","BGR","bulgaria","SISEPUEDE",0,NA
6004,75075,"IN - Industrial Processes:CH4","Industrial Processes","IN - Industrial Processes",0,2030,"CH4",0,0,"WAM","BGR","bulgaria","SISEPUEDE",0,NA
6004,75075,"IN - Industrial Processes:CH4","Industrial Processes","IN - Industrial Processes",0,2031,"CH4",0,0,"WAM","BGR","bulgaria","SISEPUEDE",0,NA
6004,75075,"IN - Industrial Processes:CH4","Industrial Processes","IN - Industrial Processes",0,2032,"CH4",0,0,"WAM","BGR","bulgaria","SISEPUEDE",0,NA
6004,75075,"IN - Industrial Processes:CH4","Industrial Processes","IN - Industrial Processes",0,2033,"CH4",0,0,"WAM","BGR","bulgaria","SISEPUEDE",0,NA
6004,75075,"IN - Industrial Processes:CH4","Industrial Processes","IN - Industrial Processes",0,2034,"CH4",0,0,"WAM","BGR","bulgaria","SISEPUEDE",0,NA
6004,75075,"IN - Industrial Processes:CH4","Industrial Processes","IN - Industrial Processes",0,2035,"CH4",0,0,"WAM","BGR","bulgaria","SISEPUEDE",0,NA
6004,75075,"IN - Industrial Processes:CH4","Industrial Processes","IN - Industrial Processes",0,2036,"CH4",0,0,"WAM","BGR","bulgaria","SISEPUEDE",0,NA
6004,75075,"IN - Industrial Processes:CH4","Industrial Processes","IN - Industrial Processes",0,2037,"CH4",0,0,"WAM","BGR","bulgaria","SISEPUEDE",0,NA
6004,75075,"IN - Industrial Processes:CH4","Industrial Processes","IN - Industrial Processes",0,2038,"CH4",0,0,"WAM","BGR","bulgaria","SISEPUEDE",0,NA
6004,75075,"IN - Industrial Processes:CH4","Industrial Processes","IN - Industrial Processes",0,2039,"CH4",0,0,"WAM","BGR","bulgaria","SISEPUEDE",0,NA
6004,75075,"IN - Industrial Processes:CH4","Industrial Processes","IN - Industrial Processes",0,2040,"CH4",0,0,"WAM","BGR","bulgaria","SISEPUEDE",0,NA
6004,75075,"IN - Industrial Processes:CH4","Industrial Processes","IN - Industrial Processes",0,2041,"CH4",0,0,"WAM","BGR","bulgaria","SISEPUEDE",0,NA
6004,75075,"IN - Industrial Processes:CH4","Industrial Processes","IN - Industrial Processes",0,2042,"CH4",0,0,"WAM","BGR","bulgaria","SISEPUEDE",0,NA
6004,75075,"IN - Industrial Processes:CH4","Industrial Processes","IN - Industrial Processes",0,2043,"CH4",0,0,"WAM","BGR","bulgaria","SISEPUEDE",0,NA
6004,75075,"IN - Industrial Processes:CH4","Industrial Processes","IN - Industrial Processes",0,2044,"CH4",0,0,"WAM","BGR","bulgaria","SISEPUEDE",0,NA
6004,75075,"IN - Industrial Processes:CH4","Industrial Processes","IN - Industrial Processes",0,2045,"CH4",0,0,"WAM","BGR","bulgaria","SISEPUEDE",0,NA
6004,75075,"IN - Industrial Processes:CH4","Industrial Processes","IN - Industrial Processes",0,2046,"CH4",0,0,"WAM","BGR","bulgaria","SISEPUEDE",0,NA
6004,75075,"IN - Industrial Processes:CH4","Industrial Processes","IN - Industrial Processes",0,2047,"CH4",0,0,"WAM","BGR","bulgaria","SISEPUEDE",0,NA
6004,75075,"IN - Industrial Processes:CH4","Industrial Processes","IN - Industrial Processes",0,2048,"CH4",0,0,"WAM","BGR","bulgaria","SISEPUEDE",0,NA
6004,75075,"IN - Industrial Processes:CH4","Industrial Processes","IN - Industrial Processes",0,2049,"CH4",0,0,"WAM","BGR","bulgaria","SISEPUEDE",0,NA
6004,75075,"IN - Industrial Processes:CH4","Industrial Processes","IN - Industrial Processes",0,2050,"CH4",0,0,"WAM","BGR","bulgaria","SISEPUEDE",0,NA
6004,75075,"IN - Industrial Processes:CO2","Industrial Processes","IN - Industrial Processes",3.77808,2022,"CO2",0,0,"WAM","BGR","bulgaria","SISEPUEDE",3.77808,NA
6004,75075,"IN - Industrial Processes:CO2","Industrial Processes","IN - Industrial Processes",3.78940429985666,2023,"CO2",0,0,"WAM","BGR","bulgaria","SISEPUEDE",3.78940429985666,NA
6004,75075,"IN - Industrial Processes:CO2","Industrial Processes","IN - Industrial Processes",3.83239190883757,2024,"CO2",0,0,"WAM","BGR","bulgaria","SISEPUEDE",3.83239190883757,NA
6004,75075,"IN - Industrial Processes:CO2","Industrial Processes","IN - Industrial Processes",3.86786741788449,2025,"CO2",0,0,"WAM","BGR","bulgaria","SISEPUEDE",3.86786741788449,NA
6004,75075,"IN - Industrial Processes:CO2","Industrial Processes","IN - Industrial Processes",3.9016323160248,2026,"CO2",0,0,"WAM","BGR","bulgaria","SISEPUEDE",3.9016323160248,NA
6004,75075,"IN - Industrial Processes:CO2","Industrial Processes","IN - Industrial Processes",3.93989381989704,2027,"CO2",0,0,"WAM","BGR","bulgaria","SISEPUEDE",3.93989381989704,NA
6004,75075,"IN - Industrial Processes:CO2","Industrial Processes","IN - Industrial Processes",3.78530187408756,2028,"CO2",0,0,"WAM","BGR","bulgaria","SISEPUEDE",3.78530187408756,NA
6004,75075,"IN - Industrial Processes:CO2","Industrial Processes","IN - Industrial Processes",3.62656002724669,2029,"CO2",0,0,"WAM","BGR","bulgaria","SISEPUEDE",3.62656002724669,NA
6004,75075,"IN - Industrial Processes:CO2","Industrial Processes","IN - Industrial Processes",3.46796765203165,2030,"CO2",0,0,"WAM","BGR","bulgaria","SISEPUEDE",3.46796765203165,NA
6004,75075,"IN - Industrial Processes:CO2","Industrial Processes","IN - Industrial Processes",3.30982578278105,2031,"CO2",0,0,"WAM","BGR","bulgaria","SISEPUEDE",3.30982578278105,NA
6004,75075,"IN - Industrial Processes:CO2","Industrial Processes","IN - Industrial Processes",3.15965496961481,2032,"CO2",0,0,"WAM","BGR","bulgaria","SISEPUEDE",3.15965496961481,NA
6004,75075,"IN - Industrial Processes:CO2","Industrial Processes","IN - Industrial Processes",3.00943958094449,2033,"CO2",0,0,"WAM","BGR","bulgaria","SISEPUEDE",3.00943958094449,NA
6004,75075,"IN - Industrial Processes:CO2","Industrial Processes","IN - Industrial Processes",2.85888322062807,2034,"CO2",0,0,"WAM","BGR","bulgaria","SISEPUEDE",2.85888322062807,NA
6004,75075,"IN - Industrial Processes:CO2","Industrial Processes","IN - Industrial Processes",2.70797577182141,2035,"CO2",0,0,"WAM","BGR","bulgaria","SISEPUEDE",2.70797577182141,NA
6004,75075,"IN - Industrial Processes:CO2","Industrial Processes","IN - Industrial Processes",2.55588943004095,2036,"CO2",0,0,"WAM","BGR","bulgaria","SISEPUEDE",2.55588943004095,NA
6004,75075,"IN - Industrial Processes:CO2","Industrial Processes","IN - Industrial Processes",2.40402770058578,2037,"CO2",0,0,"WAM","BGR","bulgaria","SISEPUEDE",2.40402770058578,NA
6004,75075,"IN - Industrial Processes:CO2","Industrial Processes","IN - Industrial Processes",2.25231563656923,2038,"CO2",0,0,"WAM","BGR","bulgaria","SISEPUEDE",2.25231563656923,NA
6004,75075,"IN - Industrial Processes:CO2","Industrial Processes","IN - Industrial Processes",2.10054342669592,2039,"CO2",0,0,"WAM","BGR","bulgaria","SISEPUEDE",2.10054342669592,NA
6004,75075,"IN - Industrial Processes:CO2","Industrial Processes","IN - Industrial Processes",1.94933152541687,2040,"CO2",0,0,"WAM","BGR","bulgaria","SISEPUEDE",1.94933152541687,NA
6004,75075,"IN - Industrial Processes:CO2","Industrial Processes","IN - Industrial Processes",1.79740285090808,2041,"CO2",0,0,"WAM","BGR","bulgaria","SISEPUEDE",1.79740285090808,NA
6004,75075,"IN - Industrial Processes:CO2","Industrial Processes","IN - Industrial Processes",1.64622397966782,2042,"CO2",0,0,"WAM","BGR","bulgaria","SISEPUEDE",1.64622397966782,NA
6004,75075,"IN - Industrial Processes:CO2","Industrial Processes","IN - Industrial Processes",1.49647625015545,2043,"CO2",0,0,"WAM","BGR","bulgaria","SISEPUEDE",1.49647625015545,NA
6004,75075,"IN - Industrial Processes:CO2","Industrial Processes","IN - Industrial Processes",1.34755162376695,2044,"CO2",0,0,"WAM","BGR","bulgaria","SISEPUEDE",1.34755162376695,NA
6004,75075,"IN - Industrial Processes:CO2","Industrial Processes","IN - Industrial Processes",1.19965223638251,2045,"CO2",0,0,"WAM","BGR","bulgaria","SISEPUEDE",1.19965223638251,NA
6004,75075,"IN - Industrial Processes:CO2","Industrial Processes","IN - Industrial Processes",1.05229311874731,2046,"CO2",0,0,"WAM","BGR","bulgaria","SISEPUEDE",1.05229311874731,NA
6004,75075,"IN - Industrial Processes:CO2","Industrial Processes","IN - Industrial Processes",0.906165855115959,2047,"CO2",0,0,"WAM","BGR","bulgaria","SISEPUEDE",0.906165855115959,NA
6004,75075,"IN - Industrial Processes:CO2","Industrial Processes","IN - Industrial Processes",0.761126219856961,2048,"CO2",0,0,"WAM","BGR","bulgaria","SISEPUEDE",0.761126219856961,NA
6004,75075,"IN - Industrial Processes:CO2","Industrial Processes","IN - Industrial Processes",0.617143654551208,2049,"CO2",0,0,"WAM","BGR","bulgaria","SISEPUEDE",0.617143654551208,NA
6004,75075,"IN - Industrial Processes:CO2","Industrial Processes","IN - Industrial Processes",0.474261654658997,2050,"CO2",0,0,"WAM","BGR","bulgaria","SISEPUEDE",0.474261654658997,NA
6004,75075,"IN - Industrial Processes:HFC","Industrial Processes","IN - Industrial Processes",0.70185,2022,"HFC",0,0,"WAM","BGR","bulgaria","SISEPUEDE",0.70185,NA
6004,75075,"IN - Industrial Processes:HFC","Industrial Processes","IN - Industrial Processes",0.657324425652523,2023,"HFC",0,0,"WAM","BGR","bulgaria","SISEPUEDE",0.657324425652523,NA
6004,75075,"IN - Industrial Processes:HFC","Industrial Processes","IN - Industrial Processes",0.619522245938698,2024,"HFC",0,0,"WAM","BGR","bulgaria","SISEPUEDE",0.619522245938698,NA
6004,75075,"IN - Industrial Processes:HFC","Industrial Processes","IN - Industrial Processes",0.581052122682394,2025,"HFC",0,0,"WAM","BGR","bulgaria","SISEPUEDE",0.581052122682394,NA
6004,75075,"IN - Industrial Processes:HFC","Industrial Processes","IN - Industrial Processes",0.543118919237358,2026,"HFC",0,0,"WAM","BGR","bulgaria","SISEPUEDE",0.543118919237358,NA
6004,75075,"IN - Industrial Processes:HFC","Industrial Processes","IN - Industrial Processes",0.506680035902768,2027,"HFC",0,0,"WAM","BGR","bulgaria","SISEPUEDE",0.506680035902768,NA
6004,75075,"IN - Industrial Processes:HFC","Industrial Processes","IN - Industrial Processes",0.468925814489051,2028,"HFC",0,0,"WAM","BGR","bulgaria","SISEPUEDE",0.468925814489051,NA
6004,75075,"IN - Industrial Processes:HFC","Industrial Processes","IN - Industrial Processes",0.431905700084768,2029,"HFC",0,0,"WAM","BGR","bulgaria","SISEPUEDE",0.431905700084768,NA
6004,75075,"IN - Industrial Processes:HFC","Industrial Processes","IN - Industrial Processes",0.396232234448465,2030,"HFC",0,0,"WAM","BGR","bulgaria","SISEPUEDE",0.396232234448465,NA
6004,75075,"IN - Industrial Processes:HFC","Industrial Processes","IN - Industrial Processes",0.361741257138969,2031,"HFC",0,0,"WAM","BGR","bulgaria","SISEPUEDE",0.361741257138969,NA
6004,75075,"IN - Industrial Processes:HFC","Industrial Processes","IN - Industrial Processes",0.32866352684309,2032,"HFC",0,0,"WAM","BGR","bulgaria","SISEPUEDE",0.32866352684309,NA
6004,75075,"IN - Industrial Processes:HFC","Industrial Processes","IN - Industrial Processes",0.297000135991374,2033,"HFC",0,0,"WAM","BGR","bulgaria","SISEPUEDE",0.297000135991374,NA
6004,75075,"IN - Industrial Processes:HFC","Industrial Processes","IN - Industrial Processes",0.266746598229939,2034,"HFC",0,0,"WAM","BGR","bulgaria","SISEPUEDE",0.266746598229939,NA
6004,75075,"IN - Industrial Processes:HFC","Industrial Processes","IN - Industrial Processes",0.237932264692222,2035,"HFC",0,0,"WAM","BGR","bulgaria","SISEPUEDE",0.237932264692222,NA
6004,75075,"IN - Industrial Processes:HFC","Industrial Processes","IN - Industrial Processes",0.210512071186859,2036,"HFC",0,0,"WAM","BGR","bulgaria","SISEPUEDE",0.210512071186859,NA
6004,75075,"IN - Industrial Processes:HFC","Industrial Processes","IN - Industrial Processes",0.184648953679996,2037,"HFC",0,0,"WAM","BGR","bulgaria","SISEPUEDE",0.184648953679996,NA
6004,75075,"IN - Industrial Processes:HFC","Industrial Processes","IN - Industrial Processes",0.160357043172384,2038,"HFC",0,0,"WAM","BGR","bulgaria","SISEPUEDE",0.160357043172384,NA
6004,75075,"IN - Industrial Processes:HFC","Industrial Processes","IN - Industrial Processes",0.137645369487148,2039,"HFC",0,0,"WAM","BGR","bulgaria","SISEPUEDE",0.137645369487148,NA
6004,75075,"IN - Industrial Processes:HFC","Industrial Processes","IN - Industrial Processes",0.116581189275843,2040,"HFC",0,0,"WAM","BGR","bulgaria","SISEPUEDE",0.116581189275843,NA
6004,75075,"IN - Industrial Processes:HFC","Industrial Processes","IN - Industrial Processes",0.0971051750066542,2041,"HFC",0,0,"WAM","BGR","bulgaria","SISEPUEDE",0.0971051750066542,NA
6004,75075,"IN - Industrial Processes:HFC","Industrial Processes","IN - Industrial Processes",0.0793329876384657,2042,"HFC",0,0,"WAM","BGR","bulgaria","SISEPUEDE",0.0793329876384657,NA
6004,75075,"IN - Industrial Processes:HFC","Industrial Processes","IN - Industrial Processes",0.0632808994065708,2043,"HFC",0,0,"WAM","BGR","bulgaria","SISEPUEDE",0.0632808994065708,NA
6004,75075,"IN - Industrial Processes:HFC","Industrial Processes","IN - Industrial Processes",0.0489610072965889,2044,"HFC",0,0,"WAM","BGR","bulgaria","SISEPUEDE",0.0489610072965889,NA
6004,75075,"IN - Industrial Processes:HFC","Industrial Processes","IN - Industrial Processes",0.0363918229483071,2045,"HFC",0,0,"WAM","BGR","bulgaria","SISEPUEDE",0.0363918229483071,NA
6004,75075,"IN - Industrial Processes:HFC","Industrial Processes","IN - Industrial Processes",0.0255686406484424,2046,"HFC",0,0,"WAM","BGR","bulgaria","SISEPUEDE",0.0255686406484424,NA
6004,75075,"IN - Industrial Processes:HFC","Industrial Processes","IN - Industrial Processes",0.0165219893848147,2047,"HFC",0,0,"WAM","BGR","bulgaria","SISEPUEDE",0.0165219893848147,NA
6004,75075,"IN - Industrial Processes:HFC","Industrial Processes","IN - Industrial Processes",0.0092535921737797,2048,"HFC",0,0,"WAM","BGR","bulgaria","SISEPUEDE",0.0092535921737797,NA
6004,75075,"IN - Industrial Processes:HFC","Industrial Processes","IN - Industrial Processes",0.00377003891509491,2049,"HFC",0,0,"WAM","BGR","bulgaria","SISEPUEDE",0.00377003891509491,NA
6004,75075,"IN - Industrial Processes:HFC","Industrial Processes","IN - Industrial Processes",7.83106835546466e-05,2050,"HFC",0,0,"WAM","BGR","bulgaria","SISEPUEDE",7.83106835546466e-05,NA
6004,75075,"IN - Industrial Processes:N2O","Industrial Processes","IN - Industrial Processes",0.07987,2022,"N2O",0,0,"WAM","BGR","bulgaria","SISEPUEDE",0.07987,NA
6004,75075,"IN - Industrial Processes:N2O","Industrial Processes","IN - Industrial Processes",0.0767072070674064,2023,"N2O",0,0,"WAM","BGR","bulgaria","SISEPUEDE",0.0767072070674064,NA
6004,75075,"IN - Industrial Processes:N2O","Industrial Processes","IN - Industrial Processes",0.0737272546202447,2024,"N2O",0,0,"WAM","BGR","bulgaria","SISEPUEDE",0.0737272546202447,NA
6004,75075,"IN - Industrial Processes:N2O","Industrial Processes","IN - Industrial Processes",0.0707258431536782,2025,"N2O",0,0,"WAM","BGR","bulgaria","SISEPUEDE",0.0707258431536782,NA
6004,75075,"IN - Industrial Processes:N2O","Industrial Processes","IN - Industrial Processes",0.0677340548411733,2026,"N2O",0,0,"WAM","BGR","bulgaria","SISEPUEDE",0.0677340548411733,NA
6004,75075,"IN - Industrial Processes:N2O","Industrial Processes","IN - Industrial Processes",0.0647798169382083,2027,"N2O",0,0,"WAM","BGR","bulgaria","SISEPUEDE",0.0647798169382083,NA
6004,75075,"IN - Industrial Processes:N2O","Industrial Processes","IN - Industrial Processes",0.0617696566009061,2028,"N2O",0,0,"WAM","BGR","bulgaria","SISEPUEDE",0.0617696566009061,NA
6004,75075,"IN - Industrial Processes:N2O","Industrial Processes","IN - Industrial Processes",0.0587636510206257,2029,"N2O",0,0,"WAM","BGR","bulgaria","SISEPUEDE",0.0587636510206257,NA
6004,75075,"IN - Industrial Processes:N2O","Industrial Processes","IN - Industrial Processes",0.0557803389620425,2030,"N2O",0,0,"WAM","BGR","bulgaria","SISEPUEDE",0.0557803389620425,NA
6004,75075,"IN - Industrial Processes:N2O","Industrial Processes","IN - Industrial Processes",0.052812162666116,2031,"N2O",0,0,"WAM","BGR","bulgaria","SISEPUEDE",0.052812162666116,NA
6004,75075,"IN - Industrial Processes:N2O","Industrial Processes","IN - Industrial Processes",0.0498660452082321,2032,"N2O",0,0,"WAM","BGR","bulgaria","SISEPUEDE",0.0498660452082321,NA
6004,75075,"IN - Industrial Processes:N2O","Industrial Processes","IN - Industrial Processes",0.0469406499522704,2033,"N2O",0,0,"WAM","BGR","bulgaria","SISEPUEDE",0.0469406499522704,NA
6004,75075,"IN - Industrial Processes:N2O","Industrial Processes","IN - Industrial Processes",0.0440341886384425,2034,"N2O",0,0,"WAM","BGR","bulgaria","SISEPUEDE",0.0440341886384425,NA
6004,75075,"IN - Industrial Processes:N2O","Industrial Processes","IN - Industrial Processes",0.041146269736226,2035,"N2O",0,0,"WAM","BGR","bulgaria","SISEPUEDE",0.041146269736226,NA
6004,75075,"IN - Industrial Processes:N2O","Industrial Processes","IN - Industrial Processes",0.038272612964261,2036,"N2O",0,0,"WAM","BGR","bulgaria","SISEPUEDE",0.038272612964261,NA
6004,75075,"IN - Industrial Processes:N2O","Industrial Processes","IN - Industrial Processes",0.0354190983135505,2037,"N2O",0,0,"WAM","BGR","bulgaria","SISEPUEDE",0.0354190983135505,NA
6004,75075,"IN - Industrial Processes:N2O","Industrial Processes","IN - Industrial Processes",0.0325849648391896,2038,"N2O",0,0,"WAM","BGR","bulgaria","SISEPUEDE",0.0325849648391896,NA
6004,75075,"IN - Industrial Processes:N2O","Industrial Processes","IN - Industrial Processes",0.0297689183152153,2039,"N2O",0,0,"WAM","BGR","bulgaria","SISEPUEDE",0.0297689183152153,NA
6004,75075,"IN - Industrial Processes:N2O","Industrial Processes","IN - Industrial Processes",0.0269732698250296,2040,"N2O",0,0,"WAM","BGR","bulgaria","SISEPUEDE",0.0269732698250296,NA
6004,75075,"IN - Industrial Processes:N2O","Industrial Processes","IN - Industrial Processes",0.0241922356938433,2041,"N2O",0,0,"WAM","BGR","bulgaria","SISEPUEDE",0.0241922356938433,NA
6004,75075,"IN - Industrial Processes:N2O","Industrial Processes","IN - Industrial Processes",0.0214317397506191,2042,"N2O",0,0,"WAM","BGR","bulgaria","SISEPUEDE",0.0214317397506191,NA
6004,75075,"IN - Industrial Processes:N2O","Industrial Processes","IN - Industrial Processes",0.018691691968372,2043,"N2O",0,0,"WAM","BGR","bulgaria","SISEPUEDE",0.018691691968372,NA
6004,75075,"IN - Industrial Processes:N2O","Industrial Processes","IN - Industrial Processes",0.0159718453490675,2044,"N2O",0,0,"WAM","BGR","bulgaria","SISEPUEDE",0.0159718453490675,NA
6004,75075,"IN - Industrial Processes:N2O","Industrial Processes","IN - Industrial Processes",0.0132726237972768,2045,"N2O",0,0,"WAM","BGR","bulgaria","SISEPUEDE",0.0132726237972768,NA
6004,75075,"IN - Industrial Processes:N2O","Industrial Processes","IN - Industrial Processes",0.0105920496571606,2046,"N2O",0,0,"WAM","BGR","bulgaria","SISEPUEDE",0.0105920496571606,NA
6004,75075,"IN - Industrial Processes:N2O","Industrial Processes","IN - Industrial Processes",0.00793229663217984,2047,"N2O",0,0,"WAM","BGR","bulgaria","SISEPUEDE",0.00793229663217984,NA
6004,75075,"IN - Industrial Processes:N2O","Industrial Processes","IN - Industrial Processes",0.00529255758026295,2048,"N2O",0,0,"WAM","BGR","bulgaria","SISEPUEDE",0.00529255758026295,NA
6004,75075,"IN - Industrial Processes:N2O","Industrial Processes","IN - Industrial Processes",0.00267259613533007,2049,"N2O",0,0,"WAM","BGR","bulgaria","SISEPUEDE",0.00267259613533007,NA
6004,75075,"IN - Industrial Processes:N2O","Industrial Processes","IN - Industrial Processes",7.25817486176613e-05,2050,"N2O",0,0,"WAM","BGR","bulgaria","SISEPUEDE",7.25817486176613e-05,NA
6004,75075,"IN - Industrial Processes:OTHER_FCS","Industrial Processes","IN - Industrial Processes",0,2022,"OTHER_FCS",0,0,"WAM","BGR","bulgaria","SISEPUEDE",0,NA
6004,75075,"IN - Industrial Processes:OTHER_FCS","Industrial Processes","IN - Industrial Processes",0,2023,"OTHER_FCS",0,0,"WAM","BGR","bulgaria","SISEPUEDE",0,NA
6004,75075,"IN - Industrial Processes:OTHER_FCS","Industrial Processes","IN - Industrial Processes",0,2024,"OTHER_FCS",0,0,"WAM","BGR","bulgaria","SISEPUEDE",0,NA
6004,75075,"IN - Industrial Processes:OTHER_FCS","Industrial Processes","IN - Industrial Processes",0,2025,"OTHER_FCS",0,0,"WAM","BGR","bulgaria","SISEPUEDE",0,NA
6004,75075,"IN - Industrial Processes:OTHER_FCS","Industrial Processes","IN - Industrial Processes",0,2026,"OTHER_FCS",0,0,"WAM","BGR","bulgaria","SISEPUEDE",0,NA
6004,75075,"IN - Industrial Processes:OTHER_FCS","Industrial Processes","IN - Industrial Processes",0,2027,"OTHER_FCS",0,0,"WAM","BGR","bulgaria","SISEPUEDE",0,NA
6004,75075,"IN - Industrial Processes:OTHER_FCS","Industrial Processes","IN - Industrial Processes",0,2028,"OTHER_FCS",0,0,"WAM","BGR","bulgaria","SISEPUEDE",0,NA
6004,75075,"IN - Industrial Processes:OTHER_FCS","Industrial Processes","IN - Industrial Processes",0,2029,"OTHER_FCS",0,0,"WAM","BGR","bulgaria","SISEPUEDE",0,NA
6004,75075,"IN - Industrial Processes:OTHER_FCS","Industrial Processes","IN - Industrial Processes",0,2030,"OTHER_FCS",0,0,"WAM","BGR","bulgaria","SISEPUEDE",0,NA
6004,75075,"IN - Industrial Processes:OTHER_FCS","Industrial Processes","IN - Industrial Processes",0,2031,"OTHER_FCS",0,0,"WAM","BGR","bulgaria","SISEPUEDE",0,NA
6004,75075,"IN - Industrial Processes:OTHER_FCS","Industrial Processes","IN - Industrial Processes",0,2032,"OTHER_FCS",0,0,"WAM","BGR","bulgaria","SISEPUEDE",0,NA
6004,75075,"IN - Industrial Processes:OTHER_FCS","Industrial Processes","IN - Industrial Processes",0,2033,"OTHER_FCS",0,0,"WAM","BGR","bulgaria","SISEPUEDE",0,NA
6004,75075,"IN - Industrial Processes:OTHER_FCS","Industrial Processes","IN - Industrial Processes",0,2034,"OTHER_FCS",0,0,"WAM","BGR","bulgaria","SISEPUEDE",0,NA
6004,75075,"IN - Industrial Processes:OTHER_FCS","Industrial Processes","IN - Industrial Processes",0,2035,"OTHER_FCS",0,0,"WAM","BGR","bulgaria","SISEPUEDE",0,NA
6004,75075,"IN - Industrial Processes:OTHER_FCS","Industrial Processes","IN - Industrial Processes",0,2036,"OTHER_FCS",0,0,"WAM","BGR","bulgaria","SISEPUEDE",0,NA
6004,75075,"IN - Industrial Processes:OTHER_FCS","Industrial Processes","IN - Industrial Processes",0,2037,"OTHER_FCS",0,0,"WAM","BGR","bulgaria","SISEPUEDE",0,NA
6004,75075,"IN - Industrial Processes:OTHER_FCS","Industrial Processes","IN - Industrial Processes",0,2038,"OTHER_FCS",0,0,"WAM","BGR","bulgaria","SISEPUEDE",0,NA
6004,75075,"IN - Industrial Processes:OTHER_FCS","Industrial Processes","IN - Industrial Processes",0,2039,"OTHER_FCS",0,0,"WAM","BGR","bulgaria","SISEPUEDE",0,NA
6004,75075,"IN - Industrial Processes:OTHER_FCS","Industrial Processes","IN - Industrial Processes",0,2040,"OTHER_FCS",0,0,"WAM","BGR","bulgaria","SISEPUEDE",0,NA
6004,75075,"IN - Industrial Processes:OTHER_FCS","Industrial Processes","IN - Industrial Processes",0,2041,"OTHER_FCS",0,0,"WAM","BGR","bulgaria","SISEPUEDE",0,NA
6004,75075,"IN - Industrial Processes:OTHER_FCS","Industrial Processes","IN - Industrial Processes",0,2042,"OTHER_FCS",0,0,"WAM","BGR","bulgaria","SISEPUEDE",0,NA
6004,75075,"IN - Industrial Processes:OTHER_FCS","Industrial Processes","IN - Industrial Processes",0,2043,"OTHER_FCS",0,0,"WAM","BGR","bulgaria","SISEPUEDE",0,NA
6004,75075,"IN - Industrial Processes:OTHER_FCS","Industrial Processes","IN - Industrial Processes",0,2044,"OTHER_FCS",0,0,"WAM","BGR","bulgaria","SISEPUEDE",0,NA
6004,75075,"IN - Industrial Processes:OTHER_FCS","Industrial Processes","IN - Industrial Processes",0,2045,"OTHER_FCS",0,0,"WAM","BGR","bulgaria","SISEPUEDE",0,NA
6004,75075,"IN - Industrial Processes:OTHER_FCS","Industrial Processes","IN - Industrial Processes",0,2046,"OTHER_FCS",0,0,"WAM","BGR","bulgaria","SISEPUEDE",0,NA
6004,75075,"IN - Industrial Processes:OTHER_FCS","Industrial Processes","IN - Industrial Processes",0,2047,"OTHER_FCS",0,0,"WAM","BGR","bulgaria","SISEPUEDE",0,NA
6004,75075,"IN - Industrial Processes:OTHER_FCS","Industrial Processes","IN - Industrial Processes",0,2048,"OTHER_FCS",0,0,"WAM","BGR","bulgaria","SISEPUEDE",0,NA
6004,75075,"IN - Industrial Processes:OTHER_FCS","Industrial Processes","IN - Industrial Processes",0,2049,"OTHER_FCS",0,0,"WAM","BGR","bulgaria","SISEPUEDE",0,NA
6004,75075,"IN - Industrial Processes:OTHER_FCS","Industrial Processes","IN - Industrial Processes",0,2050,"OTHER_FCS",0,0,"WAM","BGR","bulgaria","SISEPUEDE",0,NA
6004,75075,"IN - Industrial Processes:PFC","Industrial Processes","IN - Industrial Processes",1e-05,2022,"PFC",0,0,"WAM","BGR","bulgaria","SISEPUEDE",1e-05,NA
6004,75075,"IN - Industrial Processes:PFC","Industrial Processes","IN - Industrial Processes",1.00216539e-05,2023,"PFC",0,0,"WAM","BGR","bulgaria","SISEPUEDE",1.00216539e-05,NA
6004,75075,"IN - Industrial Processes:PFC","Industrial Processes","IN - Industrial Processes",1.01206778621859e-05,2024,"PFC",0,0,"WAM","BGR","bulgaria","SISEPUEDE",1.01206778621859e-05,NA
6004,75075,"IN - Industrial Processes:PFC","Industrial Processes","IN - Industrial Processes",1.02005806139079e-05,2025,"PFC",0,0,"WAM","BGR","bulgaria","SISEPUEDE",1.02005806139079e-05,NA
6004,75075,"IN - Industrial Processes:PFC","Industrial Processes","IN - Industrial Processes",1.02760496095799e-05,2026,"PFC",0,0,"WAM","BGR","bulgaria","SISEPUEDE",1.02760496095799e-05,NA
6004,75075,"IN - Industrial Processes:PFC","Industrial Processes","IN - Industrial Processes",1.03622810798786e-05,2027,"PFC",0,0,"WAM","BGR","bulgaria","SISEPUEDE",1.03622810798786e-05,NA
6004,75075,"IN - Industrial Processes:PFC","Industrial Processes","IN - Industrial Processes",1.04070711717601e-05,2028,"PFC",0,0,"WAM","BGR","bulgaria","SISEPUEDE",1.04070711717601e-05,NA
6004,75075,"IN - Industrial Processes:PFC","Industrial Processes","IN - Industrial Processes",1.04415037918407e-05,2029,"PFC",0,0,"WAM","BGR","bulgaria","SISEPUEDE",1.04415037918407e-05,NA
6004,75075,"IN - Industrial Processes:PFC","Industrial Processes","IN - Industrial Processes",1.04760990867095e-05,2030,"PFC",0,0,"WAM","BGR","bulgaria","SISEPUEDE",1.04760990867095e-05,NA
6004,75075,"IN - Industrial Processes:PFC","Industrial Processes","IN - Industrial Processes",1.05062246651992e-05,2031,"PFC",0,0,"WAM","BGR","bulgaria","SISEPUEDE",1.05062246651992e-05,NA
6004,75075,"IN - Industrial Processes:PFC","Industrial Processes","IN - Industrial Processes",1.0536298268862e-05,2032,"PFC",0,0,"WAM","BGR","bulgaria","SISEPUEDE",1.0536298268862e-05,NA
6004,75075,"IN - Industrial Processes:PFC","Industrial Processes","IN - Industrial Processes",1.0565676749379e-05,2033,"PFC",0,0,"WAM","BGR","bulgaria","SISEPUEDE",1.0565676749379e-05,NA
6004,75075,"IN - Industrial Processes:PFC","Industrial Processes","IN - Industrial Processes",1.05932292868263e-05,2034,"PFC",0,0,"WAM","BGR","bulgaria","SISEPUEDE",1.05932292868263e-05,NA
6004,75075,"IN - Industrial Processes:PFC","Industrial Processes","IN - Industrial Processes",1.06186873179422e-05,2035,"PFC",0,0,"WAM","BGR","bulgaria","SISEPUEDE",1.06186873179422e-05,NA
6004,75075,"IN - Industrial Processes:PFC","Industrial Processes","IN - Industrial Processes",1.06383464855266e-05,2036,"PFC",0,0,"WAM","BGR","bulgaria","SISEPUEDE",1.06383464855266e-05,NA
6004,75075,"IN - Industrial Processes:PFC","Industrial Processes","IN - Industrial Processes",1.06568586494169e-05,2037,"PFC",0,0,"WAM","BGR","bulgaria","SISEPUEDE",1.06568586494169e-05,NA
6004,75075,"IN - Industrial Processes:PFC","Industrial Processes","IN - Industrial Processes",1.06736583263958e-05,2038,"PFC",0,0,"WAM","BGR","bulgaria","SISEPUEDE",1.06736583263958e-05,NA
6004,75075,"IN - Industrial Processes:PFC","Industrial Processes","IN - Industrial Processes",1.06874110786282e-05,2039,"PFC",0,0,"WAM","BGR","bulgaria","SISEPUEDE",1.06874110786282e-05,NA
6004,75075,"IN - Industrial Processes:PFC","Industrial Processes","IN - Industrial Processes",1.0700535859632e-05,2040,"PFC",0,0,"WAM","BGR","bulgaria","SISEPUEDE",1.0700535859632e-05,NA
6004,75075,"IN - Industrial Processes:PFC","Industrial Processes","IN - Industrial Processes",1.0705888506483e-05,2041,"PFC",0,0,"WAM","BGR","bulgaria","SISEPUEDE",1.0705888506483e-05,NA
6004,75075,"IN - Industrial Processes:PFC","Industrial Processes","IN - Industrial Processes",1.07100157911863e-05,2042,"PFC",0,0,"WAM","BGR","bulgaria","SISEPUEDE",1.07100157911863e-05,NA
6004,75075,"IN - Industrial Processes:PFC","Industrial Processes","IN - Industrial Processes",1.07129871456163e-05,2043,"PFC",0,0,"WAM","BGR","bulgaria","SISEPUEDE",1.07129871456163e-05,NA
6004,75075,"IN - Industrial Processes:PFC","Industrial Processes","IN - Industrial Processes",1.07146042622039e-05,2044,"PFC",0,0,"WAM","BGR","bulgaria","SISEPUEDE",1.07146042622039e-05,NA
6004,75075,"IN - Industrial Processes:PFC","Industrial Processes","IN - Industrial Processes",1.0716034891159e-05,2045,"PFC",0,0,"WAM","BGR","bulgaria","SISEPUEDE",1.0716034891159e-05,NA
6004,75075,"IN - Industrial Processes:PFC","Industrial Processes","IN - Industrial Processes",1.07127529183629e-05,2046,"PFC",0,0,"WAM","BGR","bulgaria","SISEPUEDE",1.07127529183629e-05,NA
6004,75075,"IN - Industrial Processes:PFC","Industrial Processes","IN - Industrial Processes",1.07099342582843e-05,2047,"PFC",0,0,"WAM","BGR","bulgaria","SISEPUEDE",1.07099342582843e-05,NA
6004,75075,"IN - Industrial Processes:PFC","Industrial Processes","IN - Industrial Processes",1.07060573570757e-05,2048,"PFC",0,0,"WAM","BGR","bulgaria","SISEPUEDE",1.07060573570757e-05,NA
6004,75075,"IN - Industrial Processes:PFC","Industrial Processes","IN - Industrial Processes",1.07000081090085e-05,2049,"PFC",0,0,"WAM","BGR","bulgaria","SISEPUEDE",1.07000081090085e-05,NA
6004,75075,"IN - Industrial Processes:PFC","Industrial Processes","IN - Industrial Processes",1.06908849471086e-05,2050,"PFC",0,0,"WAM","BGR","bulgaria","SISEPUEDE",1.06908849471086e-05,NA
6004,75075,"IN - Industrial Processes:SF6","Industrial Processes","IN - Industrial Processes",0.02396,2022,"SF6",0,0,"WAM","BGR","bulgaria","SISEPUEDE",0.02396,NA
6004,75075,"IN - Industrial Processes:SF6","Industrial Processes","IN - Industrial Processes",0.0243734102706767,2023,"SF6",0,0,"WAM","BGR","bulgaria","SISEPUEDE",0.0243734102706767,NA
6004,75075,"IN - Industrial Processes:SF6","Industrial Processes","IN - Industrial Processes",0.0251592491720216,2024,"SF6",0,0,"WAM","BGR","bulgaria","SISEPUEDE",0.0251592491720216,NA
6004,75075,"IN - Industrial Processes:SF6","Industrial Processes","IN - Industrial Processes",0.0258743601660642,2025,"SF6",0,0,"WAM","BGR","bulgaria","SISEPUEDE",0.0258743601660642,NA
6004,75075,"IN - Industrial Processes:SF6","Industrial Processes","IN - Industrial Processes",0.0265856476054073,2026,"SF6",0,0,"WAM","BGR","bulgaria","SISEPUEDE",0.0265856476054073,NA
6004,75075,"IN - Industrial Processes:SF6","Industrial Processes","IN - Industrial Processes",0.0273686098638605,2027,"SF6",0,0,"WAM","BGR","bulgaria","SISEPUEDE",0.0273686098638605,NA
6004,75075,"IN - Industrial Processes:SF6","Industrial Processes","IN - Industrial Processes",0.0279587793582542,2028,"SF6",0,0,"WAM","BGR","bulgaria","SISEPUEDE",0.0279587793582542,NA
6004,75075,"IN - Industrial Processes:SF6","Industrial Processes","IN - Industrial Processes",0.0285070667965418,2029,"SF6",0,0,"WAM","BGR","bulgaria","SISEPUEDE",0.0285070667965418,NA
6004,75075,"IN - Industrial Processes:SF6","Industrial Processes","IN - Industrial Processes",0.0290668908040974,2030,"SF6",0,0,"WAM","BGR","bulgaria","SISEPUEDE",0.0290668908040974,NA
6004,75075,"IN - Industrial Processes:SF6","Industrial Processes","IN - Industrial Processes",0.0296134419566527,2031,"SF6",0,0,"WAM","BGR","bulgaria","SISEPUEDE",0.0296134419566527,NA
6004,75075,"IN - Industrial Processes:SF6","Industrial Processes","IN - Industrial Processes",0.0301700114694302,2032,"SF6",0,0,"WAM","BGR","bulgaria","SISEPUEDE",0.0301700114694302,NA
6004,75075,"IN - Industrial Processes:SF6","Industrial Processes","IN - Industrial Processes",0.0307331810534177,2033,"SF6",0,0,"WAM","BGR","bulgaria","SISEPUEDE",0.0307331810534177,NA
6004,75075,"IN - Industrial Processes:SF6","Industrial Processes","IN - Industrial Processes",0.0312965308796042,2034,"SF6",0,0,"WAM","BGR","bulgaria","SISEPUEDE",0.0312965308796042,NA
6004,75075,"IN - Industrial Processes:SF6","Industrial Processes","IN - Industrial Processes",0.0318581990240938,2035,"SF6",0,0,"WAM","BGR","bulgaria","SISEPUEDE",0.0318581990240938,NA
6004,75075,"IN - Industrial Processes:SF6","Industrial Processes","IN - Industrial Processes",0.032396073153672,2036,"SF6",0,0,"WAM","BGR","bulgaria","SISEPUEDE",0.032396073153672,NA
6004,75075,"IN - Industrial Processes:SF6","Industrial Processes","IN - Industrial Processes",0.032936435122962,2037,"SF6",0,0,"WAM","BGR","bulgaria","SISEPUEDE",0.032936435122962,NA
6004,75075,"IN - Industrial Processes:SF6","Industrial Processes","IN - Industrial Processes",0.0334757105099306,2038,"SF6",0,0,"WAM","BGR","bulgaria","SISEPUEDE",0.0334757105099306,NA
6004,75075,"IN - Industrial Processes:SF6","Industrial Processes","IN - Industrial Processes",0.034005392957109,2039,"SF6",0,0,"WAM","BGR","bulgaria","SISEPUEDE",0.034005392957109,NA
6004,75075,"IN - Industrial Processes:SF6","Industrial Processes","IN - Industrial Processes",0.0345398584462591,2040,"SF6",0,0,"WAM","BGR","bulgaria","SISEPUEDE",0.0345398584462591,NA
6004,75075,"IN - Industrial Processes:SF6","Industrial Processes","IN - Industrial Processes",0.0350339125830874,2041,"SF6",0,0,"WAM","BGR","bulgaria","SISEPUEDE",0.0350339125830874,NA
6004,75075,"IN - Industrial Processes:SF6","Industrial Processes","IN - Industrial Processes",0.0355275430184164,2042,"SF6",0,0,"WAM","BGR","bulgaria","SISEPUEDE",0.0355275430184164,NA
6004,75075,"IN - Industrial Processes:SF6","Industrial Processes","IN - Industrial Processes",0.0360209801537622,2043,"SF6",0,0,"WAM","BGR","bulgaria","SISEPUEDE",0.0360209801537622,NA
6004,75075,"IN - Industrial Processes:SF6","Industrial Processes","IN - Industrial Processes",0.0365127092384093,2044,"SF6",0,0,"WAM","BGR","bulgaria","SISEPUEDE",0.0365127092384093,NA
6004,75075,"IN - Industrial Processes:SF6","Industrial Processes","IN - Industrial Processes",0.037010268404999,2045,"SF6",0,0,"WAM","BGR","bulgaria","SISEPUEDE",0.037010268404999,NA
6004,75075,"IN - Industrial Processes:SF6","Industrial Processes","IN - Industrial Processes",0.0374830371999777,2046,"SF6",0,0,"WAM","BGR","bulgaria","SISEPUEDE",0.0374830371999777,NA
6004,75075,"IN - Industrial Processes:SF6","Industrial Processes","IN - Industrial Processes",0.0379653626427,2047,"SF6",0,0,"WAM","BGR","bulgaria","SISEPUEDE",0.0379653626427,NA
6004,75075,"IN - Industrial Processes:SF6","Industrial Processes","IN - Industrial Processes",0.0384468691198661,2048,"SF6",0,0,"WAM","BGR","bulgaria","SISEPUEDE",0.0384468691198661,NA
6004,75075,"IN - Industrial Processes:SF6","Industrial Processes","IN - Industrial Processes",0.0389194909330622,2049,"SF6",0,0,"WAM","BGR","bulgaria","SISEPUEDE",0.0389194909330622,NA
6004,75075,"IN - Industrial Processes:SF6","Industrial Processes","IN - Industrial Processes",0.0393762616971728,2050,"SF6",0,0,"WAM","BGR","bulgaria","SISEPUEDE",0.0393762616971728,NA
6004,75075,"LULUCF - Cropland:CO2","Land Use, Land Use Change, and Forestry","LULUCF - Cropland",0.35592,2022,"CO2",0,0,"WAM","BGR","bulgaria","SISEPUEDE",0.35592,NA
6004,75075,"LULUCF - Cropland:CO2","Land Use, Land Use Change, and Forestry","LULUCF - Cropland",0.357954696441386,2023,"CO2",0,0,"WAM","BGR","bulgaria","SISEPUEDE",0.357954696441386,NA
6004,75075,"LULUCF - Cropland:CO2","Land Use, Land Use Change, and Forestry","LULUCF - Cropland",0.372025281955377,2024,"CO2",0,0,"WAM","BGR","bulgaria","SISEPUEDE",0.372025281955377,NA
6004,75075,"LULUCF - Cropland:CO2","Land Use, Land Use Change, and Forestry","LULUCF - Cropland",0.386017782316264,2025,"CO2",0,0,"WAM","BGR","bulgaria","SISEPUEDE",0.386017782316264,NA
6004,75075,"LULUCF - Cropland:CO2","Land Use, Land Use Change, and Forestry","LULUCF - Cropland",0.399931524694214,2026,"CO2",0,0,"WAM","BGR","bulgaria","SISEPUEDE",0.399931524694214,NA
6004,75075,"LULUCF - Cropland:CO2","Land Use, Land Use Change, and Forestry","LULUCF - Cropland",0.41376632295553,2027,"CO2",0,0,"WAM","BGR","bulgaria","SISEPUEDE",0.41376632295553,NA
6004,75075,"LULUCF - Cropland:CO2","Land Use, Land Use Change, and Forestry","LULUCF - Cropland",0.427522120054019,2028,"CO2",0,0,"WAM","BGR","bulgaria","SISEPUEDE",0.427522120054019,NA
6004,75075,"LULUCF - Cropland:CO2","Land Use, Land Use Change, and Forestry","LULUCF - Cropland",0.441345798368344,2029,"CO2",0,0,"WAM","BGR","bulgaria","SISEPUEDE",0.441345798368344,NA
6004,75075,"LULUCF - Cropland:CO2","Land Use, Land Use Change, and Forestry","LULUCF - Cropland",0.455324356450556,2030,"CO2",0,0,"WAM","BGR","bulgaria","SISEPUEDE",0.455324356450556,NA
6004,75075,"LULUCF - Cropland:CO2","Land Use, Land Use Change, and Forestry","LULUCF - Cropland",0.469258138287046,2031,"CO2",0,0,"WAM","BGR","bulgaria","SISEPUEDE",0.469258138287046,NA
6004,75075,"LULUCF - Cropland:CO2","Land Use, Land Use Change, and Forestry","LULUCF - Cropland",0.483148246804316,2032,"CO2",0,0,"WAM","BGR","bulgaria","SISEPUEDE",0.483148246804316,NA
6004,75075,"LULUCF - Cropland:CO2","Land Use, Land Use Change, and Forestry","LULUCF - Cropland",0.496995863483487,2033,"CO2",0,0,"WAM","BGR","bulgaria","SISEPUEDE",0.496995863483487,NA
6004,75075,"LULUCF - Cropland:CO2","Land Use, Land Use Change, and Forestry","LULUCF - Cropland",0.510802156947376,2034,"CO2",0,0,"WAM","BGR","bulgaria","SISEPUEDE",0.510802156947376,NA
6004,75075,"LULUCF - Cropland:CO2","Land Use, Land Use Change, and Forestry","LULUCF - Cropland",0.524568627566155,2035,"CO2",0,0,"WAM","BGR","bulgaria","SISEPUEDE",0.524568627566155,NA
6004,75075,"LULUCF - Cropland:CO2","Land Use, Land Use Change, and Forestry","LULUCF - Cropland",0.53829648387213,2036,"CO2",0,0,"WAM","BGR","bulgaria","SISEPUEDE",0.53829648387213,NA
6004,75075,"LULUCF - Cropland:CO2","Land Use, Land Use Change, and Forestry","LULUCF - Cropland",0.5519873058669,2037,"CO2",0,0,"WAM","BGR","bulgaria","SISEPUEDE",0.5519873058669,NA
6004,75075,"LULUCF - Cropland:CO2","Land Use, Land Use Change, and Forestry","LULUCF - Cropland",0.565642502779599,2038,"CO2",0,0,"WAM","BGR","bulgaria","SISEPUEDE",0.565642502779599,NA
6004,75075,"LULUCF - Cropland:CO2","Land Use, Land Use Change, and Forestry","LULUCF - Cropland",0.579263584312931,2039,"CO2",0,0,"WAM","BGR","bulgaria","SISEPUEDE",0.579263584312931,NA
6004,75075,"LULUCF - Cropland:CO2","Land Use, Land Use Change, and Forestry","LULUCF - Cropland",0.592852033394861,2040,"CO2",0,0,"WAM","BGR","bulgaria","SISEPUEDE",0.592852033394861,NA
6004,75075,"LULUCF - Cropland:CO2","Land Use, Land Use Change, and Forestry","LULUCF - Cropland",0.606409307272153,2041,"CO2",0,0,"WAM","BGR","bulgaria","SISEPUEDE",0.606409307272153,NA
6004,75075,"LULUCF - Cropland:CO2","Land Use, Land Use Change, and Forestry","LULUCF - Cropland",0.619936942448175,2042,"CO2",0,0,"WAM","BGR","bulgaria","SISEPUEDE",0.619936942448175,NA
6004,75075,"LULUCF - Cropland:CO2","Land Use, Land Use Change, and Forestry","LULUCF - Cropland",0.633436336248093,2043,"CO2",0,0,"WAM","BGR","bulgaria","SISEPUEDE",0.633436336248093,NA
6004,75075,"LULUCF - Cropland:CO2","Land Use, Land Use Change, and Forestry","LULUCF - Cropland",0.64690900230581,2044,"CO2",0,0,"WAM","BGR","bulgaria","SISEPUEDE",0.64690900230581,NA
6004,75075,"LULUCF - Cropland:CO2","Land Use, Land Use Change, and Forestry","LULUCF - Cropland",0.660356304295049,2045,"CO2",0,0,"WAM","BGR","bulgaria","SISEPUEDE",0.660356304295049,NA
6004,75075,"LULUCF - Cropland:CO2","Land Use, Land Use Change, and Forestry","LULUCF - Cropland",0.673779683290178,2046,"CO2",0,0,"WAM","BGR","bulgaria","SISEPUEDE",0.673779683290178,NA
6004,75075,"LULUCF - Cropland:CO2","Land Use, Land Use Change, and Forestry","LULUCF - Cropland",0.68718048366014,2047,"CO2",0,0,"WAM","BGR","bulgaria","SISEPUEDE",0.68718048366014,NA
6004,75075,"LULUCF - Cropland:CO2","Land Use, Land Use Change, and Forestry","LULUCF - Cropland",0.700560070867835,2048,"CO2",0,0,"WAM","BGR","bulgaria","SISEPUEDE",0.700560070867835,NA
6004,75075,"LULUCF - Cropland:CO2","Land Use, Land Use Change, and Forestry","LULUCF - Cropland",0.713919690322003,2049,"CO2",0,0,"WAM","BGR","bulgaria","SISEPUEDE",0.713919690322003,NA
6004,75075,"LULUCF - Cropland:CO2","Land Use, Land Use Change, and Forestry","LULUCF - Cropland",0.715074005102012,2050,"CO2",0,0,"WAM","BGR","bulgaria","SISEPUEDE",0.715074005102012,NA
6004,75075,"LULUCF - Forest Land:CH4","Land Use, Land Use Change, and Forestry","LULUCF - Forest Land",0,2022,"CH4",0,0,"WAM","BGR","bulgaria","SISEPUEDE",0,NA
6004,75075,"LULUCF - Forest Land:CH4","Land Use, Land Use Change, and Forestry","LULUCF - Forest Land",0,2023,"CH4",0,0,"WAM","BGR","bulgaria","SISEPUEDE",0,NA
6004,75075,"LULUCF - Forest Land:CH4","Land Use, Land Use Change, and Forestry","LULUCF - Forest Land",0,2024,"CH4",0,0,"WAM","BGR","bulgaria","SISEPUEDE",0,NA
6004,75075,"LULUCF - Forest Land:CH4","Land Use, Land Use Change, and Forestry","LULUCF - Forest Land",0,2025,"CH4",0,0,"WAM","BGR","bulgaria","SISEPUEDE",0,NA
6004,75075,"LULUCF - Forest Land:CH4","Land Use, Land Use Change, and Forestry","LULUCF - Forest Land",0,2026,"CH4",0,0,"WAM","BGR","bulgaria","SISEPUEDE",0,NA
6004,75075,"LULUCF - Forest Land:CH4","Land Use, Land Use Change, and Forestry","LULUCF - Forest Land",0,2027,"CH4",0,0,"WAM","BGR","bulgaria","SISEPUEDE",0,NA
6004,75075,"LULUCF - Forest Land:CH4","Land Use, Land Use Change, and Forestry","LULUCF - Forest Land",0,2028,"CH4",0,0,"WAM","BGR","bulgaria","SISEPUEDE",0,NA
6004,75075,"LULUCF - Forest Land:CH4","Land Use, Land Use Change, and Forestry","LULUCF - Forest Land",0,2029,"CH4",0,0,"WAM","BGR","bulgaria","SISEPUEDE",0,NA
6004,75075,"LULUCF - Forest Land:CH4","Land Use, Land Use Change, and Forestry","LULUCF - Forest Land",0,2030,"CH4",0,0,"WAM","BGR","bulgaria","SISEPUEDE",0,NA
6004,75075,"LULUCF - Forest Land:CH4","Land Use, Land Use Change, and Forestry","LULUCF - Forest Land",0,2031,"CH4",0,0,"WAM","BGR","bulgaria","SISEPUEDE",0,NA
6004,75075,"LULUCF - Forest Land:CH4","Land Use, Land Use Change, and Forestry","LULUCF - Forest Land",0,2032,"CH4",0,0,"WAM","BGR","bulgaria","SISEPUEDE",0,NA
6004,75075,"LULUCF - Forest Land:CH4","Land Use, Land Use Change, and Forestry","LULUCF - Forest Land",0,2033,"CH4",0,0,"WAM","BGR","bulgaria","SISEPUEDE",0,NA
6004,75075,"LULUCF - Forest Land:CH4","Land Use, Land Use Change, and Forestry","LULUCF - Forest Land",0,2034,"CH4",0,0,"WAM","BGR","bulgaria","SISEPUEDE",0,NA
6004,75075,"LULUCF - Forest Land:CH4","Land Use, Land Use Change, and Forestry","LULUCF - Forest Land",0,2035,"CH4",0,0,"WAM","BGR","bulgaria","SISEPUEDE",0,NA
6004,75075,"LULUCF - Forest Land:CH4","Land Use, Land Use Change, and Forestry","LULUCF - Forest Land",0,2036,"CH4",0,0,"WAM","BGR","bulgaria","SISEPUEDE",0,NA
6004,75075,"LULUCF - Forest Land:CH4","Land Use, Land Use Change, and Forestry","LULUCF - Forest Land",0,2037,"CH4",0,0,"WAM","BGR","bulgaria","SISEPUEDE",0,NA
6004,75075,"LULUCF - Forest Land:CH4","Land Use, Land Use Change, and Forestry","LULUCF - Forest Land",0,2038,"CH4",0,0,"WAM","BGR","bulgaria","SISEPUEDE",0,NA
6004,75075,"LULUCF - Forest Land:CH4","Land Use, Land Use Change, and Forestry","LULUCF - Forest Land",0,2039,"CH4",0,0,"WAM","BGR","bulgaria","SISEPUEDE",0,NA
6004,75075,"LULUCF - Forest Land:CH4","Land Use, Land Use Change, and Forestry","LULUCF - Forest Land",0,2040,"CH4",0,0,"WAM","BGR","bulgaria","SISEPUEDE",0,NA
6004,75075,"LULUCF - Forest Land:CH4","Land Use, Land Use Change, and Forestry","LULUCF - Forest Land",0,2041,"CH4",0,0,"WAM","BGR","bulgaria","SISEPUEDE",0,NA
6004,75075,"LULUCF - Forest Land:CH4","Land Use, Land Use Change, and Forestry","LULUCF - Forest Land",0,2042,"CH4",0,0,"WAM","BGR","bulgaria","SISEPUEDE",0,NA
6004,75075,"LULUCF - Forest Land:CH4","Land Use, Land Use Change, and Forestry","LULUCF - Forest Land",0,2043,"CH4",0,0,"WAM","BGR","bulgaria","SISEPUEDE",0,NA
6004,75075,"LULUCF - Forest Land:CH4","Land Use, Land Use Change, and Forestry","LULUCF - Forest Land",0,2044,"CH4",0,0,"WAM","BGR","bulgaria","SISEPUEDE",0,NA
6004,75075,"LULUCF - Forest Land:CH4","Land Use, Land Use Change, and Forestry","LULUCF - Forest Land",0,2045,"CH4",0,0,"WAM","BGR","bulgaria","SISEPUEDE",0,NA
6004,75075,"LULUCF - Forest Land:CH4","Land Use, Land Use Change, and Forestry","LULUCF - Forest Land",0,2046,"CH4",0,0,"WAM","BGR","bulgaria","SISEPUEDE",0,NA
6004,75075,"LULUCF - Forest Land:CH4","Land Use, Land Use Change, and Forestry","LULUCF - Forest Land",0,2047,"CH4",0,0,"WAM","BGR","bulgaria","SISEPUEDE",0,NA
6004,75075,"LULUCF - Forest Land:CH4","Land Use, Land Use Change, and Forestry","LULUCF - Forest Land",0,2048,"CH4",0,0,"WAM","BGR","bulgaria","SISEPUEDE",0,NA
6004,75075,"LULUCF - Forest Land:CH4","Land Use, Land Use Change, and Forestry","LULUCF - Forest Land",0,2049,"CH4",0,0,"WAM","BGR","bulgaria","SISEPUEDE",0,NA
6004,75075,"LULUCF - Forest Land:CH4","Land Use, Land Use Change, and Forestry","LULUCF - Forest Land",0,2050,"CH4",0,0,"WAM","BGR","bulgaria","SISEPUEDE",0,NA
6004,75075,"LULUCF - Forest Land:CO2","Land Use, Land Use Change, and Forestry","LULUCF - Forest Land",-8.34498,2022,"CO2",0,0,"WAM","BGR","bulgaria","SISEPUEDE",-8.34498,NA
6004,75075,"LULUCF - Forest Land:CO2","Land Use, Land Use Change, and Forestry","LULUCF - Forest Land",-8.34206763687769,2023,"CO2",0,0,"WAM","BGR","bulgaria","SISEPUEDE",-8.34206763687769,NA
6004,75075,"LULUCF - Forest Land:CO2","Land Use, Land Use Change, and Forestry","LULUCF - Forest Land",-8.3390914819518,2024,"CO2",0,0,"WAM","BGR","bulgaria","SISEPUEDE",-8.3390914819518,NA
6004,75075,"LULUCF - Forest Land:CO2","Land Use, Land Use Change, and Forestry","LULUCF - Forest Land",-8.33595882806342,2025,"CO2",0,0,"WAM","BGR","bulgaria","SISEPUEDE",-8.33595882806342,NA
6004,75075,"LULUCF - Forest Land:CO2","Land Use, Land Use Change, and Forestry","LULUCF - Forest Land",-8.33266950625966,2026,"CO2",0,0,"WAM","BGR","bulgaria","SISEPUEDE",-8.33266950625966,NA
6004,75075,"LULUCF - Forest Land:CO2","Land Use, Land Use Change, and Forestry","LULUCF - Forest Land",-8.32922372730767,2027,"CO2",0,0,"WAM","BGR","bulgaria","SISEPUEDE",-8.32922372730767,NA
6004,75075,"LULUCF - Forest Land:CO2","Land Use, Land Use Change, and Forestry","LULUCF - Forest Land",-8.32562202868749,2028,"CO2",0,0,"WAM","BGR","bulgaria","SISEPUEDE",-8.32562202868749,NA
6004,75075,"LULUCF - Forest Land:CO2","Land Use, Land Use Change, and Forestry","LULUCF - Forest Land",-8.32604416388303,2029,"CO2",0,0,"WAM","BGR","bulgaria","SISEPUEDE",-8.32604416388303,NA
6004,75075,"LULUCF - Forest Land:CO2","Land Use, Land Use Change, and Forestry","LULUCF - Forest Land",-8.33236240083398,2030,"CO2",0,0,"WAM","BGR","bulgaria","SISEPUEDE",-8.33236240083398,NA
6004,75075,"LULUCF - Forest Land:CO2","Land Use, Land Use Change, and Forestry","LULUCF - Forest Land",-8.33861470254784,2031,"CO2",0,0,"WAM","BGR","bulgaria","SISEPUEDE",-8.33861470254784,NA
6004,75075,"LULUCF - Forest Land:CO2","Land Use, Land Use Change, and Forestry","LULUCF - Forest Land",-8.34480224062448,2032,"CO2",0,0,"WAM","BGR","bulgaria","SISEPUEDE",-8.34480224062448,NA
6004,75075,"LULUCF - Forest Land:CO2","Land Use, Land Use Change, and Forestry","LULUCF - Forest Land",-8.35092632759289,2033,"CO2",0,0,"WAM","BGR","bulgaria","SISEPUEDE",-8.35092632759289,NA
6004,75075,"LULUCF - Forest Land:CO2","Land Use, Land Use Change, and Forestry","LULUCF - Forest Land",-8.35698839058493,2034,"CO2",0,0,"WAM","BGR","bulgaria","SISEPUEDE",-8.35698839058493,NA
6004,75075,"LULUCF - Forest Land:CO2","Land Use, Land Use Change, and Forestry","LULUCF - Forest Land",-8.36298994812724,2035,"CO2",0,0,"WAM","BGR","bulgaria","SISEPUEDE",-8.36298994812724,NA
6004,75075,"LULUCF - Forest Land:CO2","Land Use, Land Use Change, and Forestry","LULUCF - Forest Land",-8.36893258996411,2036,"CO2",0,0,"WAM","BGR","bulgaria","SISEPUEDE",-8.36893258996411,NA
6004,75075,"LULUCF - Forest Land:CO2","Land Use, Land Use Change, and Forestry","LULUCF - Forest Land",-8.37481795900863,2037,"CO2",0,0,"WAM","BGR","bulgaria","SISEPUEDE",-8.37481795900863,NA
6004,75075,"LULUCF - Forest Land:CO2","Land Use, Land Use Change, and Forestry","LULUCF - Forest Land",-8.38064773596003,2038,"CO2",0,0,"WAM","BGR","bulgaria","SISEPUEDE",-8.38064773596003,NA
6004,75075,"LULUCF - Forest Land:CO2","Land Use, Land Use Change, and Forestry","LULUCF - Forest Land",-8.3864236256028,2039,"CO2",0,0,"WAM","BGR","bulgaria","SISEPUEDE",-8.3864236256028,NA
6004,75075,"LULUCF - Forest Land:CO2","Land Use, Land Use Change, and Forestry","LULUCF - Forest Land",-8.39214734508455,2040,"CO2",0,0,"WAM","BGR","bulgaria","SISEPUEDE",-8.39214734508455,NA
6004,75075,"LULUCF - Forest Land:CO2","Land Use, Land Use Change, and Forestry","LULUCF - Forest Land",-8.39782061370023,2041,"CO2",0,0,"WAM","BGR","bulgaria","SISEPUEDE",-8.39782061370023,NA
6004,75075,"LULUCF - Forest Land:CO2","Land Use, Land Use Change, and Forestry","LULUCF - Forest Land",-8.4034451441394,2042,"CO2",0,0,"WAM","BGR","bulgaria","SISEPUEDE",-8.4034451441394,NA
6004,75075,"LULUCF - Forest Land:CO2","Land Use, Land Use Change, and Forestry","LULUCF - Forest Land",-8.40902263502117,2043,"CO2",0,0,"WAM","BGR","bulgaria","SISEPUEDE",-8.40902263502117,NA
6004,75075,"LULUCF - Forest Land:CO2","Land Use, Land Use Change, and Forestry","LULUCF - Forest Land",-8.41455476445321,2044,"CO2",0,0,"WAM","BGR","bulgaria","SISEPUEDE",-8.41455476445321,NA
6004,75075,"LULUCF - Forest Land:CO2","Land Use, Land Use Change, and Forestry","LULUCF - Forest Land",-8.4200431847756,2045,"CO2",0,0,"WAM","BGR","bulgaria","SISEPUEDE",-8.4200431847756,NA
6004,75075,"LULUCF - Forest Land:CO2","Land Use, Land Use Change, and Forestry","LULUCF - Forest Land",-8.42548951796941,2046,"CO2",0,0,"WAM","BGR","bulgaria","SISEPUEDE",-8.42548951796941,NA
6004,75075,"LULUCF - Forest Land:CO2","Land Use, Land Use Change, and Forestry","LULUCF - Forest Land",-8.43089535202362,2047,"CO2",0,0,"WAM","BGR","bulgaria","SISEPUEDE",-8.43089535202362,NA
6004,75075,"LULUCF - Forest Land:CO2","Land Use, Land Use Change, and Forestry","LULUCF - Forest Land",-8.43626223789719,2048,"CO2",0,0,"WAM","BGR","bulgaria","SISEPUEDE",-8.43626223789719,NA
6004,75075,"LULUCF - Forest Land:CO2","Land Use, Land Use Change, and Forestry","LULUCF - Forest Land",-8.44159168714141,2049,"CO2",0,0,"WAM","BGR","bulgaria","SISEPUEDE",-8.44159168714141,NA
6004,75075,"LULUCF - Forest Land:CO2","Land Use, Land Use Change, and Forestry","LULUCF - Forest Land",-8.44688516997686,2050,"CO2",0,0,"WAM","BGR","bulgaria","SISEPUEDE",-8.44688516997686,NA
6004,75075,"LULUCF - Grassland:CO2","Land Use, Land Use Change, and Forestry","LULUCF - Grassland",-0.83481,2022,"CO2",0,0,"WAM","BGR","bulgaria","SISEPUEDE",-0.83481,NA
6004,75075,"LULUCF - Grassland:CO2","Land Use, Land Use Change, and Forestry","LULUCF - Grassland",-0.833063306045243,2023,"CO2",0,0,"WAM","BGR","bulgaria","SISEPUEDE",-0.833063306045243,NA
6004,75075,"LULUCF - Grassland:CO2","Land Use, Land Use Change, and Forestry","LULUCF - Grassland",-0.831329821515173,2024,"CO2",0,0,"WAM","BGR","bulgaria","SISEPUEDE",-0.831329821515173,NA
6004,75075,"LULUCF - Grassland:CO2","Land Use, Land Use Change, and Forestry","LULUCF - Grassland",-0.829609420787795,2025,"CO2",0,0,"WAM","BGR","bulgaria","SISEPUEDE",-0.829609420787795,NA
6004,75075,"LULUCF - Grassland:CO2","Land Use, Land Use Change, and Forestry","LULUCF - Grassland",-0.827901980278541,2026,"CO2",0,0,"WAM","BGR","bulgaria","SISEPUEDE",-0.827901980278541,NA
6004,75075,"LULUCF - Grassland:CO2","Land Use, Land Use Change, and Forestry","LULUCF - Grassland",-0.826207377196174,2027,"CO2",0,0,"WAM","BGR","bulgaria","SISEPUEDE",-0.826207377196174,NA
6004,75075,"LULUCF - Grassland:CO2","Land Use, Land Use Change, and Forestry","LULUCF - Grassland",-0.8245268768449,2028,"CO2",0,0,"WAM","BGR","bulgaria","SISEPUEDE",-0.8245268768449,NA
6004,75075,"LULUCF - Grassland:CO2","Land Use, Land Use Change, and Forestry","LULUCF - Grassland",-0.822857582216552,2029,"CO2",0,0,"WAM","BGR","bulgaria","SISEPUEDE",-0.822857582216552,NA
6004,75075,"LULUCF - Grassland:CO2","Land Use, Land Use Change, and Forestry","LULUCF - Grassland",-0.821200761893813,2030,"CO2",0,0,"WAM","BGR","bulgaria","SISEPUEDE",-0.821200761893813,NA
6004,75075,"LULUCF - Grassland:CO2","Land Use, Land Use Change, and Forestry","LULUCF - Grassland",-0.819556291053303,2031,"CO2",0,0,"WAM","BGR","bulgaria","SISEPUEDE",-0.819556291053303,NA
6004,75075,"LULUCF - Grassland:CO2","Land Use, Land Use Change, and Forestry","LULUCF - Grassland",-0.817924047024945,2032,"CO2",0,0,"WAM","BGR","bulgaria","SISEPUEDE",-0.817924047024945,NA
6004,75075,"LULUCF - Grassland:CO2","Land Use, Land Use Change, and Forestry","LULUCF - Grassland",-0.816303908705542,2033,"CO2",0,0,"WAM","BGR","bulgaria","SISEPUEDE",-0.816303908705542,NA
6004,75075,"LULUCF - Grassland:CO2","Land Use, Land Use Change, and Forestry","LULUCF - Grassland",-0.814695756210428,2034,"CO2",0,0,"WAM","BGR","bulgaria","SISEPUEDE",-0.814695756210428,NA
6004,75075,"LULUCF - Grassland:CO2","Land Use, Land Use Change, and Forestry","LULUCF - Grassland",-0.813099470770405,2035,"CO2",0,0,"WAM","BGR","bulgaria","SISEPUEDE",-0.813099470770405,NA
6004,75075,"LULUCF - Grassland:CO2","Land Use, Land Use Change, and Forestry","LULUCF - Grassland",-0.81151493531201,2036,"CO2",0,0,"WAM","BGR","bulgaria","SISEPUEDE",-0.81151493531201,NA
6004,75075,"LULUCF - Grassland:CO2","Land Use, Land Use Change, and Forestry","LULUCF - Grassland",-0.809942033409115,2037,"CO2",0,0,"WAM","BGR","bulgaria","SISEPUEDE",-0.809942033409115,NA
6004,75075,"LULUCF - Grassland:CO2","Land Use, Land Use Change, and Forestry","LULUCF - Grassland",-0.808380650381253,2038,"CO2",0,0,"WAM","BGR","bulgaria","SISEPUEDE",-0.808380650381253,NA
6004,75075,"LULUCF - Grassland:CO2","Land Use, Land Use Change, and Forestry","LULUCF - Grassland",-0.806830672359495,2039,"CO2",0,0,"WAM","BGR","bulgaria","SISEPUEDE",-0.806830672359495,NA
6004,75075,"LULUCF - Grassland:CO2","Land Use, Land Use Change, and Forestry","LULUCF - Grassland",-0.805291986990605,2040,"CO2",0,0,"WAM","BGR","bulgaria","SISEPUEDE",-0.805291986990605,NA
6004,75075,"LULUCF - Grassland:CO2","Land Use, Land Use Change, and Forestry","LULUCF - Grassland",-0.803764482941092,2041,"CO2",0,0,"WAM","BGR","bulgaria","SISEPUEDE",-0.803764482941092,NA
6004,75075,"LULUCF - Grassland:CO2","Land Use, Land Use Change, and Forestry","LULUCF - Grassland",-0.802248050198107,2042,"CO2",0,0,"WAM","BGR","bulgaria","SISEPUEDE",-0.802248050198107,NA
6004,75075,"LULUCF - Grassland:CO2","Land Use, Land Use Change, and Forestry","LULUCF - Grassland",-0.800742579719507,2043,"CO2",0,0,"WAM","BGR","bulgaria","SISEPUEDE",-0.800742579719507,NA
6004,75075,"LULUCF - Grassland:CO2","Land Use, Land Use Change, and Forestry","LULUCF - Grassland",-0.799247963834574,2044,"CO2",0,0,"WAM","BGR","bulgaria","SISEPUEDE",-0.799247963834574,NA
6004,75075,"LULUCF - Grassland:CO2","Land Use, Land Use Change, and Forestry","LULUCF - Grassland",-0.797764095792963,2045,"CO2",0,0,"WAM","BGR","bulgaria","SISEPUEDE",-0.797764095792963,NA
6004,75075,"LULUCF - Grassland:CO2","Land Use, Land Use Change, and Forestry","LULUCF - Grassland",-0.796290870126891,2046,"CO2",0,0,"WAM","BGR","bulgaria","SISEPUEDE",-0.796290870126891,NA
6004,75075,"LULUCF - Grassland:CO2","Land Use, Land Use Change, and Forestry","LULUCF - Grassland",-0.794828182296761,2047,"CO2",0,0,"WAM","BGR","bulgaria","SISEPUEDE",-0.794828182296761,NA
6004,75075,"LULUCF - Grassland:CO2","Land Use, Land Use Change, and Forestry","LULUCF - Grassland",-0.793375929184778,2048,"CO2",0,0,"WAM","BGR","bulgaria","SISEPUEDE",-0.793375929184778,NA
6004,75075,"LULUCF - Grassland:CO2","Land Use, Land Use Change, and Forestry","LULUCF - Grassland",-0.791934008469712,2049,"CO2",0,0,"WAM","BGR","bulgaria","SISEPUEDE",-0.791934008469712,NA
6004,75075,"LULUCF - Grassland:CO2","Land Use, Land Use Change, and Forestry","LULUCF - Grassland",-0.79050231904984,2050,"CO2",0,0,"WAM","BGR","bulgaria","SISEPUEDE",-0.79050231904984,NA
6004,75075,"LULUCF - HWP:CO2","Land Use, Land Use Change, and Forestry","LULUCF - HWP",-0.97025,2022,"CO2",0,0,"WAM","BGR","bulgaria","SISEPUEDE",-0.97025,NA
6004,75075,"LULUCF - HWP:CO2","Land Use, Land Use Change, and Forestry","LULUCF - HWP",-1.10459440626831,2023,"CO2",0,0,"WAM","BGR","bulgaria","SISEPUEDE",-1.10459440626831,NA
6004,75075,"LULUCF - HWP:CO2","Land Use, Land Use Change, and Forestry","LULUCF - HWP",-1.08859484588892,2024,"CO2",0,0,"WAM","BGR","bulgaria","SISEPUEDE",-1.08859484588892,NA
6004,75075,"LULUCF - HWP:CO2","Land Use, Land Use Change, and Forestry","LULUCF - HWP",-1.14187562154664,2025,"CO2",0,0,"WAM","BGR","bulgaria","SISEPUEDE",-1.14187562154664,NA
6004,75075,"LULUCF - HWP:CO2","Land Use, Land Use Change, and Forestry","LULUCF - HWP",-1.17791077627574,2026,"CO2",0,0,"WAM","BGR","bulgaria","SISEPUEDE",-1.17791077627574,NA
6004,75075,"LULUCF - HWP:CO2","Land Use, Land Use Change, and Forestry","LULUCF - HWP",-1.20994881729464,2027,"CO2",0,0,"WAM","BGR","bulgaria","SISEPUEDE",-1.20994881729464,NA
6004,75075,"LULUCF - HWP:CO2","Land Use, Land Use Change, and Forestry","LULUCF - HWP",-1.250975449798,2028,"CO2",0,0,"WAM","BGR","bulgaria","SISEPUEDE",-1.250975449798,NA
6004,75075,"LULUCF - HWP:CO2","Land Use, Land Use Change, and Forestry","LULUCF - HWP",-1.25577735448051,2029,"CO2",0,0,"WAM","BGR","bulgaria","SISEPUEDE",-1.25577735448051,NA
6004,75075,"LULUCF - HWP:CO2","Land Use, Land Use Change, and Forestry","LULUCF - HWP",-1.25255922494643,2030,"CO2",0,0,"WAM","BGR","bulgaria","SISEPUEDE",-1.25255922494643,NA
6004,75075,"LULUCF - HWP:CO2","Land Use, Land Use Change, and Forestry","LULUCF - HWP",-1.25040894577825,2031,"CO2",0,0,"WAM","BGR","bulgaria","SISEPUEDE",-1.25040894577825,NA
6004,75075,"LULUCF - HWP:CO2","Land Use, Land Use Change, and Forestry","LULUCF - HWP",-1.24506582482611,2032,"CO2",0,0,"WAM","BGR","bulgaria","SISEPUEDE",-1.24506582482611,NA
6004,75075,"LULUCF - HWP:CO2","Land Use, Land Use Change, and Forestry","LULUCF - HWP",-1.24028559177115,2033,"CO2",0,0,"WAM","BGR","bulgaria","SISEPUEDE",-1.24028559177115,NA
6004,75075,"LULUCF - HWP:CO2","Land Use, Land Use Change, and Forestry","LULUCF - HWP",-1.23535117791586,2034,"CO2",0,0,"WAM","BGR","bulgaria","SISEPUEDE",-1.23535117791586,NA
6004,75075,"LULUCF - HWP:CO2","Land Use, Land Use Change, and Forestry","LULUCF - HWP",-1.22920709845526,2035,"CO2",0,0,"WAM","BGR","bulgaria","SISEPUEDE",-1.22920709845526,NA
6004,75075,"LULUCF - HWP:CO2","Land Use, Land Use Change, and Forestry","LULUCF - HWP",-1.22161128685043,2036,"CO2",0,0,"WAM","BGR","bulgaria","SISEPUEDE",-1.22161128685043,NA
6004,75075,"LULUCF - HWP:CO2","Land Use, Land Use Change, and Forestry","LULUCF - HWP",-1.20940756185458,2037,"CO2",0,0,"WAM","BGR","bulgaria","SISEPUEDE",-1.20940756185458,NA
6004,75075,"LULUCF - HWP:CO2","Land Use, Land Use Change, and Forestry","LULUCF - HWP",-1.19673778783863,2038,"CO2",0,0,"WAM","BGR","bulgaria","SISEPUEDE",-1.19673778783863,NA
6004,75075,"LULUCF - HWP:CO2","Land Use, Land Use Change, and Forestry","LULUCF - HWP",-1.183074582406,2039,"CO2",0,0,"WAM","BGR","bulgaria","SISEPUEDE",-1.183074582406,NA
6004,75075,"LULUCF - HWP:CO2","Land Use, Land Use Change, and Forestry","LULUCF - HWP",-1.16727382053027,2040,"CO2",0,0,"WAM","BGR","bulgaria","SISEPUEDE",-1.16727382053027,NA
6004,75075,"LULUCF - HWP:CO2","Land Use, Land Use Change, and Forestry","LULUCF - HWP",-1.15146154180874,2041,"CO2",0,0,"WAM","BGR","bulgaria","SISEPUEDE",-1.15146154180874,NA
6004,75075,"LULUCF - HWP:CO2","Land Use, Land Use Change, and Forestry","LULUCF - HWP",-1.12948672220896,2042,"CO2",0,0,"WAM","BGR","bulgaria","SISEPUEDE",-1.12948672220896,NA
6004,75075,"LULUCF - HWP:CO2","Land Use, Land Use Change, and Forestry","LULUCF - HWP",-1.10720236579449,2043,"CO2",0,0,"WAM","BGR","bulgaria","SISEPUEDE",-1.10720236579449,NA
6004,75075,"LULUCF - HWP:CO2","Land Use, Land Use Change, and Forestry","LULUCF - HWP",-1.08461958691089,2044,"CO2",0,0,"WAM","BGR","bulgaria","SISEPUEDE",-1.08461958691089,NA
6004,75075,"LULUCF - HWP:CO2","Land Use, Land Use Change, and Forestry","LULUCF - HWP",-1.06153643323667,2045,"CO2",0,0,"WAM","BGR","bulgaria","SISEPUEDE",-1.06153643323667,NA
6004,75075,"LULUCF - HWP:CO2","Land Use, Land Use Change, and Forestry","LULUCF - HWP",-1.03893991129396,2046,"CO2",0,0,"WAM","BGR","bulgaria","SISEPUEDE",-1.03893991129396,NA
6004,75075,"LULUCF - HWP:CO2","Land Use, Land Use Change, and Forestry","LULUCF - HWP",-1.01290989478035,2047,"CO2",0,0,"WAM","BGR","bulgaria","SISEPUEDE",-1.01290989478035,NA
6004,75075,"LULUCF - HWP:CO2","Land Use, Land Use Change, and Forestry","LULUCF - HWP",-0.988014871248282,2048,"CO2",0,0,"WAM","BGR","bulgaria","SISEPUEDE",-0.988014871248282,NA
6004,75075,"LULUCF - HWP:CO2","Land Use, Land Use Change, and Forestry","LULUCF - HWP",-0.962866829667618,2049,"CO2",0,0,"WAM","BGR","bulgaria","SISEPUEDE",-0.962866829667618,NA
6004,75075,"LULUCF - HWP:CO2","Land Use, Land Use Change, and Forestry","LULUCF - HWP",-0.936508270556588,2050,"CO2",0,0,"WAM","BGR","bulgaria","SISEPUEDE",-0.936508270556588,NA
6004,75075,"LULUCF - Other Land:CO2","Land Use, Land Use Change, and Forestry","LULUCF - Other Land",0,2022,"CO2",0,0,"WAM","BGR","bulgaria","SISEPUEDE",0,NA
6004,75075,"LULUCF - Other Land:CO2","Land Use, Land Use Change, and Forestry","LULUCF - Other Land",0,2023,"CO2",0,0,"WAM","BGR","bulgaria","SISEPUEDE",0,NA
6004,75075,"LULUCF - Other Land:CO2","Land Use, Land Use Change, and Forestry","LULUCF - Other Land",0,2024,"CO2",0,0,"WAM","BGR","bulgaria","SISEPUEDE",0,NA
6004,75075,"LULUCF - Other Land:CO2","Land Use, Land Use Change, and Forestry","LULUCF - Other Land",0,2025,"CO2",0,0,"WAM","BGR","bulgaria","SISEPUEDE",0,NA
6004,75075,"LULUCF - Other Land:CO2","Land Use, Land Use Change, and Forestry","LULUCF - Other Land",0,2026,"CO2",0,0,"WAM","BGR","bulgaria","SISEPUEDE",0,NA
6004,75075,"LULUCF - Other Land:CO2","Land Use, Land Use Change, and Forestry","LULUCF - Other Land",0,2027,"CO2",0,0,"WAM","BGR","bulgaria","SISEPUEDE",0,NA
6004,75075,"LULUCF - Other Land:CO2","Land Use, Land Use Change, and Forestry","LULUCF - Other Land",0,2028,"CO2",0,0,"WAM","BGR","bulgaria","SISEPUEDE",0,NA
6004,75075,"LULUCF - Other Land:CO2","Land Use, Land Use Change, and Forestry","LULUCF - Other Land",0,2029,"CO2",0,0,"WAM","BGR","bulgaria","SISEPUEDE",0,NA
6004,75075,"LULUCF - Other Land:CO2","Land Use, Land Use Change, and Forestry","LULUCF - Other Land",0,2030,"CO2",0,0,"WAM","BGR","bulgaria","SISEPUEDE",0,NA
6004,75075,"LULUCF - Other Land:CO2","Land Use, Land Use Change, and Forestry","LULUCF - Other Land",0,2031,"CO2",0,0,"WAM","BGR","bulgaria","SISEPUEDE",0,NA
6004,75075,"LULUCF - Other Land:CO2","Land Use, Land Use Change, and Forestry","LULUCF - Other Land",0,2032,"CO2",0,0,"WAM","BGR","bulgaria","SISEPUEDE",0,NA
6004,75075,"LULUCF - Other Land:CO2","Land Use, Land Use Change, and Forestry","LULUCF - Other Land",0,2033,"CO2",0,0,"WAM","BGR","bulgaria","SISEPUEDE",0,NA
6004,75075,"LULUCF - Other Land:CO2","Land Use, Land Use Change, and Forestry","LULUCF - Other Land",0,2034,"CO2",0,0,"WAM","BGR","bulgaria","SISEPUEDE",0,NA
6004,75075,"LULUCF - Other Land:CO2","Land Use, Land Use Change, and Forestry","LULUCF - Other Land",0,2035,"CO2",0,0,"WAM","BGR","bulgaria","SISEPUEDE",0,NA
6004,75075,"LULUCF - Other Land:CO2","Land Use, Land Use Change, and Forestry","LULUCF - Other Land",0,2036,"CO2",0,0,"WAM","BGR","bulgaria","SISEPUEDE",0,NA
6004,75075,"LULUCF - Other Land:CO2","Land Use, Land Use Change, and Forestry","LULUCF - Other Land",0,2037,"CO2",0,0,"WAM","BGR","bulgaria","SISEPUEDE",0,NA
6004,75075,"LULUCF - Other Land:CO2","Land Use, Land Use Change, and Forestry","LULUCF - Other Land",0,2038,"CO2",0,0,"WAM","BGR","bulgaria","SISEPUEDE",0,NA
6004,75075,"LULUCF - Other Land:CO2","Land Use, Land Use Change, and Forestry","LULUCF - Other Land",0,2039,"CO2",0,0,"WAM","BGR","bulgaria","SISEPUEDE",0,NA
6004,75075,"LULUCF - Other Land:CO2","Land Use, Land Use Change, and Forestry","LULUCF - Other Land",0,2040,"CO2",0,0,"WAM","BGR","bulgaria","SISEPUEDE",0,NA
6004,75075,"LULUCF - Other Land:CO2","Land Use, Land Use Change, and Forestry","LULUCF - Other Land",0,2041,"CO2",0,0,"WAM","BGR","bulgaria","SISEPUEDE",0,NA
6004,75075,"LULUCF - Other Land:CO2","Land Use, Land Use Change, and Forestry","LULUCF - Other Land",0,2042,"CO2",0,0,"WAM","BGR","bulgaria","SISEPUEDE",0,NA
6004,75075,"LULUCF - Other Land:CO2","Land Use, Land Use Change, and Forestry","LULUCF - Other Land",0,2043,"CO2",0,0,"WAM","BGR","bulgaria","SISEPUEDE",0,NA
6004,75075,"LULUCF - Other Land:CO2","Land Use, Land Use Change, and Forestry","LULUCF - Other Land",0,2044,"CO2",0,0,"WAM","BGR","bulgaria","SISEPUEDE",0,NA
6004,75075,"LULUCF - Other Land:CO2","Land Use, Land Use Change, and Forestry","LULUCF - Other Land",0,2045,"CO2",0,0,"WAM","BGR","bulgaria","SISEPUEDE",0,NA
6004,75075,"LULUCF - Other Land:CO2","Land Use, Land Use Change, and Forestry","LULUCF - Other Land",0,2046,"CO2",0,0,"WAM","BGR","bulgaria","SISEPUEDE",0,NA
6004,75075,"LULUCF - Other Land:CO2","Land Use, Land Use Change, and Forestry","LULUCF - Other Land",0,2047,"CO2",0,0,"WAM","BGR","bulgaria","SISEPUEDE",0,NA
6004,75075,"LULUCF - Other Land:CO2","Land Use, Land Use Change, and Forestry","LULUCF - Other Land",0,2048,"CO2",0,0,"WAM","BGR","bulgaria","SISEPUEDE",0,NA
6004,75075,"LULUCF - Other Land:CO2","Land Use, Land Use Change, and Forestry","LULUCF - Other Land",0,2049,"CO2",0,0,"WAM","BGR","bulgaria","SISEPUEDE",0,NA
6004,75075,"LULUCF - Other Land:CO2","Land Use, Land Use Change, and Forestry","LULUCF - Other Land",0,2050,"CO2",0,0,"WAM","BGR","bulgaria","SISEPUEDE",0,NA
6004,75075,"LULUCF - Settlements:CO2","Land Use, Land Use Change, and Forestry","LULUCF - Settlements",0.17311,2022,"CO2",0,0,"WAM","BGR","bulgaria","SISEPUEDE",0.17311,NA
6004,75075,"LULUCF - Settlements:CO2","Land Use, Land Use Change, and Forestry","LULUCF - Settlements",0.172994377551605,2023,"CO2",0,0,"WAM","BGR","bulgaria","SISEPUEDE",0.172994377551605,NA
6004,75075,"LULUCF - Settlements:CO2","Land Use, Land Use Change, and Forestry","LULUCF - Settlements",0.172878839478617,2024,"CO2",0,0,"WAM","BGR","bulgaria","SISEPUEDE",0.172878839478617,NA
6004,75075,"LULUCF - Settlements:CO2","Land Use, Land Use Change, and Forestry","LULUCF - Settlements",0.172761453161296,2025,"CO2",0,0,"WAM","BGR","bulgaria","SISEPUEDE",0.172761453161296,NA
6004,75075,"LULUCF - Settlements:CO2","Land Use, Land Use Change, and Forestry","LULUCF - Settlements",0.172642239586592,2026,"CO2",0,0,"WAM","BGR","bulgaria","SISEPUEDE",0.172642239586592,NA
6004,75075,"LULUCF - Settlements:CO2","Land Use, Land Use Change, and Forestry","LULUCF - Settlements",0.172521196836703,2027,"CO2",0,0,"WAM","BGR","bulgaria","SISEPUEDE",0.172521196836703,NA
6004,75075,"LULUCF - Settlements:CO2","Land Use, Land Use Change, and Forestry","LULUCF - Settlements",0.1723983006796,2028,"CO2",0,0,"WAM","BGR","bulgaria","SISEPUEDE",0.1723983006796,NA
6004,75075,"LULUCF - Settlements:CO2","Land Use, Land Use Change, and Forestry","LULUCF - Settlements",0.172360937420199,2029,"CO2",0,0,"WAM","BGR","bulgaria","SISEPUEDE",0.172360937420199,NA
6004,75075,"LULUCF - Settlements:CO2","Land Use, Land Use Change, and Forestry","LULUCF - Settlements",0.172448192439525,2030,"CO2",0,0,"WAM","BGR","bulgaria","SISEPUEDE",0.172448192439525,NA
6004,75075,"LULUCF - Settlements:CO2","Land Use, Land Use Change, and Forestry","LULUCF - Settlements",0.172535452281395,2031,"CO2",0,0,"WAM","BGR","bulgaria","SISEPUEDE",0.172535452281395,NA
6004,75075,"LULUCF - Settlements:CO2","Land Use, Land Use Change, and Forestry","LULUCF - Settlements",0.172622715799807,2032,"CO2",0,0,"WAM","BGR","bulgaria","SISEPUEDE",0.172622715799807,NA
6004,75075,"LULUCF - Settlements:CO2","Land Use, Land Use Change, and Forestry","LULUCF - Settlements",0.172709963301139,2033,"CO2",0,0,"WAM","BGR","bulgaria","SISEPUEDE",0.172709963301139,NA
6004,75075,"LULUCF - Settlements:CO2","Land Use, Land Use Change, and Forestry","LULUCF - Settlements",0.172797236118861,2034,"CO2",0,0,"WAM","BGR","bulgaria","SISEPUEDE",0.172797236118861,NA
6004,75075,"LULUCF - Settlements:CO2","Land Use, Land Use Change, and Forestry","LULUCF - Settlements",0.172884485388962,2035,"CO2",0,0,"WAM","BGR","bulgaria","SISEPUEDE",0.172884485388962,NA
6004,75075,"LULUCF - Settlements:CO2","Land Use, Land Use Change, and Forestry","LULUCF - Settlements",0.172971761127691,2036,"CO2",0,0,"WAM","BGR","bulgaria","SISEPUEDE",0.172971761127691,NA
6004,75075,"LULUCF - Settlements:CO2","Land Use, Land Use Change, and Forestry","LULUCF - Settlements",0.173059033295526,2037,"CO2",0,0,"WAM","BGR","bulgaria","SISEPUEDE",0.173059033295526,NA
6004,75075,"LULUCF - Settlements:CO2","Land Use, Land Use Change, and Forestry","LULUCF - Settlements",0.173146305092196,2038,"CO2",0,0,"WAM","BGR","bulgaria","SISEPUEDE",0.173146305092196,NA
6004,75075,"LULUCF - Settlements:CO2","Land Use, Land Use Change, and Forestry","LULUCF - Settlements",0.173233572260598,2039,"CO2",0,0,"WAM","BGR","bulgaria","SISEPUEDE",0.173233572260598,NA
6004,75075,"LULUCF - Settlements:CO2","Land Use, Land Use Change, and Forestry","LULUCF - Settlements",0.173320837337693,2040,"CO2",0,0,"WAM","BGR","bulgaria","SISEPUEDE",0.173320837337693,NA
6004,75075,"LULUCF - Settlements:CO2","Land Use, Land Use Change, and Forestry","LULUCF - Settlements",0.17340811492904,2041,"CO2",0,0,"WAM","BGR","bulgaria","SISEPUEDE",0.17340811492904,NA
6004,75075,"LULUCF - Settlements:CO2","Land Use, Land Use Change, and Forestry","LULUCF - Settlements",0.173495385176625,2042,"CO2",0,0,"WAM","BGR","bulgaria","SISEPUEDE",0.173495385176625,NA
6004,75075,"LULUCF - Settlements:CO2","Land Use, Land Use Change, and Forestry","LULUCF - Settlements",0.173582672541794,2043,"CO2",0,0,"WAM","BGR","bulgaria","SISEPUEDE",0.173582672541794,NA
6004,75075,"LULUCF - Settlements:CO2","Land Use, Land Use Change, and Forestry","LULUCF - Settlements",0.173669945637339,2044,"CO2",0,0,"WAM","BGR","bulgaria","SISEPUEDE",0.173669945637339,NA
6004,75075,"LULUCF - Settlements:CO2","Land Use, Land Use Change, and Forestry","LULUCF - Settlements",0.173757232542894,2045,"CO2",0,0,"WAM","BGR","bulgaria","SISEPUEDE",0.173757232542894,NA
6004,75075,"LULUCF - Settlements:CO2","Land Use, Land Use Change, and Forestry","LULUCF - Settlements",0.173844518320396,2046,"CO2",0,0,"WAM","BGR","bulgaria","SISEPUEDE",0.173844518320396,NA
6004,75075,"LULUCF - Settlements:CO2","Land Use, Land Use Change, and Forestry","LULUCF - Settlements",0.173931814952434,2047,"CO2",0,0,"WAM","BGR","bulgaria","SISEPUEDE",0.173931814952434,NA
6004,75075,"LULUCF - Settlements:CO2","Land Use, Land Use Change, and Forestry","LULUCF - Settlements",0.174019095939057,2048,"CO2",0,0,"WAM","BGR","bulgaria","SISEPUEDE",0.174019095939057,NA
6004,75075,"LULUCF - Settlements:CO2","Land Use, Land Use Change, and Forestry","LULUCF - Settlements",0.17410639591865,2049,"CO2",0,0,"WAM","BGR","bulgaria","SISEPUEDE",0.17410639591865,NA
6004,75075,"LULUCF - Settlements:CO2","Land Use, Land Use Change, and Forestry","LULUCF - Settlements",0.174193689949963,2050,"CO2",0,0,"WAM","BGR","bulgaria","SISEPUEDE",0.174193689949963,NA
6004,75075,"LULUCF - Wetlands:CH4","Land Use, Land Use Change, and Forestry","LULUCF - Wetlands",0,2022,"CH4",0,0,"WAM","BGR","bulgaria","SISEPUEDE",0,NA
6004,75075,"LULUCF - Wetlands:CH4","Land Use, Land Use Change, and Forestry","LULUCF - Wetlands",0,2023,"CH4",0,0,"WAM","BGR","bulgaria","SISEPUEDE",0,NA
6004,75075,"LULUCF - Wetlands:CH4","Land Use, Land Use Change, and Forestry","LULUCF - Wetlands",0,2024,"CH4",0,0,"WAM","BGR","bulgaria","SISEPUEDE",0,NA
6004,75075,"LULUCF - Wetlands:CH4","Land Use, Land Use Change, and Forestry","LULUCF - Wetlands",0,2025,"CH4",0,0,"WAM","BGR","bulgaria","SISEPUEDE",0,NA
6004,75075,"LULUCF - Wetlands:CH4","Land Use, Land Use Change, and Forestry","LULUCF - Wetlands",0,2026,"CH4",0,0,"WAM","BGR","bulgaria","SISEPUEDE",0,NA
6004,75075,"LULUCF - Wetlands:CH4","Land Use, Land Use Change, and Forestry","LULUCF - Wetlands",0,2027,"CH4",0,0,"WAM","BGR","bulgaria","SISEPUEDE",0,NA
6004,75075,"LULUCF - Wetlands:CH4","Land Use, Land Use Change, and Forestry","LULUCF - Wetlands",0,2028,"CH4",0,0,"WAM","BGR","bulgaria","SISEPUEDE",0,NA
6004,75075,"LULUCF - Wetlands:CH4","Land Use, Land Use Change, and Forestry","LULUCF - Wetlands",0,2029,"CH4",0,0,"WAM","BGR","bulgaria","SISEPUEDE",0,NA
6004,75075,"LULUCF - Wetlands:CH4","Land Use, Land Use Change, and Forestry","LULUCF - Wetlands",0,2030,"CH4",0,0,"WAM","BGR","bulgaria","SISEPUEDE",0,NA
6004,75075,"LULUCF - Wetlands:CH4","Land Use, Land Use Change, and Forestry","LULUCF - Wetlands",0,2031,"CH4",0,0,"WAM","BGR","bulgaria","SISEPUEDE",0,NA
6004,75075,"LULUCF - Wetlands:CH4","Land Use, Land Use Change, and Forestry","LULUCF - Wetlands",0,2032,"CH4",0,0,"WAM","BGR","bulgaria","SISEPUEDE",0,NA
6004,75075,"LULUCF - Wetlands:CH4","Land Use, Land Use Change, and Forestry","LULUCF - Wetlands",0,2033,"CH4",0,0,"WAM","BGR","bulgaria","SISEPUEDE",0,NA
6004,75075,"LULUCF - Wetlands:CH4","Land Use, Land Use Change, and Forestry","LULUCF - Wetlands",0,2034,"CH4",0,0,"WAM","BGR","bulgaria","SISEPUEDE",0,NA
6004,75075,"LULUCF - Wetlands:CH4","Land Use, Land Use Change, and Forestry","LULUCF - Wetlands",0,2035,"CH4",0,0,"WAM","BGR","bulgaria","SISEPUEDE",0,NA
6004,75075,"LULUCF - Wetlands:CH4","Land Use, Land Use Change, and Forestry","LULUCF - Wetlands",0,2036,"CH4",0,0,"WAM","BGR","bulgaria","SISEPUEDE",0,NA
6004,75075,"LULUCF - Wetlands:CH4","Land Use, Land Use Change, and Forestry","LULUCF - Wetlands",0,2037,"CH4",0,0,"WAM","BGR","bulgaria","SISEPUEDE",0,NA
6004,75075,"LULUCF - Wetlands:CH4","Land Use, Land Use Change, and Forestry","LULUCF - Wetlands",0,2038,"CH4",0,0,"WAM","BGR","bulgaria","SISEPUEDE",0,NA
6004,75075,"LULUCF - Wetlands:CH4","Land Use, Land Use Change, and Forestry","LULUCF - Wetlands",0,2039,"CH4",0,0,"WAM","BGR","bulgaria","SISEPUEDE",0,NA
6004,75075,"LULUCF - Wetlands:CH4","Land Use, Land Use Change, and Forestry","LULUCF - Wetlands",0,2040,"CH4",0,0,"WAM","BGR","bulgaria","SISEPUEDE",0,NA
6004,75075,"LULUCF - Wetlands:CH4","Land Use, Land Use Change, and Forestry","LULUCF - Wetlands",0,2041,"CH4",0,0,"WAM","BGR","bulgaria","SISEPUEDE",0,NA
6004,75075,"LULUCF - Wetlands:CH4","Land Use, Land Use Change, and Forestry","LULUCF - Wetlands",0,2042,"CH4",0,0,"WAM","BGR","bulgaria","SISEPUEDE",0,NA
6004,75075,"LULUCF - Wetlands:CH4","Land Use, Land Use Change, and Forestry","LULUCF - Wetlands",0,2043,"CH4",0,0,"WAM","BGR","bulgaria","SISEPUEDE",0,NA
6004,75075,"LULUCF - Wetlands:CH4","Land Use, Land Use Change, and Forestry","LULUCF - Wetlands",0,2044,"CH4",0,0,"WAM","BGR","bulgaria","SISEPUEDE",0,NA
6004,75075,"LULUCF - Wetlands:CH4","Land Use, Land Use Change, and Forestry","LULUCF - Wetlands",0,2045,"CH4",0,0,"WAM","BGR","bulgaria","SISEPUEDE",0,NA
6004,75075,"LULUCF - Wetlands:CH4","Land Use, Land Use Change, and Forestry","LULUCF - Wetlands",0,2046,"CH4",0,0,"WAM","BGR","bulgaria","SISEPUEDE",0,NA
6004,75075,"LULUCF - Wetlands:CH4","Land Use, Land Use Change, and Forestry","LULUCF - Wetlands",0,2047,"CH4",0,0,"WAM","BGR","bulgaria","SISEPUEDE",0,NA
6004,75075,"LULUCF - Wetlands:CH4","Land Use, Land Use Change, and Forestry","LULUCF - Wetlands",0,2048,"CH4",0,0,"WAM","BGR","bulgaria","SISEPUEDE",0,NA
6004,75075,"LULUCF - Wetlands:CH4","Land Use, Land Use Change, and Forestry","LULUCF - Wetlands",0,2049,"CH4",0,0,"WAM","BGR","bulgaria","SISEPUEDE",0,NA
6004,75075,"LULUCF - Wetlands:CH4","Land Use, Land Use Change, and Forestry","LULUCF - Wetlands",0,2050,"CH4",0,0,"WAM","BGR","bulgaria","SISEPUEDE",0,NA
6004,75075,"LULUCF - Wetlands:CO2","Land Use, Land Use Change, and Forestry","LULUCF - Wetlands",0.08098,2022,"CO2",0,0,"WAM","BGR","bulgaria","SISEPUEDE",0.08098,NA
6004,75075,"LULUCF - Wetlands:CO2","Land Use, Land Use Change, and Forestry","LULUCF - Wetlands",0.0809259102473031,2023,"CO2",0,0,"WAM","BGR","bulgaria","SISEPUEDE",0.0809259102473031,NA
6004,75075,"LULUCF - Wetlands:CO2","Land Use, Land Use Change, and Forestry","LULUCF - Wetlands",0.0808718662094838,2024,"CO2",0,0,"WAM","BGR","bulgaria","SISEPUEDE",0.0808718662094838,NA
6004,75075,"LULUCF - Wetlands:CO2","Land Use, Land Use Change, and Forestry","LULUCF - Wetlands",0.0808169414832928,2025,"CO2",0,0,"WAM","BGR","bulgaria","SISEPUEDE",0.0808169414832928,NA
6004,75075,"LULUCF - Wetlands:CO2","Land Use, Land Use Change, and Forestry","LULUCF - Wetlands",0.0807611812362901,2026,"CO2",0,0,"WAM","BGR","bulgaria","SISEPUEDE",0.0807611812362901,NA
6004,75075,"LULUCF - Wetlands:CO2","Land Use, Land Use Change, and Forestry","LULUCF - Wetlands",0.0807045570229225,2027,"CO2",0,0,"WAM","BGR","bulgaria","SISEPUEDE",0.0807045570229225,NA
6004,75075,"LULUCF - Wetlands:CO2","Land Use, Land Use Change, and Forestry","LULUCF - Wetlands",0.0806470290994,2028,"CO2",0,0,"WAM","BGR","bulgaria","SISEPUEDE",0.0806470290994,NA
6004,75075,"LULUCF - Wetlands:CO2","Land Use, Land Use Change, and Forestry","LULUCF - Wetlands",0.0806295593445592,2029,"CO2",0,0,"WAM","BGR","bulgaria","SISEPUEDE",0.0806295593445592,NA
6004,75075,"LULUCF - Wetlands:CO2","Land Use, Land Use Change, and Forestry","LULUCF - Wetlands",0.0806703736895066,2030,"CO2",0,0,"WAM","BGR","bulgaria","SISEPUEDE",0.0806703736895066,NA
6004,75075,"LULUCF - Wetlands:CO2","Land Use, Land Use Change, and Forestry","LULUCF - Wetlands",0.0807111989289545,2031,"CO2",0,0,"WAM","BGR","bulgaria","SISEPUEDE",0.0807111989289545,NA
6004,75075,"LULUCF - Wetlands:CO2","Land Use, Land Use Change, and Forestry","LULUCF - Wetlands",0.0807520144887602,2032,"CO2",0,0,"WAM","BGR","bulgaria","SISEPUEDE",0.0807520144887602,NA
6004,75075,"LULUCF - Wetlands:CO2","Land Use, Land Use Change, and Forestry","LULUCF - Wetlands",0.0807928222025554,2033,"CO2",0,0,"WAM","BGR","bulgaria","SISEPUEDE",0.0807928222025554,NA
6004,75075,"LULUCF - Wetlands:CO2","Land Use, Land Use Change, and Forestry","LULUCF - Wetlands",0.0808336562080114,2034,"CO2",0,0,"WAM","BGR","bulgaria","SISEPUEDE",0.0808336562080114,NA
6004,75075,"LULUCF - Wetlands:CO2","Land Use, Land Use Change, and Forestry","LULUCF - Wetlands",0.0808744601105662,2035,"CO2",0,0,"WAM","BGR","bulgaria","SISEPUEDE",0.0808744601105662,NA
6004,75075,"LULUCF - Wetlands:CO2","Land Use, Land Use Change, and Forestry","LULUCF - Wetlands",0.0809152958939495,2036,"CO2",0,0,"WAM","BGR","bulgaria","SISEPUEDE",0.0809152958939495,NA
6004,75075,"LULUCF - Wetlands:CO2","Land Use, Land Use Change, and Forestry","LULUCF - Wetlands",0.0809561171220631,2037,"CO2",0,0,"WAM","BGR","bulgaria","SISEPUEDE",0.0809561171220631,NA
6004,75075,"LULUCF - Wetlands:CO2","Land Use, Land Use Change, and Forestry","LULUCF - Wetlands",0.0809969446528902,2038,"CO2",0,0,"WAM","BGR","bulgaria","SISEPUEDE",0.0809969446528902,NA
6004,75075,"LULUCF - Wetlands:CO2","Land Use, Land Use Change, and Forestry","LULUCF - Wetlands",0.081037767459487,2039,"CO2",0,0,"WAM","BGR","bulgaria","SISEPUEDE",0.081037767459487,NA
6004,75075,"LULUCF - Wetlands:CO2","Land Use, Land Use Change, and Forestry","LULUCF - Wetlands",0.0810785909733493,2040,"CO2",0,0,"WAM","BGR","bulgaria","SISEPUEDE",0.0810785909733493,NA
6004,75075,"LULUCF - Wetlands:CO2","Land Use, Land Use Change, and Forestry","LULUCF - Wetlands",0.0811194182517764,2041,"CO2",0,0,"WAM","BGR","bulgaria","SISEPUEDE",0.0811194182517764,NA
6004,75075,"LULUCF - Wetlands:CO2","Land Use, Land Use Change, and Forestry","LULUCF - Wetlands",0.0811602361995905,2042,"CO2",0,0,"WAM","BGR","bulgaria","SISEPUEDE",0.0811602361995905,NA
6004,75075,"LULUCF - Wetlands:CO2","Land Use, Land Use Change, and Forestry","LULUCF - Wetlands",0.0812010728173413,2043,"CO2",0,0,"WAM","BGR","bulgaria","SISEPUEDE",0.0812010728173413,NA
6004,75075,"LULUCF - Wetlands:CO2","Land Use, Land Use Change, and Forestry","LULUCF - Wetlands",0.0812418960475017,2044,"CO2",0,0,"WAM","BGR","bulgaria","SISEPUEDE",0.0812418960475017,NA
6004,75075,"LULUCF - Wetlands:CO2","Land Use, Land Use Change, and Forestry","LULUCF - Wetlands",0.081282730057861,2045,"CO2",0,0,"WAM","BGR","bulgaria","SISEPUEDE",0.081282730057861,NA
6004,75075,"LULUCF - Wetlands:CO2","Land Use, Land Use Change, and Forestry","LULUCF - Wetlands",0.0813235643069442,2046,"CO2",0,0,"WAM","BGR","bulgaria","SISEPUEDE",0.0813235643069442,NA
6004,75075,"LULUCF - Wetlands:CO2","Land Use, Land Use Change, and Forestry","LULUCF - Wetlands",0.081364401655283,2047,"CO2",0,0,"WAM","BGR","bulgaria","SISEPUEDE",0.081364401655283,NA
6004,75075,"LULUCF - Wetlands:CO2","Land Use, Land Use Change, and Forestry","LULUCF - Wetlands",0.0814052309141528,2048,"CO2",0,0,"WAM","BGR","bulgaria","SISEPUEDE",0.0814052309141528,NA
6004,75075,"LULUCF - Wetlands:CO2","Land Use, Land Use Change, and Forestry","LULUCF - Wetlands",0.0814460711557276,2049,"CO2",0,0,"WAM","BGR","bulgaria","SISEPUEDE",0.0814460711557276,NA
6004,75075,"LULUCF - Wetlands:CO2","Land Use, Land Use Change, and Forestry","LULUCF - Wetlands",0.0814869068519025,2050,"CO2",0,0,"WAM","BGR","bulgaria","SISEPUEDE",0.0814869068519025,NA
6004,75075,"Waste - Solid Waste:CH4","Waste","Waste - Solid Waste",2.171526,2022,"CH4",0,0,"WAM","BGR","bulgaria","SISEPUEDE",2.171526,NA
6004,75075,"Waste - Solid Waste:CH4","Waste","Waste - Solid Waste",2.2221967654721,2023,"CH4",0,0,"WAM","BGR","bulgaria","SISEPUEDE",2.2221967654721,NA
6004,75075,"Waste - Solid Waste:CH4","Waste","Waste - Solid Waste",2.26737380583031,2024,"CH4",0,0,"WAM","BGR","bulgaria","SISEPUEDE",2.26737380583031,NA
6004,75075,"Waste - Solid Waste:CH4","Waste","Waste - Solid Waste",2.30744541178179,2025,"CH4",0,0,"WAM","BGR","bulgaria","SISEPUEDE",2.30744541178179,NA
6004,75075,"Waste - Solid Waste:CH4","Waste","Waste - Solid Waste",2.34257989384286,2026,"CH4",0,0,"WAM","BGR","bulgaria","SISEPUEDE",2.34257989384286,NA
6004,75075,"Waste - Solid Waste:CH4","Waste","Waste - Solid Waste",2.37335965205904,2027,"CH4",0,0,"WAM","BGR","bulgaria","SISEPUEDE",2.37335965205904,NA
6004,75075,"Waste - Solid Waste:CH4","Waste","Waste - Solid Waste",2.39559480250432,2028,"CH4",0,0,"WAM","BGR","bulgaria","SISEPUEDE",2.39559480250432,NA
6004,75075,"Waste - Solid Waste:CH4","Waste","Waste - Solid Waste",2.3987028902392,2029,"CH4",0,0,"WAM","BGR","bulgaria","SISEPUEDE",2.3987028902392,NA
6004,75075,"Waste - Solid Waste:CH4","Waste","Waste - Solid Waste",2.38600565909014,2030,"CH4",0,0,"WAM","BGR","bulgaria","SISEPUEDE",2.38600565909014,NA
6004,75075,"Waste - Solid Waste:CH4","Waste","Waste - Solid Waste",2.36034374486959,2031,"CH4",0,0,"WAM","BGR","bulgaria","SISEPUEDE",2.36034374486959,NA
6004,75075,"Waste - Solid Waste:CH4","Waste","Waste - Solid Waste",2.32409592373348,2032,"CH4",0,0,"WAM","BGR","bulgaria","SISEPUEDE",2.32409592373348,NA
6004,75075,"Waste - Solid Waste:CH4","Waste","Waste - Solid Waste",2.27929216928024,2033,"CH4",0,0,"WAM","BGR","bulgaria","SISEPUEDE",2.27929216928024,NA
6004,75075,"Waste - Solid Waste:CH4","Waste","Waste - Solid Waste",2.22766080708634,2034,"CH4",0,0,"WAM","BGR","bulgaria","SISEPUEDE",2.22766080708634,NA
6004,75075,"Waste - Solid Waste:CH4","Waste","Waste - Solid Waste",2.17075250418243,2035,"CH4",0,0,"WAM","BGR","bulgaria","SISEPUEDE",2.17075250418243,NA
6004,75075,"Waste - Solid Waste:CH4","Waste","Waste - Solid Waste",2.10982065813107,2036,"CH4",0,0,"WAM","BGR","bulgaria","SISEPUEDE",2.10982065813107,NA
6004,75075,"Waste - Solid Waste:CH4","Waste","Waste - Solid Waste",2.04581295837653,2037,"CH4",0,0,"WAM","BGR","bulgaria","SISEPUEDE",2.04581295837653,NA
6004,75075,"Waste - Solid Waste:CH4","Waste","Waste - Solid Waste",1.97954553538111,2038,"CH4",0,0,"WAM","BGR","bulgaria","SISEPUEDE",1.97954553538111,NA
6004,75075,"Waste - Solid Waste:CH4","Waste","Waste - Solid Waste",1.91173073337036,2039,"CH4",0,0,"WAM","BGR","bulgaria","SISEPUEDE",1.91173073337036,NA
6004,75075,"Waste - Solid Waste:CH4","Waste","Waste - Solid Waste",1.84298295536352,2040,"CH4",0,0,"WAM","BGR","bulgaria","SISEPUEDE",1.84298295536352,NA
6004,75075,"Waste - Solid Waste:CH4","Waste","Waste - Solid Waste",1.77377465689776,2041,"CH4",0,0,"WAM","BGR","bulgaria","SISEPUEDE",1.77377465689776,NA
6004,75075,"Waste - Solid Waste:CH4","Waste","Waste - Solid Waste",1.70454670013899,2042,"CH4",0,0,"WAM","BGR","bulgaria","SISEPUEDE",1.70454670013899,NA
6004,75075,"Waste - Solid Waste:CH4","Waste","Waste - Solid Waste",1.63566909452179,2043,"CH4",0,0,"WAM","BGR","bulgaria","SISEPUEDE",1.63566909452179,NA
6004,75075,"Waste - Solid Waste:CH4","Waste","Waste - Solid Waste",1.56745484669542,2044,"CH4",0,0,"WAM","BGR","bulgaria","SISEPUEDE",1.56745484669542,NA
6004,75075,"Waste - Solid Waste:CH4","Waste","Waste - Solid Waste",1.50019068301054,2045,"CH4",0,0,"WAM","BGR","bulgaria","SISEPUEDE",1.50019068301054,NA
6004,75075,"Waste - Solid Waste:CH4","Waste","Waste - Solid Waste",1.43407403201118,2046,"CH4",0,0,"WAM","BGR","bulgaria","SISEPUEDE",1.43407403201118,NA
6004,75075,"Waste - Solid Waste:CH4","Waste","Waste - Solid Waste",1.36933928962304,2047,"CH4",0,0,"WAM","BGR","bulgaria","SISEPUEDE",1.36933928962304,NA
6004,75075,"Waste - Solid Waste:CH4","Waste","Waste - Solid Waste",1.30615745614063,2048,"CH4",0,0,"WAM","BGR","bulgaria","SISEPUEDE",1.30615745614063,NA
6004,75075,"Waste - Solid Waste:CH4","Waste","Waste - Solid Waste",1.24468022319816,2049,"CH4",0,0,"WAM","BGR","bulgaria","SISEPUEDE",1.24468022319816,NA
6004,75075,"Waste - Solid Waste:CH4","Waste","Waste - Solid Waste",1.18503231748983,2050,"CH4",0,0,"WAM","BGR","bulgaria","SISEPUEDE",1.18503231748983,NA
6004,75075,"Waste - Solid Waste:CO2","Waste","Waste - Solid Waste",0.01186,2022,"CO2",0,0,"WAM","BGR","bulgaria","SISEPUEDE",0.01186,NA
6004,75075,"Waste - Solid Waste:CO2","Waste","Waste - Solid Waste",0.0120539682248938,2023,"CO2",0,0,"WAM","BGR","bulgaria","SISEPUEDE",0.0120539682248938,NA
6004,75075,"Waste - Solid Waste:CO2","Waste","Waste - Solid Waste",0.0124199188318074,2024,"CO2",0,0,"WAM","BGR","bulgaria","SISEPUEDE",0.0124199188318074,NA
6004,75075,"Waste - Solid Waste:CO2","Waste","Waste - Solid Waste",0.0127514498140955,2025,"CO2",0,0,"WAM","BGR","bulgaria","SISEPUEDE",0.0127514498140955,NA
6004,75075,"Waste - Solid Waste:CO2","Waste","Waste - Solid Waste",0.0130813853556553,2026,"CO2",0,0,"WAM","BGR","bulgaria","SISEPUEDE",0.0130813853556553,NA
6004,75075,"Waste - Solid Waste:CO2","Waste","Waste - Solid Waste",0.0134449839827123,2027,"CO2",0,0,"WAM","BGR","bulgaria","SISEPUEDE",0.0134449839827123,NA
6004,75075,"Waste - Solid Waste:CO2","Waste","Waste - Solid Waste",0.0133166009887467,2028,"CO2",0,0,"WAM","BGR","bulgaria","SISEPUEDE",0.0133166009887467,NA
6004,75075,"Waste - Solid Waste:CO2","Waste","Waste - Solid Waste",0.0131568692265385,2029,"CO2",0,0,"WAM","BGR","bulgaria","SISEPUEDE",0.0131568692265385,NA
6004,75075,"Waste - Solid Waste:CO2","Waste","Waste - Solid Waste",0.0129902352077524,2030,"CO2",0,0,"WAM","BGR","bulgaria","SISEPUEDE",0.0129902352077524,NA
6004,75075,"Waste - Solid Waste:CO2","Waste","Waste - Solid Waste",0.0128058758501776,2031,"CO2",0,0,"WAM","BGR","bulgaria","SISEPUEDE",0.0128058758501776,NA
6004,75075,"Waste - Solid Waste:CO2","Waste","Waste - Solid Waste",0.0126136614220023,2032,"CO2",0,0,"WAM","BGR","bulgaria","SISEPUEDE",0.0126136614220023,NA
6004,75075,"Waste - Solid Waste:CO2","Waste","Waste - Solid Waste",0.0124118554356391,2033,"CO2",0,0,"WAM","BGR","bulgaria","SISEPUEDE",0.0124118554356391,NA
6004,75075,"Waste - Solid Waste:CO2","Waste","Waste - Solid Waste",0.0121978205841853,2034,"CO2",0,0,"WAM","BGR","bulgaria","SISEPUEDE",0.0121978205841853,NA
6004,75075,"Waste - Solid Waste:CO2","Waste","Waste - Solid Waste",0.0119712936952374,2035,"CO2",0,0,"WAM","BGR","bulgaria","SISEPUEDE",0.0119712936952374,NA
6004,75075,"Waste - Solid Waste:CO2","Waste","Waste - Solid Waste",0.0117237061921117,2036,"CO2",0,0,"WAM","BGR","bulgaria","SISEPUEDE",0.0117237061921117,NA
6004,75075,"Waste - Solid Waste:CO2","Waste","Waste - Solid Waste",0.0114648666579756,2037,"CO2",0,0,"WAM","BGR","bulgaria","SISEPUEDE",0.0114648666579756,NA
6004,75075,"Waste - Solid Waste:CO2","Waste","Waste - Solid Waste",0.0111934847711066,2038,"CO2",0,0,"WAM","BGR","bulgaria","SISEPUEDE",0.0111934847711066,NA
6004,75075,"Waste - Solid Waste:CO2","Waste","Waste - Solid Waste",0.0109069640386771,2039,"CO2",0,0,"WAM","BGR","bulgaria","SISEPUEDE",0.0109069640386771,NA
6004,75075,"Waste - Solid Waste:CO2","Waste","Waste - Solid Waste",0.0106099539735119,2040,"CO2",0,0,"WAM","BGR","bulgaria","SISEPUEDE",0.0106099539735119,NA
6004,75075,"Waste - Solid Waste:CO2","Waste","Waste - Solid Waste",0.0102890889712998,2041,"CO2",0,0,"WAM","BGR","bulgaria","SISEPUEDE",0.0102890889712998,NA
6004,75075,"Waste - Solid Waste:CO2","Waste","Waste - Solid Waste",0.00995697190238509,2042,"CO2",0,0,"WAM","BGR","bulgaria","SISEPUEDE",0.00995697190238509,NA
6004,75075,"Waste - Solid Waste:CO2","Waste","Waste - Solid Waste",0.0096136364313874,2043,"CO2",0,0,"WAM","BGR","bulgaria","SISEPUEDE",0.0096136364313874,NA
6004,75075,"Waste - Solid Waste:CO2","Waste","Waste - Solid Waste",0.00925867505131787,2044,"CO2",0,0,"WAM","BGR","bulgaria","SISEPUEDE",0.00925867505131787,NA
6004,75075,"Waste - Solid Waste:CO2","Waste","Waste - Solid Waste",0.00889394152496819,2045,"CO2",0,0,"WAM","BGR","bulgaria","SISEPUEDE",0.00889394152496819,NA
6004,75075,"Waste - Solid Waste:CO2","Waste","Waste - Solid Waste",0.00851225434451404,2046,"CO2",0,0,"WAM","BGR","bulgaria","SISEPUEDE",0.00851225434451404,NA
6004,75075,"Waste - Solid Waste:CO2","Waste","Waste - Solid Waste",0.00812187201399477,2047,"CO2",0,0,"WAM","BGR","bulgaria","SISEPUEDE",0.00812187201399477,NA
6004,75075,"Waste - Solid Waste:CO2","Waste","Waste - Solid Waste",0.00772033007375237,2048,"CO2",0,0,"WAM","BGR","bulgaria","SISEPUEDE",0.00772033007375237,NA
6004,75075,"Waste - Solid Waste:CO2","Waste","Waste - Solid Waste",0.00730613488109116,2049,"CO2",0,0,"WAM","BGR","bulgaria","SISEPUEDE",0.00730613488109116,NA
6004,75075,"Waste - Solid Waste:CO2","Waste","Waste - Solid Waste",0.00687839072374527,2050,"CO2",0,0,"WAM","BGR","bulgaria","SISEPUEDE",0.00687839072374527,NA
6004,75075,"Waste - Solid Waste:N2O","Waste","Waste - Solid Waste",0.005539,2022,"N2O",0,0,"WAM","BGR","bulgaria","SISEPUEDE",0.005539,NA
6004,75075,"Waste - Solid Waste:N2O","Waste","Waste - Solid Waste",0.00552769166518824,2023,"N2O",0,0,"WAM","BGR","bulgaria","SISEPUEDE",0.00552769166518824,NA
6004,75075,"Waste - Solid Waste:N2O","Waste","Waste - Solid Waste",0.00550914072945356,2024,"N2O",0,0,"WAM","BGR","bulgaria","SISEPUEDE",0.00550914072945356,NA
6004,75075,"Waste - Solid Waste:N2O","Waste","Waste - Solid Waste",0.00548232388834881,2025,"N2O",0,0,"WAM","BGR","bulgaria","SISEPUEDE",0.00548232388834881,NA
6004,75075,"Waste - Solid Waste:N2O","Waste","Waste - Solid Waste",0.00545510781121031,2026,"N2O",0,0,"WAM","BGR","bulgaria","SISEPUEDE",0.00545510781121031,NA
6004,75075,"Waste - Solid Waste:N2O","Waste","Waste - Solid Waste",0.00542858480518876,2027,"N2O",0,0,"WAM","BGR","bulgaria","SISEPUEDE",0.00542858480518876,NA
6004,75075,"Waste - Solid Waste:N2O","Waste","Waste - Solid Waste",0.00944378145711564,2028,"N2O",0,0,"WAM","BGR","bulgaria","SISEPUEDE",0.00944378145711564,NA
6004,75075,"Waste - Solid Waste:N2O","Waste","Waste - Solid Waste",0.0133815273138665,2029,"N2O",0,0,"WAM","BGR","bulgaria","SISEPUEDE",0.0133815273138665,NA
6004,75075,"Waste - Solid Waste:N2O","Waste","Waste - Solid Waste",0.0172464868822613,2030,"N2O",0,0,"WAM","BGR","bulgaria","SISEPUEDE",0.0172464868822613,NA
6004,75075,"Waste - Solid Waste:N2O","Waste","Waste - Solid Waste",0.0210412488087205,2031,"N2O",0,0,"WAM","BGR","bulgaria","SISEPUEDE",0.0210412488087205,NA
6004,75075,"Waste - Solid Waste:N2O","Waste","Waste - Solid Waste",0.0247709665077377,2032,"N2O",0,0,"WAM","BGR","bulgaria","SISEPUEDE",0.0247709665077377,NA
6004,75075,"Waste - Solid Waste:N2O","Waste","Waste - Solid Waste",0.0284407194935784,2033,"N2O",0,0,"WAM","BGR","bulgaria","SISEPUEDE",0.0284407194935784,NA
6004,75075,"Waste - Solid Waste:N2O","Waste","Waste - Solid Waste",0.0320586375360711,2034,"N2O",0,0,"WAM","BGR","bulgaria","SISEPUEDE",0.0320586375360711,NA
6004,75075,"Waste - Solid Waste:N2O","Waste","Waste - Solid Waste",0.0356547397605194,2035,"N2O",0,0,"WAM","BGR","bulgaria","SISEPUEDE",0.0356547397605194,NA
6004,75075,"Waste - Solid Waste:N2O","Waste","Waste - Solid Waste",0.0392014550263844,2036,"N2O",0,0,"WAM","BGR","bulgaria","SISEPUEDE",0.0392014550263844,NA
6004,75075,"Waste - Solid Waste:N2O","Waste","Waste - Solid Waste",0.0427031160167584,2037,"N2O",0,0,"WAM","BGR","bulgaria","SISEPUEDE",0.0427031160167584,NA
6004,75075,"Waste - Solid Waste:N2O","Waste","Waste - Solid Waste",0.046161997318001,2038,"N2O",0,0,"WAM","BGR","bulgaria","SISEPUEDE",0.046161997318001,NA
6004,75075,"Waste - Solid Waste:N2O","Waste","Waste - Solid Waste",0.0495854230707904,2039,"N2O",0,0,"WAM","BGR","bulgaria","SISEPUEDE",0.0495854230707904,NA
6004,75075,"Waste - Solid Waste:N2O","Waste","Waste - Solid Waste",0.0529775901195908,2040,"N2O",0,0,"WAM","BGR","bulgaria","SISEPUEDE",0.0529775901195908,NA
6004,75075,"Waste - Solid Waste:N2O","Waste","Waste - Solid Waste",0.0563260713258627,2041,"N2O",0,0,"WAM","BGR","bulgaria","SISEPUEDE",0.0563260713258627,NA
6004,75075,"Waste - Solid Waste:N2O","Waste","Waste - Solid Waste",0.0596417451832786,2042,"N2O",0,0,"WAM","BGR","bulgaria","SISEPUEDE",0.0596417451832786,NA
6004,75075,"Waste - Solid Waste:N2O","Waste","Waste - Solid Waste",0.0629245989824502,2043,"N2O",0,0,"WAM","BGR","bulgaria","SISEPUEDE",0.0629245989824502,NA
6004,75075,"Waste - Solid Waste:N2O","Waste","Waste - Solid Waste",0.0661742543854432,2044,"N2O",0,0,"WAM","BGR","bulgaria","SISEPUEDE",0.0661742543854432,NA
6004,75075,"Waste - Solid Waste:N2O","Waste","Waste - Solid Waste",0.0693964807716062,2045,"N2O",0,0,"WAM","BGR","bulgaria","SISEPUEDE",0.0693964807716062,NA
6004,75075,"Waste - Solid Waste:N2O","Waste","Waste - Solid Waste",0.0725792506022496,2046,"N2O",0,0,"WAM","BGR","bulgaria","SISEPUEDE",0.0725792506022496,NA
6004,75075,"Waste - Solid Waste:N2O","Waste","Waste - Solid Waste",0.0757355236844966,2047,"N2O",0,0,"WAM","BGR","bulgaria","SISEPUEDE",0.0757355236844966,NA
6004,75075,"Waste - Solid Waste:N2O","Waste","Waste - Solid Waste",0.0788631019482905,2048,"N2O",0,0,"WAM","BGR","bulgaria","SISEPUEDE",0.0788631019482905,NA
6004,75075,"Waste - Solid Waste:N2O","Waste","Waste - Solid Waste",0.0819619663872881,2049,"N2O",0,0,"WAM","BGR","bulgaria","SISEPUEDE",0.0819619663872881,NA
6004,75075,"Waste - Solid Waste:N2O","Waste","Waste - Solid Waste",0.0850299531351454,2050,"N2O",0,0,"WAM","BGR","bulgaria","SISEPUEDE",0.0850299531351454,NA
6004,75075,"Waste - Wastewater Treatment:CH4","Waste","Waste - Wastewater Treatment",0.503,2022,"CH4",0,0,"WAM","BGR","bulgaria","SISEPUEDE",0.503,NA
6004,75075,"Waste - Wastewater Treatment:CH4","Waste","Waste - Wastewater Treatment",0.50677748323275,2023,"CH4",0,0,"WAM","BGR","bulgaria","SISEPUEDE",0.50677748323275,NA
6004,75075,"Waste - Wastewater Treatment:CH4","Waste","Waste - Wastewater Treatment",0.514259645958995,2024,"CH4",0,0,"WAM","BGR","bulgaria","SISEPUEDE",0.514259645958995,NA
6004,75075,"Waste - Wastewater Treatment:CH4","Waste","Waste - Wastewater Treatment",0.520498597656911,2025,"CH4",0,0,"WAM","BGR","bulgaria","SISEPUEDE",0.520498597656911,NA
6004,75075,"Waste - Wastewater Treatment:CH4","Waste","Waste - Wastewater Treatment",0.526612082328952,2026,"CH4",0,0,"WAM","BGR","bulgaria","SISEPUEDE",0.526612082328952,NA
6004,75075,"Waste - Wastewater Treatment:CH4","Waste","Waste - Wastewater Treatment",0.533420882524398,2027,"CH4",0,0,"WAM","BGR","bulgaria","SISEPUEDE",0.533420882524398,NA
6004,75075,"Waste - Wastewater Treatment:CH4","Waste","Waste - Wastewater Treatment",0.550296152453191,2028,"CH4",0,0,"WAM","BGR","bulgaria","SISEPUEDE",0.550296152453191,NA
6004,75075,"Waste - Wastewater Treatment:CH4","Waste","Waste - Wastewater Treatment",0.563913222362883,2029,"CH4",0,0,"WAM","BGR","bulgaria","SISEPUEDE",0.563913222362883,NA
6004,75075,"Waste - Wastewater Treatment:CH4","Waste","Waste - Wastewater Treatment",0.574807186730512,2030,"CH4",0,0,"WAM","BGR","bulgaria","SISEPUEDE",0.574807186730512,NA
6004,75075,"Waste - Wastewater Treatment:CH4","Waste","Waste - Wastewater Treatment",0.582665121175527,2031,"CH4",0,0,"WAM","BGR","bulgaria","SISEPUEDE",0.582665121175527,NA
6004,75075,"Waste - Wastewater Treatment:CH4","Waste","Waste - Wastewater Treatment",0.587705775834944,2032,"CH4",0,0,"WAM","BGR","bulgaria","SISEPUEDE",0.587705775834944,NA
6004,75075,"Waste - Wastewater Treatment:CH4","Waste","Waste - Wastewater Treatment",0.589861200168034,2033,"CH4",0,0,"WAM","BGR","bulgaria","SISEPUEDE",0.589861200168034,NA
6004,75075,"Waste - Wastewater Treatment:CH4","Waste","Waste - Wastewater Treatment",0.589057060052102,2034,"CH4",0,0,"WAM","BGR","bulgaria","SISEPUEDE",0.589057060052102,NA
6004,75075,"Waste - Wastewater Treatment:CH4","Waste","Waste - Wastewater Treatment",0.585429802400501,2035,"CH4",0,0,"WAM","BGR","bulgaria","SISEPUEDE",0.585429802400501,NA
6004,75075,"Waste - Wastewater Treatment:CH4","Waste","Waste - Wastewater Treatment",0.578423759787062,2036,"CH4",0,0,"WAM","BGR","bulgaria","SISEPUEDE",0.578423759787062,NA
6004,75075,"Waste - Wastewater Treatment:CH4","Waste","Waste - Wastewater Treatment",0.56826453146031,2037,"CH4",0,0,"WAM","BGR","bulgaria","SISEPUEDE",0.56826453146031,NA
6004,75075,"Waste - Wastewater Treatment:CH4","Waste","Waste - Wastewater Treatment",0.554872176951841,2038,"CH4",0,0,"WAM","BGR","bulgaria","SISEPUEDE",0.554872176951841,NA
6004,75075,"Waste - Wastewater Treatment:CH4","Waste","Waste - Wastewater Treatment",0.538157486755369,2039,"CH4",0,0,"WAM","BGR","bulgaria","SISEPUEDE",0.538157486755369,NA
6004,75075,"Waste - Wastewater Treatment:CH4","Waste","Waste - Wastewater Treatment",0.518199537251045,2040,"CH4",0,0,"WAM","BGR","bulgaria","SISEPUEDE",0.518199537251045,NA
6004,75075,"Waste - Wastewater Treatment:CH4","Waste","Waste - Wastewater Treatment",0.494535603815258,2041,"CH4",0,0,"WAM","BGR","bulgaria","SISEPUEDE",0.494535603815258,NA
6004,75075,"Waste - Wastewater Treatment:CH4","Waste","Waste - Wastewater Treatment",0.467500164522805,2042,"CH4",0,0,"WAM","BGR","bulgaria","SISEPUEDE",0.467500164522805,NA
6004,75075,"Waste - Wastewater Treatment:CH4","Waste","Waste - Wastewater Treatment",0.437043976841688,2043,"CH4",0,0,"WAM","BGR","bulgaria","SISEPUEDE",0.437043976841688,NA
6004,75075,"Waste - Wastewater Treatment:CH4","Waste","Waste - Wastewater Treatment",0.403109475204734,2044,"CH4",0,0,"WAM","BGR","bulgaria","SISEPUEDE",0.403109475204734,NA
6004,75075,"Waste - Wastewater Treatment:CH4","Waste","Waste - Wastewater Treatment",0.365710842622194,2045,"CH4",0,0,"WAM","BGR","bulgaria","SISEPUEDE",0.365710842622194,NA
6004,75075,"Waste - Wastewater Treatment:CH4","Waste","Waste - Wastewater Treatment",0.324615112460885,2046,"CH4",0,0,"WAM","BGR","bulgaria","SISEPUEDE",0.324615112460885,NA
6004,75075,"Waste - Wastewater Treatment:CH4","Waste","Waste - Wastewater Treatment",0.28000501003566,2047,"CH4",0,0,"WAM","BGR","bulgaria","SISEPUEDE",0.28000501003566,NA
6004,75075,"Waste - Wastewater Treatment:CH4","Waste","Waste - Wastewater Treatment",0.231779258321053,2048,"CH4",0,0,"WAM","BGR","bulgaria","SISEPUEDE",0.231779258321053,NA
6004,75075,"Waste - Wastewater Treatment:CH4","Waste","Waste - Wastewater Treatment",0.179877016841755,2049,"CH4",0,0,"WAM","BGR","bulgaria","SISEPUEDE",0.179877016841755,NA
6004,75075,"Waste - Wastewater Treatment:CH4","Waste","Waste - Wastewater Treatment",0.124263693525468,2050,"CH4",0,0,"WAM","BGR","bulgaria","SISEPUEDE",0.124263693525468,NA
6004,75075,"Waste - Wastewater Treatment:N2O","Waste","Waste - Wastewater Treatment",0.00043,2022,"N2O",0,0,"WAM","BGR","bulgaria","SISEPUEDE",0.00043,NA
6004,75075,"Waste - Wastewater Treatment:N2O","Waste","Waste - Wastewater Treatment",0.000432085197672451,2023,"N2O",0,0,"WAM","BGR","bulgaria","SISEPUEDE",0.000432085197672451,NA
6004,75075,"Waste - Wastewater Treatment:N2O","Waste","Waste - Wastewater Treatment",0.000436867052476584,2024,"N2O",0,0,"WAM","BGR","bulgaria","SISEPUEDE",0.000436867052476584,NA
6004,75075,"Waste - Wastewater Treatment:N2O","Waste","Waste - Wastewater Treatment",0.000440143058660888,2025,"N2O",0,0,"WAM","BGR","bulgaria","SISEPUEDE",0.000440143058660888,NA
6004,75075,"Waste - Wastewater Treatment:N2O","Waste","Waste - Wastewater Treatment",0.000443286338391947,2026,"N2O",0,0,"WAM","BGR","bulgaria","SISEPUEDE",0.000443286338391947,NA
6004,75075,"Waste - Wastewater Treatment:N2O","Waste","Waste - Wastewater Treatment",0.000446995539274631,2027,"N2O",0,0,"WAM","BGR","bulgaria","SISEPUEDE",0.000446995539274631,NA
6004,75075,"Waste - Wastewater Treatment:N2O","Waste","Waste - Wastewater Treatment",0.00052250630316691,2028,"N2O",0,0,"WAM","BGR","bulgaria","SISEPUEDE",0.00052250630316691,NA
6004,75075,"Waste - Wastewater Treatment:N2O","Waste","Waste - Wastewater Treatment",0.000602594628370631,2029,"N2O",0,0,"WAM","BGR","bulgaria","SISEPUEDE",0.000602594628370631,NA
6004,75075,"Waste - Wastewater Treatment:N2O","Waste","Waste - Wastewater Treatment",0.000688203062459077,2030,"N2O",0,0,"WAM","BGR","bulgaria","SISEPUEDE",0.000688203062459077,NA
6004,75075,"Waste - Wastewater Treatment:N2O","Waste","Waste - Wastewater Treatment",0.000779517276289636,2031,"N2O",0,0,"WAM","BGR","bulgaria","SISEPUEDE",0.000779517276289636,NA
6004,75075,"Waste - Wastewater Treatment:N2O","Waste","Waste - Wastewater Treatment",0.000877270360449667,2032,"N2O",0,0,"WAM","BGR","bulgaria","SISEPUEDE",0.000877270360449667,NA
6004,75075,"Waste - Wastewater Treatment:N2O","Waste","Waste - Wastewater Treatment",0.000981977439047508,2033,"N2O",0,0,"WAM","BGR","bulgaria","SISEPUEDE",0.000981977439047508,NA
6004,75075,"Waste - Wastewater Treatment:N2O","Waste","Waste - Wastewater Treatment",0.0010942604855024,2034,"N2O",0,0,"WAM","BGR","bulgaria","SISEPUEDE",0.0010942604855024,NA
6004,75075,"Waste - Wastewater Treatment:N2O","Waste","Waste - Wastewater Treatment",0.00121581049312253,2035,"N2O",0,0,"WAM","BGR","bulgaria","SISEPUEDE",0.00121581049312253,NA
6004,75075,"Waste - Wastewater Treatment:N2O","Waste","Waste - Wastewater Treatment",0.00134525843546229,2036,"N2O",0,0,"WAM","BGR","bulgaria","SISEPUEDE",0.00134525843546229,NA
6004,75075,"Waste - Wastewater Treatment:N2O","Waste","Waste - Wastewater Treatment",0.00148342857652316,2037,"N2O",0,0,"WAM","BGR","bulgaria","SISEPUEDE",0.00148342857652316,NA
6004,75075,"Waste - Wastewater Treatment:N2O","Waste","Waste - Wastewater Treatment",0.00163068464068382,2038,"N2O",0,0,"WAM","BGR","bulgaria","SISEPUEDE",0.00163068464068382,NA
6004,75075,"Waste - Wastewater Treatment:N2O","Waste","Waste - Wastewater Treatment",0.00178749906371075,2039,"N2O",0,0,"WAM","BGR","bulgaria","SISEPUEDE",0.00178749906371075,NA
6004,75075,"Waste - Wastewater Treatment:N2O","Waste","Waste - Wastewater Treatment",0.0019546307719925,2040,"N2O",0,0,"WAM","BGR","bulgaria","SISEPUEDE",0.0019546307719925,NA
6004,75075,"Waste - Wastewater Treatment:N2O","Waste","Waste - Wastewater Treatment",0.00213073910030983,2041,"N2O",0,0,"WAM","BGR","bulgaria","SISEPUEDE",0.00213073910030983,NA
6004,75075,"Waste - Wastewater Treatment:N2O","Waste","Waste - Wastewater Treatment",0.00231740815176198,2042,"N2O",0,0,"WAM","BGR","bulgaria","SISEPUEDE",0.00231740815176198,NA
6004,75075,"Waste - Wastewater Treatment:N2O","Waste","Waste - Wastewater Treatment",0.00251492954085899,2043,"N2O",0,0,"WAM","BGR","bulgaria","SISEPUEDE",0.00251492954085899,NA
6004,75075,"Waste - Wastewater Treatment:N2O","Waste","Waste - Wastewater Treatment",0.00272353514706889,2044,"N2O",0,0,"WAM","BGR","bulgaria","SISEPUEDE",0.00272353514706889,NA
6004,75075,"Waste - Wastewater Treatment:N2O","Waste","Waste - Wastewater Treatment",0.0029440443144626,2045,"N2O",0,0,"WAM","BGR","bulgaria","SISEPUEDE",0.0029440443144626,NA
6004,75075,"Waste - Wastewater Treatment:N2O","Waste","Waste - Wastewater Treatment",0.00317503294469881,2046,"N2O",0,0,"WAM","BGR","bulgaria","SISEPUEDE",0.00317503294469881,NA
6004,75075,"Waste - Wastewater Treatment:N2O","Waste","Waste - Wastewater Treatment",0.00341863663359903,2047,"N2O",0,0,"WAM","BGR","bulgaria","SISEPUEDE",0.00341863663359903,NA
6004,75075,"Waste - Wastewater Treatment:N2O","Waste","Waste - Wastewater Treatment",0.00367465277889826,2048,"N2O",0,0,"WAM","BGR","bulgaria","SISEPUEDE",0.00367465277889826,NA
6004,75075,"Waste - Wastewater Treatment:N2O","Waste","Waste - Wastewater Treatment",0.00394294374778367,2049,"N2O",0,0,"WAM","BGR","bulgaria","SISEPUEDE",0.00394294374778367,NA
6004,75075,"Waste - Wastewater Treatment:N2O","Waste","Waste - Wastewater Treatment",0.00422319964368443,2050,"N2O",0,0,"WAM","BGR","bulgaria","SISEPUEDE",0.00422319964368443,NA
NA,NA,"AG - Crops:CH4","Agriculture","AG - Crops",0.04425,2000,"CH4",NA,NA,"Historical","BGR","bulgaria","EDGAR",0.04425,NA
NA,NA,"AG - Crops:CH4","Agriculture","AG - Crops",0.046405,2001,"CH4",NA,NA,"Historical","BGR","bulgaria","EDGAR",0.046405,NA
NA,NA,"AG - Crops:CH4","Agriculture","AG - Crops",0.04856,2002,"CH4",NA,NA,"Historical","BGR","bulgaria","EDGAR",0.04856,NA
NA,NA,"AG - Crops:CH4","Agriculture","AG - Crops",0.050715,2003,"CH4",NA,NA,"Historical","BGR","bulgaria","EDGAR",0.050715,NA
NA,NA,"AG - Crops:CH4","Agriculture","AG - Crops",0.05287,2004,"CH4",NA,NA,"Historical","BGR","bulgaria","EDGAR",0.05287,NA
NA,NA,"AG - Crops:CH4","Agriculture","AG - Crops",0.054365,2005,"CH4",NA,NA,"Historical","BGR","bulgaria","EDGAR",0.054365,NA
NA,NA,"AG - Crops:CH4","Agriculture","AG - Crops",0.06809,2006,"CH4",NA,NA,"Historical","BGR","bulgaria","EDGAR",0.06809,NA
NA,NA,"AG - Crops:CH4","Agriculture","AG - Crops",0.081815,2007,"CH4",NA,NA,"Historical","BGR","bulgaria","EDGAR",0.081815,NA
NA,NA,"AG - Crops:CH4","Agriculture","AG - Crops",0.09554,2008,"CH4",NA,NA,"Historical","BGR","bulgaria","EDGAR",0.09554,NA
NA,NA,"AG - Crops:CH4","Agriculture","AG - Crops",0.109265,2009,"CH4",NA,NA,"Historical","BGR","bulgaria","EDGAR",0.109265,NA
NA,NA,"AG - Crops:CH4","Agriculture","AG - Crops",0.134555,2010,"CH4",NA,NA,"Historical","BGR","bulgaria","EDGAR",0.134555,NA
NA,NA,"AG - Crops:CH4","Agriculture","AG - Crops",0.136265,2011,"CH4",NA,NA,"Historical","BGR","bulgaria","EDGAR",0.136265,NA
NA,NA,"AG - Crops:CH4","Agriculture","AG - Crops",0.137975,2012,"CH4",NA,NA,"Historical","BGR","bulgaria","EDGAR",0.137975,NA
NA,NA,"AG - Crops:CH4","Agriculture","AG - Crops",0.139685,2013,"CH4",NA,NA,"Historical","BGR","bulgaria","EDGAR",0.139685,NA
NA,NA,"AG - Crops:CH4","Agriculture","AG - Crops",0.141395,2014,"CH4",NA,NA,"Historical","BGR","bulgaria","EDGAR",0.141395,NA
NA,NA,"AG - Crops:CH4","Agriculture","AG - Crops",0.14263,2015,"CH4",NA,NA,"Historical","BGR","bulgaria","EDGAR",0.14263,NA
NA,NA,"AG - Crops:CH4","Agriculture","AG - Crops",0.107965,2016,"CH4",NA,NA,"Historical","BGR","bulgaria","EDGAR",0.107965,NA
NA,NA,"AG - Crops:CH4","Agriculture","AG - Crops",0.12416,2017,"CH4",NA,NA,"Historical","BGR","bulgaria","EDGAR",0.12416,NA
NA,NA,"AG - Crops:CH4","Agriculture","AG - Crops",0.11199,2018,"CH4",NA,NA,"Historical","BGR","bulgaria","EDGAR",0.11199,NA
NA,NA,"AG - Crops:CH4","Agriculture","AG - Crops",0.13993,2019,"CH4",NA,NA,"Historical","BGR","bulgaria","EDGAR",0.13993,NA
NA,NA,"AG - Crops:CH4","Agriculture","AG - Crops",0.12703,2020,"CH4",NA,NA,"Historical","BGR","bulgaria","EDGAR",0.12703,NA
NA,NA,"AG - Crops:CH4","Agriculture","AG - Crops",0.142395,2021,"CH4",NA,NA,"Historical","BGR","bulgaria","EDGAR",0.142395,NA
NA,NA,"AG - Crops:CH4","Agriculture","AG - Crops",0.12515,2022,"CH4",NA,NA,"Historical","BGR","bulgaria","EDGAR",0.12515,NA
NA,NA,"AG - Crops:CO2","Agriculture","AG - Crops",0.04957,2000,"CO2",NA,NA,"Historical","BGR","bulgaria","EDGAR",0.04957,NA
NA,NA,"AG - Crops:CO2","Agriculture","AG - Crops",0.050435,2001,"CO2",NA,NA,"Historical","BGR","bulgaria","EDGAR",0.050435,NA
NA,NA,"AG - Crops:CO2","Agriculture","AG - Crops",0.05129,2002,"CO2",NA,NA,"Historical","BGR","bulgaria","EDGAR",0.05129,NA
NA,NA,"AG - Crops:CO2","Agriculture","AG - Crops",0.052155,2003,"CO2",NA,NA,"Historical","BGR","bulgaria","EDGAR",0.052155,NA
NA,NA,"AG - Crops:CO2","Agriculture","AG - Crops",0.05301,2004,"CO2",NA,NA,"Historical","BGR","bulgaria","EDGAR",0.05301,NA
NA,NA,"AG - Crops:CO2","Agriculture","AG - Crops",0.056655,2005,"CO2",NA,NA,"Historical","BGR","bulgaria","EDGAR",0.056655,NA
NA,NA,"AG - Crops:CO2","Agriculture","AG - Crops",0.06048,2006,"CO2",NA,NA,"Historical","BGR","bulgaria","EDGAR",0.06048,NA
NA,NA,"AG - Crops:CO2","Agriculture","AG - Crops",0.064295,2007,"CO2",NA,NA,"Historical","BGR","bulgaria","EDGAR",0.064295,NA
NA,NA,"AG - Crops:CO2","Agriculture","AG - Crops",0.06811,2008,"CO2",NA,NA,"Historical","BGR","bulgaria","EDGAR",0.06811,NA
NA,NA,"AG - Crops:CO2","Agriculture","AG - Crops",0.071935,2009,"CO2",NA,NA,"Historical","BGR","bulgaria","EDGAR",0.071935,NA
NA,NA,"AG - Crops:CO2","Agriculture","AG - Crops",0.084815,2010,"CO2",NA,NA,"Historical","BGR","bulgaria","EDGAR",0.084815,NA
NA,NA,"AG - Crops:CO2","Agriculture","AG - Crops",0.087095,2011,"CO2",NA,NA,"Historical","BGR","bulgaria","EDGAR",0.087095,NA
NA,NA,"AG - Crops:CO2","Agriculture","AG - Crops",0.089365,2012,"CO2",NA,NA,"Historical","BGR","bulgaria","EDGAR",0.089365,NA
NA,NA,"AG - Crops:CO2","Agriculture","AG - Crops",0.091645,2013,"CO2",NA,NA,"Historical","BGR","bulgaria","EDGAR",0.091645,NA
NA,NA,"AG - Crops:CO2","Agriculture","AG - Crops",0.093915,2014,"CO2",NA,NA,"Historical","BGR","bulgaria","EDGAR",0.093915,NA
NA,NA,"AG - Crops:CO2","Agriculture","AG - Crops",0.10171,2015,"CO2",NA,NA,"Historical","BGR","bulgaria","EDGAR",0.10171,NA
NA,NA,"AG - Crops:CO2","Agriculture","AG - Crops",0.096325,2016,"CO2",NA,NA,"Historical","BGR","bulgaria","EDGAR",0.096325,NA
NA,NA,"AG - Crops:CO2","Agriculture","AG - Crops",0.09877,2017,"CO2",NA,NA,"Historical","BGR","bulgaria","EDGAR",0.09877,NA
NA,NA,"AG - Crops:CO2","Agriculture","AG - Crops",0.09664,2018,"CO2",NA,NA,"Historical","BGR","bulgaria","EDGAR",0.09664,NA
NA,NA,"AG - Crops:CO2","Agriculture","AG - Crops",0.08658,2019,"CO2",NA,NA,"Historical","BGR","bulgaria","EDGAR",0.08658,NA
NA,NA,"AG - Crops:CO2","Agriculture","AG - Crops",0.08814,2020,"CO2",NA,NA,"Historical","BGR","bulgaria","EDGAR",0.08814,NA
NA,NA,"AG - Crops:CO2","Agriculture","AG - Crops",0.095085,2021,"CO2",NA,NA,"Historical","BGR","bulgaria","EDGAR",0.095085,NA
NA,NA,"AG - Crops:CO2","Agriculture","AG - Crops",0.09423,2022,"CO2",NA,NA,"Historical","BGR","bulgaria","EDGAR",0.09423,NA
NA,NA,"AG - Crops:N2O","Agriculture","AG - Crops",1.97834,2000,"N2O",NA,NA,"Historical","BGR","bulgaria","EDGAR",1.97834,NA
NA,NA,"AG - Crops:N2O","Agriculture","AG - Crops",2.02363,2001,"N2O",NA,NA,"Historical","BGR","bulgaria","EDGAR",2.02363,NA
NA,NA,"AG - Crops:N2O","Agriculture","AG - Crops",2.06892,2002,"N2O",NA,NA,"Historical","BGR","bulgaria","EDGAR",2.06892,NA
NA,NA,"AG - Crops:N2O","Agriculture","AG - Crops",2.11421,2003,"N2O",NA,NA,"Historical","BGR","bulgaria","EDGAR",2.11421,NA
NA,NA,"AG - Crops:N2O","Agriculture","AG - Crops",2.1595,2004,"N2O",NA,NA,"Historical","BGR","bulgaria","EDGAR",2.1595,NA
NA,NA,"AG - Crops:N2O","Agriculture","AG - Crops",2.10282,2005,"N2O",NA,NA,"Historical","BGR","bulgaria","EDGAR",2.10282,NA
NA,NA,"AG - Crops:N2O","Agriculture","AG - Crops",2.22793,2006,"N2O",NA,NA,"Historical","BGR","bulgaria","EDGAR",2.22793,NA
NA,NA,"AG - Crops:N2O","Agriculture","AG - Crops",2.35304,2007,"N2O",NA,NA,"Historical","BGR","bulgaria","EDGAR",2.35304,NA
NA,NA,"AG - Crops:N2O","Agriculture","AG - Crops",2.47815,2008,"N2O",NA,NA,"Historical","BGR","bulgaria","EDGAR",2.47815,NA
NA,NA,"AG - Crops:N2O","Agriculture","AG - Crops",2.60326,2009,"N2O",NA,NA,"Historical","BGR","bulgaria","EDGAR",2.60326,NA
NA,NA,"AG - Crops:N2O","Agriculture","AG - Crops",2.62535,2010,"N2O",NA,NA,"Historical","BGR","bulgaria","EDGAR",2.62535,NA
NA,NA,"AG - Crops:N2O","Agriculture","AG - Crops",2.58786,2011,"N2O",NA,NA,"Historical","BGR","bulgaria","EDGAR",2.58786,NA
NA,NA,"AG - Crops:N2O","Agriculture","AG - Crops",2.55037,2012,"N2O",NA,NA,"Historical","BGR","bulgaria","EDGAR",2.55037,NA
NA,NA,"AG - Crops:N2O","Agriculture","AG - Crops",2.51288,2013,"N2O",NA,NA,"Historical","BGR","bulgaria","EDGAR",2.51288,NA
NA,NA,"AG - Crops:N2O","Agriculture","AG - Crops",2.47539,2014,"N2O",NA,NA,"Historical","BGR","bulgaria","EDGAR",2.47539,NA
NA,NA,"AG - Crops:N2O","Agriculture","AG - Crops",2.33459,2015,"N2O",NA,NA,"Historical","BGR","bulgaria","EDGAR",2.33459,NA
NA,NA,"AG - Crops:N2O","Agriculture","AG - Crops",2.50947,2016,"N2O",NA,NA,"Historical","BGR","bulgaria","EDGAR",2.50947,NA
NA,NA,"AG - Crops:N2O","Agriculture","AG - Crops",2.88169,2017,"N2O",NA,NA,"Historical","BGR","bulgaria","EDGAR",2.88169,NA
NA,NA,"AG - Crops:N2O","Agriculture","AG - Crops",2.74331,2018,"N2O",NA,NA,"Historical","BGR","bulgaria","EDGAR",2.74331,NA
NA,NA,"AG - Crops:N2O","Agriculture","AG - Crops",3.34134,2019,"N2O",NA,NA,"Historical","BGR","bulgaria","EDGAR",3.34134,NA
NA,NA,"AG - Crops:N2O","Agriculture","AG - Crops",3.06788,2020,"N2O",NA,NA,"Historical","BGR","bulgaria","EDGAR",3.06788,NA
NA,NA,"AG - Crops:N2O","Agriculture","AG - Crops",3.50893,2021,"N2O",NA,NA,"Historical","BGR","bulgaria","EDGAR",3.50893,NA
NA,NA,"AG - Crops:N2O","Agriculture","AG - Crops",3.40272,2022,"N2O",NA,NA,"Historical","BGR","bulgaria","EDGAR",3.40272,NA
NA,NA,"AG - Livestock:CH4","Agriculture","AG - Livestock",2.67964,2000,"CH4",NA,NA,"Historical","BGR","bulgaria","EDGAR",2.67964,NA
NA,NA,"AG - Livestock:CH4","Agriculture","AG - Livestock",2.600875,2001,"CH4",NA,NA,"Historical","BGR","bulgaria","EDGAR",2.600875,NA
NA,NA,"AG - Livestock:CH4","Agriculture","AG - Livestock",2.52211,2002,"CH4",NA,NA,"Historical","BGR","bulgaria","EDGAR",2.52211,NA
NA,NA,"AG - Livestock:CH4","Agriculture","AG - Livestock",2.443345,2003,"CH4",NA,NA,"Historical","BGR","bulgaria","EDGAR",2.443345,NA
NA,NA,"AG - Livestock:CH4","Agriculture","AG - Livestock",2.36458,2004,"CH4",NA,NA,"Historical","BGR","bulgaria","EDGAR",2.36458,NA
NA,NA,"AG - Livestock:CH4","Agriculture","AG - Livestock",2.407855,2005,"CH4",NA,NA,"Historical","BGR","bulgaria","EDGAR",2.407855,NA
NA,NA,"AG - Livestock:CH4","Agriculture","AG - Livestock",2.322685,2006,"CH4",NA,NA,"Historical","BGR","bulgaria","EDGAR",2.322685,NA
NA,NA,"AG - Livestock:CH4","Agriculture","AG - Livestock",2.237515,2007,"CH4",NA,NA,"Historical","BGR","bulgaria","EDGAR",2.237515,NA
NA,NA,"AG - Livestock:CH4","Agriculture","AG - Livestock",2.152345,2008,"CH4",NA,NA,"Historical","BGR","bulgaria","EDGAR",2.152345,NA
NA,NA,"AG - Livestock:CH4","Agriculture","AG - Livestock",2.067225,2009,"CH4",NA,NA,"Historical","BGR","bulgaria","EDGAR",2.067225,NA
NA,NA,"AG - Livestock:CH4","Agriculture","AG - Livestock",2.02882,2010,"CH4",NA,NA,"Historical","BGR","bulgaria","EDGAR",2.02882,NA
NA,NA,"AG - Livestock:CH4","Agriculture","AG - Livestock",2.02624,2011,"CH4",NA,NA,"Historical","BGR","bulgaria","EDGAR",2.02624,NA
NA,NA,"AG - Livestock:CH4","Agriculture","AG - Livestock",2.023645,2012,"CH4",NA,NA,"Historical","BGR","bulgaria","EDGAR",2.023645,NA
NA,NA,"AG - Livestock:CH4","Agriculture","AG - Livestock",2.02106,2013,"CH4",NA,NA,"Historical","BGR","bulgaria","EDGAR",2.02106,NA
NA,NA,"AG - Livestock:CH4","Agriculture","AG - Livestock",2.01848,2014,"CH4",NA,NA,"Historical","BGR","bulgaria","EDGAR",2.01848,NA
NA,NA,"AG - Livestock:CH4","Agriculture","AG - Livestock",2.017415,2015,"CH4",NA,NA,"Historical","BGR","bulgaria","EDGAR",2.017415,NA
NA,NA,"AG - Livestock:CH4","Agriculture","AG - Livestock",1.987665,2016,"CH4",NA,NA,"Historical","BGR","bulgaria","EDGAR",1.987665,NA
NA,NA,"AG - Livestock:CH4","Agriculture","AG - Livestock",1.991895,2017,"CH4",NA,NA,"Historical","BGR","bulgaria","EDGAR",1.991895,NA
NA,NA,"AG - Livestock:CH4","Agriculture","AG - Livestock",1.954175,2018,"CH4",NA,NA,"Historical","BGR","bulgaria","EDGAR",1.954175,NA
NA,NA,"AG - Livestock:CH4","Agriculture","AG - Livestock",1.90819,2019,"CH4",NA,NA,"Historical","BGR","bulgaria","EDGAR",1.90819,NA
NA,NA,"AG - Livestock:CH4","Agriculture","AG - Livestock",1.957065,2020,"CH4",NA,NA,"Historical","BGR","bulgaria","EDGAR",1.957065,NA
NA,NA,"AG - Livestock:CH4","Agriculture","AG - Livestock",2.01269,2021,"CH4",NA,NA,"Historical","BGR","bulgaria","EDGAR",2.01269,NA
NA,NA,"AG - Livestock:CH4","Agriculture","AG - Livestock",1.976805,2022,"CH4",NA,NA,"Historical","BGR","bulgaria","EDGAR",1.976805,NA
NA,NA,"AG - Livestock:N2O","Agriculture","AG - Livestock",0.31216,2000,"N2O",NA,NA,"Historical","BGR","bulgaria","EDGAR",0.31216,NA
NA,NA,"AG - Livestock:N2O","Agriculture","AG - Livestock",0.314205,2001,"N2O",NA,NA,"Historical","BGR","bulgaria","EDGAR",0.314205,NA
NA,NA,"AG - Livestock:N2O","Agriculture","AG - Livestock",0.31625,2002,"N2O",NA,NA,"Historical","BGR","bulgaria","EDGAR",0.31625,NA
NA,NA,"AG - Livestock:N2O","Agriculture","AG - Livestock",0.318295,2003,"N2O",NA,NA,"Historical","BGR","bulgaria","EDGAR",0.318295,NA
NA,NA,"AG - Livestock:N2O","Agriculture","AG - Livestock",0.32034,2004,"N2O",NA,NA,"Historical","BGR","bulgaria","EDGAR",0.32034,NA
NA,NA,"AG - Livestock:N2O","Agriculture","AG - Livestock",0.343395,2005,"N2O",NA,NA,"Historical","BGR","bulgaria","EDGAR",0.343395,NA
NA,NA,"AG - Livestock:N2O","Agriculture","AG - Livestock",0.336305,2006,"N2O",NA,NA,"Historical","BGR","bulgaria","EDGAR",0.336305,NA
NA,NA,"AG - Livestock:N2O","Agriculture","AG - Livestock",0.329215,2007,"N2O",NA,NA,"Historical","BGR","bulgaria","EDGAR",0.329215,NA
NA,NA,"AG - Livestock:N2O","Agriculture","AG - Livestock",0.322125,2008,"N2O",NA,NA,"Historical","BGR","bulgaria","EDGAR",0.322125,NA
NA,NA,"AG - Livestock:N2O","Agriculture","AG - Livestock",0.315085,2009,"N2O",NA,NA,"Historical","BGR","bulgaria","EDGAR",0.315085,NA
NA,NA,"AG - Livestock:N2O","Agriculture","AG - Livestock",0.31044,2010,"N2O",NA,NA,"Historical","BGR","bulgaria","EDGAR",0.31044,NA
NA,NA,"AG - Livestock:N2O","Agriculture","AG - Livestock",0.30966,2011,"N2O",NA,NA,"Historical","BGR","bulgaria","EDGAR",0.30966,NA
NA,NA,"AG - Livestock:N2O","Agriculture","AG - Livestock",0.308875,2012,"N2O",NA,NA,"Historical","BGR","bulgaria","EDGAR",0.308875,NA
NA,NA,"AG - Livestock:N2O","Agriculture","AG - Livestock",0.30809,2013,"N2O",NA,NA,"Historical","BGR","bulgaria","EDGAR",0.30809,NA
NA,NA,"AG - Livestock:N2O","Agriculture","AG - Livestock",0.30731,2014,"N2O",NA,NA,"Historical","BGR","bulgaria","EDGAR",0.30731,NA
NA,NA,"AG - Livestock:N2O","Agriculture","AG - Livestock",0.308535,2015,"N2O",NA,NA,"Historical","BGR","bulgaria","EDGAR",0.308535,NA
NA,NA,"AG - Livestock:N2O","Agriculture","AG - Livestock",0.300655,2016,"N2O",NA,NA,"Historical","BGR","bulgaria","EDGAR",0.300655,NA
NA,NA,"AG - Livestock:N2O","Agriculture","AG - Livestock",0.306285,2017,"N2O",NA,NA,"Historical","BGR","bulgaria","EDGAR",0.306285,NA
NA,NA,"AG - Livestock:N2O","Agriculture","AG - Livestock",0.312265,2018,"N2O",NA,NA,"Historical","BGR","bulgaria","EDGAR",0.312265,NA
NA,NA,"AG - Livestock:N2O","Agriculture","AG - Livestock",0.31497,2019,"N2O",NA,NA,"Historical","BGR","bulgaria","EDGAR",0.31497,NA
NA,NA,"AG - Livestock:N2O","Agriculture","AG - Livestock",0.304595,2020,"N2O",NA,NA,"Historical","BGR","bulgaria","EDGAR",0.304595,NA
NA,NA,"AG - Livestock:N2O","Agriculture","AG - Livestock",0.30843,2021,"N2O",NA,NA,"Historical","BGR","bulgaria","EDGAR",0.30843,NA
NA,NA,"AG - Livestock:N2O","Agriculture","AG - Livestock",0.306905,2022,"N2O",NA,NA,"Historical","BGR","bulgaria","EDGAR",0.306905,NA
NA,NA,"EN - Building:CH4","Energy","EN - Building",0.267662816,2000,"CH4",NA,NA,"Historical","BGR","bulgaria","EDGAR",0.267662816,NA
NA,NA,"EN - Building:CH4","Energy","EN - Building",0.227455067,2001,"CH4",NA,NA,"Historical","BGR","bulgaria","EDGAR",0.227455067,NA
NA,NA,"EN - Building:CH4","Energy","EN - Building",0.313139421,2002,"CH4",NA,NA,"Historical","BGR","bulgaria","EDGAR",0.313139421,NA
NA,NA,"EN - Building:CH4","Energy","EN - Building",0.354353714,2003,"CH4",NA,NA,"Historical","BGR","bulgaria","EDGAR",0.354353714,NA
NA,NA,"EN - Building:CH4","Energy","EN - Building",0.336252769,2004,"CH4",NA,NA,"Historical","BGR","bulgaria","EDGAR",0.336252769,NA
NA,NA,"EN - Building:CH4","Energy","EN - Building",0.330501015,2005,"CH4",NA,NA,"Historical","BGR","bulgaria","EDGAR",0.330501015,NA
NA,NA,"EN - Building:CH4","Energy","EN - Building",0.352171081,2006,"CH4",NA,NA,"Historical","BGR","bulgaria","EDGAR",0.352171081,NA
NA,NA,"EN - Building:CH4","Energy","EN - Building",0.328903827,2007,"CH4",NA,NA,"Historical","BGR","bulgaria","EDGAR",0.328903827,NA
NA,NA,"EN - Building:CH4","Energy","EN - Building",0.338662185,2008,"CH4",NA,NA,"Historical","BGR","bulgaria","EDGAR",0.338662185,NA
NA,NA,"EN - Building:CH4","Energy","EN - Building",0.30773569,2009,"CH4",NA,NA,"Historical","BGR","bulgaria","EDGAR",0.30773569,NA
NA,NA,"EN - Building:CH4","Energy","EN - Building",0.355924022,2010,"CH4",NA,NA,"Historical","BGR","bulgaria","EDGAR",0.355924022,NA
NA,NA,"EN - Building:CH4","Energy","EN - Building",0.389912407,2011,"CH4",NA,NA,"Historical","BGR","bulgaria","EDGAR",0.389912407,NA
NA,NA,"EN - Building:CH4","Energy","EN - Building",0.400207209,2012,"CH4",NA,NA,"Historical","BGR","bulgaria","EDGAR",0.400207209,NA
NA,NA,"EN - Building:CH4","Energy","EN - Building",0.372536333,2013,"CH4",NA,NA,"Historical","BGR","bulgaria","EDGAR",0.372536333,NA
NA,NA,"EN - Building:CH4","Energy","EN - Building",0.331401852,2014,"CH4",NA,NA,"Historical","BGR","bulgaria","EDGAR",0.331401852,NA
NA,NA,"EN - Building:CH4","Energy","EN - Building",0.332578377,2015,"CH4",NA,NA,"Historical","BGR","bulgaria","EDGAR",0.332578377,NA
NA,NA,"EN - Building:CH4","Energy","EN - Building",0.354723221,2016,"CH4",NA,NA,"Historical","BGR","bulgaria","EDGAR",0.354723221,NA
NA,NA,"EN - Building:CH4","Energy","EN - Building",0.379550707,2017,"CH4",NA,NA,"Historical","BGR","bulgaria","EDGAR",0.379550707,NA
NA,NA,"EN - Building:CH4","Energy","EN - Building",0.359761373,2018,"CH4",NA,NA,"Historical","BGR","bulgaria","EDGAR",0.359761373,NA
NA,NA,"EN - Building:CH4","Energy","EN - Building",0.349698781,2019,"CH4",NA,NA,"Historical","BGR","bulgaria","EDGAR",0.349698781,NA
NA,NA,"EN - Building:CH4","Energy","EN - Building",0.384786812,2020,"CH4",NA,NA,"Historical","BGR","bulgaria","EDGAR",0.384786812,NA
NA,NA,"EN - Building:CH4","Energy","EN - Building",0.402469572,2021,"CH4",NA,NA,"Historical","BGR","bulgaria","EDGAR",0.402469572,NA
NA,NA,"EN - Building:CH4","Energy","EN - Building",0.415001286,2022,"CH4",NA,NA,"Historical","BGR","bulgaria","EDGAR",0.415001286,NA
NA,NA,"EN - Building:CO2","Energy","EN - Building",2.225429161,2000,"CO2",NA,NA,"Historical","BGR","bulgaria","EDGAR",2.225429161,NA
NA,NA,"EN - Building:CO2","Energy","EN - Building",2.055646408,2001,"CO2",NA,NA,"Historical","BGR","bulgaria","EDGAR",2.055646408,NA
NA,NA,"EN - Building:CO2","Energy","EN - Building",2.425898775,2002,"CO2",NA,NA,"Historical","BGR","bulgaria","EDGAR",2.425898775,NA
NA,NA,"EN - Building:CO2","Energy","EN - Building",2.553387839,2003,"CO2",NA,NA,"Historical","BGR","bulgaria","EDGAR",2.553387839,NA
NA,NA,"EN - Building:CO2","Energy","EN - Building",2.129956152,2004,"CO2",NA,NA,"Historical","BGR","bulgaria","EDGAR",2.129956152,NA
NA,NA,"EN - Building:CO2","Energy","EN - Building",2.133294828,2005,"CO2",NA,NA,"Historical","BGR","bulgaria","EDGAR",2.133294828,NA
NA,NA,"EN - Building:CO2","Energy","EN - Building",2.364230002,2006,"CO2",NA,NA,"Historical","BGR","bulgaria","EDGAR",2.364230002,NA
NA,NA,"EN - Building:CO2","Energy","EN - Building",2.070617003,2007,"CO2",NA,NA,"Historical","BGR","bulgaria","EDGAR",2.070617003,NA
NA,NA,"EN - Building:CO2","Energy","EN - Building",1.827175785,2008,"CO2",NA,NA,"Historical","BGR","bulgaria","EDGAR",1.827175785,NA
NA,NA,"EN - Building:CO2","Energy","EN - Building",1.593343047,2009,"CO2",NA,NA,"Historical","BGR","bulgaria","EDGAR",1.593343047,NA
NA,NA,"EN - Building:CO2","Energy","EN - Building",1.747303914,2010,"CO2",NA,NA,"Historical","BGR","bulgaria","EDGAR",1.747303914,NA
NA,NA,"EN - Building:CO2","Energy","EN - Building",1.982473159,2011,"CO2",NA,NA,"Historical","BGR","bulgaria","EDGAR",1.982473159,NA
NA,NA,"EN - Building:CO2","Energy","EN - Building",1.926383833,2012,"CO2",NA,NA,"Historical","BGR","bulgaria","EDGAR",1.926383833,NA
NA,NA,"EN - Building:CO2","Energy","EN - Building",1.661279689,2013,"CO2",NA,NA,"Historical","BGR","bulgaria","EDGAR",1.661279689,NA
NA,NA,"EN - Building:CO2","Energy","EN - Building",1.41600101,2014,"CO2",NA,NA,"Historical","BGR","bulgaria","EDGAR",1.41600101,NA
NA,NA,"EN - Building:CO2","Energy","EN - Building",1.566169403,2015,"CO2",NA,NA,"Historical","BGR","bulgaria","EDGAR",1.566169403,NA
NA,NA,"EN - Building:CO2","Energy","EN - Building",1.59695047,2016,"CO2",NA,NA,"Historical","BGR","bulgaria","EDGAR",1.59695047,NA
NA,NA,"EN - Building:CO2","Energy","EN - Building",1.638649452,2017,"CO2",NA,NA,"Historical","BGR","bulgaria","EDGAR",1.638649452,NA
NA,NA,"EN - Building:CO2","Energy","EN - Building",1.475599123,2018,"CO2",NA,NA,"Historical","BGR","bulgaria","EDGAR",1.475599123,NA
NA,NA,"EN - Building:CO2","Energy","EN - Building",1.410762337,2019,"CO2",NA,NA,"Historical","BGR","bulgaria","EDGAR",1.410762337,NA
NA,NA,"EN - Building:CO2","Energy","EN - Building",1.424732878,2020,"CO2",NA,NA,"Historical","BGR","bulgaria","EDGAR",1.424732878,NA
NA,NA,"EN - Building:CO2","Energy","EN - Building",1.626602772,2021,"CO2",NA,NA,"Historical","BGR","bulgaria","EDGAR",1.626602772,NA
NA,NA,"EN - Building:CO2","Energy","EN - Building",1.695735954,2022,"CO2",NA,NA,"Historical","BGR","bulgaria","EDGAR",1.695735954,NA
NA,NA,"EN - Building:N2O","Energy","EN - Building",0.106716687,2000,"N2O",NA,NA,"Historical","BGR","bulgaria","EDGAR",0.106716687,NA
NA,NA,"EN - Building:N2O","Energy","EN - Building",0.097940212,2001,"N2O",NA,NA,"Historical","BGR","bulgaria","EDGAR",0.097940212,NA
NA,NA,"EN - Building:N2O","Energy","EN - Building",0.105680317,2002,"N2O",NA,NA,"Historical","BGR","bulgaria","EDGAR",0.105680317,NA
NA,NA,"EN - Building:N2O","Energy","EN - Building",0.106766125,2003,"N2O",NA,NA,"Historical","BGR","bulgaria","EDGAR",0.106766125,NA
NA,NA,"EN - Building:N2O","Energy","EN - Building",0.101775868,2004,"N2O",NA,NA,"Historical","BGR","bulgaria","EDGAR",0.101775868,NA
NA,NA,"EN - Building:N2O","Energy","EN - Building",0.103691434,2005,"N2O",NA,NA,"Historical","BGR","bulgaria","EDGAR",0.103691434,NA
NA,NA,"EN - Building:N2O","Energy","EN - Building",0.106197741,2006,"N2O",NA,NA,"Historical","BGR","bulgaria","EDGAR",0.106197741,NA
NA,NA,"EN - Building:N2O","Energy","EN - Building",0.094182287,2007,"N2O",NA,NA,"Historical","BGR","bulgaria","EDGAR",0.094182287,NA
NA,NA,"EN - Building:N2O","Energy","EN - Building",0.068339232,2008,"N2O",NA,NA,"Historical","BGR","bulgaria","EDGAR",0.068339232,NA
NA,NA,"EN - Building:N2O","Energy","EN - Building",0.070910126,2009,"N2O",NA,NA,"Historical","BGR","bulgaria","EDGAR",0.070910126,NA
NA,NA,"EN - Building:N2O","Energy","EN - Building",0.074050144,2010,"N2O",NA,NA,"Historical","BGR","bulgaria","EDGAR",0.074050144,NA
NA,NA,"EN - Building:N2O","Energy","EN - Building",0.079640018,2011,"N2O",NA,NA,"Historical","BGR","bulgaria","EDGAR",0.079640018,NA
NA,NA,"EN - Building:N2O","Energy","EN - Building",0.082305066,2012,"N2O",NA,NA,"Historical","BGR","bulgaria","EDGAR",0.082305066,NA
NA,NA,"EN - Building:N2O","Energy","EN - Building",0.076476468,2013,"N2O",NA,NA,"Historical","BGR","bulgaria","EDGAR",0.076476468,NA
NA,NA,"EN - Building:N2O","Energy","EN - Building",0.074750776,2014,"N2O",NA,NA,"Historical","BGR","bulgaria","EDGAR",0.074750776,NA
NA,NA,"EN - Building:N2O","Energy","EN - Building",0.076427467,2015,"N2O",NA,NA,"Historical","BGR","bulgaria","EDGAR",0.076427467,NA
NA,NA,"EN - Building:N2O","Energy","EN - Building",0.074079038,2016,"N2O",NA,NA,"Historical","BGR","bulgaria","EDGAR",0.074079038,NA
NA,NA,"EN - Building:N2O","Energy","EN - Building",0.076057814,2017,"N2O",NA,NA,"Historical","BGR","bulgaria","EDGAR",0.076057814,NA
NA,NA,"EN - Building:N2O","Energy","EN - Building",0.078692989,2018,"N2O",NA,NA,"Historical","BGR","bulgaria","EDGAR",0.078692989,NA
NA,NA,"EN - Building:N2O","Energy","EN - Building",0.077692542,2019,"N2O",NA,NA,"Historical","BGR","bulgaria","EDGAR",0.077692542,NA
NA,NA,"EN - Building:N2O","Energy","EN - Building",0.080144988,2020,"N2O",NA,NA,"Historical","BGR","bulgaria","EDGAR",0.080144988,NA
NA,NA,"EN - Building:N2O","Energy","EN - Building",0.082851491,2021,"N2O",NA,NA,"Historical","BGR","bulgaria","EDGAR",0.082851491,NA
NA,NA,"EN - Building:N2O","Energy","EN - Building",0.087103271,2022,"N2O",NA,NA,"Historical","BGR","bulgaria","EDGAR",0.087103271,NA
NA,NA,"EN - Electricity/Heat:CH4","Energy","EN - Electricity/Heat",0.00704582,2000,"CH4",NA,NA,"Historical","BGR","bulgaria","EDGAR",0.00704582,NA
NA,NA,"EN - Electricity/Heat:CH4","Energy","EN - Electricity/Heat",0.007786416,2001,"CH4",NA,NA,"Historical","BGR","bulgaria","EDGAR",0.007786416,NA
NA,NA,"EN - Electricity/Heat:CH4","Energy","EN - Electricity/Heat",0.007162145,2002,"CH4",NA,NA,"Historical","BGR","bulgaria","EDGAR",0.007162145,NA
NA,NA,"EN - Electricity/Heat:CH4","Energy","EN - Electricity/Heat",0.008154832,2003,"CH4",NA,NA,"Historical","BGR","bulgaria","EDGAR",0.008154832,NA
NA,NA,"EN - Electricity/Heat:CH4","Energy","EN - Electricity/Heat",0.007877597,2004,"CH4",NA,NA,"Historical","BGR","bulgaria","EDGAR",0.007877597,NA
NA,NA,"EN - Electricity/Heat:CH4","Energy","EN - Electricity/Heat",0.007844415,2005,"CH4",NA,NA,"Historical","BGR","bulgaria","EDGAR",0.007844415,NA
NA,NA,"EN - Electricity/Heat:CH4","Energy","EN - Electricity/Heat",0.007720895,2006,"CH4",NA,NA,"Historical","BGR","bulgaria","EDGAR",0.007720895,NA
NA,NA,"EN - Electricity/Heat:CH4","Energy","EN - Electricity/Heat",0.008561986,2007,"CH4",NA,NA,"Historical","BGR","bulgaria","EDGAR",0.008561986,NA
NA,NA,"EN - Electricity/Heat:CH4","Energy","EN - Electricity/Heat",0.008498018,2008,"CH4",NA,NA,"Historical","BGR","bulgaria","EDGAR",0.008498018,NA
NA,NA,"EN - Electricity/Heat:CH4","Energy","EN - Electricity/Heat",0.007785899,2009,"CH4",NA,NA,"Historical","BGR","bulgaria","EDGAR",0.007785899,NA
NA,NA,"EN - Electricity/Heat:CH4","Energy","EN - Electricity/Heat",0.00871243,2010,"CH4",NA,NA,"Historical","BGR","bulgaria","EDGAR",0.00871243,NA
NA,NA,"EN - Electricity/Heat:CH4","Energy","EN - Electricity/Heat",0.010080016,2011,"CH4",NA,NA,"Historical","BGR","bulgaria","EDGAR",0.010080016,NA
NA,NA,"EN - Electricity/Heat:CH4","Energy","EN - Electricity/Heat",0.009249279,2012,"CH4",NA,NA,"Historical","BGR","bulgaria","EDGAR",0.009249279,NA
NA,NA,"EN - Electricity/Heat:CH4","Energy","EN - Electricity/Heat",0.00829685,2013,"CH4",NA,NA,"Historical","BGR","bulgaria","EDGAR",0.00829685,NA
NA,NA,"EN - Electricity/Heat:CH4","Energy","EN - Electricity/Heat",0.009374719,2014,"CH4",NA,NA,"Historical","BGR","bulgaria","EDGAR",0.009374719,NA
NA,NA,"EN - Electricity/Heat:CH4","Energy","EN - Electricity/Heat",0.009803574,2015,"CH4",NA,NA,"Historical","BGR","bulgaria","EDGAR",0.009803574,NA
NA,NA,"EN - Electricity/Heat:CH4","Energy","EN - Electricity/Heat",0.00979687,2016,"CH4",NA,NA,"Historical","BGR","bulgaria","EDGAR",0.00979687,NA
NA,NA,"EN - Electricity/Heat:CH4","Energy","EN - Electricity/Heat",0.00953374,2017,"CH4",NA,NA,"Historical","BGR","bulgaria","EDGAR",0.00953374,NA
NA,NA,"EN - Electricity/Heat:CH4","Energy","EN - Electricity/Heat",0.021744563,2018,"CH4",NA,NA,"Historical","BGR","bulgaria","EDGAR",0.021744563,NA
NA,NA,"EN - Electricity/Heat:CH4","Energy","EN - Electricity/Heat",0.025007693,2019,"CH4",NA,NA,"Historical","BGR","bulgaria","EDGAR",0.025007693,NA
NA,NA,"EN - Electricity/Heat:CH4","Energy","EN - Electricity/Heat",0.021502036,2020,"CH4",NA,NA,"Historical","BGR","bulgaria","EDGAR",0.021502036,NA
NA,NA,"EN - Electricity/Heat:CH4","Energy","EN - Electricity/Heat",0.022886758,2021,"CH4",NA,NA,"Historical","BGR","bulgaria","EDGAR",0.022886758,NA
NA,NA,"EN - Electricity/Heat:CH4","Energy","EN - Electricity/Heat",0.023683908,2022,"CH4",NA,NA,"Historical","BGR","bulgaria","EDGAR",0.023683908,NA
NA,NA,"EN - Electricity/Heat:CO2","Energy","EN - Electricity/Heat",24.0816699,2000,"CO2",NA,NA,"Historical","BGR","bulgaria","EDGAR",24.0816699,NA
NA,NA,"EN - Electricity/Heat:CO2","Energy","EN - Electricity/Heat",27.37656682,2001,"CO2",NA,NA,"Historical","BGR","bulgaria","EDGAR",27.37656682,NA
NA,NA,"EN - Electricity/Heat:CO2","Energy","EN - Electricity/Heat",24.70629471,2002,"CO2",NA,NA,"Historical","BGR","bulgaria","EDGAR",24.70629471,NA
NA,NA,"EN - Electricity/Heat:CO2","Energy","EN - Electricity/Heat",27.47064719,2003,"CO2",NA,NA,"Historical","BGR","bulgaria","EDGAR",27.47064719,NA
NA,NA,"EN - Electricity/Heat:CO2","Energy","EN - Electricity/Heat",26.798834,2004,"CO2",NA,NA,"Historical","BGR","bulgaria","EDGAR",26.798834,NA
NA,NA,"EN - Electricity/Heat:CO2","Energy","EN - Electricity/Heat",26.79012563,2005,"CO2",NA,NA,"Historical","BGR","bulgaria","EDGAR",26.79012563,NA
NA,NA,"EN - Electricity/Heat:CO2","Energy","EN - Electricity/Heat",26.96587,2006,"CO2",NA,NA,"Historical","BGR","bulgaria","EDGAR",26.96587,NA
NA,NA,"EN - Electricity/Heat:CO2","Energy","EN - Electricity/Heat",30.383585,2007,"CO2",NA,NA,"Historical","BGR","bulgaria","EDGAR",30.383585,NA
NA,NA,"EN - Electricity/Heat:CO2","Energy","EN - Electricity/Heat",30.61056258,2008,"CO2",NA,NA,"Historical","BGR","bulgaria","EDGAR",30.61056258,NA
NA,NA,"EN - Electricity/Heat:CO2","Energy","EN - Electricity/Heat",27.83291628,2009,"CO2",NA,NA,"Historical","BGR","bulgaria","EDGAR",27.83291628,NA
NA,NA,"EN - Electricity/Heat:CO2","Energy","EN - Electricity/Heat",29.76066699,2010,"CO2",NA,NA,"Historical","BGR","bulgaria","EDGAR",29.76066699,NA
NA,NA,"EN - Electricity/Heat:CO2","Energy","EN - Electricity/Heat",34.38450673,2011,"CO2",NA,NA,"Historical","BGR","bulgaria","EDGAR",34.38450673,NA
NA,NA,"EN - Electricity/Heat:CO2","Energy","EN - Electricity/Heat",29.67907315,2012,"CO2",NA,NA,"Historical","BGR","bulgaria","EDGAR",29.67907315,NA
NA,NA,"EN - Electricity/Heat:CO2","Energy","EN - Electricity/Heat",25.63172649,2013,"CO2",NA,NA,"Historical","BGR","bulgaria","EDGAR",25.63172649,NA
NA,NA,"EN - Electricity/Heat:CO2","Energy","EN - Electricity/Heat",27.39799929,2014,"CO2",NA,NA,"Historical","BGR","bulgaria","EDGAR",27.39799929,NA
NA,NA,"EN - Electricity/Heat:CO2","Energy","EN - Electricity/Heat",28.2078657,2015,"CO2",NA,NA,"Historical","BGR","bulgaria","EDGAR",28.2078657,NA
NA,NA,"EN - Electricity/Heat:CO2","Energy","EN - Electricity/Heat",24.90046236,2016,"CO2",NA,NA,"Historical","BGR","bulgaria","EDGAR",24.90046236,NA
NA,NA,"EN - Electricity/Heat:CO2","Energy","EN - Electricity/Heat",26.26995738,2017,"CO2",NA,NA,"Historical","BGR","bulgaria","EDGAR",26.26995738,NA
NA,NA,"EN - Electricity/Heat:CO2","Energy","EN - Electricity/Heat",22.89833695,2018,"CO2",NA,NA,"Historical","BGR","bulgaria","EDGAR",22.89833695,NA
NA,NA,"EN - Electricity/Heat:CO2","Energy","EN - Electricity/Heat",21.24751678,2019,"CO2",NA,NA,"Historical","BGR","bulgaria","EDGAR",21.24751678,NA
NA,NA,"EN - Electricity/Heat:CO2","Energy","EN - Electricity/Heat",17.28362788,2020,"CO2",NA,NA,"Historical","BGR","bulgaria","EDGAR",17.28362788,NA
NA,NA,"EN - Electricity/Heat:CO2","Energy","EN - Electricity/Heat",21.89644496,2021,"CO2",NA,NA,"Historical","BGR","bulgaria","EDGAR",21.89644496,NA
NA,NA,"EN - Electricity/Heat:CO2","Energy","EN - Electricity/Heat",25.09105165,2022,"CO2",NA,NA,"Historical","BGR","bulgaria","EDGAR",25.09105165,NA
NA,NA,"EN - Electricity/Heat:N2O","Energy","EN - Electricity/Heat",0.078207652,2000,"N2O",NA,NA,"Historical","BGR","bulgaria","EDGAR",0.078207652,NA
NA,NA,"EN - Electricity/Heat:N2O","Energy","EN - Electricity/Heat",0.091420129,2001,"N2O",NA,NA,"Historical","BGR","bulgaria","EDGAR",0.091420129,NA
NA,NA,"EN - Electricity/Heat:N2O","Energy","EN - Electricity/Heat",0.082400738,2002,"N2O",NA,NA,"Historical","BGR","bulgaria","EDGAR",0.082400738,NA
NA,NA,"EN - Electricity/Heat:N2O","Energy","EN - Electricity/Heat",0.092304297,2003,"N2O",NA,NA,"Historical","BGR","bulgaria","EDGAR",0.092304297,NA
NA,NA,"EN - Electricity/Heat:N2O","Energy","EN - Electricity/Heat",0.090495095,2004,"N2O",NA,NA,"Historical","BGR","bulgaria","EDGAR",0.090495095,NA
NA,NA,"EN - Electricity/Heat:N2O","Energy","EN - Electricity/Heat",0.090199866,2005,"N2O",NA,NA,"Historical","BGR","bulgaria","EDGAR",0.090199866,NA
NA,NA,"EN - Electricity/Heat:N2O","Energy","EN - Electricity/Heat",0.091369935,2006,"N2O",NA,NA,"Historical","BGR","bulgaria","EDGAR",0.091369935,NA
NA,NA,"EN - Electricity/Heat:N2O","Energy","EN - Electricity/Heat",0.103995016,2007,"N2O",NA,NA,"Historical","BGR","bulgaria","EDGAR",0.103995016,NA
NA,NA,"EN - Electricity/Heat:N2O","Energy","EN - Electricity/Heat",0.105615926,2008,"N2O",NA,NA,"Historical","BGR","bulgaria","EDGAR",0.105615926,NA
NA,NA,"EN - Electricity/Heat:N2O","Energy","EN - Electricity/Heat",0.094878925,2009,"N2O",NA,NA,"Historical","BGR","bulgaria","EDGAR",0.094878925,NA
NA,NA,"EN - Electricity/Heat:N2O","Energy","EN - Electricity/Heat",0.101666593,2010,"N2O",NA,NA,"Historical","BGR","bulgaria","EDGAR",0.101666593,NA
NA,NA,"EN - Electricity/Heat:N2O","Energy","EN - Electricity/Heat",0.119303883,2011,"N2O",NA,NA,"Historical","BGR","bulgaria","EDGAR",0.119303883,NA
NA,NA,"EN - Electricity/Heat:N2O","Energy","EN - Electricity/Heat",0.101741581,2012,"N2O",NA,NA,"Historical","BGR","bulgaria","EDGAR",0.101741581,NA
NA,NA,"EN - Electricity/Heat:N2O","Energy","EN - Electricity/Heat",0.087352951,2013,"N2O",NA,NA,"Historical","BGR","bulgaria","EDGAR",0.087352951,NA
NA,NA,"EN - Electricity/Heat:N2O","Energy","EN - Electricity/Heat",0.094877924,2014,"N2O",NA,NA,"Historical","BGR","bulgaria","EDGAR",0.094877924,NA
NA,NA,"EN - Electricity/Heat:N2O","Energy","EN - Electricity/Heat",0.098158596,2015,"N2O",NA,NA,"Historical","BGR","bulgaria","EDGAR",0.098158596,NA
NA,NA,"EN - Electricity/Heat:N2O","Energy","EN - Electricity/Heat",0.086552282,2016,"N2O",NA,NA,"Historical","BGR","bulgaria","EDGAR",0.086552282,NA
NA,NA,"EN - Electricity/Heat:N2O","Energy","EN - Electricity/Heat",0.091293989,2017,"N2O",NA,NA,"Historical","BGR","bulgaria","EDGAR",0.091293989,NA
NA,NA,"EN - Electricity/Heat:N2O","Energy","EN - Electricity/Heat",0.096283451,2018,"N2O",NA,NA,"Historical","BGR","bulgaria","EDGAR",0.096283451,NA
NA,NA,"EN - Electricity/Heat:N2O","Energy","EN - Electricity/Heat",0.094793359,2019,"N2O",NA,NA,"Historical","BGR","bulgaria","EDGAR",0.094793359,NA
NA,NA,"EN - Electricity/Heat:N2O","Energy","EN - Electricity/Heat",0.077046133,2020,"N2O",NA,NA,"Historical","BGR","bulgaria","EDGAR",0.077046133,NA
NA,NA,"EN - Electricity/Heat:N2O","Energy","EN - Electricity/Heat",0.093524314,2021,"N2O",NA,NA,"Historical","BGR","bulgaria","EDGAR",0.093524314,NA
NA,NA,"EN - Electricity/Heat:N2O","Energy","EN - Electricity/Heat",0.106404361,2022,"N2O",NA,NA,"Historical","BGR","bulgaria","EDGAR",0.106404361,NA
NA,NA,"EN - Fugitive Emissions:CH4","Energy","EN - Fugitive Emissions",1.100794443,2000,"CH4",NA,NA,"Historical","BGR","bulgaria","EDGAR",1.100794443,NA
NA,NA,"EN - Fugitive Emissions:CH4","Energy","EN - Fugitive Emissions",1.117507262,2001,"CH4",NA,NA,"Historical","BGR","bulgaria","EDGAR",1.117507262,NA
NA,NA,"EN - Fugitive Emissions:CH4","Energy","EN - Fugitive Emissions",1.077942112,2002,"CH4",NA,NA,"Historical","BGR","bulgaria","EDGAR",1.077942112,NA
NA,NA,"EN - Fugitive Emissions:CH4","Energy","EN - Fugitive Emissions",1.100067567,2003,"CH4",NA,NA,"Historical","BGR","bulgaria","EDGAR",1.100067567,NA
NA,NA,"EN - Fugitive Emissions:CH4","Energy","EN - Fugitive Emissions",1.085197904,2004,"CH4",NA,NA,"Historical","BGR","bulgaria","EDGAR",1.085197904,NA
NA,NA,"EN - Fugitive Emissions:CH4","Energy","EN - Fugitive Emissions",1.013542606,2005,"CH4",NA,NA,"Historical","BGR","bulgaria","EDGAR",1.013542606,NA
NA,NA,"EN - Fugitive Emissions:CH4","Energy","EN - Fugitive Emissions",1.017613807,2006,"CH4",NA,NA,"Historical","BGR","bulgaria","EDGAR",1.017613807,NA
NA,NA,"EN - Fugitive Emissions:CH4","Energy","EN - Fugitive Emissions",1.051895125,2007,"CH4",NA,NA,"Historical","BGR","bulgaria","EDGAR",1.051895125,NA
NA,NA,"EN - Fugitive Emissions:CH4","Energy","EN - Fugitive Emissions",1.068230682,2008,"CH4",NA,NA,"Historical","BGR","bulgaria","EDGAR",1.068230682,NA
NA,NA,"EN - Fugitive Emissions:CH4","Energy","EN - Fugitive Emissions",0.961449041,2009,"CH4",NA,NA,"Historical","BGR","bulgaria","EDGAR",0.961449041,NA
NA,NA,"EN - Fugitive Emissions:CH4","Energy","EN - Fugitive Emissions",0.994984416,2010,"CH4",NA,NA,"Historical","BGR","bulgaria","EDGAR",0.994984416,NA
NA,NA,"EN - Fugitive Emissions:CH4","Energy","EN - Fugitive Emissions",1.215483576,2011,"CH4",NA,NA,"Historical","BGR","bulgaria","EDGAR",1.215483576,NA
NA,NA,"EN - Fugitive Emissions:CH4","Energy","EN - Fugitive Emissions",1.091319251,2012,"CH4",NA,NA,"Historical","BGR","bulgaria","EDGAR",1.091319251,NA
NA,NA,"EN - Fugitive Emissions:CH4","Energy","EN - Fugitive Emissions",0.963519703,2013,"CH4",NA,NA,"Historical","BGR","bulgaria","EDGAR",0.963519703,NA
NA,NA,"EN - Fugitive Emissions:CH4","Energy","EN - Fugitive Emissions",1.00459365,2014,"CH4",NA,NA,"Historical","BGR","bulgaria","EDGAR",1.00459365,NA
NA,NA,"EN - Fugitive Emissions:CH4","Energy","EN - Fugitive Emissions",1.112146555,2015,"CH4",NA,NA,"Historical","BGR","bulgaria","EDGAR",1.112146555,NA
NA,NA,"EN - Fugitive Emissions:CH4","Energy","EN - Fugitive Emissions",0.998114471,2016,"CH4",NA,NA,"Historical","BGR","bulgaria","EDGAR",0.998114471,NA
NA,NA,"EN - Fugitive Emissions:CH4","Energy","EN - Fugitive Emissions",1.083989196,2017,"CH4",NA,NA,"Historical","BGR","bulgaria","EDGAR",1.083989196,NA
NA,NA,"EN - Fugitive Emissions:CH4","Energy","EN - Fugitive Emissions",0.984363544,2018,"CH4",NA,NA,"Historical","BGR","bulgaria","EDGAR",0.984363544,NA
NA,NA,"EN - Fugitive Emissions:CH4","Energy","EN - Fugitive Emissions",0.935958462,2019,"CH4",NA,NA,"Historical","BGR","bulgaria","EDGAR",0.935958462,NA
NA,NA,"EN - Fugitive Emissions:CH4","Energy","EN - Fugitive Emissions",0.795840773,2020,"CH4",NA,NA,"Historical","BGR","bulgaria","EDGAR",0.795840773,NA
NA,NA,"EN - Fugitive Emissions:CH4","Energy","EN - Fugitive Emissions",0.944540017,2021,"CH4",NA,NA,"Historical","BGR","bulgaria","EDGAR",0.944540017,NA
NA,NA,"EN - Fugitive Emissions:CH4","Energy","EN - Fugitive Emissions",1.125721545,2022,"CH4",NA,NA,"Historical","BGR","bulgaria","EDGAR",1.125721545,NA
NA,NA,"EN - Fugitive Emissions:CO2","Energy","EN - Fugitive Emissions",3.360001277,2000,"CO2",NA,NA,"Historical","BGR","bulgaria","EDGAR",3.360001277,NA
NA,NA,"EN - Fugitive Emissions:CO2","Energy","EN - Fugitive Emissions",2.740355985,2001,"CO2",NA,NA,"Historical","BGR","bulgaria","EDGAR",2.740355985,NA
NA,NA,"EN - Fugitive Emissions:CO2","Energy","EN - Fugitive Emissions",2.457060115,2002,"CO2",NA,NA,"Historical","BGR","bulgaria","EDGAR",2.457060115,NA
NA,NA,"EN - Fugitive Emissions:CO2","Energy","EN - Fugitive Emissions",2.833057333,2003,"CO2",NA,NA,"Historical","BGR","bulgaria","EDGAR",2.833057333,NA
NA,NA,"EN - Fugitive Emissions:CO2","Energy","EN - Fugitive Emissions",2.35880807,2004,"CO2",NA,NA,"Historical","BGR","bulgaria","EDGAR",2.35880807,NA
NA,NA,"EN - Fugitive Emissions:CO2","Energy","EN - Fugitive Emissions",2.255849231,2005,"CO2",NA,NA,"Historical","BGR","bulgaria","EDGAR",2.255849231,NA
NA,NA,"EN - Fugitive Emissions:CO2","Energy","EN - Fugitive Emissions",2.169564537,2006,"CO2",NA,NA,"Historical","BGR","bulgaria","EDGAR",2.169564537,NA
NA,NA,"EN - Fugitive Emissions:CO2","Energy","EN - Fugitive Emissions",2.400288238,2007,"CO2",NA,NA,"Historical","BGR","bulgaria","EDGAR",2.400288238,NA
NA,NA,"EN - Fugitive Emissions:CO2","Energy","EN - Fugitive Emissions",1.36984169,2008,"CO2",NA,NA,"Historical","BGR","bulgaria","EDGAR",1.36984169,NA
NA,NA,"EN - Fugitive Emissions:CO2","Energy","EN - Fugitive Emissions",1.133334578,2009,"CO2",NA,NA,"Historical","BGR","bulgaria","EDGAR",1.133334578,NA
NA,NA,"EN - Fugitive Emissions:CO2","Energy","EN - Fugitive Emissions",1.128874804,2010,"CO2",NA,NA,"Historical","BGR","bulgaria","EDGAR",1.128874804,NA
NA,NA,"EN - Fugitive Emissions:CO2","Energy","EN - Fugitive Emissions",1.167187544,2011,"CO2",NA,NA,"Historical","BGR","bulgaria","EDGAR",1.167187544,NA
NA,NA,"EN - Fugitive Emissions:CO2","Energy","EN - Fugitive Emissions",1.324780188,2012,"CO2",NA,NA,"Historical","BGR","bulgaria","EDGAR",1.324780188,NA
NA,NA,"EN - Fugitive Emissions:CO2","Energy","EN - Fugitive Emissions",1.340380371,2013,"CO2",NA,NA,"Historical","BGR","bulgaria","EDGAR",1.340380371,NA
NA,NA,"EN - Fugitive Emissions:CO2","Energy","EN - Fugitive Emissions",1.352873437,2014,"CO2",NA,NA,"Historical","BGR","bulgaria","EDGAR",1.352873437,NA
NA,NA,"EN - Fugitive Emissions:CO2","Energy","EN - Fugitive Emissions",1.490345065,2015,"CO2",NA,NA,"Historical","BGR","bulgaria","EDGAR",1.490345065,NA
NA,NA,"EN - Fugitive Emissions:CO2","Energy","EN - Fugitive Emissions",1.419932242,2016,"CO2",NA,NA,"Historical","BGR","bulgaria","EDGAR",1.419932242,NA
NA,NA,"EN - Fugitive Emissions:CO2","Energy","EN - Fugitive Emissions",1.46062803,2017,"CO2",NA,NA,"Historical","BGR","bulgaria","EDGAR",1.46062803,NA
NA,NA,"EN - Fugitive Emissions:CO2","Energy","EN - Fugitive Emissions",1.748379122,2018,"CO2",NA,NA,"Historical","BGR","bulgaria","EDGAR",1.748379122,NA
NA,NA,"EN - Fugitive Emissions:CO2","Energy","EN - Fugitive Emissions",2.183867677,2019,"CO2",NA,NA,"Historical","BGR","bulgaria","EDGAR",2.183867677,NA
NA,NA,"EN - Fugitive Emissions:CO2","Energy","EN - Fugitive Emissions",2.065558008,2020,"CO2",NA,NA,"Historical","BGR","bulgaria","EDGAR",2.065558008,NA
NA,NA,"EN - Fugitive Emissions:CO2","Energy","EN - Fugitive Emissions",2.259274531,2021,"CO2",NA,NA,"Historical","BGR","bulgaria","EDGAR",2.259274531,NA
NA,NA,"EN - Fugitive Emissions:CO2","Energy","EN - Fugitive Emissions",2.463175335,2022,"CO2",NA,NA,"Historical","BGR","bulgaria","EDGAR",2.463175335,NA
NA,NA,"EN - Fugitive Emissions:N2O","Energy","EN - Fugitive Emissions",0.001093132,2000,"N2O",NA,NA,"Historical","BGR","bulgaria","EDGAR",0.001093132,NA
NA,NA,"EN - Fugitive Emissions:N2O","Energy","EN - Fugitive Emissions",0.000936136,2001,"N2O",NA,NA,"Historical","BGR","bulgaria","EDGAR",0.000936136,NA
NA,NA,"EN - Fugitive Emissions:N2O","Energy","EN - Fugitive Emissions",0.000878915,2002,"N2O",NA,NA,"Historical","BGR","bulgaria","EDGAR",0.000878915,NA
NA,NA,"EN - Fugitive Emissions:N2O","Energy","EN - Fugitive Emissions",0.000871712,2003,"N2O",NA,NA,"Historical","BGR","bulgaria","EDGAR",0.000871712,NA
NA,NA,"EN - Fugitive Emissions:N2O","Energy","EN - Fugitive Emissions",0.000887817,2004,"N2O",NA,NA,"Historical","BGR","bulgaria","EDGAR",0.000887817,NA
NA,NA,"EN - Fugitive Emissions:N2O","Energy","EN - Fugitive Emissions",0.000947438,2005,"N2O",NA,NA,"Historical","BGR","bulgaria","EDGAR",0.000947438,NA
NA,NA,"EN - Fugitive Emissions:N2O","Energy","EN - Fugitive Emissions",0.00096416,2006,"N2O",NA,NA,"Historical","BGR","bulgaria","EDGAR",0.00096416,NA
NA,NA,"EN - Fugitive Emissions:N2O","Energy","EN - Fugitive Emissions",0.00099472,2007,"N2O",NA,NA,"Historical","BGR","bulgaria","EDGAR",0.00099472,NA
NA,NA,"EN - Fugitive Emissions:N2O","Energy","EN - Fugitive Emissions",0.001424654,2008,"N2O",NA,NA,"Historical","BGR","bulgaria","EDGAR",0.001424654,NA
NA,NA,"EN - Fugitive Emissions:N2O","Energy","EN - Fugitive Emissions",0.001507129,2009,"N2O",NA,NA,"Historical","BGR","bulgaria","EDGAR",0.001507129,NA
NA,NA,"EN - Fugitive Emissions:N2O","Energy","EN - Fugitive Emissions",0.001456854,2010,"N2O",NA,NA,"Historical","BGR","bulgaria","EDGAR",0.001456854,NA
NA,NA,"EN - Fugitive Emissions:N2O","Energy","EN - Fugitive Emissions",0.001375805,2011,"N2O",NA,NA,"Historical","BGR","bulgaria","EDGAR",0.001375805,NA
NA,NA,"EN - Fugitive Emissions:N2O","Energy","EN - Fugitive Emissions",0.001018652,2012,"N2O",NA,NA,"Historical","BGR","bulgaria","EDGAR",0.001018652,NA
NA,NA,"EN - Fugitive Emissions:N2O","Energy","EN - Fugitive Emissions",0.00103894,2013,"N2O",NA,NA,"Historical","BGR","bulgaria","EDGAR",0.00103894,NA
NA,NA,"EN - Fugitive Emissions:N2O","Energy","EN - Fugitive Emissions",0.000968732,2014,"N2O",NA,NA,"Historical","BGR","bulgaria","EDGAR",0.000968732,NA
NA,NA,"EN - Fugitive Emissions:N2O","Energy","EN - Fugitive Emissions",0.001141934,2015,"N2O",NA,NA,"Historical","BGR","bulgaria","EDGAR",0.001141934,NA
NA,NA,"EN - Fugitive Emissions:N2O","Energy","EN - Fugitive Emissions",0.001120255,2016,"N2O",NA,NA,"Historical","BGR","bulgaria","EDGAR",0.001120255,NA
NA,NA,"EN - Fugitive Emissions:N2O","Energy","EN - Fugitive Emissions",0.001119777,2017,"N2O",NA,NA,"Historical","BGR","bulgaria","EDGAR",0.001119777,NA
NA,NA,"EN - Fugitive Emissions:N2O","Energy","EN - Fugitive Emissions",0.000948276,2018,"N2O",NA,NA,"Historical","BGR","bulgaria","EDGAR",0.000948276,NA
NA,NA,"EN - Fugitive Emissions:N2O","Energy","EN - Fugitive Emissions",0.000982683,2019,"N2O",NA,NA,"Historical","BGR","bulgaria","EDGAR",0.000982683,NA
NA,NA,"EN - Fugitive Emissions:N2O","Energy","EN - Fugitive Emissions",0.000759429,2020,"N2O",NA,NA,"Historical","BGR","bulgaria","EDGAR",0.000759429,NA
NA,NA,"EN - Fugitive Emissions:N2O","Energy","EN - Fugitive Emissions",0.000797677,2021,"N2O",NA,NA,"Historical","BGR","bulgaria","EDGAR",0.000797677,NA
NA,NA,"EN - Fugitive Emissions:N2O","Energy","EN - Fugitive Emissions",0.000855997,2022,"N2O",NA,NA,"Historical","BGR","bulgaria","EDGAR",0.000855997,NA
NA,NA,"EN - Manufacturing/Construction:CH4","Energy","EN - Manufacturing/Construction",0.009624858,2000,"CH4",NA,NA,"Historical","BGR","bulgaria","EDGAR",0.009624858,NA
NA,NA,"EN - Manufacturing/Construction:CH4","Energy","EN - Manufacturing/Construction",0.011465493,2001,"CH4",NA,NA,"Historical","BGR","bulgaria","EDGAR",0.011465493,NA
NA,NA,"EN - Manufacturing/Construction:CH4","Energy","EN - Manufacturing/Construction",0.0110309,2002,"CH4",NA,NA,"Historical","BGR","bulgaria","EDGAR",0.0110309,NA
NA,NA,"EN - Manufacturing/Construction:CH4","Energy","EN - Manufacturing/Construction",0.012807566,2003,"CH4",NA,NA,"Historical","BGR","bulgaria","EDGAR",0.012807566,NA
NA,NA,"EN - Manufacturing/Construction:CH4","Energy","EN - Manufacturing/Construction",0.013306176,2004,"CH4",NA,NA,"Historical","BGR","bulgaria","EDGAR",0.013306176,NA
NA,NA,"EN - Manufacturing/Construction:CH4","Energy","EN - Manufacturing/Construction",0.012712752,2005,"CH4",NA,NA,"Historical","BGR","bulgaria","EDGAR",0.012712752,NA
NA,NA,"EN - Manufacturing/Construction:CH4","Energy","EN - Manufacturing/Construction",0.012792948,2006,"CH4",NA,NA,"Historical","BGR","bulgaria","EDGAR",0.012792948,NA
NA,NA,"EN - Manufacturing/Construction:CH4","Energy","EN - Manufacturing/Construction",0.013400172,2007,"CH4",NA,NA,"Historical","BGR","bulgaria","EDGAR",0.013400172,NA
NA,NA,"EN - Manufacturing/Construction:CH4","Energy","EN - Manufacturing/Construction",0.01000766,2008,"CH4",NA,NA,"Historical","BGR","bulgaria","EDGAR",0.01000766,NA
NA,NA,"EN - Manufacturing/Construction:CH4","Energy","EN - Manufacturing/Construction",0.006483258,2009,"CH4",NA,NA,"Historical","BGR","bulgaria","EDGAR",0.006483258,NA
NA,NA,"EN - Manufacturing/Construction:CH4","Energy","EN - Manufacturing/Construction",0.010518049,2010,"CH4",NA,NA,"Historical","BGR","bulgaria","EDGAR",0.010518049,NA
NA,NA,"EN - Manufacturing/Construction:CH4","Energy","EN - Manufacturing/Construction",0.011155203,2011,"CH4",NA,NA,"Historical","BGR","bulgaria","EDGAR",0.011155203,NA
NA,NA,"EN - Manufacturing/Construction:CH4","Energy","EN - Manufacturing/Construction",0.010996968,2012,"CH4",NA,NA,"Historical","BGR","bulgaria","EDGAR",0.010996968,NA
NA,NA,"EN - Manufacturing/Construction:CH4","Energy","EN - Manufacturing/Construction",0.012955546,2013,"CH4",NA,NA,"Historical","BGR","bulgaria","EDGAR",0.012955546,NA
NA,NA,"EN - Manufacturing/Construction:CH4","Energy","EN - Manufacturing/Construction",0.012251304,2014,"CH4",NA,NA,"Historical","BGR","bulgaria","EDGAR",0.012251304,NA
NA,NA,"EN - Manufacturing/Construction:CH4","Energy","EN - Manufacturing/Construction",0.014196186,2015,"CH4",NA,NA,"Historical","BGR","bulgaria","EDGAR",0.014196186,NA
NA,NA,"EN - Manufacturing/Construction:CH4","Energy","EN - Manufacturing/Construction",0.014104242,2016,"CH4",NA,NA,"Historical","BGR","bulgaria","EDGAR",0.014104242,NA
NA,NA,"EN - Manufacturing/Construction:CH4","Energy","EN - Manufacturing/Construction",0.014445074,2017,"CH4",NA,NA,"Historical","BGR","bulgaria","EDGAR",0.014445074,NA
NA,NA,"EN - Manufacturing/Construction:CH4","Energy","EN - Manufacturing/Construction",0.015268218,2018,"CH4",NA,NA,"Historical","BGR","bulgaria","EDGAR",0.015268218,NA
NA,NA,"EN - Manufacturing/Construction:CH4","Energy","EN - Manufacturing/Construction",0.015566792,2019,"CH4",NA,NA,"Historical","BGR","bulgaria","EDGAR",0.015566792,NA
NA,NA,"EN - Manufacturing/Construction:CH4","Energy","EN - Manufacturing/Construction",0.015842376,2020,"CH4",NA,NA,"Historical","BGR","bulgaria","EDGAR",0.015842376,NA
NA,NA,"EN - Manufacturing/Construction:CH4","Energy","EN - Manufacturing/Construction",0.017121083,2021,"CH4",NA,NA,"Historical","BGR","bulgaria","EDGAR",0.017121083,NA
NA,NA,"EN - Manufacturing/Construction:CH4","Energy","EN - Manufacturing/Construction",0.018077663,2022,"CH4",NA,NA,"Historical","BGR","bulgaria","EDGAR",0.018077663,NA
NA,NA,"EN - Manufacturing/Construction:CO2","Energy","EN - Manufacturing/Construction",7.978854678,2000,"CO2",NA,NA,"Historical","BGR","bulgaria","EDGAR",7.978854678,NA
NA,NA,"EN - Manufacturing/Construction:CO2","Energy","EN - Manufacturing/Construction",7.866336434,2001,"CO2",NA,NA,"Historical","BGR","bulgaria","EDGAR",7.866336434,NA
NA,NA,"EN - Manufacturing/Construction:CO2","Energy","EN - Manufacturing/Construction",7.486314825,2002,"CO2",NA,NA,"Historical","BGR","bulgaria","EDGAR",7.486314825,NA
NA,NA,"EN - Manufacturing/Construction:CO2","Energy","EN - Manufacturing/Construction",8.087352576,2003,"CO2",NA,NA,"Historical","BGR","bulgaria","EDGAR",8.087352576,NA
NA,NA,"EN - Manufacturing/Construction:CO2","Energy","EN - Manufacturing/Construction",7.983426262,2004,"CO2",NA,NA,"Historical","BGR","bulgaria","EDGAR",7.983426262,NA
NA,NA,"EN - Manufacturing/Construction:CO2","Energy","EN - Manufacturing/Construction",7.818718398,2005,"CO2",NA,NA,"Historical","BGR","bulgaria","EDGAR",7.818718398,NA
NA,NA,"EN - Manufacturing/Construction:CO2","Energy","EN - Manufacturing/Construction",7.933585047,2006,"CO2",NA,NA,"Historical","BGR","bulgaria","EDGAR",7.933585047,NA
NA,NA,"EN - Manufacturing/Construction:CO2","Energy","EN - Manufacturing/Construction",8.407747314,2007,"CO2",NA,NA,"Historical","BGR","bulgaria","EDGAR",8.407747314,NA
NA,NA,"EN - Manufacturing/Construction:CO2","Energy","EN - Manufacturing/Construction",6.109987737,2008,"CO2",NA,NA,"Historical","BGR","bulgaria","EDGAR",6.109987737,NA
NA,NA,"EN - Manufacturing/Construction:CO2","Energy","EN - Manufacturing/Construction",3.496231582,2009,"CO2",NA,NA,"Historical","BGR","bulgaria","EDGAR",3.496231582,NA
NA,NA,"EN - Manufacturing/Construction:CO2","Energy","EN - Manufacturing/Construction",3.708930233,2010,"CO2",NA,NA,"Historical","BGR","bulgaria","EDGAR",3.708930233,NA
NA,NA,"EN - Manufacturing/Construction:CO2","Energy","EN - Manufacturing/Construction",3.611402027,2011,"CO2",NA,NA,"Historical","BGR","bulgaria","EDGAR",3.611402027,NA
NA,NA,"EN - Manufacturing/Construction:CO2","Energy","EN - Manufacturing/Construction",3.271316193,2012,"CO2",NA,NA,"Historical","BGR","bulgaria","EDGAR",3.271316193,NA
NA,NA,"EN - Manufacturing/Construction:CO2","Energy","EN - Manufacturing/Construction",3.280585813,2013,"CO2",NA,NA,"Historical","BGR","bulgaria","EDGAR",3.280585813,NA
NA,NA,"EN - Manufacturing/Construction:CO2","Energy","EN - Manufacturing/Construction",3.339571095,2014,"CO2",NA,NA,"Historical","BGR","bulgaria","EDGAR",3.339571095,NA
NA,NA,"EN - Manufacturing/Construction:CO2","Energy","EN - Manufacturing/Construction",3.654529316,2015,"CO2",NA,NA,"Historical","BGR","bulgaria","EDGAR",3.654529316,NA
NA,NA,"EN - Manufacturing/Construction:CO2","Energy","EN - Manufacturing/Construction",3.712127503,2016,"CO2",NA,NA,"Historical","BGR","bulgaria","EDGAR",3.712127503,NA
NA,NA,"EN - Manufacturing/Construction:CO2","Energy","EN - Manufacturing/Construction",4.371588665,2017,"CO2",NA,NA,"Historical","BGR","bulgaria","EDGAR",4.371588665,NA
NA,NA,"EN - Manufacturing/Construction:CO2","Energy","EN - Manufacturing/Construction",4.817311979,2018,"CO2",NA,NA,"Historical","BGR","bulgaria","EDGAR",4.817311979,NA
NA,NA,"EN - Manufacturing/Construction:CO2","Energy","EN - Manufacturing/Construction",4.581959403,2019,"CO2",NA,NA,"Historical","BGR","bulgaria","EDGAR",4.581959403,NA
NA,NA,"EN - Manufacturing/Construction:CO2","Energy","EN - Manufacturing/Construction",4.413086311,2020,"CO2",NA,NA,"Historical","BGR","bulgaria","EDGAR",4.413086311,NA
NA,NA,"EN - Manufacturing/Construction:CO2","Energy","EN - Manufacturing/Construction",4.927180946,2021,"CO2",NA,NA,"Historical","BGR","bulgaria","EDGAR",4.927180946,NA
NA,NA,"EN - Manufacturing/Construction:CO2","Energy","EN - Manufacturing/Construction",4.932055857,2022,"CO2",NA,NA,"Historical","BGR","bulgaria","EDGAR",4.932055857,NA
NA,NA,"EN - Manufacturing/Construction:N2O","Energy","EN - Manufacturing/Construction",0.014221244,2000,"N2O",NA,NA,"Historical","BGR","bulgaria","EDGAR",0.014221244,NA
NA,NA,"EN - Manufacturing/Construction:N2O","Energy","EN - Manufacturing/Construction",0.016765557,2001,"N2O",NA,NA,"Historical","BGR","bulgaria","EDGAR",0.016765557,NA
NA,NA,"EN - Manufacturing/Construction:N2O","Energy","EN - Manufacturing/Construction",0.016488884,2002,"N2O",NA,NA,"Historical","BGR","bulgaria","EDGAR",0.016488884,NA
NA,NA,"EN - Manufacturing/Construction:N2O","Energy","EN - Manufacturing/Construction",0.018621314,2003,"N2O",NA,NA,"Historical","BGR","bulgaria","EDGAR",0.018621314,NA
NA,NA,"EN - Manufacturing/Construction:N2O","Energy","EN - Manufacturing/Construction",0.019340839,2004,"N2O",NA,NA,"Historical","BGR","bulgaria","EDGAR",0.019340839,NA
NA,NA,"EN - Manufacturing/Construction:N2O","Energy","EN - Manufacturing/Construction",0.018250201,2005,"N2O",NA,NA,"Historical","BGR","bulgaria","EDGAR",0.018250201,NA
NA,NA,"EN - Manufacturing/Construction:N2O","Energy","EN - Manufacturing/Construction",0.018176317,2006,"N2O",NA,NA,"Historical","BGR","bulgaria","EDGAR",0.018176317,NA
NA,NA,"EN - Manufacturing/Construction:N2O","Energy","EN - Manufacturing/Construction",0.019010457,2007,"N2O",NA,NA,"Historical","BGR","bulgaria","EDGAR",0.019010457,NA
NA,NA,"EN - Manufacturing/Construction:N2O","Energy","EN - Manufacturing/Construction",0.014135007,2008,"N2O",NA,NA,"Historical","BGR","bulgaria","EDGAR",0.014135007,NA
NA,NA,"EN - Manufacturing/Construction:N2O","Energy","EN - Manufacturing/Construction",0.008928789,2009,"N2O",NA,NA,"Historical","BGR","bulgaria","EDGAR",0.008928789,NA
NA,NA,"EN - Manufacturing/Construction:N2O","Energy","EN - Manufacturing/Construction",0.014328857,2010,"N2O",NA,NA,"Historical","BGR","bulgaria","EDGAR",0.014328857,NA
NA,NA,"EN - Manufacturing/Construction:N2O","Energy","EN - Manufacturing/Construction",0.014873491,2011,"N2O",NA,NA,"Historical","BGR","bulgaria","EDGAR",0.014873491,NA
NA,NA,"EN - Manufacturing/Construction:N2O","Energy","EN - Manufacturing/Construction",0.014606409,2012,"N2O",NA,NA,"Historical","BGR","bulgaria","EDGAR",0.014606409,NA
NA,NA,"EN - Manufacturing/Construction:N2O","Energy","EN - Manufacturing/Construction",0.017079045,2013,"N2O",NA,NA,"Historical","BGR","bulgaria","EDGAR",0.017079045,NA
NA,NA,"EN - Manufacturing/Construction:N2O","Energy","EN - Manufacturing/Construction",0.016194474,2014,"N2O",NA,NA,"Historical","BGR","bulgaria","EDGAR",0.016194474,NA
NA,NA,"EN - Manufacturing/Construction:N2O","Energy","EN - Manufacturing/Construction",0.018445954,2015,"N2O",NA,NA,"Historical","BGR","bulgaria","EDGAR",0.018445954,NA
NA,NA,"EN - Manufacturing/Construction:N2O","Energy","EN - Manufacturing/Construction",0.018348657,2016,"N2O",NA,NA,"Historical","BGR","bulgaria","EDGAR",0.018348657,NA
NA,NA,"EN - Manufacturing/Construction:N2O","Energy","EN - Manufacturing/Construction",0.019063283,2017,"N2O",NA,NA,"Historical","BGR","bulgaria","EDGAR",0.019063283,NA
NA,NA,"EN - Manufacturing/Construction:N2O","Energy","EN - Manufacturing/Construction",0.020343401,2018,"N2O",NA,NA,"Historical","BGR","bulgaria","EDGAR",0.020343401,NA
NA,NA,"EN - Manufacturing/Construction:N2O","Energy","EN - Manufacturing/Construction",0.020658335,2019,"N2O",NA,NA,"Historical","BGR","bulgaria","EDGAR",0.020658335,NA
NA,NA,"EN - Manufacturing/Construction:N2O","Energy","EN - Manufacturing/Construction",0.020809759,2020,"N2O",NA,NA,"Historical","BGR","bulgaria","EDGAR",0.020809759,NA
NA,NA,"EN - Manufacturing/Construction:N2O","Energy","EN - Manufacturing/Construction",0.022527384,2021,"N2O",NA,NA,"Historical","BGR","bulgaria","EDGAR",0.022527384,NA
NA,NA,"EN - Manufacturing/Construction:N2O","Energy","EN - Manufacturing/Construction",0.023924889,2022,"N2O",NA,NA,"Historical","BGR","bulgaria","EDGAR",0.023924889,NA
NA,NA,"EN - Transportation:CH4","Energy","EN - Transportation",0.033655365,2000,"CH4",NA,NA,"Historical","BGR","bulgaria","EDGAR",0.033655365,NA
NA,NA,"EN - Transportation:CH4","Energy","EN - Transportation",0.036020271,2001,"CH4",NA,NA,"Historical","BGR","bulgaria","EDGAR",0.036020271,NA
NA,NA,"EN - Transportation:CH4","Energy","EN - Transportation",0.038907719,2002,"CH4",NA,NA,"Historical","BGR","bulgaria","EDGAR",0.038907719,NA
NA,NA,"EN - Transportation:CH4","Energy","EN - Transportation",0.039745873,2003,"CH4",NA,NA,"Historical","BGR","bulgaria","EDGAR",0.039745873,NA
NA,NA,"EN - Transportation:CH4","Energy","EN - Transportation",0.040535725,2004,"CH4",NA,NA,"Historical","BGR","bulgaria","EDGAR",0.040535725,NA
NA,NA,"EN - Transportation:CH4","Energy","EN - Transportation",0.045564994,2005,"CH4",NA,NA,"Historical","BGR","bulgaria","EDGAR",0.045564994,NA
NA,NA,"EN - Transportation:CH4","Energy","EN - Transportation",0.047858242,2006,"CH4",NA,NA,"Historical","BGR","bulgaria","EDGAR",0.047858242,NA
NA,NA,"EN - Transportation:CH4","Energy","EN - Transportation",0.042912921,2007,"CH4",NA,NA,"Historical","BGR","bulgaria","EDGAR",0.042912921,NA
NA,NA,"EN - Transportation:CH4","Energy","EN - Transportation",0.041229962,2008,"CH4",NA,NA,"Historical","BGR","bulgaria","EDGAR",0.041229962,NA
NA,NA,"EN - Transportation:CH4","Energy","EN - Transportation",0.043538719,2009,"CH4",NA,NA,"Historical","BGR","bulgaria","EDGAR",0.043538719,NA
NA,NA,"EN - Transportation:CH4","Energy","EN - Transportation",0.043270338,2010,"CH4",NA,NA,"Historical","BGR","bulgaria","EDGAR",0.043270338,NA
NA,NA,"EN - Transportation:CH4","Energy","EN - Transportation",0.040394488,2011,"CH4",NA,NA,"Historical","BGR","bulgaria","EDGAR",0.040394488,NA
NA,NA,"EN - Transportation:CH4","Energy","EN - Transportation",0.042286192,2012,"CH4",NA,NA,"Historical","BGR","bulgaria","EDGAR",0.042286192,NA
NA,NA,"EN - Transportation:CH4","Energy","EN - Transportation",0.04342221,2013,"CH4",NA,NA,"Historical","BGR","bulgaria","EDGAR",0.04342221,NA
NA,NA,"EN - Transportation:CH4","Energy","EN - Transportation",0.047520143,2014,"CH4",NA,NA,"Historical","BGR","bulgaria","EDGAR",0.047520143,NA
NA,NA,"EN - Transportation:CH4","Energy","EN - Transportation",0.050010554,2015,"CH4",NA,NA,"Historical","BGR","bulgaria","EDGAR",0.050010554,NA
NA,NA,"EN - Transportation:CH4","Energy","EN - Transportation",0.051695103,2016,"CH4",NA,NA,"Historical","BGR","bulgaria","EDGAR",0.051695103,NA
NA,NA,"EN - Transportation:CH4","Energy","EN - Transportation",0.050555182,2017,"CH4",NA,NA,"Historical","BGR","bulgaria","EDGAR",0.050555182,NA
NA,NA,"EN - Transportation:CH4","Energy","EN - Transportation",0.049071346,2018,"CH4",NA,NA,"Historical","BGR","bulgaria","EDGAR",0.049071346,NA
NA,NA,"EN - Transportation:CH4","Energy","EN - Transportation",0.048576189,2019,"CH4",NA,NA,"Historical","BGR","bulgaria","EDGAR",0.048576189,NA
NA,NA,"EN - Transportation:CH4","Energy","EN - Transportation",0.046233148,2020,"CH4",NA,NA,"Historical","BGR","bulgaria","EDGAR",0.046233148,NA
NA,NA,"EN - Transportation:CH4","Energy","EN - Transportation",0.048779836,2021,"CH4",NA,NA,"Historical","BGR","bulgaria","EDGAR",0.048779836,NA
NA,NA,"EN - Transportation:CH4","Energy","EN - Transportation",0.050659814,2022,"CH4",NA,NA,"Historical","BGR","bulgaria","EDGAR",0.050659814,NA
NA,NA,"EN - Transportation:CO2","Energy","EN - Transportation",5.431232292,2000,"CO2",NA,NA,"Historical","BGR","bulgaria","EDGAR",5.431232292,NA
NA,NA,"EN - Transportation:CO2","Energy","EN - Transportation",5.603640324,2001,"CO2",NA,NA,"Historical","BGR","bulgaria","EDGAR",5.603640324,NA
NA,NA,"EN - Transportation:CO2","Energy","EN - Transportation",5.829559292,2002,"CO2",NA,NA,"Historical","BGR","bulgaria","EDGAR",5.829559292,NA
NA,NA,"EN - Transportation:CO2","Energy","EN - Transportation",6.419480447,2003,"CO2",NA,NA,"Historical","BGR","bulgaria","EDGAR",6.419480447,NA
NA,NA,"EN - Transportation:CO2","Energy","EN - Transportation",6.94978085,2004,"CO2",NA,NA,"Historical","BGR","bulgaria","EDGAR",6.94978085,NA
NA,NA,"EN - Transportation:CO2","Energy","EN - Transportation",7.763894421,2005,"CO2",NA,NA,"Historical","BGR","bulgaria","EDGAR",7.763894421,NA
NA,NA,"EN - Transportation:CO2","Energy","EN - Transportation",8.190068194,2006,"CO2",NA,NA,"Historical","BGR","bulgaria","EDGAR",8.190068194,NA
NA,NA,"EN - Transportation:CO2","Energy","EN - Transportation",7.925018293,2007,"CO2",NA,NA,"Historical","BGR","bulgaria","EDGAR",7.925018293,NA
NA,NA,"EN - Transportation:CO2","Energy","EN - Transportation",8.305100498,2008,"CO2",NA,NA,"Historical","BGR","bulgaria","EDGAR",8.305100498,NA
NA,NA,"EN - Transportation:CO2","Energy","EN - Transportation",7.977542079,2009,"CO2",NA,NA,"Historical","BGR","bulgaria","EDGAR",7.977542079,NA
NA,NA,"EN - Transportation:CO2","Energy","EN - Transportation",7.759902464,2010,"CO2",NA,NA,"Historical","BGR","bulgaria","EDGAR",7.759902464,NA
NA,NA,"EN - Transportation:CO2","Energy","EN - Transportation",7.93520161,2011,"CO2",NA,NA,"Historical","BGR","bulgaria","EDGAR",7.93520161,NA
NA,NA,"EN - Transportation:CO2","Energy","EN - Transportation",8.211955698,2012,"CO2",NA,NA,"Historical","BGR","bulgaria","EDGAR",8.211955698,NA
NA,NA,"EN - Transportation:CO2","Energy","EN - Transportation",7.268183834,2013,"CO2",NA,NA,"Historical","BGR","bulgaria","EDGAR",7.268183834,NA
NA,NA,"EN - Transportation:CO2","Energy","EN - Transportation",8.134724209,2014,"CO2",NA,NA,"Historical","BGR","bulgaria","EDGAR",8.134724209,NA
NA,NA,"EN - Transportation:CO2","Energy","EN - Transportation",8.927925061,2015,"CO2",NA,NA,"Historical","BGR","bulgaria","EDGAR",8.927925061,NA
NA,NA,"EN - Transportation:CO2","Energy","EN - Transportation",9.044932455,2016,"CO2",NA,NA,"Historical","BGR","bulgaria","EDGAR",9.044932455,NA
NA,NA,"EN - Transportation:CO2","Energy","EN - Transportation",9.189129117,2017,"CO2",NA,NA,"Historical","BGR","bulgaria","EDGAR",9.189129117,NA
NA,NA,"EN - Transportation:CO2","Energy","EN - Transportation",9.396973026,2018,"CO2",NA,NA,"Historical","BGR","bulgaria","EDGAR",9.396973026,NA
NA,NA,"EN - Transportation:CO2","Energy","EN - Transportation",9.520767248,2019,"CO2",NA,NA,"Historical","BGR","bulgaria","EDGAR",9.520767248,NA
NA,NA,"EN - Transportation:CO2","Energy","EN - Transportation",8.954451744,2020,"CO2",NA,NA,"Historical","BGR","bulgaria","EDGAR",8.954451744,NA
NA,NA,"EN - Transportation:CO2","Energy","EN - Transportation",9.440524575,2021,"CO2",NA,NA,"Historical","BGR","bulgaria","EDGAR",9.440524575,NA
NA,NA,"EN - Transportation:CO2","Energy","EN - Transportation",10.31481115,2022,"CO2",NA,NA,"Historical","BGR","bulgaria","EDGAR",10.31481115,NA
NA,NA,"EN - Transportation:N2O","Energy","EN - Transportation",0.057653849,2000,"N2O",NA,NA,"Historical","BGR","bulgaria","EDGAR",0.057653849,NA
NA,NA,"EN - Transportation:N2O","Energy","EN - Transportation",0.054916209,2001,"N2O",NA,NA,"Historical","BGR","bulgaria","EDGAR",0.054916209,NA
NA,NA,"EN - Transportation:N2O","Energy","EN - Transportation",0.057491513,2002,"N2O",NA,NA,"Historical","BGR","bulgaria","EDGAR",0.057491513,NA
NA,NA,"EN - Transportation:N2O","Energy","EN - Transportation",0.059519469,2003,"N2O",NA,NA,"Historical","BGR","bulgaria","EDGAR",0.059519469,NA
NA,NA,"EN - Transportation:N2O","Energy","EN - Transportation",0.061274353,2004,"N2O",NA,NA,"Historical","BGR","bulgaria","EDGAR",0.061274353,NA
NA,NA,"EN - Transportation:N2O","Energy","EN - Transportation",0.064872225,2005,"N2O",NA,NA,"Historical","BGR","bulgaria","EDGAR",0.064872225,NA
NA,NA,"EN - Transportation:N2O","Energy","EN - Transportation",0.069468474,2006,"N2O",NA,NA,"Historical","BGR","bulgaria","EDGAR",0.069468474,NA
NA,NA,"EN - Transportation:N2O","Energy","EN - Transportation",0.067102017,2007,"N2O",NA,NA,"Historical","BGR","bulgaria","EDGAR",0.067102017,NA
NA,NA,"EN - Transportation:N2O","Energy","EN - Transportation",0.071525384,2008,"N2O",NA,NA,"Historical","BGR","bulgaria","EDGAR",0.071525384,NA
NA,NA,"EN - Transportation:N2O","Energy","EN - Transportation",0.068526252,2009,"N2O",NA,NA,"Historical","BGR","bulgaria","EDGAR",0.068526252,NA
NA,NA,"EN - Transportation:N2O","Energy","EN - Transportation",0.066884694,2010,"N2O",NA,NA,"Historical","BGR","bulgaria","EDGAR",0.066884694,NA
NA,NA,"EN - Transportation:N2O","Energy","EN - Transportation",0.065152931,2011,"N2O",NA,NA,"Historical","BGR","bulgaria","EDGAR",0.065152931,NA
NA,NA,"EN - Transportation:N2O","Energy","EN - Transportation",0.067683913,2012,"N2O",NA,NA,"Historical","BGR","bulgaria","EDGAR",0.067683913,NA
NA,NA,"EN - Transportation:N2O","Energy","EN - Transportation",0.057746083,2013,"N2O",NA,NA,"Historical","BGR","bulgaria","EDGAR",0.057746083,NA
NA,NA,"EN - Transportation:N2O","Energy","EN - Transportation",0.065055589,2014,"N2O",NA,NA,"Historical","BGR","bulgaria","EDGAR",0.065055589,NA
NA,NA,"EN - Transportation:N2O","Energy","EN - Transportation",0.073434461,2015,"N2O",NA,NA,"Historical","BGR","bulgaria","EDGAR",0.073434461,NA
NA,NA,"EN - Transportation:N2O","Energy","EN - Transportation",0.073086941,2016,"N2O",NA,NA,"Historical","BGR","bulgaria","EDGAR",0.073086941,NA
NA,NA,"EN - Transportation:N2O","Energy","EN - Transportation",0.074667321,2017,"N2O",NA,NA,"Historical","BGR","bulgaria","EDGAR",0.074667321,NA
NA,NA,"EN - Transportation:N2O","Energy","EN - Transportation",0.076789382,2018,"N2O",NA,NA,"Historical","BGR","bulgaria","EDGAR",0.076789382,NA
NA,NA,"EN - Transportation:N2O","Energy","EN - Transportation",0.080075712,2019,"N2O",NA,NA,"Historical","BGR","bulgaria","EDGAR",0.080075712,NA
NA,NA,"EN - Transportation:N2O","Energy","EN - Transportation",0.076704213,2020,"N2O",NA,NA,"Historical","BGR","bulgaria","EDGAR",0.076704213,NA
NA,NA,"EN - Transportation:N2O","Energy","EN - Transportation",0.081371076,2021,"N2O",NA,NA,"Historical","BGR","bulgaria","EDGAR",0.081371076,NA
NA,NA,"EN - Transportation:N2O","Energy","EN - Transportation",0.089264459,2022,"N2O",NA,NA,"Historical","BGR","bulgaria","EDGAR",0.089264459,NA
NA,NA,"IN - Industrial Processes:CH4","Industrial Processes","IN - Industrial Processes",0.037616,2000,"CH4",NA,NA,"Historical","BGR","bulgaria","EDGAR",0.037616,NA
NA,NA,"IN - Industrial Processes:CH4","Industrial Processes","IN - Industrial Processes",0.037926,2001,"CH4",NA,NA,"Historical","BGR","bulgaria","EDGAR",0.037926,NA
NA,NA,"IN - Industrial Processes:CH4","Industrial Processes","IN - Industrial Processes",0.03394,2002,"CH4",NA,NA,"Historical","BGR","bulgaria","EDGAR",0.03394,NA
NA,NA,"IN - Industrial Processes:CH4","Industrial Processes","IN - Industrial Processes",0.042282,2003,"CH4",NA,NA,"Historical","BGR","bulgaria","EDGAR",0.042282,NA
NA,NA,"IN - Industrial Processes:CH4","Industrial Processes","IN - Industrial Processes",0.036398,2004,"CH4",NA,NA,"Historical","BGR","bulgaria","EDGAR",0.036398,NA
NA,NA,"IN - Industrial Processes:CH4","Industrial Processes","IN - Industrial Processes",0.035122,2005,"CH4",NA,NA,"Historical","BGR","bulgaria","EDGAR",0.035122,NA
NA,NA,"IN - Industrial Processes:CH4","Industrial Processes","IN - Industrial Processes",0.036044,2006,"CH4",NA,NA,"Historical","BGR","bulgaria","EDGAR",0.036044,NA
NA,NA,"IN - Industrial Processes:CH4","Industrial Processes","IN - Industrial Processes",0.034914,2007,"CH4",NA,NA,"Historical","BGR","bulgaria","EDGAR",0.034914,NA
NA,NA,"IN - Industrial Processes:CH4","Industrial Processes","IN - Industrial Processes",0.019412,2008,"CH4",NA,NA,"Historical","BGR","bulgaria","EDGAR",0.019412,NA
NA,NA,"IN - Industrial Processes:CH4","Industrial Processes","IN - Industrial Processes",0.004871,2009,"CH4",NA,NA,"Historical","BGR","bulgaria","EDGAR",0.004871,NA
NA,NA,"IN - Industrial Processes:CH4","Industrial Processes","IN - Industrial Processes",1.6e-05,2010,"CH4",NA,NA,"Historical","BGR","bulgaria","EDGAR",1.6e-05,NA
NA,NA,"IN - Industrial Processes:CH4","Industrial Processes","IN - Industrial Processes",5e-06,2011,"CH4",NA,NA,"Historical","BGR","bulgaria","EDGAR",5e-06,NA
NA,NA,"IN - Industrial Processes:CH4","Industrial Processes","IN - Industrial Processes",1e-06,2012,"CH4",NA,NA,"Historical","BGR","bulgaria","EDGAR",1e-06,NA
NA,NA,"IN - Industrial Processes:CH4","Industrial Processes","IN - Industrial Processes",1e-06,2013,"CH4",NA,NA,"Historical","BGR","bulgaria","EDGAR",1e-06,NA
NA,NA,"IN - Industrial Processes:CH4","Industrial Processes","IN - Industrial Processes",1e-06,2014,"CH4",NA,NA,"Historical","BGR","bulgaria","EDGAR",1e-06,NA
NA,NA,"IN - Industrial Processes:CH4","Industrial Processes","IN - Industrial Processes",0,2015,"CH4",NA,NA,"Historical","BGR","bulgaria","EDGAR",0,NA
NA,NA,"IN - Industrial Processes:CH4","Industrial Processes","IN - Industrial Processes",0,2016,"CH4",NA,NA,"Historical","BGR","bulgaria","EDGAR",0,NA
NA,NA,"IN - Industrial Processes:CH4","Industrial Processes","IN - Industrial Processes",0,2017,"CH4",NA,NA,"Historical","BGR","bulgaria","EDGAR",0,NA
NA,NA,"IN - Industrial Processes:CH4","Industrial Processes","IN - Industrial Processes",0,2018,"CH4",NA,NA,"Historical","BGR","bulgaria","EDGAR",0,NA
NA,NA,"IN - Industrial Processes:CH4","Industrial Processes","IN - Industrial Processes",0,2019,"CH4",NA,NA,"Historical","BGR","bulgaria","EDGAR",0,NA
NA,NA,"IN - Industrial Processes:CH4","Industrial Processes","IN - Industrial Processes",0,2020,"CH4",NA,NA,"Historical","BGR","bulgaria","EDGAR",0,NA
NA,NA,"IN - Industrial Processes:CH4","Industrial Processes","IN - Industrial Processes",0,2021,"CH4",NA,NA,"Historical","BGR","bulgaria","EDGAR",0,NA
NA,NA,"IN - Industrial Processes:CH4","Industrial Processes","IN - Industrial Processes",0,2022,"CH4",NA,NA,"Historical","BGR","bulgaria","EDGAR",0,NA
NA,NA,"IN - Industrial Processes:CO2","Industrial Processes","IN - Industrial Processes",6.36229,2000,"CO2",NA,NA,"Historical","BGR","bulgaria","EDGAR",6.36229,NA
NA,NA,"IN - Industrial Processes:CO2","Industrial Processes","IN - Industrial Processes",6.2996,2001,"CO2",NA,NA,"Historical","BGR","bulgaria","EDGAR",6.2996,NA
NA,NA,"IN - Industrial Processes:CO2","Industrial Processes","IN - Industrial Processes",5.64053,2002,"CO2",NA,NA,"Historical","BGR","bulgaria","EDGAR",5.64053,NA
NA,NA,"IN - Industrial Processes:CO2","Industrial Processes","IN - Industrial Processes",6.23747,2003,"CO2",NA,NA,"Historical","BGR","bulgaria","EDGAR",6.23747,NA
NA,NA,"IN - Industrial Processes:CO2","Industrial Processes","IN - Industrial Processes",6.15457,2004,"CO2",NA,NA,"Historical","BGR","bulgaria","EDGAR",6.15457,NA
NA,NA,"IN - Industrial Processes:CO2","Industrial Processes","IN - Industrial Processes",6.49088,2005,"CO2",NA,NA,"Historical","BGR","bulgaria","EDGAR",6.49088,NA
NA,NA,"IN - Industrial Processes:CO2","Industrial Processes","IN - Industrial Processes",6.58919,2006,"CO2",NA,NA,"Historical","BGR","bulgaria","EDGAR",6.58919,NA
NA,NA,"IN - Industrial Processes:CO2","Industrial Processes","IN - Industrial Processes",6.90519,2007,"CO2",NA,NA,"Historical","BGR","bulgaria","EDGAR",6.90519,NA
NA,NA,"IN - Industrial Processes:CO2","Industrial Processes","IN - Industrial Processes",5.87899,2008,"CO2",NA,NA,"Historical","BGR","bulgaria","EDGAR",5.87899,NA
NA,NA,"IN - Industrial Processes:CO2","Industrial Processes","IN - Industrial Processes",3.14325,2009,"CO2",NA,NA,"Historical","BGR","bulgaria","EDGAR",3.14325,NA
NA,NA,"IN - Industrial Processes:CO2","Industrial Processes","IN - Industrial Processes",3.39965,2010,"CO2",NA,NA,"Historical","BGR","bulgaria","EDGAR",3.39965,NA
NA,NA,"IN - Industrial Processes:CO2","Industrial Processes","IN - Industrial Processes",3.92194,2011,"CO2",NA,NA,"Historical","BGR","bulgaria","EDGAR",3.92194,NA
NA,NA,"IN - Industrial Processes:CO2","Industrial Processes","IN - Industrial Processes",3.7145,2012,"CO2",NA,NA,"Historical","BGR","bulgaria","EDGAR",3.7145,NA
NA,NA,"IN - Industrial Processes:CO2","Industrial Processes","IN - Industrial Processes",3.55395,2013,"CO2",NA,NA,"Historical","BGR","bulgaria","EDGAR",3.55395,NA
NA,NA,"IN - Industrial Processes:CO2","Industrial Processes","IN - Industrial Processes",3.77781,2014,"CO2",NA,NA,"Historical","BGR","bulgaria","EDGAR",3.77781,NA
NA,NA,"IN - Industrial Processes:CO2","Industrial Processes","IN - Industrial Processes",4.31136,2015,"CO2",NA,NA,"Historical","BGR","bulgaria","EDGAR",4.31136,NA
NA,NA,"IN - Industrial Processes:CO2","Industrial Processes","IN - Industrial Processes",4.49583,2016,"CO2",NA,NA,"Historical","BGR","bulgaria","EDGAR",4.49583,NA
NA,NA,"IN - Industrial Processes:CO2","Industrial Processes","IN - Industrial Processes",4.39484,2017,"CO2",NA,NA,"Historical","BGR","bulgaria","EDGAR",4.39484,NA
NA,NA,"IN - Industrial Processes:CO2","Industrial Processes","IN - Industrial Processes",4.04478,2018,"CO2",NA,NA,"Historical","BGR","bulgaria","EDGAR",4.04478,NA
NA,NA,"IN - Industrial Processes:CO2","Industrial Processes","IN - Industrial Processes",3.67905,2019,"CO2",NA,NA,"Historical","BGR","bulgaria","EDGAR",3.67905,NA
NA,NA,"IN - Industrial Processes:CO2","Industrial Processes","IN - Industrial Processes",3.42314,2020,"CO2",NA,NA,"Historical","BGR","bulgaria","EDGAR",3.42314,NA
NA,NA,"IN - Industrial Processes:CO2","Industrial Processes","IN - Industrial Processes",3.69503,2021,"CO2",NA,NA,"Historical","BGR","bulgaria","EDGAR",3.69503,NA
NA,NA,"IN - Industrial Processes:CO2","Industrial Processes","IN - Industrial Processes",3.77808,2022,"CO2",NA,NA,"Historical","BGR","bulgaria","EDGAR",3.77808,NA
NA,NA,"IN - Industrial Processes:HFC","Industrial Processes","IN - Industrial Processes",0.0327,2000,"HFC",NA,NA,"Historical","BGR","bulgaria","EDGAR",0.0327,NA
NA,NA,"IN - Industrial Processes:HFC","Industrial Processes","IN - Industrial Processes",0.0462,2001,"HFC",NA,NA,"Historical","BGR","bulgaria","EDGAR",0.0462,NA
NA,NA,"IN - Industrial Processes:HFC","Industrial Processes","IN - Industrial Processes",0.06095,2002,"HFC",NA,NA,"Historical","BGR","bulgaria","EDGAR",0.06095,NA
NA,NA,"IN - Industrial Processes:HFC","Industrial Processes","IN - Industrial Processes",0.07798,2003,"HFC",NA,NA,"Historical","BGR","bulgaria","EDGAR",0.07798,NA
NA,NA,"IN - Industrial Processes:HFC","Industrial Processes","IN - Industrial Processes",0.10477,2004,"HFC",NA,NA,"Historical","BGR","bulgaria","EDGAR",0.10477,NA
NA,NA,"IN - Industrial Processes:HFC","Industrial Processes","IN - Industrial Processes",0.16628,2005,"HFC",NA,NA,"Historical","BGR","bulgaria","EDGAR",0.16628,NA
NA,NA,"IN - Industrial Processes:HFC","Industrial Processes","IN - Industrial Processes",0.24537,2006,"HFC",NA,NA,"Historical","BGR","bulgaria","EDGAR",0.24537,NA
NA,NA,"IN - Industrial Processes:HFC","Industrial Processes","IN - Industrial Processes",0.28236,2007,"HFC",NA,NA,"Historical","BGR","bulgaria","EDGAR",0.28236,NA
NA,NA,"IN - Industrial Processes:HFC","Industrial Processes","IN - Industrial Processes",0.42573,2008,"HFC",NA,NA,"Historical","BGR","bulgaria","EDGAR",0.42573,NA
NA,NA,"IN - Industrial Processes:HFC","Industrial Processes","IN - Industrial Processes",0.41814,2009,"HFC",NA,NA,"Historical","BGR","bulgaria","EDGAR",0.41814,NA
NA,NA,"IN - Industrial Processes:HFC","Industrial Processes","IN - Industrial Processes",0.41423,2010,"HFC",NA,NA,"Historical","BGR","bulgaria","EDGAR",0.41423,NA
NA,NA,"IN - Industrial Processes:HFC","Industrial Processes","IN - Industrial Processes",0.46781,2011,"HFC",NA,NA,"Historical","BGR","bulgaria","EDGAR",0.46781,NA
NA,NA,"IN - Industrial Processes:HFC","Industrial Processes","IN - Industrial Processes",0.48322,2012,"HFC",NA,NA,"Historical","BGR","bulgaria","EDGAR",0.48322,NA
NA,NA,"IN - Industrial Processes:HFC","Industrial Processes","IN - Industrial Processes",0.53932,2013,"HFC",NA,NA,"Historical","BGR","bulgaria","EDGAR",0.53932,NA
NA,NA,"IN - Industrial Processes:HFC","Industrial Processes","IN - Industrial Processes",0.60904,2014,"HFC",NA,NA,"Historical","BGR","bulgaria","EDGAR",0.60904,NA
NA,NA,"IN - Industrial Processes:HFC","Industrial Processes","IN - Industrial Processes",0.70734,2015,"HFC",NA,NA,"Historical","BGR","bulgaria","EDGAR",0.70734,NA
NA,NA,"IN - Industrial Processes:HFC","Industrial Processes","IN - Industrial Processes",0.73867,2016,"HFC",NA,NA,"Historical","BGR","bulgaria","EDGAR",0.73867,NA
NA,NA,"IN - Industrial Processes:HFC","Industrial Processes","IN - Industrial Processes",0.73916,2017,"HFC",NA,NA,"Historical","BGR","bulgaria","EDGAR",0.73916,NA
NA,NA,"IN - Industrial Processes:HFC","Industrial Processes","IN - Industrial Processes",0.74442,2018,"HFC",NA,NA,"Historical","BGR","bulgaria","EDGAR",0.74442,NA
NA,NA,"IN - Industrial Processes:HFC","Industrial Processes","IN - Industrial Processes",0.80646,2019,"HFC",NA,NA,"Historical","BGR","bulgaria","EDGAR",0.80646,NA
NA,NA,"IN - Industrial Processes:HFC","Industrial Processes","IN - Industrial Processes",0.79462,2020,"HFC",NA,NA,"Historical","BGR","bulgaria","EDGAR",0.79462,NA
NA,NA,"IN - Industrial Processes:HFC","Industrial Processes","IN - Industrial Processes",0.78885,2021,"HFC",NA,NA,"Historical","BGR","bulgaria","EDGAR",0.78885,NA
NA,NA,"IN - Industrial Processes:HFC","Industrial Processes","IN - Industrial Processes",0.70185,2022,"HFC",NA,NA,"Historical","BGR","bulgaria","EDGAR",0.70185,NA
NA,NA,"IN - Industrial Processes:N2O","Industrial Processes","IN - Industrial Processes",0.81908,2000,"N2O",NA,NA,"Historical","BGR","bulgaria","EDGAR",0.81908,NA
NA,NA,"IN - Industrial Processes:N2O","Industrial Processes","IN - Industrial Processes",0.82171,2001,"N2O",NA,NA,"Historical","BGR","bulgaria","EDGAR",0.82171,NA
NA,NA,"IN - Industrial Processes:N2O","Industrial Processes","IN - Industrial Processes",0.68347,2002,"N2O",NA,NA,"Historical","BGR","bulgaria","EDGAR",0.68347,NA
NA,NA,"IN - Industrial Processes:N2O","Industrial Processes","IN - Industrial Processes",0.70936,2003,"N2O",NA,NA,"Historical","BGR","bulgaria","EDGAR",0.70936,NA
NA,NA,"IN - Industrial Processes:N2O","Industrial Processes","IN - Industrial Processes",0.84148,2004,"N2O",NA,NA,"Historical","BGR","bulgaria","EDGAR",0.84148,NA
NA,NA,"IN - Industrial Processes:N2O","Industrial Processes","IN - Industrial Processes",0.90479,2005,"N2O",NA,NA,"Historical","BGR","bulgaria","EDGAR",0.90479,NA
NA,NA,"IN - Industrial Processes:N2O","Industrial Processes","IN - Industrial Processes",0.49649,2006,"N2O",NA,NA,"Historical","BGR","bulgaria","EDGAR",0.49649,NA
NA,NA,"IN - Industrial Processes:N2O","Industrial Processes","IN - Industrial Processes",0.60665,2007,"N2O",NA,NA,"Historical","BGR","bulgaria","EDGAR",0.60665,NA
NA,NA,"IN - Industrial Processes:N2O","Industrial Processes","IN - Industrial Processes",0.58302,2008,"N2O",NA,NA,"Historical","BGR","bulgaria","EDGAR",0.58302,NA
NA,NA,"IN - Industrial Processes:N2O","Industrial Processes","IN - Industrial Processes",0.2847,2009,"N2O",NA,NA,"Historical","BGR","bulgaria","EDGAR",0.2847,NA
NA,NA,"IN - Industrial Processes:N2O","Industrial Processes","IN - Industrial Processes",0.28621,2010,"N2O",NA,NA,"Historical","BGR","bulgaria","EDGAR",0.28621,NA
NA,NA,"IN - Industrial Processes:N2O","Industrial Processes","IN - Industrial Processes",0.2521,2011,"N2O",NA,NA,"Historical","BGR","bulgaria","EDGAR",0.2521,NA
NA,NA,"IN - Industrial Processes:N2O","Industrial Processes","IN - Industrial Processes",0.15398,2012,"N2O",NA,NA,"Historical","BGR","bulgaria","EDGAR",0.15398,NA
NA,NA,"IN - Industrial Processes:N2O","Industrial Processes","IN - Industrial Processes",0.13795,2013,"N2O",NA,NA,"Historical","BGR","bulgaria","EDGAR",0.13795,NA
NA,NA,"IN - Industrial Processes:N2O","Industrial Processes","IN - Industrial Processes",0.1399,2014,"N2O",NA,NA,"Historical","BGR","bulgaria","EDGAR",0.1399,NA
NA,NA,"IN - Industrial Processes:N2O","Industrial Processes","IN - Industrial Processes",0.14065,2015,"N2O",NA,NA,"Historical","BGR","bulgaria","EDGAR",0.14065,NA
NA,NA,"IN - Industrial Processes:N2O","Industrial Processes","IN - Industrial Processes",0.1267,2016,"N2O",NA,NA,"Historical","BGR","bulgaria","EDGAR",0.1267,NA
NA,NA,"IN - Industrial Processes:N2O","Industrial Processes","IN - Industrial Processes",0.10551,2017,"N2O",NA,NA,"Historical","BGR","bulgaria","EDGAR",0.10551,NA
NA,NA,"IN - Industrial Processes:N2O","Industrial Processes","IN - Industrial Processes",0.12759,2018,"N2O",NA,NA,"Historical","BGR","bulgaria","EDGAR",0.12759,NA
NA,NA,"IN - Industrial Processes:N2O","Industrial Processes","IN - Industrial Processes",0.09843,2019,"N2O",NA,NA,"Historical","BGR","bulgaria","EDGAR",0.09843,NA
NA,NA,"IN - Industrial Processes:N2O","Industrial Processes","IN - Industrial Processes",0.09314,2020,"N2O",NA,NA,"Historical","BGR","bulgaria","EDGAR",0.09314,NA
NA,NA,"IN - Industrial Processes:N2O","Industrial Processes","IN - Industrial Processes",0.08465,2021,"N2O",NA,NA,"Historical","BGR","bulgaria","EDGAR",0.08465,NA
NA,NA,"IN - Industrial Processes:N2O","Industrial Processes","IN - Industrial Processes",0.07987,2022,"N2O",NA,NA,"Historical","BGR","bulgaria","EDGAR",0.07987,NA
NA,NA,"IN - Industrial Processes:OTHER_FCS","Industrial Processes","IN - Industrial Processes",0,2000,"OTHER_FCS",NA,NA,"Historical","BGR","bulgaria","EDGAR",0,NA
NA,NA,"IN - Industrial Processes:OTHER_FCS","Industrial Processes","IN - Industrial Processes",0,2001,"OTHER_FCS",NA,NA,"Historical","BGR","bulgaria","EDGAR",0,NA
NA,NA,"IN - Industrial Processes:OTHER_FCS","Industrial Processes","IN - Industrial Processes",0,2002,"OTHER_FCS",NA,NA,"Historical","BGR","bulgaria","EDGAR",0,NA
NA,NA,"IN - Industrial Processes:OTHER_FCS","Industrial Processes","IN - Industrial Processes",0,2003,"OTHER_FCS",NA,NA,"Historical","BGR","bulgaria","EDGAR",0,NA
NA,NA,"IN - Industrial Processes:OTHER_FCS","Industrial Processes","IN - Industrial Processes",0,2004,"OTHER_FCS",NA,NA,"Historical","BGR","bulgaria","EDGAR",0,NA
NA,NA,"IN - Industrial Processes:OTHER_FCS","Industrial Processes","IN - Industrial Processes",0,2005,"OTHER_FCS",NA,NA,"Historical","BGR","bulgaria","EDGAR",0,NA
NA,NA,"IN - Industrial Processes:OTHER_FCS","Industrial Processes","IN - Industrial Processes",0,2006,"OTHER_FCS",NA,NA,"Historical","BGR","bulgaria","EDGAR",0,NA
NA,NA,"IN - Industrial Processes:OTHER_FCS","Industrial Processes","IN - Industrial Processes",0,2007,"OTHER_FCS",NA,NA,"Historical","BGR","bulgaria","EDGAR",0,NA
NA,NA,"IN - Industrial Processes:OTHER_FCS","Industrial Processes","IN - Industrial Processes",0,2008,"OTHER_FCS",NA,NA,"Historical","BGR","bulgaria","EDGAR",0,NA
NA,NA,"IN - Industrial Processes:OTHER_FCS","Industrial Processes","IN - Industrial Processes",0,2009,"OTHER_FCS",NA,NA,"Historical","BGR","bulgaria","EDGAR",0,NA
NA,NA,"IN - Industrial Processes:OTHER_FCS","Industrial Processes","IN - Industrial Processes",0,2010,"OTHER_FCS",NA,NA,"Historical","BGR","bulgaria","EDGAR",0,NA
NA,NA,"IN - Industrial Processes:OTHER_FCS","Industrial Processes","IN - Industrial Processes",0,2011,"OTHER_FCS",NA,NA,"Historical","BGR","bulgaria","EDGAR",0,NA
NA,NA,"IN - Industrial Processes:OTHER_FCS","Industrial Processes","IN - Industrial Processes",0,2012,"OTHER_FCS",NA,NA,"Historical","BGR","bulgaria","EDGAR",0,NA
NA,NA,"IN - Industrial Processes:OTHER_FCS","Industrial Processes","IN - Industrial Processes",0,2013,"OTHER_FCS",NA,NA,"Historical","BGR","bulgaria","EDGAR",0,NA
NA,NA,"IN - Industrial Processes:OTHER_FCS","Industrial Processes","IN - Industrial Processes",0,2014,"OTHER_FCS",NA,NA,"Historical","BGR","bulgaria","EDGAR",0,NA
NA,NA,"IN - Industrial Processes:OTHER_FCS","Industrial Processes","IN - Industrial Processes",0,2015,"OTHER_FCS",NA,NA,"Historical","BGR","bulgaria","EDGAR",0,NA
NA,NA,"IN - Industrial Processes:OTHER_FCS","Industrial Processes","IN - Industrial Processes",0,2016,"OTHER_FCS",NA,NA,"Historical","BGR","bulgaria","EDGAR",0,NA
NA,NA,"IN - Industrial Processes:OTHER_FCS","Industrial Processes","IN - Industrial Processes",0,2017,"OTHER_FCS",NA,NA,"Historical","BGR","bulgaria","EDGAR",0,NA
NA,NA,"IN - Industrial Processes:OTHER_FCS","Industrial Processes","IN - Industrial Processes",0,2018,"OTHER_FCS",NA,NA,"Historical","BGR","bulgaria","EDGAR",0,NA
NA,NA,"IN - Industrial Processes:OTHER_FCS","Industrial Processes","IN - Industrial Processes",0,2019,"OTHER_FCS",NA,NA,"Historical","BGR","bulgaria","EDGAR",0,NA
NA,NA,"IN - Industrial Processes:OTHER_FCS","Industrial Processes","IN - Industrial Processes",0,2020,"OTHER_FCS",NA,NA,"Historical","BGR","bulgaria","EDGAR",0,NA
NA,NA,"IN - Industrial Processes:OTHER_FCS","Industrial Processes","IN - Industrial Processes",0,2021,"OTHER_FCS",NA,NA,"Historical","BGR","bulgaria","EDGAR",0,NA
NA,NA,"IN - Industrial Processes:OTHER_FCS","Industrial Processes","IN - Industrial Processes",0,2022,"OTHER_FCS",NA,NA,"Historical","BGR","bulgaria","EDGAR",0,NA
NA,NA,"IN - Industrial Processes:PFC","Industrial Processes","IN - Industrial Processes",0,2000,"PFC",NA,NA,"Historical","BGR","bulgaria","EDGAR",0,NA
NA,NA,"IN - Industrial Processes:PFC","Industrial Processes","IN - Industrial Processes",0,2001,"PFC",NA,NA,"Historical","BGR","bulgaria","EDGAR",0,NA
NA,NA,"IN - Industrial Processes:PFC","Industrial Processes","IN - Industrial Processes",0,2002,"PFC",NA,NA,"Historical","BGR","bulgaria","EDGAR",0,NA
NA,NA,"IN - Industrial Processes:PFC","Industrial Processes","IN - Industrial Processes",0,2003,"PFC",NA,NA,"Historical","BGR","bulgaria","EDGAR",0,NA
NA,NA,"IN - Industrial Processes:PFC","Industrial Processes","IN - Industrial Processes",0,2004,"PFC",NA,NA,"Historical","BGR","bulgaria","EDGAR",0,NA
NA,NA,"IN - Industrial Processes:PFC","Industrial Processes","IN - Industrial Processes",0,2005,"PFC",NA,NA,"Historical","BGR","bulgaria","EDGAR",0,NA
NA,NA,"IN - Industrial Processes:PFC","Industrial Processes","IN - Industrial Processes",0,2006,"PFC",NA,NA,"Historical","BGR","bulgaria","EDGAR",0,NA
NA,NA,"IN - Industrial Processes:PFC","Industrial Processes","IN - Industrial Processes",0,2007,"PFC",NA,NA,"Historical","BGR","bulgaria","EDGAR",0,NA
NA,NA,"IN - Industrial Processes:PFC","Industrial Processes","IN - Industrial Processes",2.1e-05,2008,"PFC",NA,NA,"Historical","BGR","bulgaria","EDGAR",2.1e-05,NA
NA,NA,"IN - Industrial Processes:PFC","Industrial Processes","IN - Industrial Processes",5.6e-05,2009,"PFC",NA,NA,"Historical","BGR","bulgaria","EDGAR",5.6e-05,NA
NA,NA,"IN - Industrial Processes:PFC","Industrial Processes","IN - Industrial Processes",0.000102,2010,"PFC",NA,NA,"Historical","BGR","bulgaria","EDGAR",0.000102,NA
NA,NA,"IN - Industrial Processes:PFC","Industrial Processes","IN - Industrial Processes",1e-04,2011,"PFC",NA,NA,"Historical","BGR","bulgaria","EDGAR",1e-04,NA
NA,NA,"IN - Industrial Processes:PFC","Industrial Processes","IN - Industrial Processes",4.7e-05,2012,"PFC",NA,NA,"Historical","BGR","bulgaria","EDGAR",4.7e-05,NA
NA,NA,"IN - Industrial Processes:PFC","Industrial Processes","IN - Industrial Processes",3.9e-05,2013,"PFC",NA,NA,"Historical","BGR","bulgaria","EDGAR",3.9e-05,NA
NA,NA,"IN - Industrial Processes:PFC","Industrial Processes","IN - Industrial Processes",3.3e-05,2014,"PFC",NA,NA,"Historical","BGR","bulgaria","EDGAR",3.3e-05,NA
NA,NA,"IN - Industrial Processes:PFC","Industrial Processes","IN - Industrial Processes",2.8e-05,2015,"PFC",NA,NA,"Historical","BGR","bulgaria","EDGAR",2.8e-05,NA
NA,NA,"IN - Industrial Processes:PFC","Industrial Processes","IN - Industrial Processes",2.3e-05,2016,"PFC",NA,NA,"Historical","BGR","bulgaria","EDGAR",2.3e-05,NA
NA,NA,"IN - Industrial Processes:PFC","Industrial Processes","IN - Industrial Processes",3e-05,2017,"PFC",NA,NA,"Historical","BGR","bulgaria","EDGAR",3e-05,NA
NA,NA,"IN - Industrial Processes:PFC","Industrial Processes","IN - Industrial Processes",1e-05,2018,"PFC",NA,NA,"Historical","BGR","bulgaria","EDGAR",1e-05,NA
NA,NA,"IN - Industrial Processes:PFC","Industrial Processes","IN - Industrial Processes",1e-05,2019,"PFC",NA,NA,"Historical","BGR","bulgaria","EDGAR",1e-05,NA
NA,NA,"IN - Industrial Processes:PFC","Industrial Processes","IN - Industrial Processes",1e-05,2020,"PFC",NA,NA,"Historical","BGR","bulgaria","EDGAR",1e-05,NA
NA,NA,"IN - Industrial Processes:PFC","Industrial Processes","IN - Industrial Processes",1e-05,2021,"PFC",NA,NA,"Historical","BGR","bulgaria","EDGAR",1e-05,NA
NA,NA,"IN - Industrial Processes:PFC","Industrial Processes","IN - Industrial Processes",1e-05,2022,"PFC",NA,NA,"Historical","BGR","bulgaria","EDGAR",1e-05,NA
NA,NA,"IN - Industrial Processes:SF6","Industrial Processes","IN - Industrial Processes",0.00669,2000,"SF6",NA,NA,"Historical","BGR","bulgaria","EDGAR",0.00669,NA
NA,NA,"IN - Industrial Processes:SF6","Industrial Processes","IN - Industrial Processes",0.00708,2001,"SF6",NA,NA,"Historical","BGR","bulgaria","EDGAR",0.00708,NA
NA,NA,"IN - Industrial Processes:SF6","Industrial Processes","IN - Industrial Processes",0.00749,2002,"SF6",NA,NA,"Historical","BGR","bulgaria","EDGAR",0.00749,NA
NA,NA,"IN - Industrial Processes:SF6","Industrial Processes","IN - Industrial Processes",0.00792,2003,"SF6",NA,NA,"Historical","BGR","bulgaria","EDGAR",0.00792,NA
NA,NA,"IN - Industrial Processes:SF6","Industrial Processes","IN - Industrial Processes",0.00838,2004,"SF6",NA,NA,"Historical","BGR","bulgaria","EDGAR",0.00838,NA
NA,NA,"IN - Industrial Processes:SF6","Industrial Processes","IN - Industrial Processes",0.00842,2005,"SF6",NA,NA,"Historical","BGR","bulgaria","EDGAR",0.00842,NA
NA,NA,"IN - Industrial Processes:SF6","Industrial Processes","IN - Industrial Processes",0.00874,2006,"SF6",NA,NA,"Historical","BGR","bulgaria","EDGAR",0.00874,NA
NA,NA,"IN - Industrial Processes:SF6","Industrial Processes","IN - Industrial Processes",0.00908,2007,"SF6",NA,NA,"Historical","BGR","bulgaria","EDGAR",0.00908,NA
NA,NA,"IN - Industrial Processes:SF6","Industrial Processes","IN - Industrial Processes",0.00944,2008,"SF6",NA,NA,"Historical","BGR","bulgaria","EDGAR",0.00944,NA
NA,NA,"IN - Industrial Processes:SF6","Industrial Processes","IN - Industrial Processes",0.00981,2009,"SF6",NA,NA,"Historical","BGR","bulgaria","EDGAR",0.00981,NA
NA,NA,"IN - Industrial Processes:SF6","Industrial Processes","IN - Industrial Processes",0.01934,2010,"SF6",NA,NA,"Historical","BGR","bulgaria","EDGAR",0.01934,NA
NA,NA,"IN - Industrial Processes:SF6","Industrial Processes","IN - Industrial Processes",0.01749,2011,"SF6",NA,NA,"Historical","BGR","bulgaria","EDGAR",0.01749,NA
NA,NA,"IN - Industrial Processes:SF6","Industrial Processes","IN - Industrial Processes",0.01659,2012,"SF6",NA,NA,"Historical","BGR","bulgaria","EDGAR",0.01659,NA
NA,NA,"IN - Industrial Processes:SF6","Industrial Processes","IN - Industrial Processes",0.02105,2013,"SF6",NA,NA,"Historical","BGR","bulgaria","EDGAR",0.02105,NA
NA,NA,"IN - Industrial Processes:SF6","Industrial Processes","IN - Industrial Processes",0.0174,2014,"SF6",NA,NA,"Historical","BGR","bulgaria","EDGAR",0.0174,NA
NA,NA,"IN - Industrial Processes:SF6","Industrial Processes","IN - Industrial Processes",0.01862,2015,"SF6",NA,NA,"Historical","BGR","bulgaria","EDGAR",0.01862,NA
NA,NA,"IN - Industrial Processes:SF6","Industrial Processes","IN - Industrial Processes",0.01932,2016,"SF6",NA,NA,"Historical","BGR","bulgaria","EDGAR",0.01932,NA
NA,NA,"IN - Industrial Processes:SF6","Industrial Processes","IN - Industrial Processes",0.01805,2017,"SF6",NA,NA,"Historical","BGR","bulgaria","EDGAR",0.01805,NA
NA,NA,"IN - Industrial Processes:SF6","Industrial Processes","IN - Industrial Processes",0.01854,2018,"SF6",NA,NA,"Historical","BGR","bulgaria","EDGAR",0.01854,NA
NA,NA,"IN - Industrial Processes:SF6","Industrial Processes","IN - Industrial Processes",0.01882,2019,"SF6",NA,NA,"Historical","BGR","bulgaria","EDGAR",0.01882,NA
NA,NA,"IN - Industrial Processes:SF6","Industrial Processes","IN - Industrial Processes",0.02045,2020,"SF6",NA,NA,"Historical","BGR","bulgaria","EDGAR",0.02045,NA
NA,NA,"IN - Industrial Processes:SF6","Industrial Processes","IN - Industrial Processes",0.02327,2021,"SF6",NA,NA,"Historical","BGR","bulgaria","EDGAR",0.02327,NA
NA,NA,"IN - Industrial Processes:SF6","Industrial Processes","IN - Industrial Processes",0.02396,2022,"SF6",NA,NA,"Historical","BGR","bulgaria","EDGAR",0.02396,NA
NA,NA,"LULUCF - Cropland:CO2","Land Use, Land Use Change, and Forestry","LULUCF - Cropland",-0.16013,2000,"CO2",NA,NA,"Historical","BGR","bulgaria","EDGAR",-0.16013,NA
NA,NA,"LULUCF - Cropland:CO2","Land Use, Land Use Change, and Forestry","LULUCF - Cropland",-0.12974,2001,"CO2",NA,NA,"Historical","BGR","bulgaria","EDGAR",-0.12974,NA
NA,NA,"LULUCF - Cropland:CO2","Land Use, Land Use Change, and Forestry","LULUCF - Cropland",-0.11335,2002,"CO2",NA,NA,"Historical","BGR","bulgaria","EDGAR",-0.11335,NA
NA,NA,"LULUCF - Cropland:CO2","Land Use, Land Use Change, and Forestry","LULUCF - Cropland",-0.04973,2003,"CO2",NA,NA,"Historical","BGR","bulgaria","EDGAR",-0.04973,NA
NA,NA,"LULUCF - Cropland:CO2","Land Use, Land Use Change, and Forestry","LULUCF - Cropland",-0.08411,2004,"CO2",NA,NA,"Historical","BGR","bulgaria","EDGAR",-0.08411,NA
NA,NA,"LULUCF - Cropland:CO2","Land Use, Land Use Change, and Forestry","LULUCF - Cropland",-0.17639,2005,"CO2",NA,NA,"Historical","BGR","bulgaria","EDGAR",-0.17639,NA
NA,NA,"LULUCF - Cropland:CO2","Land Use, Land Use Change, and Forestry","LULUCF - Cropland",-0.05441,2006,"CO2",NA,NA,"Historical","BGR","bulgaria","EDGAR",-0.05441,NA
NA,NA,"LULUCF - Cropland:CO2","Land Use, Land Use Change, and Forestry","LULUCF - Cropland",-0.11348,2007,"CO2",NA,NA,"Historical","BGR","bulgaria","EDGAR",-0.11348,NA
NA,NA,"LULUCF - Cropland:CO2","Land Use, Land Use Change, and Forestry","LULUCF - Cropland",0.10879,2008,"CO2",NA,NA,"Historical","BGR","bulgaria","EDGAR",0.10879,NA
NA,NA,"LULUCF - Cropland:CO2","Land Use, Land Use Change, and Forestry","LULUCF - Cropland",0.08243,2009,"CO2",NA,NA,"Historical","BGR","bulgaria","EDGAR",0.08243,NA
NA,NA,"LULUCF - Cropland:CO2","Land Use, Land Use Change, and Forestry","LULUCF - Cropland",0.48352,2010,"CO2",NA,NA,"Historical","BGR","bulgaria","EDGAR",0.48352,NA
NA,NA,"LULUCF - Cropland:CO2","Land Use, Land Use Change, and Forestry","LULUCF - Cropland",0.50871,2011,"CO2",NA,NA,"Historical","BGR","bulgaria","EDGAR",0.50871,NA
NA,NA,"LULUCF - Cropland:CO2","Land Use, Land Use Change, and Forestry","LULUCF - Cropland",0.76075,2012,"CO2",NA,NA,"Historical","BGR","bulgaria","EDGAR",0.76075,NA
NA,NA,"LULUCF - Cropland:CO2","Land Use, Land Use Change, and Forestry","LULUCF - Cropland",1.50402,2013,"CO2",NA,NA,"Historical","BGR","bulgaria","EDGAR",1.50402,NA
NA,NA,"LULUCF - Cropland:CO2","Land Use, Land Use Change, and Forestry","LULUCF - Cropland",0.40069,2014,"CO2",NA,NA,"Historical","BGR","bulgaria","EDGAR",0.40069,NA
NA,NA,"LULUCF - Cropland:CO2","Land Use, Land Use Change, and Forestry","LULUCF - Cropland",0.67367,2015,"CO2",NA,NA,"Historical","BGR","bulgaria","EDGAR",0.67367,NA
NA,NA,"LULUCF - Cropland:CO2","Land Use, Land Use Change, and Forestry","LULUCF - Cropland",0.42633,2016,"CO2",NA,NA,"Historical","BGR","bulgaria","EDGAR",0.42633,NA
NA,NA,"LULUCF - Cropland:CO2","Land Use, Land Use Change, and Forestry","LULUCF - Cropland",0.49568,2017,"CO2",NA,NA,"Historical","BGR","bulgaria","EDGAR",0.49568,NA
NA,NA,"LULUCF - Cropland:CO2","Land Use, Land Use Change, and Forestry","LULUCF - Cropland",0.4677,2018,"CO2",NA,NA,"Historical","BGR","bulgaria","EDGAR",0.4677,NA
NA,NA,"LULUCF - Cropland:CO2","Land Use, Land Use Change, and Forestry","LULUCF - Cropland",0.39675,2019,"CO2",NA,NA,"Historical","BGR","bulgaria","EDGAR",0.39675,NA
NA,NA,"LULUCF - Cropland:CO2","Land Use, Land Use Change, and Forestry","LULUCF - Cropland",0.55327,2020,"CO2",NA,NA,"Historical","BGR","bulgaria","EDGAR",0.55327,NA
NA,NA,"LULUCF - Cropland:CO2","Land Use, Land Use Change, and Forestry","LULUCF - Cropland",0.47549,2021,"CO2",NA,NA,"Historical","BGR","bulgaria","EDGAR",0.47549,NA
NA,NA,"LULUCF - Cropland:CO2","Land Use, Land Use Change, and Forestry","LULUCF - Cropland",0.35592,2022,"CO2",NA,NA,"Historical","BGR","bulgaria","EDGAR",0.35592,NA
NA,NA,"LULUCF - Forest Land:CH4","Land Use, Land Use Change, and Forestry","LULUCF - Forest Land",0,2000,"CH4",NA,NA,"Historical","BGR","bulgaria","EDGAR",0,NA
NA,NA,"LULUCF - Forest Land:CH4","Land Use, Land Use Change, and Forestry","LULUCF - Forest Land",0,2001,"CH4",NA,NA,"Historical","BGR","bulgaria","EDGAR",0,NA
NA,NA,"LULUCF - Forest Land:CH4","Land Use, Land Use Change, and Forestry","LULUCF - Forest Land",0,2002,"CH4",NA,NA,"Historical","BGR","bulgaria","EDGAR",0,NA
NA,NA,"LULUCF - Forest Land:CH4","Land Use, Land Use Change, and Forestry","LULUCF - Forest Land",0,2003,"CH4",NA,NA,"Historical","BGR","bulgaria","EDGAR",0,NA
NA,NA,"LULUCF - Forest Land:CH4","Land Use, Land Use Change, and Forestry","LULUCF - Forest Land",0,2004,"CH4",NA,NA,"Historical","BGR","bulgaria","EDGAR",0,NA
NA,NA,"LULUCF - Forest Land:CH4","Land Use, Land Use Change, and Forestry","LULUCF - Forest Land",0,2005,"CH4",NA,NA,"Historical","BGR","bulgaria","EDGAR",0,NA
NA,NA,"LULUCF - Forest Land:CH4","Land Use, Land Use Change, and Forestry","LULUCF - Forest Land",0,2006,"CH4",NA,NA,"Historical","BGR","bulgaria","EDGAR",0,NA
NA,NA,"LULUCF - Forest Land:CH4","Land Use, Land Use Change, and Forestry","LULUCF - Forest Land",0,2007,"CH4",NA,NA,"Historical","BGR","bulgaria","EDGAR",0,NA
NA,NA,"LULUCF - Forest Land:CH4","Land Use, Land Use Change, and Forestry","LULUCF - Forest Land",0,2008,"CH4",NA,NA,"Historical","BGR","bulgaria","EDGAR",0,NA
NA,NA,"LULUCF - Forest Land:CH4","Land Use, Land Use Change, and Forestry","LULUCF - Forest Land",0,2009,"CH4",NA,NA,"Historical","BGR","bulgaria","EDGAR",0,NA
NA,NA,"LULUCF - Forest Land:CH4","Land Use, Land Use Change, and Forestry","LULUCF - Forest Land",0,2010,"CH4",NA,NA,"Historical","BGR","bulgaria","EDGAR",0,NA
NA,NA,"LULUCF - Forest Land:CH4","Land Use, Land Use Change, and Forestry","LULUCF - Forest Land",0,2011,"CH4",NA,NA,"Historical","BGR","bulgaria","EDGAR",0,NA
NA,NA,"LULUCF - Forest Land:CH4","Land Use, Land Use Change, and Forestry","LULUCF - Forest Land",0,2012,"CH4",NA,NA,"Historical","BGR","bulgaria","EDGAR",0,NA
NA,NA,"LULUCF - Forest Land:CH4","Land Use, Land Use Change, and Forestry","LULUCF - Forest Land",0,2013,"CH4",NA,NA,"Historical","BGR","bulgaria","EDGAR",0,NA
NA,NA,"LULUCF - Forest Land:CH4","Land Use, Land Use Change, and Forestry","LULUCF - Forest Land",0,2014,"CH4",NA,NA,"Historical","BGR","bulgaria","EDGAR",0,NA
NA,NA,"LULUCF - Forest Land:CH4","Land Use, Land Use Change, and Forestry","LULUCF - Forest Land",0,2015,"CH4",NA,NA,"Historical","BGR","bulgaria","EDGAR",0,NA
NA,NA,"LULUCF - Forest Land:CH4","Land Use, Land Use Change, and Forestry","LULUCF - Forest Land",0,2016,"CH4",NA,NA,"Historical","BGR","bulgaria","EDGAR",0,NA
NA,NA,"LULUCF - Forest Land:CH4","Land Use, Land Use Change, and Forestry","LULUCF - Forest Land",0,2017,"CH4",NA,NA,"Historical","BGR","bulgaria","EDGAR",0,NA
NA,NA,"LULUCF - Forest Land:CH4","Land Use, Land Use Change, and Forestry","LULUCF - Forest Land",0,2018,"CH4",NA,NA,"Historical","BGR","bulgaria","EDGAR",0,NA
NA,NA,"LULUCF - Forest Land:CH4","Land Use, Land Use Change, and Forestry","LULUCF - Forest Land",0,2019,"CH4",NA,NA,"Historical","BGR","bulgaria","EDGAR",0,NA
NA,NA,"LULUCF - Forest Land:CH4","Land Use, Land Use Change, and Forestry","LULUCF - Forest Land",0,2020,"CH4",NA,NA,"Historical","BGR","bulgaria","EDGAR",0,NA
NA,NA,"LULUCF - Forest Land:CH4","Land Use, Land Use Change, and Forestry","LULUCF - Forest Land",0,2021,"CH4",NA,NA,"Historical","BGR","bulgaria","EDGAR",0,NA
NA,NA,"LULUCF - Forest Land:CH4","Land Use, Land Use Change, and Forestry","LULUCF - Forest Land",0,2022,"CH4",NA,NA,"Historical","BGR","bulgaria","EDGAR",0,NA
NA,NA,"LULUCF - Forest Land:CO2","Land Use, Land Use Change, and Forestry","LULUCF - Forest Land",-15.50246,2000,"CO2",NA,NA,"Historical","BGR","bulgaria","EDGAR",-15.50246,NA
NA,NA,"LULUCF - Forest Land:CO2","Land Use, Land Use Change, and Forestry","LULUCF - Forest Land",-12.68107,2001,"CO2",NA,NA,"Historical","BGR","bulgaria","EDGAR",-12.68107,NA
NA,NA,"LULUCF - Forest Land:CO2","Land Use, Land Use Change, and Forestry","LULUCF - Forest Land",-12.70066,2002,"CO2",NA,NA,"Historical","BGR","bulgaria","EDGAR",-12.70066,NA
NA,NA,"LULUCF - Forest Land:CO2","Land Use, Land Use Change, and Forestry","LULUCF - Forest Land",-12.68682,2003,"CO2",NA,NA,"Historical","BGR","bulgaria","EDGAR",-12.68682,NA
NA,NA,"LULUCF - Forest Land:CO2","Land Use, Land Use Change, and Forestry","LULUCF - Forest Land",-12.67306,2004,"CO2",NA,NA,"Historical","BGR","bulgaria","EDGAR",-12.67306,NA
NA,NA,"LULUCF - Forest Land:CO2","Land Use, Land Use Change, and Forestry","LULUCF - Forest Land",-12.67344,2005,"CO2",NA,NA,"Historical","BGR","bulgaria","EDGAR",-12.67344,NA
NA,NA,"LULUCF - Forest Land:CO2","Land Use, Land Use Change, and Forestry","LULUCF - Forest Land",-10.60818,2006,"CO2",NA,NA,"Historical","BGR","bulgaria","EDGAR",-10.60818,NA
NA,NA,"LULUCF - Forest Land:CO2","Land Use, Land Use Change, and Forestry","LULUCF - Forest Land",-10.44187,2007,"CO2",NA,NA,"Historical","BGR","bulgaria","EDGAR",-10.44187,NA
NA,NA,"LULUCF - Forest Land:CO2","Land Use, Land Use Change, and Forestry","LULUCF - Forest Land",-10.57768,2008,"CO2",NA,NA,"Historical","BGR","bulgaria","EDGAR",-10.57768,NA
NA,NA,"LULUCF - Forest Land:CO2","Land Use, Land Use Change, and Forestry","LULUCF - Forest Land",-10.60697,2009,"CO2",NA,NA,"Historical","BGR","bulgaria","EDGAR",-10.60697,NA
NA,NA,"LULUCF - Forest Land:CO2","Land Use, Land Use Change, and Forestry","LULUCF - Forest Land",-10.53964,2010,"CO2",NA,NA,"Historical","BGR","bulgaria","EDGAR",-10.53964,NA
NA,NA,"LULUCF - Forest Land:CO2","Land Use, Land Use Change, and Forestry","LULUCF - Forest Land",-6.91694,2011,"CO2",NA,NA,"Historical","BGR","bulgaria","EDGAR",-6.91694,NA
NA,NA,"LULUCF - Forest Land:CO2","Land Use, Land Use Change, and Forestry","LULUCF - Forest Land",-6.84945,2012,"CO2",NA,NA,"Historical","BGR","bulgaria","EDGAR",-6.84945,NA
NA,NA,"LULUCF - Forest Land:CO2","Land Use, Land Use Change, and Forestry","LULUCF - Forest Land",-6.84231,2013,"CO2",NA,NA,"Historical","BGR","bulgaria","EDGAR",-6.84231,NA
NA,NA,"LULUCF - Forest Land:CO2","Land Use, Land Use Change, and Forestry","LULUCF - Forest Land",-6.81963,2014,"CO2",NA,NA,"Historical","BGR","bulgaria","EDGAR",-6.81963,NA
NA,NA,"LULUCF - Forest Land:CO2","Land Use, Land Use Change, and Forestry","LULUCF - Forest Land",-6.66856,2015,"CO2",NA,NA,"Historical","BGR","bulgaria","EDGAR",-6.66856,NA
NA,NA,"LULUCF - Forest Land:CO2","Land Use, Land Use Change, and Forestry","LULUCF - Forest Land",-8.57182,2016,"CO2",NA,NA,"Historical","BGR","bulgaria","EDGAR",-8.57182,NA
NA,NA,"LULUCF - Forest Land:CO2","Land Use, Land Use Change, and Forestry","LULUCF - Forest Land",-8.54262,2017,"CO2",NA,NA,"Historical","BGR","bulgaria","EDGAR",-8.54262,NA
NA,NA,"LULUCF - Forest Land:CO2","Land Use, Land Use Change, and Forestry","LULUCF - Forest Land",-8.52825,2018,"CO2",NA,NA,"Historical","BGR","bulgaria","EDGAR",-8.52825,NA
NA,NA,"LULUCF - Forest Land:CO2","Land Use, Land Use Change, and Forestry","LULUCF - Forest Land",-8.46186,2019,"CO2",NA,NA,"Historical","BGR","bulgaria","EDGAR",-8.46186,NA
NA,NA,"LULUCF - Forest Land:CO2","Land Use, Land Use Change, and Forestry","LULUCF - Forest Land",-8.43886,2020,"CO2",NA,NA,"Historical","BGR","bulgaria","EDGAR",-8.43886,NA
NA,NA,"LULUCF - Forest Land:CO2","Land Use, Land Use Change, and Forestry","LULUCF - Forest Land",-8.47009,2021,"CO2",NA,NA,"Historical","BGR","bulgaria","EDGAR",-8.47009,NA
NA,NA,"LULUCF - Forest Land:CO2","Land Use, Land Use Change, and Forestry","LULUCF - Forest Land",-8.34498,2022,"CO2",NA,NA,"Historical","BGR","bulgaria","EDGAR",-8.34498,NA
NA,NA,"LULUCF - Grassland:CO2","Land Use, Land Use Change, and Forestry","LULUCF - Grassland",-1.61242,2000,"CO2",NA,NA,"Historical","BGR","bulgaria","EDGAR",-1.61242,NA
NA,NA,"LULUCF - Grassland:CO2","Land Use, Land Use Change, and Forestry","LULUCF - Grassland",-1.6181,2001,"CO2",NA,NA,"Historical","BGR","bulgaria","EDGAR",-1.6181,NA
NA,NA,"LULUCF - Grassland:CO2","Land Use, Land Use Change, and Forestry","LULUCF - Grassland",-1.77294,2002,"CO2",NA,NA,"Historical","BGR","bulgaria","EDGAR",-1.77294,NA
NA,NA,"LULUCF - Grassland:CO2","Land Use, Land Use Change, and Forestry","LULUCF - Grassland",-1.43572,2003,"CO2",NA,NA,"Historical","BGR","bulgaria","EDGAR",-1.43572,NA
NA,NA,"LULUCF - Grassland:CO2","Land Use, Land Use Change, and Forestry","LULUCF - Grassland",-1.6676,2004,"CO2",NA,NA,"Historical","BGR","bulgaria","EDGAR",-1.6676,NA
NA,NA,"LULUCF - Grassland:CO2","Land Use, Land Use Change, and Forestry","LULUCF - Grassland",-2.74305,2005,"CO2",NA,NA,"Historical","BGR","bulgaria","EDGAR",-2.74305,NA
NA,NA,"LULUCF - Grassland:CO2","Land Use, Land Use Change, and Forestry","LULUCF - Grassland",-1.71572,2006,"CO2",NA,NA,"Historical","BGR","bulgaria","EDGAR",-1.71572,NA
NA,NA,"LULUCF - Grassland:CO2","Land Use, Land Use Change, and Forestry","LULUCF - Grassland",-1.97497,2007,"CO2",NA,NA,"Historical","BGR","bulgaria","EDGAR",-1.97497,NA
NA,NA,"LULUCF - Grassland:CO2","Land Use, Land Use Change, and Forestry","LULUCF - Grassland",-1.45185,2008,"CO2",NA,NA,"Historical","BGR","bulgaria","EDGAR",-1.45185,NA
NA,NA,"LULUCF - Grassland:CO2","Land Use, Land Use Change, and Forestry","LULUCF - Grassland",-1.36993,2009,"CO2",NA,NA,"Historical","BGR","bulgaria","EDGAR",-1.36993,NA
NA,NA,"LULUCF - Grassland:CO2","Land Use, Land Use Change, and Forestry","LULUCF - Grassland",-1.31062,2010,"CO2",NA,NA,"Historical","BGR","bulgaria","EDGAR",-1.31062,NA
NA,NA,"LULUCF - Grassland:CO2","Land Use, Land Use Change, and Forestry","LULUCF - Grassland",-1.24471,2011,"CO2",NA,NA,"Historical","BGR","bulgaria","EDGAR",-1.24471,NA
NA,NA,"LULUCF - Grassland:CO2","Land Use, Land Use Change, and Forestry","LULUCF - Grassland",-1.15809,2012,"CO2",NA,NA,"Historical","BGR","bulgaria","EDGAR",-1.15809,NA
NA,NA,"LULUCF - Grassland:CO2","Land Use, Land Use Change, and Forestry","LULUCF - Grassland",-1.04174,2013,"CO2",NA,NA,"Historical","BGR","bulgaria","EDGAR",-1.04174,NA
NA,NA,"LULUCF - Grassland:CO2","Land Use, Land Use Change, and Forestry","LULUCF - Grassland",-1.04898,2014,"CO2",NA,NA,"Historical","BGR","bulgaria","EDGAR",-1.04898,NA
NA,NA,"LULUCF - Grassland:CO2","Land Use, Land Use Change, and Forestry","LULUCF - Grassland",-0.90199,2015,"CO2",NA,NA,"Historical","BGR","bulgaria","EDGAR",-0.90199,NA
NA,NA,"LULUCF - Grassland:CO2","Land Use, Land Use Change, and Forestry","LULUCF - Grassland",-0.87572,2016,"CO2",NA,NA,"Historical","BGR","bulgaria","EDGAR",-0.87572,NA
NA,NA,"LULUCF - Grassland:CO2","Land Use, Land Use Change, and Forestry","LULUCF - Grassland",-0.74124,2017,"CO2",NA,NA,"Historical","BGR","bulgaria","EDGAR",-0.74124,NA
NA,NA,"LULUCF - Grassland:CO2","Land Use, Land Use Change, and Forestry","LULUCF - Grassland",-0.83608,2018,"CO2",NA,NA,"Historical","BGR","bulgaria","EDGAR",-0.83608,NA
NA,NA,"LULUCF - Grassland:CO2","Land Use, Land Use Change, and Forestry","LULUCF - Grassland",-0.89906,2019,"CO2",NA,NA,"Historical","BGR","bulgaria","EDGAR",-0.89906,NA
NA,NA,"LULUCF - Grassland:CO2","Land Use, Land Use Change, and Forestry","LULUCF - Grassland",-0.78929,2020,"CO2",NA,NA,"Historical","BGR","bulgaria","EDGAR",-0.78929,NA
NA,NA,"LULUCF - Grassland:CO2","Land Use, Land Use Change, and Forestry","LULUCF - Grassland",-0.6094,2021,"CO2",NA,NA,"Historical","BGR","bulgaria","EDGAR",-0.6094,NA
NA,NA,"LULUCF - Grassland:CO2","Land Use, Land Use Change, and Forestry","LULUCF - Grassland",-0.83481,2022,"CO2",NA,NA,"Historical","BGR","bulgaria","EDGAR",-0.83481,NA
NA,NA,"LULUCF - HWP:CO2","Land Use, Land Use Change, and Forestry","LULUCF - HWP",-0.26848,2000,"CO2",NA,NA,"Historical","BGR","bulgaria","EDGAR",-0.26848,NA
NA,NA,"LULUCF - HWP:CO2","Land Use, Land Use Change, and Forestry","LULUCF - HWP",-0.3343,2001,"CO2",NA,NA,"Historical","BGR","bulgaria","EDGAR",-0.3343,NA
NA,NA,"LULUCF - HWP:CO2","Land Use, Land Use Change, and Forestry","LULUCF - HWP",-0.46122,2002,"CO2",NA,NA,"Historical","BGR","bulgaria","EDGAR",-0.46122,NA
NA,NA,"LULUCF - HWP:CO2","Land Use, Land Use Change, and Forestry","LULUCF - HWP",-0.42732,2003,"CO2",NA,NA,"Historical","BGR","bulgaria","EDGAR",-0.42732,NA
NA,NA,"LULUCF - HWP:CO2","Land Use, Land Use Change, and Forestry","LULUCF - HWP",-0.85391,2004,"CO2",NA,NA,"Historical","BGR","bulgaria","EDGAR",-0.85391,NA
NA,NA,"LULUCF - HWP:CO2","Land Use, Land Use Change, and Forestry","LULUCF - HWP",-0.96103,2005,"CO2",NA,NA,"Historical","BGR","bulgaria","EDGAR",-0.96103,NA
NA,NA,"LULUCF - HWP:CO2","Land Use, Land Use Change, and Forestry","LULUCF - HWP",-0.90176,2006,"CO2",NA,NA,"Historical","BGR","bulgaria","EDGAR",-0.90176,NA
NA,NA,"LULUCF - HWP:CO2","Land Use, Land Use Change, and Forestry","LULUCF - HWP",-1.70224,2007,"CO2",NA,NA,"Historical","BGR","bulgaria","EDGAR",-1.70224,NA
NA,NA,"LULUCF - HWP:CO2","Land Use, Land Use Change, and Forestry","LULUCF - HWP",-0.89271,2008,"CO2",NA,NA,"Historical","BGR","bulgaria","EDGAR",-0.89271,NA
NA,NA,"LULUCF - HWP:CO2","Land Use, Land Use Change, and Forestry","LULUCF - HWP",-0.84707,2009,"CO2",NA,NA,"Historical","BGR","bulgaria","EDGAR",-0.84707,NA
NA,NA,"LULUCF - HWP:CO2","Land Use, Land Use Change, and Forestry","LULUCF - HWP",-0.95717,2010,"CO2",NA,NA,"Historical","BGR","bulgaria","EDGAR",-0.95717,NA
NA,NA,"LULUCF - HWP:CO2","Land Use, Land Use Change, and Forestry","LULUCF - HWP",-1.29492,2011,"CO2",NA,NA,"Historical","BGR","bulgaria","EDGAR",-1.29492,NA
NA,NA,"LULUCF - HWP:CO2","Land Use, Land Use Change, and Forestry","LULUCF - HWP",-1.27117,2012,"CO2",NA,NA,"Historical","BGR","bulgaria","EDGAR",-1.27117,NA
NA,NA,"LULUCF - HWP:CO2","Land Use, Land Use Change, and Forestry","LULUCF - HWP",-1.18938,2013,"CO2",NA,NA,"Historical","BGR","bulgaria","EDGAR",-1.18938,NA
NA,NA,"LULUCF - HWP:CO2","Land Use, Land Use Change, and Forestry","LULUCF - HWP",-1.25821,2014,"CO2",NA,NA,"Historical","BGR","bulgaria","EDGAR",-1.25821,NA
NA,NA,"LULUCF - HWP:CO2","Land Use, Land Use Change, and Forestry","LULUCF - HWP",-1.53066,2015,"CO2",NA,NA,"Historical","BGR","bulgaria","EDGAR",-1.53066,NA
NA,NA,"LULUCF - HWP:CO2","Land Use, Land Use Change, and Forestry","LULUCF - HWP",-1.13675,2016,"CO2",NA,NA,"Historical","BGR","bulgaria","EDGAR",-1.13675,NA
NA,NA,"LULUCF - HWP:CO2","Land Use, Land Use Change, and Forestry","LULUCF - HWP",-1.3563,2017,"CO2",NA,NA,"Historical","BGR","bulgaria","EDGAR",-1.3563,NA
NA,NA,"LULUCF - HWP:CO2","Land Use, Land Use Change, and Forestry","LULUCF - HWP",-1.23273,2018,"CO2",NA,NA,"Historical","BGR","bulgaria","EDGAR",-1.23273,NA
NA,NA,"LULUCF - HWP:CO2","Land Use, Land Use Change, and Forestry","LULUCF - HWP",-1.02875,2019,"CO2",NA,NA,"Historical","BGR","bulgaria","EDGAR",-1.02875,NA
NA,NA,"LULUCF - HWP:CO2","Land Use, Land Use Change, and Forestry","LULUCF - HWP",-1.19526,2020,"CO2",NA,NA,"Historical","BGR","bulgaria","EDGAR",-1.19526,NA
NA,NA,"LULUCF - HWP:CO2","Land Use, Land Use Change, and Forestry","LULUCF - HWP",-1.20922,2021,"CO2",NA,NA,"Historical","BGR","bulgaria","EDGAR",-1.20922,NA
NA,NA,"LULUCF - HWP:CO2","Land Use, Land Use Change, and Forestry","LULUCF - HWP",-0.97025,2022,"CO2",NA,NA,"Historical","BGR","bulgaria","EDGAR",-0.97025,NA
NA,NA,"LULUCF - Other Land:CO2","Land Use, Land Use Change, and Forestry","LULUCF - Other Land",0,2000,"CO2",NA,NA,"Historical","BGR","bulgaria","EDGAR",0,NA
NA,NA,"LULUCF - Other Land:CO2","Land Use, Land Use Change, and Forestry","LULUCF - Other Land",0,2001,"CO2",NA,NA,"Historical","BGR","bulgaria","EDGAR",0,NA
NA,NA,"LULUCF - Other Land:CO2","Land Use, Land Use Change, and Forestry","LULUCF - Other Land",0,2002,"CO2",NA,NA,"Historical","BGR","bulgaria","EDGAR",0,NA
NA,NA,"LULUCF - Other Land:CO2","Land Use, Land Use Change, and Forestry","LULUCF - Other Land",0,2003,"CO2",NA,NA,"Historical","BGR","bulgaria","EDGAR",0,NA
NA,NA,"LULUCF - Other Land:CO2","Land Use, Land Use Change, and Forestry","LULUCF - Other Land",0,2004,"CO2",NA,NA,"Historical","BGR","bulgaria","EDGAR",0,NA
NA,NA,"LULUCF - Other Land:CO2","Land Use, Land Use Change, and Forestry","LULUCF - Other Land",0,2005,"CO2",NA,NA,"Historical","BGR","bulgaria","EDGAR",0,NA
NA,NA,"LULUCF - Other Land:CO2","Land Use, Land Use Change, and Forestry","LULUCF - Other Land",0,2006,"CO2",NA,NA,"Historical","BGR","bulgaria","EDGAR",0,NA
NA,NA,"LULUCF - Other Land:CO2","Land Use, Land Use Change, and Forestry","LULUCF - Other Land",0,2007,"CO2",NA,NA,"Historical","BGR","bulgaria","EDGAR",0,NA
NA,NA,"LULUCF - Other Land:CO2","Land Use, Land Use Change, and Forestry","LULUCF - Other Land",0,2008,"CO2",NA,NA,"Historical","BGR","bulgaria","EDGAR",0,NA
NA,NA,"LULUCF - Other Land:CO2","Land Use, Land Use Change, and Forestry","LULUCF - Other Land",0,2009,"CO2",NA,NA,"Historical","BGR","bulgaria","EDGAR",0,NA
NA,NA,"LULUCF - Other Land:CO2","Land Use, Land Use Change, and Forestry","LULUCF - Other Land",0,2010,"CO2",NA,NA,"Historical","BGR","bulgaria","EDGAR",0,NA
NA,NA,"LULUCF - Other Land:CO2","Land Use, Land Use Change, and Forestry","LULUCF - Other Land",0,2011,"CO2",NA,NA,"Historical","BGR","bulgaria","EDGAR",0,NA
NA,NA,"LULUCF - Other Land:CO2","Land Use, Land Use Change, and Forestry","LULUCF - Other Land",0,2012,"CO2",NA,NA,"Historical","BGR","bulgaria","EDGAR",0,NA
NA,NA,"LULUCF - Other Land:CO2","Land Use, Land Use Change, and Forestry","LULUCF - Other Land",0,2013,"CO2",NA,NA,"Historical","BGR","bulgaria","EDGAR",0,NA
NA,NA,"LULUCF - Other Land:CO2","Land Use, Land Use Change, and Forestry","LULUCF - Other Land",0,2014,"CO2",NA,NA,"Historical","BGR","bulgaria","EDGAR",0,NA
NA,NA,"LULUCF - Other Land:CO2","Land Use, Land Use Change, and Forestry","LULUCF - Other Land",0,2015,"CO2",NA,NA,"Historical","BGR","bulgaria","EDGAR",0,NA
NA,NA,"LULUCF - Other Land:CO2","Land Use, Land Use Change, and Forestry","LULUCF - Other Land",0,2016,"CO2",NA,NA,"Historical","BGR","bulgaria","EDGAR",0,NA
NA,NA,"LULUCF - Other Land:CO2","Land Use, Land Use Change, and Forestry","LULUCF - Other Land",0,2017,"CO2",NA,NA,"Historical","BGR","bulgaria","EDGAR",0,NA
NA,NA,"LULUCF - Other Land:CO2","Land Use, Land Use Change, and Forestry","LULUCF - Other Land",0,2018,"CO2",NA,NA,"Historical","BGR","bulgaria","EDGAR",0,NA
NA,NA,"LULUCF - Other Land:CO2","Land Use, Land Use Change, and Forestry","LULUCF - Other Land",0,2019,"CO2",NA,NA,"Historical","BGR","bulgaria","EDGAR",0,NA
NA,NA,"LULUCF - Other Land:CO2","Land Use, Land Use Change, and Forestry","LULUCF - Other Land",0,2020,"CO2",NA,NA,"Historical","BGR","bulgaria","EDGAR",0,NA
NA,NA,"LULUCF - Other Land:CO2","Land Use, Land Use Change, and Forestry","LULUCF - Other Land",0,2021,"CO2",NA,NA,"Historical","BGR","bulgaria","EDGAR",0,NA
NA,NA,"LULUCF - Other Land:CO2","Land Use, Land Use Change, and Forestry","LULUCF - Other Land",0,2022,"CO2",NA,NA,"Historical","BGR","bulgaria","EDGAR",0,NA
NA,NA,"LULUCF - Settlements:CO2","Land Use, Land Use Change, and Forestry","LULUCF - Settlements",0.13485,2000,"CO2",NA,NA,"Historical","BGR","bulgaria","EDGAR",0.13485,NA
NA,NA,"LULUCF - Settlements:CO2","Land Use, Land Use Change, and Forestry","LULUCF - Settlements",0.08787,2001,"CO2",NA,NA,"Historical","BGR","bulgaria","EDGAR",0.08787,NA
NA,NA,"LULUCF - Settlements:CO2","Land Use, Land Use Change, and Forestry","LULUCF - Settlements",0.11592,2002,"CO2",NA,NA,"Historical","BGR","bulgaria","EDGAR",0.11592,NA
NA,NA,"LULUCF - Settlements:CO2","Land Use, Land Use Change, and Forestry","LULUCF - Settlements",0.10508,2003,"CO2",NA,NA,"Historical","BGR","bulgaria","EDGAR",0.10508,NA
NA,NA,"LULUCF - Settlements:CO2","Land Use, Land Use Change, and Forestry","LULUCF - Settlements",0.10346,2004,"CO2",NA,NA,"Historical","BGR","bulgaria","EDGAR",0.10346,NA
NA,NA,"LULUCF - Settlements:CO2","Land Use, Land Use Change, and Forestry","LULUCF - Settlements",0.17619,2005,"CO2",NA,NA,"Historical","BGR","bulgaria","EDGAR",0.17619,NA
NA,NA,"LULUCF - Settlements:CO2","Land Use, Land Use Change, and Forestry","LULUCF - Settlements",0.17347,2006,"CO2",NA,NA,"Historical","BGR","bulgaria","EDGAR",0.17347,NA
NA,NA,"LULUCF - Settlements:CO2","Land Use, Land Use Change, and Forestry","LULUCF - Settlements",0.22787,2007,"CO2",NA,NA,"Historical","BGR","bulgaria","EDGAR",0.22787,NA
NA,NA,"LULUCF - Settlements:CO2","Land Use, Land Use Change, and Forestry","LULUCF - Settlements",0.38764,2008,"CO2",NA,NA,"Historical","BGR","bulgaria","EDGAR",0.38764,NA
NA,NA,"LULUCF - Settlements:CO2","Land Use, Land Use Change, and Forestry","LULUCF - Settlements",0.16728,2009,"CO2",NA,NA,"Historical","BGR","bulgaria","EDGAR",0.16728,NA
NA,NA,"LULUCF - Settlements:CO2","Land Use, Land Use Change, and Forestry","LULUCF - Settlements",0.27909,2010,"CO2",NA,NA,"Historical","BGR","bulgaria","EDGAR",0.27909,NA
NA,NA,"LULUCF - Settlements:CO2","Land Use, Land Use Change, and Forestry","LULUCF - Settlements",0.18693,2011,"CO2",NA,NA,"Historical","BGR","bulgaria","EDGAR",0.18693,NA
NA,NA,"LULUCF - Settlements:CO2","Land Use, Land Use Change, and Forestry","LULUCF - Settlements",0.19426,2012,"CO2",NA,NA,"Historical","BGR","bulgaria","EDGAR",0.19426,NA
NA,NA,"LULUCF - Settlements:CO2","Land Use, Land Use Change, and Forestry","LULUCF - Settlements",0.24915,2013,"CO2",NA,NA,"Historical","BGR","bulgaria","EDGAR",0.24915,NA
NA,NA,"LULUCF - Settlements:CO2","Land Use, Land Use Change, and Forestry","LULUCF - Settlements",0.15508,2014,"CO2",NA,NA,"Historical","BGR","bulgaria","EDGAR",0.15508,NA
NA,NA,"LULUCF - Settlements:CO2","Land Use, Land Use Change, and Forestry","LULUCF - Settlements",0.31209,2015,"CO2",NA,NA,"Historical","BGR","bulgaria","EDGAR",0.31209,NA
NA,NA,"LULUCF - Settlements:CO2","Land Use, Land Use Change, and Forestry","LULUCF - Settlements",0.25675,2016,"CO2",NA,NA,"Historical","BGR","bulgaria","EDGAR",0.25675,NA
NA,NA,"LULUCF - Settlements:CO2","Land Use, Land Use Change, and Forestry","LULUCF - Settlements",0.2611,2017,"CO2",NA,NA,"Historical","BGR","bulgaria","EDGAR",0.2611,NA
NA,NA,"LULUCF - Settlements:CO2","Land Use, Land Use Change, and Forestry","LULUCF - Settlements",0.15914,2018,"CO2",NA,NA,"Historical","BGR","bulgaria","EDGAR",0.15914,NA
NA,NA,"LULUCF - Settlements:CO2","Land Use, Land Use Change, and Forestry","LULUCF - Settlements",0.31295,2019,"CO2",NA,NA,"Historical","BGR","bulgaria","EDGAR",0.31295,NA
NA,NA,"LULUCF - Settlements:CO2","Land Use, Land Use Change, and Forestry","LULUCF - Settlements",0.17494,2020,"CO2",NA,NA,"Historical","BGR","bulgaria","EDGAR",0.17494,NA
NA,NA,"LULUCF - Settlements:CO2","Land Use, Land Use Change, and Forestry","LULUCF - Settlements",0.14891,2021,"CO2",NA,NA,"Historical","BGR","bulgaria","EDGAR",0.14891,NA
NA,NA,"LULUCF - Settlements:CO2","Land Use, Land Use Change, and Forestry","LULUCF - Settlements",0.17311,2022,"CO2",NA,NA,"Historical","BGR","bulgaria","EDGAR",0.17311,NA
NA,NA,"LULUCF - Wetlands:CH4","Land Use, Land Use Change, and Forestry","LULUCF - Wetlands",0,2000,"CH4",NA,NA,"Historical","BGR","bulgaria","EDGAR",0,NA
NA,NA,"LULUCF - Wetlands:CH4","Land Use, Land Use Change, and Forestry","LULUCF - Wetlands",0,2001,"CH4",NA,NA,"Historical","BGR","bulgaria","EDGAR",0,NA
NA,NA,"LULUCF - Wetlands:CH4","Land Use, Land Use Change, and Forestry","LULUCF - Wetlands",0,2002,"CH4",NA,NA,"Historical","BGR","bulgaria","EDGAR",0,NA
NA,NA,"LULUCF - Wetlands:CH4","Land Use, Land Use Change, and Forestry","LULUCF - Wetlands",0,2003,"CH4",NA,NA,"Historical","BGR","bulgaria","EDGAR",0,NA
NA,NA,"LULUCF - Wetlands:CH4","Land Use, Land Use Change, and Forestry","LULUCF - Wetlands",0,2004,"CH4",NA,NA,"Historical","BGR","bulgaria","EDGAR",0,NA
NA,NA,"LULUCF - Wetlands:CH4","Land Use, Land Use Change, and Forestry","LULUCF - Wetlands",0,2005,"CH4",NA,NA,"Historical","BGR","bulgaria","EDGAR",0,NA
NA,NA,"LULUCF - Wetlands:CH4","Land Use, Land Use Change, and Forestry","LULUCF - Wetlands",0,2006,"CH4",NA,NA,"Historical","BGR","bulgaria","EDGAR",0,NA
NA,NA,"LULUCF - Wetlands:CH4","Land Use, Land Use Change, and Forestry","LULUCF - Wetlands",0,2007,"CH4",NA,NA,"Historical","BGR","bulgaria","EDGAR",0,NA
NA,NA,"LULUCF - Wetlands:CH4","Land Use, Land Use Change, and Forestry","LULUCF - Wetlands",0,2008,"CH4",NA,NA,"Historical","BGR","bulgaria","EDGAR",0,NA
NA,NA,"LULUCF - Wetlands:CH4","Land Use, Land Use Change, and Forestry","LULUCF - Wetlands",0,2009,"CH4",NA,NA,"Historical","BGR","bulgaria","EDGAR",0,NA
NA,NA,"LULUCF - Wetlands:CH4","Land Use, Land Use Change, and Forestry","LULUCF - Wetlands",0,2010,"CH4",NA,NA,"Historical","BGR","bulgaria","EDGAR",0,NA
NA,NA,"LULUCF - Wetlands:CH4","Land Use, Land Use Change, and Forestry","LULUCF - Wetlands",0,2011,"CH4",NA,NA,"Historical","BGR","bulgaria","EDGAR",0,NA
NA,NA,"LULUCF - Wetlands:CH4","Land Use, Land Use Change, and Forestry","LULUCF - Wetlands",0,2012,"CH4",NA,NA,"Historical","BGR","bulgaria","EDGAR",0,NA
NA,NA,"LULUCF - Wetlands:CH4","Land Use, Land Use Change, and Forestry","LULUCF - Wetlands",0,2013,"CH4",NA,NA,"Historical","BGR","bulgaria","EDGAR",0,NA
NA,NA,"LULUCF - Wetlands:CH4","Land Use, Land Use Change, and Forestry","LULUCF - Wetlands",0,2014,"CH4",NA,NA,"Historical","BGR","bulgaria","EDGAR",0,NA
NA,NA,"LULUCF - Wetlands:CH4","Land Use, Land Use Change, and Forestry","LULUCF - Wetlands",0,2015,"CH4",NA,NA,"Historical","BGR","bulgaria","EDGAR",0,NA
NA,NA,"LULUCF - Wetlands:CH4","Land Use, Land Use Change, and Forestry","LULUCF - Wetlands",0,2016,"CH4",NA,NA,"Historical","BGR","bulgaria","EDGAR",0,NA
NA,NA,"LULUCF - Wetlands:CH4","Land Use, Land Use Change, and Forestry","LULUCF - Wetlands",0,2017,"CH4",NA,NA,"Historical","BGR","bulgaria","EDGAR",0,NA
NA,NA,"LULUCF - Wetlands:CH4","Land Use, Land Use Change, and Forestry","LULUCF - Wetlands",0,2018,"CH4",NA,NA,"Historical","BGR","bulgaria","EDGAR",0,NA
NA,NA,"LULUCF - Wetlands:CH4","Land Use, Land Use Change, and Forestry","LULUCF - Wetlands",0,2019,"CH4",NA,NA,"Historical","BGR","bulgaria","EDGAR",0,NA
NA,NA,"LULUCF - Wetlands:CH4","Land Use, Land Use Change, and Forestry","LULUCF - Wetlands",0,2020,"CH4",NA,NA,"Historical","BGR","bulgaria","EDGAR",0,NA
NA,NA,"LULUCF - Wetlands:CH4","Land Use, Land Use Change, and Forestry","LULUCF - Wetlands",0,2021,"CH4",NA,NA,"Historical","BGR","bulgaria","EDGAR",0,NA
NA,NA,"LULUCF - Wetlands:CH4","Land Use, Land Use Change, and Forestry","LULUCF - Wetlands",0,2022,"CH4",NA,NA,"Historical","BGR","bulgaria","EDGAR",0,NA
NA,NA,"LULUCF - Wetlands:CO2","Land Use, Land Use Change, and Forestry","LULUCF - Wetlands",0.06668,2000,"CO2",NA,NA,"Historical","BGR","bulgaria","EDGAR",0.06668,NA
NA,NA,"LULUCF - Wetlands:CO2","Land Use, Land Use Change, and Forestry","LULUCF - Wetlands",0.07003,2001,"CO2",NA,NA,"Historical","BGR","bulgaria","EDGAR",0.07003,NA
NA,NA,"LULUCF - Wetlands:CO2","Land Use, Land Use Change, and Forestry","LULUCF - Wetlands",0.07346,2002,"CO2",NA,NA,"Historical","BGR","bulgaria","EDGAR",0.07346,NA
NA,NA,"LULUCF - Wetlands:CO2","Land Use, Land Use Change, and Forestry","LULUCF - Wetlands",0.07658,2003,"CO2",NA,NA,"Historical","BGR","bulgaria","EDGAR",0.07658,NA
NA,NA,"LULUCF - Wetlands:CO2","Land Use, Land Use Change, and Forestry","LULUCF - Wetlands",0.07987,2004,"CO2",NA,NA,"Historical","BGR","bulgaria","EDGAR",0.07987,NA
NA,NA,"LULUCF - Wetlands:CO2","Land Use, Land Use Change, and Forestry","LULUCF - Wetlands",0.08313,2005,"CO2",NA,NA,"Historical","BGR","bulgaria","EDGAR",0.08313,NA
NA,NA,"LULUCF - Wetlands:CO2","Land Use, Land Use Change, and Forestry","LULUCF - Wetlands",0.08646,2006,"CO2",NA,NA,"Historical","BGR","bulgaria","EDGAR",0.08646,NA
NA,NA,"LULUCF - Wetlands:CO2","Land Use, Land Use Change, and Forestry","LULUCF - Wetlands",0.08988,2007,"CO2",NA,NA,"Historical","BGR","bulgaria","EDGAR",0.08988,NA
NA,NA,"LULUCF - Wetlands:CO2","Land Use, Land Use Change, and Forestry","LULUCF - Wetlands",0.09574,2008,"CO2",NA,NA,"Historical","BGR","bulgaria","EDGAR",0.09574,NA
NA,NA,"LULUCF - Wetlands:CO2","Land Use, Land Use Change, and Forestry","LULUCF - Wetlands",0.10187,2009,"CO2",NA,NA,"Historical","BGR","bulgaria","EDGAR",0.10187,NA
NA,NA,"LULUCF - Wetlands:CO2","Land Use, Land Use Change, and Forestry","LULUCF - Wetlands",0.10774,2010,"CO2",NA,NA,"Historical","BGR","bulgaria","EDGAR",0.10774,NA
NA,NA,"LULUCF - Wetlands:CO2","Land Use, Land Use Change, and Forestry","LULUCF - Wetlands",0.11366,2011,"CO2",NA,NA,"Historical","BGR","bulgaria","EDGAR",0.11366,NA
NA,NA,"LULUCF - Wetlands:CO2","Land Use, Land Use Change, and Forestry","LULUCF - Wetlands",0.11953,2012,"CO2",NA,NA,"Historical","BGR","bulgaria","EDGAR",0.11953,NA
NA,NA,"LULUCF - Wetlands:CO2","Land Use, Land Use Change, and Forestry","LULUCF - Wetlands",0.12792,2013,"CO2",NA,NA,"Historical","BGR","bulgaria","EDGAR",0.12792,NA
NA,NA,"LULUCF - Wetlands:CO2","Land Use, Land Use Change, and Forestry","LULUCF - Wetlands",0.11594,2014,"CO2",NA,NA,"Historical","BGR","bulgaria","EDGAR",0.11594,NA
NA,NA,"LULUCF - Wetlands:CO2","Land Use, Land Use Change, and Forestry","LULUCF - Wetlands",0.11137,2015,"CO2",NA,NA,"Historical","BGR","bulgaria","EDGAR",0.11137,NA
NA,NA,"LULUCF - Wetlands:CO2","Land Use, Land Use Change, and Forestry","LULUCF - Wetlands",0.10678,2016,"CO2",NA,NA,"Historical","BGR","bulgaria","EDGAR",0.10678,NA
NA,NA,"LULUCF - Wetlands:CO2","Land Use, Land Use Change, and Forestry","LULUCF - Wetlands",0.10249,2017,"CO2",NA,NA,"Historical","BGR","bulgaria","EDGAR",0.10249,NA
NA,NA,"LULUCF - Wetlands:CO2","Land Use, Land Use Change, and Forestry","LULUCF - Wetlands",0.09824,2018,"CO2",NA,NA,"Historical","BGR","bulgaria","EDGAR",0.09824,NA
NA,NA,"LULUCF - Wetlands:CO2","Land Use, Land Use Change, and Forestry","LULUCF - Wetlands",0.09402,2019,"CO2",NA,NA,"Historical","BGR","bulgaria","EDGAR",0.09402,NA
NA,NA,"LULUCF - Wetlands:CO2","Land Use, Land Use Change, and Forestry","LULUCF - Wetlands",0.08972,2020,"CO2",NA,NA,"Historical","BGR","bulgaria","EDGAR",0.08972,NA
NA,NA,"LULUCF - Wetlands:CO2","Land Use, Land Use Change, and Forestry","LULUCF - Wetlands",0.08538,2021,"CO2",NA,NA,"Historical","BGR","bulgaria","EDGAR",0.08538,NA
NA,NA,"LULUCF - Wetlands:CO2","Land Use, Land Use Change, and Forestry","LULUCF - Wetlands",0.08098,2022,"CO2",NA,NA,"Historical","BGR","bulgaria","EDGAR",0.08098,NA
NA,NA,"Waste - Solid Waste:CH4","Waste","Waste - Solid Waste",2.751086,2000,"CH4",NA,NA,"Historical","BGR","bulgaria","EDGAR",2.751086,NA
NA,NA,"Waste - Solid Waste:CH4","Waste","Waste - Solid Waste",2.77367,2001,"CH4",NA,NA,"Historical","BGR","bulgaria","EDGAR",2.77367,NA
NA,NA,"Waste - Solid Waste:CH4","Waste","Waste - Solid Waste",2.796336,2002,"CH4",NA,NA,"Historical","BGR","bulgaria","EDGAR",2.796336,NA
NA,NA,"Waste - Solid Waste:CH4","Waste","Waste - Solid Waste",2.819255,2003,"CH4",NA,NA,"Historical","BGR","bulgaria","EDGAR",2.819255,NA
NA,NA,"Waste - Solid Waste:CH4","Waste","Waste - Solid Waste",2.84207,2004,"CH4",NA,NA,"Historical","BGR","bulgaria","EDGAR",2.84207,NA
NA,NA,"Waste - Solid Waste:CH4","Waste","Waste - Solid Waste",2.875095,2005,"CH4",NA,NA,"Historical","BGR","bulgaria","EDGAR",2.875095,NA
NA,NA,"Waste - Solid Waste:CH4","Waste","Waste - Solid Waste",2.890871,2006,"CH4",NA,NA,"Historical","BGR","bulgaria","EDGAR",2.890871,NA
NA,NA,"Waste - Solid Waste:CH4","Waste","Waste - Solid Waste",2.903346,2007,"CH4",NA,NA,"Historical","BGR","bulgaria","EDGAR",2.903346,NA
NA,NA,"Waste - Solid Waste:CH4","Waste","Waste - Solid Waste",2.926451,2008,"CH4",NA,NA,"Historical","BGR","bulgaria","EDGAR",2.926451,NA
NA,NA,"Waste - Solid Waste:CH4","Waste","Waste - Solid Waste",2.944272,2009,"CH4",NA,NA,"Historical","BGR","bulgaria","EDGAR",2.944272,NA
NA,NA,"Waste - Solid Waste:CH4","Waste","Waste - Solid Waste",2.962181,2010,"CH4",NA,NA,"Historical","BGR","bulgaria","EDGAR",2.962181,NA
NA,NA,"Waste - Solid Waste:CH4","Waste","Waste - Solid Waste",2.991422,2011,"CH4",NA,NA,"Historical","BGR","bulgaria","EDGAR",2.991422,NA
NA,NA,"Waste - Solid Waste:CH4","Waste","Waste - Solid Waste",2.939842,2012,"CH4",NA,NA,"Historical","BGR","bulgaria","EDGAR",2.939842,NA
NA,NA,"Waste - Solid Waste:CH4","Waste","Waste - Solid Waste",2.874683,2013,"CH4",NA,NA,"Historical","BGR","bulgaria","EDGAR",2.874683,NA
NA,NA,"Waste - Solid Waste:CH4","Waste","Waste - Solid Waste",2.713528,2014,"CH4",NA,NA,"Historical","BGR","bulgaria","EDGAR",2.713528,NA
NA,NA,"Waste - Solid Waste:CH4","Waste","Waste - Solid Waste",2.753297,2015,"CH4",NA,NA,"Historical","BGR","bulgaria","EDGAR",2.753297,NA
NA,NA,"Waste - Solid Waste:CH4","Waste","Waste - Solid Waste",2.762356,2016,"CH4",NA,NA,"Historical","BGR","bulgaria","EDGAR",2.762356,NA
NA,NA,"Waste - Solid Waste:CH4","Waste","Waste - Solid Waste",2.569424,2017,"CH4",NA,NA,"Historical","BGR","bulgaria","EDGAR",2.569424,NA
NA,NA,"Waste - Solid Waste:CH4","Waste","Waste - Solid Waste",2.467672,2018,"CH4",NA,NA,"Historical","BGR","bulgaria","EDGAR",2.467672,NA
NA,NA,"Waste - Solid Waste:CH4","Waste","Waste - Solid Waste",2.386452,2019,"CH4",NA,NA,"Historical","BGR","bulgaria","EDGAR",2.386452,NA
NA,NA,"Waste - Solid Waste:CH4","Waste","Waste - Solid Waste",2.313676,2020,"CH4",NA,NA,"Historical","BGR","bulgaria","EDGAR",2.313676,NA
NA,NA,"Waste - Solid Waste:CH4","Waste","Waste - Solid Waste",2.246414,2021,"CH4",NA,NA,"Historical","BGR","bulgaria","EDGAR",2.246414,NA
NA,NA,"Waste - Solid Waste:CH4","Waste","Waste - Solid Waste",2.171526,2022,"CH4",NA,NA,"Historical","BGR","bulgaria","EDGAR",2.171526,NA
NA,NA,"Waste - Solid Waste:CO2","Waste","Waste - Solid Waste",0.06258,2000,"CO2",NA,NA,"Historical","BGR","bulgaria","EDGAR",0.06258,NA
NA,NA,"Waste - Solid Waste:CO2","Waste","Waste - Solid Waste",0.06103,2001,"CO2",NA,NA,"Historical","BGR","bulgaria","EDGAR",0.06103,NA
NA,NA,"Waste - Solid Waste:CO2","Waste","Waste - Solid Waste",0.05948,2002,"CO2",NA,NA,"Historical","BGR","bulgaria","EDGAR",0.05948,NA
NA,NA,"Waste - Solid Waste:CO2","Waste","Waste - Solid Waste",0.05793,2003,"CO2",NA,NA,"Historical","BGR","bulgaria","EDGAR",0.05793,NA
NA,NA,"Waste - Solid Waste:CO2","Waste","Waste - Solid Waste",0.05638,2004,"CO2",NA,NA,"Historical","BGR","bulgaria","EDGAR",0.05638,NA
NA,NA,"Waste - Solid Waste:CO2","Waste","Waste - Solid Waste",0.05483,2005,"CO2",NA,NA,"Historical","BGR","bulgaria","EDGAR",0.05483,NA
NA,NA,"Waste - Solid Waste:CO2","Waste","Waste - Solid Waste",0.04655,2006,"CO2",NA,NA,"Historical","BGR","bulgaria","EDGAR",0.04655,NA
NA,NA,"Waste - Solid Waste:CO2","Waste","Waste - Solid Waste",0.03828,2007,"CO2",NA,NA,"Historical","BGR","bulgaria","EDGAR",0.03828,NA
NA,NA,"Waste - Solid Waste:CO2","Waste","Waste - Solid Waste",0.03,2008,"CO2",NA,NA,"Historical","BGR","bulgaria","EDGAR",0.03,NA
NA,NA,"Waste - Solid Waste:CO2","Waste","Waste - Solid Waste",0.02173,2009,"CO2",NA,NA,"Historical","BGR","bulgaria","EDGAR",0.02173,NA
NA,NA,"Waste - Solid Waste:CO2","Waste","Waste - Solid Waste",0.01345,2010,"CO2",NA,NA,"Historical","BGR","bulgaria","EDGAR",0.01345,NA
NA,NA,"Waste - Solid Waste:CO2","Waste","Waste - Solid Waste",0.00971,2011,"CO2",NA,NA,"Historical","BGR","bulgaria","EDGAR",0.00971,NA
NA,NA,"Waste - Solid Waste:CO2","Waste","Waste - Solid Waste",0.02009,2012,"CO2",NA,NA,"Historical","BGR","bulgaria","EDGAR",0.02009,NA
NA,NA,"Waste - Solid Waste:CO2","Waste","Waste - Solid Waste",0.0389,2013,"CO2",NA,NA,"Historical","BGR","bulgaria","EDGAR",0.0389,NA
NA,NA,"Waste - Solid Waste:CO2","Waste","Waste - Solid Waste",0.01126,2014,"CO2",NA,NA,"Historical","BGR","bulgaria","EDGAR",0.01126,NA
NA,NA,"Waste - Solid Waste:CO2","Waste","Waste - Solid Waste",0.0101,2015,"CO2",NA,NA,"Historical","BGR","bulgaria","EDGAR",0.0101,NA
NA,NA,"Waste - Solid Waste:CO2","Waste","Waste - Solid Waste",0.01227,2016,"CO2",NA,NA,"Historical","BGR","bulgaria","EDGAR",0.01227,NA
NA,NA,"Waste - Solid Waste:CO2","Waste","Waste - Solid Waste",0.01472,2017,"CO2",NA,NA,"Historical","BGR","bulgaria","EDGAR",0.01472,NA
NA,NA,"Waste - Solid Waste:CO2","Waste","Waste - Solid Waste",0.00677,2018,"CO2",NA,NA,"Historical","BGR","bulgaria","EDGAR",0.00677,NA
NA,NA,"Waste - Solid Waste:CO2","Waste","Waste - Solid Waste",0.0126,2019,"CO2",NA,NA,"Historical","BGR","bulgaria","EDGAR",0.0126,NA
NA,NA,"Waste - Solid Waste:CO2","Waste","Waste - Solid Waste",0.12329,2020,"CO2",NA,NA,"Historical","BGR","bulgaria","EDGAR",0.12329,NA
NA,NA,"Waste - Solid Waste:CO2","Waste","Waste - Solid Waste",0.00571,2021,"CO2",NA,NA,"Historical","BGR","bulgaria","EDGAR",0.00571,NA
NA,NA,"Waste - Solid Waste:CO2","Waste","Waste - Solid Waste",0.01186,2022,"CO2",NA,NA,"Historical","BGR","bulgaria","EDGAR",0.01186,NA
NA,NA,"Waste - Solid Waste:N2O","Waste","Waste - Solid Waste",0.004508,2000,"N2O",NA,NA,"Historical","BGR","bulgaria","EDGAR",0.004508,NA
NA,NA,"Waste - Solid Waste:N2O","Waste","Waste - Solid Waste",0.004351,2001,"N2O",NA,NA,"Historical","BGR","bulgaria","EDGAR",0.004351,NA
NA,NA,"Waste - Solid Waste:N2O","Waste","Waste - Solid Waste",0.004222,2002,"N2O",NA,NA,"Historical","BGR","bulgaria","EDGAR",0.004222,NA
NA,NA,"Waste - Solid Waste:N2O","Waste","Waste - Solid Waste",0.004098,2003,"N2O",NA,NA,"Historical","BGR","bulgaria","EDGAR",0.004098,NA
NA,NA,"Waste - Solid Waste:N2O","Waste","Waste - Solid Waste",0.00396,2004,"N2O",NA,NA,"Historical","BGR","bulgaria","EDGAR",0.00396,NA
NA,NA,"Waste - Solid Waste:N2O","Waste","Waste - Solid Waste",0.003843,2005,"N2O",NA,NA,"Historical","BGR","bulgaria","EDGAR",0.003843,NA
NA,NA,"Waste - Solid Waste:N2O","Waste","Waste - Solid Waste",0.003252,2006,"N2O",NA,NA,"Historical","BGR","bulgaria","EDGAR",0.003252,NA
NA,NA,"Waste - Solid Waste:N2O","Waste","Waste - Solid Waste",0.002691,2007,"N2O",NA,NA,"Historical","BGR","bulgaria","EDGAR",0.002691,NA
NA,NA,"Waste - Solid Waste:N2O","Waste","Waste - Solid Waste",0.002114,2008,"N2O",NA,NA,"Historical","BGR","bulgaria","EDGAR",0.002114,NA
NA,NA,"Waste - Solid Waste:N2O","Waste","Waste - Solid Waste",0.001476,2009,"N2O",NA,NA,"Historical","BGR","bulgaria","EDGAR",0.001476,NA
NA,NA,"Waste - Solid Waste:N2O","Waste","Waste - Solid Waste",0.000892,2010,"N2O",NA,NA,"Historical","BGR","bulgaria","EDGAR",0.000892,NA
NA,NA,"Waste - Solid Waste:N2O","Waste","Waste - Solid Waste",0.005937,2011,"N2O",NA,NA,"Historical","BGR","bulgaria","EDGAR",0.005937,NA
NA,NA,"Waste - Solid Waste:N2O","Waste","Waste - Solid Waste",0.006678,2012,"N2O",NA,NA,"Historical","BGR","bulgaria","EDGAR",0.006678,NA
NA,NA,"Waste - Solid Waste:N2O","Waste","Waste - Solid Waste",0.010702,2013,"N2O",NA,NA,"Historical","BGR","bulgaria","EDGAR",0.010702,NA
NA,NA,"Waste - Solid Waste:N2O","Waste","Waste - Solid Waste",0.003408,2014,"N2O",NA,NA,"Historical","BGR","bulgaria","EDGAR",0.003408,NA
NA,NA,"Waste - Solid Waste:N2O","Waste","Waste - Solid Waste",0.018908,2015,"N2O",NA,NA,"Historical","BGR","bulgaria","EDGAR",0.018908,NA
NA,NA,"Waste - Solid Waste:N2O","Waste","Waste - Solid Waste",0.016796,2016,"N2O",NA,NA,"Historical","BGR","bulgaria","EDGAR",0.016796,NA
NA,NA,"Waste - Solid Waste:N2O","Waste","Waste - Solid Waste",0.016994,2017,"N2O",NA,NA,"Historical","BGR","bulgaria","EDGAR",0.016994,NA
NA,NA,"Waste - Solid Waste:N2O","Waste","Waste - Solid Waste",0.003091,2018,"N2O",NA,NA,"Historical","BGR","bulgaria","EDGAR",0.003091,NA
NA,NA,"Waste - Solid Waste:N2O","Waste","Waste - Solid Waste",0.003508,2019,"N2O",NA,NA,"Historical","BGR","bulgaria","EDGAR",0.003508,NA
NA,NA,"Waste - Solid Waste:N2O","Waste","Waste - Solid Waste",0.011471,2020,"N2O",NA,NA,"Historical","BGR","bulgaria","EDGAR",0.011471,NA
NA,NA,"Waste - Solid Waste:N2O","Waste","Waste - Solid Waste",0.005565,2021,"N2O",NA,NA,"Historical","BGR","bulgaria","EDGAR",0.005565,NA
NA,NA,"Waste - Solid Waste:N2O","Waste","Waste - Solid Waste",0.005539,2022,"N2O",NA,NA,"Historical","BGR","bulgaria","EDGAR",0.005539,NA
NA,NA,"Waste - Wastewater Treatment:CH4","Waste","Waste - Wastewater Treatment",1.22808,2000,"CH4",NA,NA,"Historical","BGR","bulgaria","EDGAR",1.22808,NA
NA,NA,"Waste - Wastewater Treatment:CH4","Waste","Waste - Wastewater Treatment",1.14716,2001,"CH4",NA,NA,"Historical","BGR","bulgaria","EDGAR",1.14716,NA
NA,NA,"Waste - Wastewater Treatment:CH4","Waste","Waste - Wastewater Treatment",1.06624,2002,"CH4",NA,NA,"Historical","BGR","bulgaria","EDGAR",1.06624,NA
NA,NA,"Waste - Wastewater Treatment:CH4","Waste","Waste - Wastewater Treatment",0.98784,2003,"CH4",NA,NA,"Historical","BGR","bulgaria","EDGAR",0.98784,NA
NA,NA,"Waste - Wastewater Treatment:CH4","Waste","Waste - Wastewater Treatment",0.9092,2004,"CH4",NA,NA,"Historical","BGR","bulgaria","EDGAR",0.9092,NA
NA,NA,"Waste - Wastewater Treatment:CH4","Waste","Waste - Wastewater Treatment",0.82248,2005,"CH4",NA,NA,"Historical","BGR","bulgaria","EDGAR",0.82248,NA
NA,NA,"Waste - Wastewater Treatment:CH4","Waste","Waste - Wastewater Treatment",0.78428,2006,"CH4",NA,NA,"Historical","BGR","bulgaria","EDGAR",0.78428,NA
NA,NA,"Waste - Wastewater Treatment:CH4","Waste","Waste - Wastewater Treatment",0.74408,2007,"CH4",NA,NA,"Historical","BGR","bulgaria","EDGAR",0.74408,NA
NA,NA,"Waste - Wastewater Treatment:CH4","Waste","Waste - Wastewater Treatment",0.7056,2008,"CH4",NA,NA,"Historical","BGR","bulgaria","EDGAR",0.7056,NA
NA,NA,"Waste - Wastewater Treatment:CH4","Waste","Waste - Wastewater Treatment",0.66118,2009,"CH4",NA,NA,"Historical","BGR","bulgaria","EDGAR",0.66118,NA
NA,NA,"Waste - Wastewater Treatment:CH4","Waste","Waste - Wastewater Treatment",0.62776,2010,"CH4",NA,NA,"Historical","BGR","bulgaria","EDGAR",0.62776,NA
NA,NA,"Waste - Wastewater Treatment:CH4","Waste","Waste - Wastewater Treatment",0.60472,2011,"CH4",NA,NA,"Historical","BGR","bulgaria","EDGAR",0.60472,NA
NA,NA,"Waste - Wastewater Treatment:CH4","Waste","Waste - Wastewater Treatment",0.57344,2012,"CH4",NA,NA,"Historical","BGR","bulgaria","EDGAR",0.57344,NA
NA,NA,"Waste - Wastewater Treatment:CH4","Waste","Waste - Wastewater Treatment",0.68572,2013,"CH4",NA,NA,"Historical","BGR","bulgaria","EDGAR",0.68572,NA
NA,NA,"Waste - Wastewater Treatment:CH4","Waste","Waste - Wastewater Treatment",0.7064,2014,"CH4",NA,NA,"Historical","BGR","bulgaria","EDGAR",0.7064,NA
NA,NA,"Waste - Wastewater Treatment:CH4","Waste","Waste - Wastewater Treatment",0.64316,2015,"CH4",NA,NA,"Historical","BGR","bulgaria","EDGAR",0.64316,NA
NA,NA,"Waste - Wastewater Treatment:CH4","Waste","Waste - Wastewater Treatment",0.652,2016,"CH4",NA,NA,"Historical","BGR","bulgaria","EDGAR",0.652,NA
NA,NA,"Waste - Wastewater Treatment:CH4","Waste","Waste - Wastewater Treatment",0.524,2017,"CH4",NA,NA,"Historical","BGR","bulgaria","EDGAR",0.524,NA
NA,NA,"Waste - Wastewater Treatment:CH4","Waste","Waste - Wastewater Treatment",0.501,2018,"CH4",NA,NA,"Historical","BGR","bulgaria","EDGAR",0.501,NA
NA,NA,"Waste - Wastewater Treatment:CH4","Waste","Waste - Wastewater Treatment",0.448,2019,"CH4",NA,NA,"Historical","BGR","bulgaria","EDGAR",0.448,NA
NA,NA,"Waste - Wastewater Treatment:CH4","Waste","Waste - Wastewater Treatment",0.445,2020,"CH4",NA,NA,"Historical","BGR","bulgaria","EDGAR",0.445,NA
NA,NA,"Waste - Wastewater Treatment:CH4","Waste","Waste - Wastewater Treatment",0.493,2021,"CH4",NA,NA,"Historical","BGR","bulgaria","EDGAR",0.493,NA
NA,NA,"Waste - Wastewater Treatment:CH4","Waste","Waste - Wastewater Treatment",0.503,2022,"CH4",NA,NA,"Historical","BGR","bulgaria","EDGAR",0.503,NA
NA,NA,"Waste - Wastewater Treatment:N2O","Waste","Waste - Wastewater Treatment",0.00057,2000,"N2O",NA,NA,"Historical","BGR","bulgaria","EDGAR",0.00057,NA
NA,NA,"Waste - Wastewater Treatment:N2O","Waste","Waste - Wastewater Treatment",0.00055,2001,"N2O",NA,NA,"Historical","BGR","bulgaria","EDGAR",0.00055,NA
NA,NA,"Waste - Wastewater Treatment:N2O","Waste","Waste - Wastewater Treatment",0.00053,2002,"N2O",NA,NA,"Historical","BGR","bulgaria","EDGAR",0.00053,NA
NA,NA,"Waste - Wastewater Treatment:N2O","Waste","Waste - Wastewater Treatment",0.00052,2003,"N2O",NA,NA,"Historical","BGR","bulgaria","EDGAR",0.00052,NA
NA,NA,"Waste - Wastewater Treatment:N2O","Waste","Waste - Wastewater Treatment",0.00051,2004,"N2O",NA,NA,"Historical","BGR","bulgaria","EDGAR",0.00051,NA
NA,NA,"Waste - Wastewater Treatment:N2O","Waste","Waste - Wastewater Treatment",0.00049,2005,"N2O",NA,NA,"Historical","BGR","bulgaria","EDGAR",0.00049,NA
NA,NA,"Waste - Wastewater Treatment:N2O","Waste","Waste - Wastewater Treatment",0.00048,2006,"N2O",NA,NA,"Historical","BGR","bulgaria","EDGAR",0.00048,NA
NA,NA,"Waste - Wastewater Treatment:N2O","Waste","Waste - Wastewater Treatment",0.00047,2007,"N2O",NA,NA,"Historical","BGR","bulgaria","EDGAR",0.00047,NA
NA,NA,"Waste - Wastewater Treatment:N2O","Waste","Waste - Wastewater Treatment",0.00048,2008,"N2O",NA,NA,"Historical","BGR","bulgaria","EDGAR",0.00048,NA
NA,NA,"Waste - Wastewater Treatment:N2O","Waste","Waste - Wastewater Treatment",0.00048,2009,"N2O",NA,NA,"Historical","BGR","bulgaria","EDGAR",0.00048,NA
NA,NA,"Waste - Wastewater Treatment:N2O","Waste","Waste - Wastewater Treatment",0.00048,2010,"N2O",NA,NA,"Historical","BGR","bulgaria","EDGAR",0.00048,NA
NA,NA,"Waste - Wastewater Treatment:N2O","Waste","Waste - Wastewater Treatment",0.00047,2011,"N2O",NA,NA,"Historical","BGR","bulgaria","EDGAR",0.00047,NA
NA,NA,"Waste - Wastewater Treatment:N2O","Waste","Waste - Wastewater Treatment",0.00048,2012,"N2O",NA,NA,"Historical","BGR","bulgaria","EDGAR",0.00048,NA
NA,NA,"Waste - Wastewater Treatment:N2O","Waste","Waste - Wastewater Treatment",0.00048,2013,"N2O",NA,NA,"Historical","BGR","bulgaria","EDGAR",0.00048,NA
NA,NA,"Waste - Wastewater Treatment:N2O","Waste","Waste - Wastewater Treatment",0.00049,2014,"N2O",NA,NA,"Historical","BGR","bulgaria","EDGAR",0.00049,NA
NA,NA,"Waste - Wastewater Treatment:N2O","Waste","Waste - Wastewater Treatment",0.00047,2015,"N2O",NA,NA,"Historical","BGR","bulgaria","EDGAR",0.00047,NA
NA,NA,"Waste - Wastewater Treatment:N2O","Waste","Waste - Wastewater Treatment",0.00049,2016,"N2O",NA,NA,"Historical","BGR","bulgaria","EDGAR",0.00049,NA
NA,NA,"Waste - Wastewater Treatment:N2O","Waste","Waste - Wastewater Treatment",0.00048,2017,"N2O",NA,NA,"Historical","BGR","bulgaria","EDGAR",0.00048,NA
NA,NA,"Waste - Wastewater Treatment:N2O","Waste","Waste - Wastewater Treatment",0.00047,2018,"N2O",NA,NA,"Historical","BGR","bulgaria","EDGAR",0.00047,NA
NA,NA,"Waste - Wastewater Treatment:N2O","Waste","Waste - Wastewater Treatment",0.00046,2019,"N2O",NA,NA,"Historical","BGR","bulgaria","EDGAR",0.00046,NA
NA,NA,"Waste - Wastewater Treatment:N2O","Waste","Waste - Wastewater Treatment",0.00046,2020,"N2O",NA,NA,"Historical","BGR","bulgaria","EDGAR",0.00046,NA
NA,NA,"Waste - Wastewater Treatment:N2O","Waste","Waste - Wastewater Treatment",0.00045,2021,"N2O",NA,NA,"Historical","BGR","bulgaria","EDGAR",0.00045,NA
NA,NA,"Waste - Wastewater Treatment:N2O","Waste","Waste - Wastewater Treatment",0.00043,2022,"N2O",NA,NA,"Historical","BGR","bulgaria","EDGAR",0.00043,NA
